sample_index,clean_signal,noisy_signal,filtered_signal
9,2739.0,2715.0,0.9990407933682315
10,2789.0,2676.0,2626.213538908176
11,2826.0,2819.0,2637.094589508681
12,2852.0,3851.0,3197.9622074959
13,2865.0,2628.0,3040.815772628133
14,2865.0,3062.0,2640.4109537069003
15,2852.0,1211.0,1883.1540792546537
16,2826.0,2803.0,2111.566384649932
17,2789.0,2962.0,2850.617666687381
18,2739.0,2683.0,2997.1051694435628
19,2679.0,2306.0,2539.836523008701
20,2608.0,1953.0,2117.2717938789374
21,2529.0,2782.0,2575.916722702324
22,2442.0,2472.0,2653.3495299123865
23,2349.0,2379.0,2588.4628035388873
24,2251.0,2091.0,2020.765683606094
25,2150.0,2832.0,2720.0426521960662
26,2048.0,2180.0,2470.620041755777
27,1945.0,2464.0,2420.187589661209
28,1844.0,1272.0,1801.8913629054707
29,1746.0,1005.0,1168.9070019724252
30,1653.0,1516.0,1372.0334169301398
31,1566.0,1224.0,1540.442620183885
32,1487.0,1862.0,1791.0848652152672
33,1416.0,3383.0,2887.1378253364715
34,1356.0,1602.0,2664.0056563390626
35,1306.0,638.0,1241.610493696961
36,1269.0,1251.0,840.04089530226
37,1243.0,1468.0,1274.444171025418
38,1230.0,340.0,997.7969355264125
39,1230.0,1381.0,934.2865797494246
40,1243.0,1002.0,1161.3486751634493
41,1269.0,1312.0,1436.8790934929316
42,1306.0,1290.0,1592.1160829425035
43,1356.0,1317.0,1345.9530988188517
44,1416.0,1665.0,1400.6325003941618
45,1487.0,1569.0,1582.9161203193667
46,1566.0,1812.0,1700.1640755826895
47,1653.0,2574.0,2409.029213461556
48,1746.0,1500.0,1617.7121859534514
49,1844.0,1985.0,1724.5005633831702
50,1945.0,1436.0,1504.327363454399
51,2047.0,2056.0,1711.4590410543044
52,2150.0,1961.0,1914.4431516951438
53,2251.0,2247.0,2103.4773384574573
54,2349.0,2526.0,2309.6268260885377
55,2442.0,3073.0,2735.3564597497616
56,2529.0,2887.0,2986.6605903363993
57,2608.0,2553.0,2534.7765340610476
58,2679.0,3098.0,2940.107844346123
59,2739.0,2628.0,2606.6556854215964
60,2789.0,3324.0,3144.3846395761875
61,2826.0,3154.0,3035.1922566264857
62,2852.0,2843.0,2924.2401462279786
63,2865.0,3054.0,2860.875891822753
64,2865.0,3394.0,3178.650396680061
65,2852.0,2328.0,2528.185032673663
66,2826.0,2745.0,2504.196907400561
67,2789.0,3205.0,2918.981120537366
68,2739.0,984.0,2152.8920224466265
69,2679.0,2594.0,1984.855321913254
70,2608.0,2348.0,2426.970809695449
71,2529.0,2366.0,2646.471105383329
72,2442.0,2872.0,2747.0370419592923
73,2349.0,2567.0,2798.6558104246483
74,2251.0,2400.0,2484.8388329752643
75,2150.0,2262.0,2325.1812979614374
76,2048.0,2162.0,2312.1655581058403
77,1945.0,2593.0,2214.326809467879
78,1844.0,2023.0,2136.3416450424234
79,1746.0,1266.0,1710.5097659485757
80,1653.0,1686.0,1507.162462744675
81,1566.0,1233.0,1596.2182241523867
82,1487.0,1944.0,1819.7321812795724
83,1416.0,1817.0,1979.0085022726935
84,1356.0,0.0,1081.9506607512626
85,1306.0,1472.0,882.5156467032816
86,1269.0,2079.0,1840.4853258240619
87,1243.0,1477.0,1918.5129889691557
88,1230.0,1427.0,1460.1756871706302
89,1230.0,715.0,991.4154745240513
90,1243.0,1029.0,874.0175592732148
91,1269.0,2390.0,1772.9755627359966
92,1306.0,1719.0,2123.0914413553237
93,1356.0,1575.0,1526.9917852534743
94,1416.0,1017.0,1178.8884635666118
95,1487.0,1392.0,1261.2062699293715
96,1566.0,1289.0,1339.8145652757246
97,1653.0,1185.0,1280.4560541997141
98,1746.0,2018.0,1793.2332973044422
99,1844.0,2111.0,1988.4849795278567
100,1945.0,1742.0,2066.24856455336
101,2047.0,2003.0,1824.0429766637951
102,2150.0,1975.0,1869.4082600033569
103,2251.0,2603.0,2296.623633777671
104,2349.0,2169.0,2255.4240764805677
105,2442.0,2097.0,2015.682813356191
106,2529.0,2796.0,2378.5049019796597
107,2608.0,2414.0,2536.0007367063754
108,2679.0,2590.0,2503.02469377685
109,2739.0,2664.0,2449.943810701048
110,2789.0,4095.0,3826.2692400795586
111,2826.0,2925.0,3289.527253935833
112,2852.0,3136.0,3017.2619794260386
113,2865.0,3238.0,2890.9619720069545
114,2865.0,2403.0,2666.1500211025404
115,2852.0,2556.0,2486.192001924628
116,2826.0,2563.0,2443.1702440407175
117,2789.0,2899.0,2765.4379771615354
118,2739.0,2675.0,2816.0287503270933
119,2679.0,3479.0,3302.8297251299755
120,2608.0,2762.0,3110.5568294694112
121,2529.0,2115.0,2378.6864129269893
122,2442.0,2231.0,2178.9082089075855
123,2349.0,3000.0,2585.3514999539334
124,2251.0,2435.0,2751.9280788288465
125,2150.0,3050.0,2803.132221307046
126,2047.0,2154.0,2578.517950021082
127,1945.0,0.0,1185.696823167237
128,1844.0,2301.0,1611.761553633632
129,1746.0,1489.0,1918.6085325247932
130,1653.0,1524.0,1867.4946806733928
131,1566.0,1989.0,1802.8941723430198
132,1487.0,1755.0,2035.404748133072
133,1416.0,441.0,1323.667485645456
134,1356.0,1413.0,1109.1325818061941
135,1306.0,1672.0,1585.2483206461648
136,1269.0,913.0,1222.7006593393512
137,1243.0,1594.0,1420.4842551108336
138,1230.0,937.0,1210.6278895964178
139,1230.0,1427.0,1310.4408021650527
140,1243.0,1286.0,1413.955293804729
141,1269.0,1361.0,1412.4430526219755
142,1306.0,1424.0,1270.6094080364564
143,1356.0,1022.0,1229.6432681537224
144,1416.0,1817.0,1477.7802001222767
145,1487.0,1725.0,1657.3768262036306
146,1566.0,1748.0,1802.8135457400601
147,1653.0,1520.0,1503.1627047280472
148,1746.0,1677.0,1535.48079743228
149,1844.0,1704.0,1617.8224784818083
150,1945.0,1808.0,1720.6874090935542
151,2047.0,2232.0,2055.9017428254997
152,2150.0,2076.0,2018.1446915182369
153,2251.0,1901.0,1986.0932297010347
154,2349.0,2111.0,1993.6347462029146
155,2442.0,3014.0,2806.8263674969903
156,2529.0,2492.0,2634.1109211107014
157,2608.0,2881.0,2628.506698183748
158,2679.0,3049.0,2917.6048640987387
159,2739.0,2481.0,2627.904035046451
160,2789.0,3112.0,2807.1559495908973
161,2826.0,3057.0,2890.0069914868136
162,2852.0,3187.0,3017.818364914796
163,2865.0,3062.0,2968.1922317614635
164,2865.0,3289.0,3139.9117571972397
165,2852.0,2705.0,2895.3756097101473
166,2826.0,2054.0,2345.6566826112057
167,2789.0,3630.0,3456.776574762062
168,2739.0,1578.0,2540.2634827571173
169,2679.0,3186.0,2848.295130947618
170,2608.0,2322.0,2653.840629028974
171,2529.0,2457.0,2617.218621900633
172,2442.0,2461.0,2517.1627321867613
173,2349.0,2718.0,2697.7244918636816
174,2251.0,3020.0,2902.3344354812525
175,2150.0,1843.0,2352.954020481203
176,2047.0,2483.0,2324.6109105200358
177,1945.0,2712.0,2381.1574400489003
178,1844.0,1255.0,2170.4858379513184
179,1746.0,1979.0,1677.7285307978184
180,1653.0,1901.0,1887.772280442498
181,1566.0,1702.0,2009.8253898921284
182,1487.0,911.0,1475.3655962576802
183,1416.0,1425.0,1355.5394635732837
184,1356.0,1101.0,1327.6603184127373
185,1306.0,839.0,1234.7697760472847
186,1269.0,1406.0,1334.1870662500821
187,1243.0,0.0,732.6497098668425
188,1230.0,127.0,325.72685145268844
189,1230.0,1700.0,1050.7863589071135
190,1243.0,1696.0,1869.7444570493942
191,1269.0,1155.0,1553.0721166397425
192,1306.0,520.0,798.432801330732
193,1356.0,1377.0,872.523317091895
194,1416.0,1161.0,1200.0074592726005
195,1487.0,1113.0,1229.3964118792917
196,1566.0,1049.0,878.8744358728876
197,1653.0,1279.0,1015.1700689646324
198,1746.0,1708.0,1582.5527803894804
199,1844.0,2063.0,1944.8429523846403
200,1945.0,2078.0,2010.0109479975254
201,2047.0,1850.0,1756.996010680994
202,2150.0,2269.0,2193.3712025169707
203,2251.0,2580.0,2423.670542012501
204,2349.0,2430.0,2349.640491066528
205,2442.0,2385.0,2209.067501010906
206,2529.0,2651.0,2458.8316294006927
207,2608.0,2529.0,2464.5585941821587
208,2679.0,3438.0,3208.5705498993616
209,2739.0,2820.0,2970.756234431214
210,2789.0,2336.0,2483.0890047414896
211,2826.0,2912.0,2581.1822896289464
212,2852.0,2702.0,2729.460930089749
213,2865.0,3039.0,2893.3945558689306
214,2865.0,3270.0,3056.3136781660314
215,2852.0,3841.0,3522.8087343155416
216,2826.0,3204.0,3425.2878211513926
217,2789.0,2611.0,2926.135765297879
218,2739.0,2691.0,2523.1217403699416
219,2679.0,2348.0,2398.4548011047827
220,2608.0,3078.0,2781.6414720520625
221,2529.0,2917.0,2984.8527589273103
222,2442.0,2611.0,2879.637581968558
223,2349.0,2579.0,2671.5074712503347
224,2251.0,2277.0,2563.2411334067765
225,2150.0,1187.0,1859.2075765100108
226,2047.0,2417.0,2121.4133078965247
227,1945.0,2605.0,2549.795348949934
228,1844.0,1935.0,2451.602385281519
229,1746.0,2070.0,2150.630674716257
230,1653.0,1821.0,1978.3470288094597
231,1566.0,342.0,1236.4284131879406
232,1487.0,1293.0,973.9631945038495
233,1416.0,1262.0,1339.0684344294204
234,1356.0,1347.0,1465.3457833412392
235,1306.0,830.0,1302.5049102081778
236,1269.0,1531.0,1382.2199444417547
237,1243.0,1345.0,1539.2907561845943
238,1230.0,930.0,1313.3288030195408
239,1230.0,966.0,1007.0221223377367
240,1243.0,1287.0,975.87852384871
241,1269.0,1213.0,1250.2088577529453
242,1306.0,1319.0,1307.603549510309
243,1356.0,1559.0,1436.8078684962543
244,1416.0,1964.0,1690.9479447410824
245,1487.0,292.0,941.7544915965268
246,1566.0,1891.0,1404.6233417027613
247,1653.0,1626.0,1555.163314214428
248,1746.0,2017.0,1896.0501052132959
249,1844.0,2115.0,1985.562339718939
250,1945.0,1142.0,1512.988591929838
251,2048.0,3806.0,3570.7823984419174
252,2150.0,2205.0,2795.575324825515
253,2251.0,3183.0,2794.4242850576193
254,2349.0,2468.0,2292.272575064604
255,2442.0,2875.0,2553.3684171038944
256,2529.0,2218.0,2343.4627060235457
257,2608.0,3171.0,2722.4911642042894
258,2679.0,3206.0,3042.0261466961397
259,2739.0,3247.0,3016.3334260488996
260,2789.0,3039.0,3245.476409964251
261,2826.0,2609.0,2657.603239551211
262,2852.0,2831.0,2732.6790731740352
263,2865.0,2648.0,2649.768960055111
264,2865.0,2826.0,2788.830196882158
265,2852.0,2603.0,2632.3756198195238
266,2826.0,2801.0,2789.442528938225
267,2789.0,2196.0,2392.027810074778
268,2739.0,2769.0,2596.4650676228857
269,2679.0,3019.0,2917.204285560842
270,2608.0,2782.0,2939.8454215064403
271,2529.0,924.0,1900.1606569566875
272,2442.0,2476.0,2145.513910030331
273,2349.0,1982.0,2220.52489999789
274,2251.0,2260.0,2382.357286767704
275,2150.0,2587.0,2502.0004124527013
276,2048.0,1989.0,2278.211453407758
277,1945.0,2398.0,2305.8779556487902
278,1844.0,2002.0,2253.1693814893074
279,1746.0,1812.0,2011.6173696718129
280,1653.0,2041.0,1739.9927649797871
281,1566.0,1270.0,1714.6517958809009
282,1487.0,1593.0,1507.648289576465
283,1416.0,1850.0,1768.017901143726
284,1356.0,1363.0,1795.8490974002032
285,1306.0,1542.0,1560.8630112727178
286,1269.0,1892.0,1786.281656064379
287,1243.0,1436.0,1753.6398390096087
288,1230.0,1646.0,1605.4187008139515
289,1230.0,1385.0,1519.3357346426296
290,1243.0,1395.0,1374.8935762738572
291,1269.0,2011.0,1804.9772142243464
292,1306.0,1290.0,1534.7661301377623
293,1356.0,1992.0,1662.4785896646104
294,1416.0,1568.0,1691.7024005837052
295,1487.0,1780.0,1754.3378591724959
296,1566.0,1526.0,1586.7071702583476
297,1653.0,1262.0,1393.7441296594493
298,1746.0,2063.0,1804.7051945730445
299,1844.0,2255.0,2097.3675855826564
300,1945.0,2052.0,2239.121523289833
301,2047.0,2093.0,1954.9940657737745
302,2150.0,2825.0,2494.5427365309893
303,2251.0,2148.0,2380.1537456935894
304,2349.0,2779.0,2404.1879319258805
305,2442.0,1910.0,2083.635141411234
306,2529.0,2384.0,2032.5765981830507
307,2608.0,2912.0,2542.4174716758207
308,2679.0,1626.0,2157.853174036094
309,2739.0,2946.0,2319.8123933833776
310,2789.0,1493.0,2066.1093285086063
311,2826.0,2501.0,2211.6736728060932
312,2852.0,3998.0,3119.6759207236423
313,2865.0,2845.0,3481.6311945401917
314,2865.0,2333.0,2567.0313293549552
315,2852.0,2464.0,2165.135639372935
316,2826.0,3077.0,2752.790232997437
317,2789.0,3113.0,2968.496709237727
318,2739.0,2691.0,2939.0606880152486
319,2679.0,2571.0,2413.8048980649305
320,2608.0,2359.0,2403.193483311348
321,2529.0,1693.0,2238.908614436524
322,2442.0,2212.0,2025.8569510045418
323,2349.0,1264.0,1747.2487904141115
324,2251.0,2999.0,2747.795843679687
325,2150.0,744.0,1990.6632689659348
326,2047.0,2110.0,1765.6198562596421
327,1945.0,1673.0,1862.7831657253962
328,1844.0,2021.0,2078.854286945749
329,1746.0,1557.0,1872.367325078616
330,1653.0,2163.0,1847.2272304416294
331,1566.0,3201.0,2693.118919089566
332,1487.0,1508.0,2246.4595438813003
333,1416.0,944.0,1391.4028097039295
334,1356.0,1615.0,961.6973053202674
335,1306.0,1017.0,1388.82994051035
336,1269.0,1283.0,1325.8940623223407
337,1243.0,1265.0,1328.1483697911701
338,1230.0,813.0,1151.9491084490267
339,1230.0,843.0,1038.280080990034
340,1243.0,716.0,1056.8025479241478
341,1269.0,2125.0,1782.6434576102242
342,1306.0,659.0,1017.0192644385872
343,1356.0,1856.0,1409.0477102348468
344,1416.0,2183.0,1837.9810511181533
345,1487.0,661.0,1208.435879962842
346,1566.0,1780.0,1202.404860387379
347,1653.0,1990.0,1605.0327657777104
348,1746.0,1738.0,1864.2902180441752
349,1844.0,2021.0,1741.1163205934145
350,1945.0,2059.0,1991.412313574443
351,2048.0,2049.0,1881.6299214858943
352,2150.0,1959.0,1971.194288963231
353,2251.0,2181.0,2074.997115321987
354,2349.0,2454.0,2105.315535481398
355,2442.0,3000.0,2842.407032327512
356,2529.0,2420.0,2426.501280390769
357,2608.0,2343.0,2275.768733357948
358,2679.0,1956.0,2010.1911981936046
359,2739.0,2408.0,2325.8558373085666
360,2789.0,2712.0,2527.849132076585
361,2826.0,920.0,1809.1875958836858
362,2852.0,2902.0,2525.4455540587414
363,2865.0,2950.0,2832.7536826953747
364,2865.0,2585.0,3041.349902337466
365,2852.0,2384.0,2456.717834962283
366,2826.0,3338.0,2711.2801193714586
367,2789.0,3154.0,3109.244107666669
368,2739.0,2610.0,2859.9043035244526
369,2679.0,1538.0,1980.17682602344
370,2608.0,2280.0,1641.8806344432253
371,2529.0,2349.0,2365.3011008284498
372,2442.0,3008.0,2879.500597552122
373,2349.0,1539.0,2320.341050403274
374,2251.0,2355.0,2011.2551176785148
375,2150.0,1813.0,2153.8041737115414
376,2048.0,1936.0,2111.9751711282443
377,1945.0,1535.0,1797.7276025292015
378,1844.0,1591.0,1526.071649431354
379,1746.0,1414.0,1606.4688493748017
380,1653.0,1799.0,1749.179699605072
381,1566.0,579.0,1405.188646055323
382,1487.0,1149.0,947.389594561089
383,1416.0,830.0,1089.2033102406053
384,1356.0,191.0,720.8286150472013
385,1306.0,1380.0,962.5053432049098
386,1269.0,1865.0,1671.3339032098802
387,1243.0,309.0,1294.1491898907175
388,1230.0,936.0,693.7646141796043
389,1230.0,1568.0,1198.0712006533097
390,1243.0,966.0,1286.0475873951607
391,1269.0,2715.0,1913.4295044913024
392,1306.0,2529.0,2387.9896705510278
393,1356.0,0.0,1160.2747313408743
394,1416.0,1854.0,1436.464324775644
395,1487.0,1184.0,1321.104514787613
396,1566.0,1468.0,1385.9608393592737
397,1653.0,3066.0,2140.8930316022893
398,1746.0,2220.0,2562.3123163856194
399,1844.0,1766.0,1983.7524982789769
400,1945.0,1381.0,1522.4861982809825
401,2047.0,1528.0,1499.1317160904769
402,2150.0,2310.0,1726.894739135801
403,2251.0,2548.0,2447.595217638076
404,2349.0,2573.0,2479.3158322311956
405,2442.0,2304.0,2291.02624489561
406,2529.0,2327.0,2379.9678409838953
407,2608.0,2347.0,2269.5166926414768
408,2679.0,2944.0,2756.1475677715403
409,2739.0,3282.0,3148.9713331116013
410,2789.0,2357.0,2603.9962223588186
411,2826.0,3651.0,3485.2155009332437
412,2852.0,2821.0,3070.143275393743
413,2865.0,1730.0,2058.4578115872755
414,2865.0,2902.0,2617.96511574785
415,2852.0,2470.0,2551.0734783492458
416,2826.0,3084.0,2896.1878422115747
417,2789.0,2820.0,2956.458142522532
418,2739.0,1860.0,2446.3484301572817
419,2679.0,2825.0,2322.9213002733804
420,2608.0,2789.0,2889.840414705299
421,2529.0,2367.0,2706.5881440787452
422,2442.0,2486.0,2295.7261373055635
423,2349.0,2048.0,2270.8537485633974
424,2251.0,2376.0,2263.31894486942
425,2150.0,1835.0,2195.663978803668
426,2048.0,1575.0,1833.8113789159436
427,1945.0,2386.0,1986.5268535859168
428,1844.0,1190.0,1922.4058219627823
429,1746.0,1904.0,1790.396875771824
430,1653.0,1025.0,1470.5743875186208
431,1566.0,2102.0,1774.5813115663495
432,1487.0,2046.0,2105.1050412800755
433,1416.0,1469.0,1917.6072423421956
434,1356.0,1152.0,1328.6962432909495
435,1306.0,575.0,813.2560649529934
436,1269.0,1259.0,1108.316874904067
437,1243.0,1362.0,1313.0631017537976
438,1230.0,3412.0,2876.3380813714543
439,1230.0,0.0,1633.4141501486336
440,1243.0,1503.0,957.5564726184374
441,1269.0,1299.0,1190.596457226497
442,1306.0,1547.0,1573.5317870493236
443,1356.0,873.0,1209.0573894488623
444,1416.0,993.0,822.4843646366503
445,1487.0,997.0,971.7596757381643
446,1566.0,2437.0,1788.7180724425734
447,1653.0,1117.0,2051.7110277146817
448,1746.0,2170.0,1517.5425282810065
449,1844.0,1762.0,1798.8571327197728
450,1945.0,3258.0,2652.700471502897
451,2048.0,1986.0,2475.5226935632068
452,2150.0,1965.0,1813.4215421147924
453,2251.0,2227.0,1783.8232129726869
454,2349.0,2593.0,2213.5553421128593
455,2442.0,3044.0,2873.4534826348445
456,2529.0,3038.0,2821.788788394185
457,2608.0,2193.0,2543.2623470291887
458,2679.0,2462.0,2302.2004122400576
459,2739.0,2903.0,2693.381976921204
460,2789.0,2408.0,2508.2036372895163
461,2826.0,2543.0,2425.2283158593614
462,2852.0,763.0,1573.227472659751
463,2865.0,3608.0,3117.215763955305
464,2865.0,2978.0,3291.779503980431
465,2852.0,2894.0,3232.0012180949557
466,2826.0,3218.0,2886.6496312961613
467,2789.0,2859.0,2878.1643699104466
468,2739.0,2451.0,2672.619745918532
469,2679.0,2893.0,2561.7906349302557
470,2608.0,2734.0,2748.2498499408484
471,2529.0,1806.0,2040.435116166269
472,2442.0,2644.0,2376.4747013585747
473,2349.0,2788.0,2732.939130154487
474,2251.0,2124.0,2508.276605809199
475,2150.0,2024.0,2200.6592678893344
476,2048.0,2243.0,2142.97273156425
477,1945.0,2550.0,2451.600023548629
478,1844.0,1370.0,2092.4299672368543
479,1746.0,1540.0,1566.1561761370556
480,1653.0,1520.0,1460.3135024687826
481,1566.0,1512.0,1724.9709002415514
482,1487.0,1013.0,1481.834193566412
483,1416.0,1828.0,1525.5937486618861
484,1356.0,1035.0,1519.3912363852544
485,1306.0,591.0,1042.9854056482502
486,1269.0,1098.0,986.7191091810386
487,1243.0,953.0,1055.7267307051973
488,1230.0,1190.0,1243.095910278833
489,1230.0,932.0,1124.0740358928047
490,1243.0,0.0,565.3165276747143
491,1269.0,1529.0,1197.5802428318189
492,1306.0,848.0,1261.8635957931665
493,1356.0,1925.0,1533.3641008013692
494,1416.0,1058.0,1329.5393825588847
495,1487.0,1703.0,1390.4182345468553
496,1566.0,1035.0,1238.9835622860383
497,1653.0,1413.0,1220.608824355849
498,1746.0,2464.0,1807.0818771366157
499,1844.0,1179.0,1591.0842541832199
500,1945.0,1988.0,1638.2036548792682
501,2048.0,2141.0,1792.6206013213541
502,2150.0,1998.0,2131.3377113045026
503,2251.0,2567.0,2159.3577124911667
504,2349.0,2019.0,2161.5536259021274
505,2442.0,2555.0,2166.2977410628296
506,2529.0,3122.0,2643.725789093051
507,2608.0,3184.0,3146.0477093927034
508,2679.0,2797.0,2775.2699909878665
509,2739.0,4061.0,3837.3355715814546
510,2789.0,2813.0,3217.769410934551
511,2826.0,3006.0,2806.998694597815
512,2852.0,3042.0,2791.2491139579793
513,2865.0,2495.0,2621.2404843421536
514,2865.0,3588.0,3029.3915110289604
515,2852.0,2612.0,3064.0657201411777
516,2826.0,4095.0,3477.5175843092466
517,2789.0,3474.0,3634.878374959244
518,2739.0,3168.0,3499.2057252973627
519,2679.0,2745.0,2814.8892420723137
520,2608.0,2601.0,2598.3193083288456
521,2529.0,2655.0,2641.34507490909
522,2442.0,1833.0,2228.4210694848684
523,2349.0,2012.0,2124.3214502978954
524,2251.0,1922.0,2007.2416748051378
525,2150.0,1887.0,2270.1013441818695
526,2048.0,2311.0,2357.7184586221933
527,1945.0,1472.0,2068.821960227708
528,1844.0,1809.0,1819.0596591692606
529,1746.0,1622.0,1770.4027183076353
530,1653.0,752.0,1370.3216261360199
531,1566.0,1180.0,1040.5416226521925
532,1487.0,1552.0,1417.3351870020574
533,1416.0,28.0,988.2667010004579
534,1356.0,1331.0,870.2942099296658
535,1306.0,917.0,1203.7435944115412
536,1269.0,1526.0,1451.3294377685022
537,1243.0,1101.0,1390.9453166363728
538,1230.0,1966.0,1588.084168457838
539,1230.0,1549.0,1618.4284090792553
540,1243.0,1065.0,1298.868219292182
541,1269.0,3670.0,3086.2489657401
542,1306.0,899.0,1946.920852589438
543,1356.0,1057.0,1095.5484589725631
544,1416.0,1893.0,1091.862923299851
545,1487.0,1583.0,1734.5621598063751
546,1566.0,1948.0,1848.8053726872436
547,1653.0,1884.0,1913.9771975128615
548,1746.0,1569.0,1730.000270399105
549,1844.0,1663.0,1503.7093485572393
550,1945.0,2585.0,2382.9942059725863
551,2047.0,1512.0,1722.9003498923923
552,2150.0,1836.0,1617.0362888087973
553,2251.0,2257.0,1931.3692831671353
554,2349.0,1898.0,2055.4848585416235
555,2442.0,2537.0,2254.2583121143352
556,2529.0,2499.0,2420.4709271113734
557,2608.0,2383.0,2369.845085326482
558,2679.0,3185.0,2709.657705970342
559,2739.0,2470.0,2765.968036657134
560,2789.0,2072.0,2158.2339960707363
561,2826.0,2830.0,2450.8648071186954
562,2852.0,2745.0,2704.1702939248275
563,2865.0,3150.0,2928.8238772042337
564,2865.0,2857.0,2941.757722034183
565,2852.0,2710.0,2732.710796659561
566,2826.0,3096.0,2813.0133185941736
567,2789.0,2611.0,2867.540688159841
568,2739.0,3007.0,2779.895581884255
569,2679.0,2500.0,2591.105905834044
570,2608.0,2439.0,2517.167923915622
571,2529.0,2982.0,2750.488777691355
572,2442.0,2487.0,2801.43482506006
573,2349.0,2507.0,2589.1630976812103
574,2251.0,2205.0,2330.4533691699153
575,2150.0,2643.0,2525.439879909606
576,2047.0,2305.0,2502.1903557228648
577,1945.0,1911.0,2230.370217951412
578,1844.0,2167.0,2054.1433909775765
579,1746.0,1758.0,1992.6739696889804
580,1653.0,1233.0,1695.598067486334
581,1566.0,1255.0,1339.9198749440188
582,1487.0,1228.0,1376.5263970435747
583,1416.0,1392.0,1496.1408917756798
584,1356.0,1410.0,1619.1442411557246
585,1306.0,1416.0,1578.4868204741897
586,1269.0,2718.0,2599.7039105739627
587,1243.0,1756.0,1915.2705798456745
588,1230.0,841.0,1363.134034268033
589,1230.0,1180.0,835.0683611807459
590,1243.0,1411.0,1196.8129329497713
591,1269.0,3116.0,2632.7773104518687
592,1306.0,784.0,1911.5456464775325
593,1356.0,2157.0,1684.4528232391178
594,1416.0,1776.0,1719.3909857099143
595,1487.0,2079.0,2166.225411413006
596,1566.0,1024.0,1516.515349652827
597,1653.0,1508.0,1122.7339888537342
598,1746.0,1775.0,1513.0961440125955
599,1844.0,1865.0,1851.5696961100816
600,1945.0,1651.0,1984.378444732237
601,2048.0,2213.0,1866.3884565274814
602,2150.0,1891.0,2073.2463154313546
603,2251.0,2466.0,2188.875139634425
604,2349.0,2582.0,2455.3054630717834
605,2442.0,2665.0,2454.0436951514002
606,2529.0,2722.0,2539.9808219951956
607,2608.0,4095.0,3866.748232515618
608,2679.0,2367.0,2749.9096864890407
609,2739.0,2900.0,2502.6025529486974
610,2789.0,3808.0,3403.8274513743254
611,2826.0,3777.0,3628.6286951832226
612,2852.0,2957.0,3319.7833779632365
613,2865.0,2934.0,2841.3869830848726
614,2865.0,2837.0,2734.4518235526853
615,2852.0,2204.0,2383.4619881754866
616,2826.0,2310.0,2460.725685639214
617,2789.0,2465.0,2338.6248252144255
618,2739.0,2557.0,2647.8003136470666
619,2679.0,2644.0,2814.031620709933
620,2608.0,2060.0,2544.387494142902
621,2529.0,2553.0,2397.244943081995
622,2442.0,2284.0,2425.1575292203843
623,2349.0,2258.0,2385.388537915996
624,2251.0,2491.0,2390.1415379748532
625,2150.0,2380.0,2419.744274888481
626,2048.0,2167.0,2320.3453835851547
627,1945.0,2398.0,2304.971238543986
628,1844.0,2282.0,2370.331852696124
629,1746.0,1382.0,1840.1861402811026
630,1653.0,1788.0,1653.531836298415
631,1566.0,1264.0,1538.1316137385609
632,1487.0,1662.0,1634.384419100342
633,1416.0,1906.0,1905.173528977734
634,1356.0,1449.0,1667.5690363790452
635,1306.0,1156.0,1432.3670468386042
636,1269.0,850.0,1098.3909294830426
637,1243.0,1037.0,1101.635710668369
638,1230.0,1302.0,1219.2327485978715
639,1230.0,1692.0,1625.8639737258197
640,1243.0,780.0,1274.692228546427
641,1269.0,1054.0,1011.7674726468422
642,1306.0,1200.0,1167.3314116224874
643,1356.0,1139.0,1250.6436587033056
644,1416.0,1188.0,1190.0982389329117
645,1487.0,1848.0,1655.0830733807818
646,1566.0,1898.0,1823.5660486500071
647,1653.0,1662.0,1773.3890290486597
648,1746.0,1904.0,1742.4155790231619
649,1844.0,1600.0,1559.6377262840538
650,1945.0,2125.0,1957.8856687556586
651,2047.0,2593.0,2230.292188080041
652,2150.0,243.0,1253.742632793299
653,2251.0,2139.0,1866.331104460467
654,2349.0,2399.0,2124.1926806371225
655,2442.0,1777.0,2294.731014356806
656,2529.0,2535.0,2141.9141650146357
657,2608.0,2449.0,2330.9547254264517
658,2679.0,2385.0,2377.0042046638487
659,2739.0,3101.0,2663.198519056765
660,2789.0,2469.0,2732.0809481448464
661,2826.0,2615.0,2247.9359064254973
662,2852.0,2421.0,2367.176438482214
663,2865.0,2456.0,2414.880643130822
664,2865.0,2762.0,2504.7102426772726
665,2852.0,2931.0,2843.734312163946
666,2826.0,2774.0,2837.400156250676
667,2789.0,2571.0,2613.3111117358253
668,2739.0,2892.0,2759.202646007493
669,2679.0,2727.0,2749.332802780154
670,2608.0,3171.0,2993.7330563605583
671,2529.0,2628.0,2811.2448848685867
672,2442.0,2248.0,2416.5499546325486
673,2349.0,2457.0,2329.7140774675177
674,2251.0,2292.0,2413.46561096436
675,2150.0,2127.0,2313.622011631173
676,2048.0,2018.0,2117.042495474623
677,1945.0,1207.0,1733.1607432135788
678,1844.0,1518.0,1525.2220263430747
679,1746.0,1481.0,1687.9104878254016
680,1653.0,1922.0,1925.617852950631
681,1566.0,1690.0,1812.921945951031
682,1487.0,1706.0,1844.8886915870005
683,1416.0,1685.0,1762.5868301107166
684,1356.0,1377.0,1590.9785832190692
685,1306.0,1506.0,1508.4559994227504
686,1269.0,1371.0,1366.0184881640741
687,1243.0,2514.0,2356.9073087311685
688,1230.0,852.0,1656.7197281639535
689,1230.0,1043.0,1081.0768124494784
690,1243.0,1571.0,1235.980816260302
691,1269.0,1351.0,1512.7168678249573
692,1306.0,251.0,946.8549324043747
693,1356.0,823.0,546.9950871175223
694,1416.0,1546.0,1216.5158328544014
695,1487.0,1623.0,1720.251520798497
696,1566.0,1199.0,1639.5070020217847
697,1653.0,2021.0,1920.350331159169
698,1746.0,1951.0,1870.7342041676889
699,1844.0,1727.0,1866.4950717275128
700,1945.0,2008.0,1738.50267084749
701,2048.0,2089.0,1755.8273372877863
702,2150.0,763.0,1307.6051819421582
703,2251.0,2853.0,2407.9184359508963
704,2349.0,2296.0,2420.0860807087697
705,2442.0,3264.0,2828.4677971116125
706,2529.0,2590.0,2780.9457864911974
707,2608.0,3229.0,2827.44008003014
708,2679.0,2159.0,2464.9772079839954
709,2739.0,2615.0,2297.2495578789512
710,2789.0,2781.0,2518.106211819826
711,2826.0,2581.0,2429.5085932790275
712,2852.0,4095.0,3443.9663201727185
713,2865.0,4095.0,3933.8124494877584
714,2865.0,3158.0,3696.6615285323214
715,2852.0,3007.0,2883.17615729654
716,2826.0,3834.0,3248.4581254198815
717,2789.0,3003.0,3244.082968148247
718,2739.0,2953.0,2937.711635692277
719,2679.0,2345.0,2509.364029614848
720,2608.0,2545.0,2443.553281553683
721,2529.0,2889.0,2933.6802752916788
722,2442.0,2517.0,2940.29113296618
723,2349.0,2403.0,2591.571088655765
724,2251.0,2089.0,2298.6679548316674
725,2150.0,1994.0,2264.2471001976987
726,2048.0,2026.0,2129.2353514718498
727,1945.0,1954.0,2121.845677021983
728,1844.0,1754.0,1855.6746544934078
729,1746.0,1475.0,1672.5341754745157
730,1653.0,1602.0,1707.5895298151631
731,1566.0,1735.0,1795.63625679345
732,1487.0,1382.0,1494.507693313805
733,1416.0,1759.0,1664.3138401492636
734,1356.0,837.0,1342.4435800433102
735,1306.0,1383.0,1248.4120044297742
736,1269.0,1965.0,1698.3188365468197
737,1243.0,1212.0,1438.1543760995676
738,1230.0,789.0,1067.7396185919308
739,1230.0,1114.0,917.4700776009184
740,1243.0,893.0,1086.8368099792363
741,1269.0,2098.0,1613.1441919156746
742,1306.0,1215.0,1692.061655028911
743,1356.0,1129.0,1188.8369413796868
744,1416.0,744.0,873.3589425108291
745,1487.0,941.0,943.5934880206053
746,1566.0,1803.0,1392.8827247366883
747,1653.0,1564.0,1645.9069304125408
748,1746.0,1836.0,1721.5802510525648
749,1844.0,1457.0,1487.1998384487606
750,1945.0,1972.0,1776.5790989868078
751,2048.0,3373.0,3047.853897916506
752,2150.0,2065.0,2254.8301304360493
753,2251.0,2519.0,2126.0134453582136
754,2349.0,3189.0,2465.5537600672956
755,2442.0,1835.0,2254.904569669426
756,2529.0,2193.0,1936.7073896952772
757,2608.0,2141.0,1944.4017644320968
758,2679.0,2798.0,2414.6780169045687
759,2739.0,2471.0,2603.067092897234
760,2789.0,2626.0,2711.710328509077
761,2826.0,2901.0,2656.6787626922983
762,2852.0,3585.0,3213.487695199122
763,2865.0,3203.0,3424.23866618501
764,2865.0,2925.0,2883.952792101794
765,2852.0,2618.0,2563.6334721502744
766,2826.0,2934.0,2625.031121016094
767,2789.0,2852.0,2869.5848932060117
768,2739.0,2441.0,2624.3446350720433
769,2679.0,2602.0,2507.622991673688
770,2608.0,3601.0,3275.682194507821
771,2529.0,2273.0,2378.4680072127017
772,2442.0,2316.0,2428.650198488347
773,2349.0,2253.0,2206.9988397059396
774,2251.0,4095.0,3858.4024042768747
775,2150.0,2128.0,2477.7352264554634
776,2047.0,2201.0,2294.1608270000734
777,1945.0,1138.0,1486.2455522985717
778,1844.0,1517.0,1435.3336267193959
779,1746.0,1975.0,2028.26254167962
780,1653.0,2223.0,2253.085595884011
781,1566.0,1425.0,1984.472720993557
782,1487.0,1177.0,1409.8344408377823
783,1416.0,1302.0,1543.401168465456
784,1356.0,1421.0,1473.2828471241264
785,1306.0,803.0,1267.1657817476982
786,1269.0,1013.0,918.3025427069366
787,1243.0,815.0,959.2938318339743
788,1230.0,3056.0,2833.299864400217
789,1230.0,1483.0,1943.4645562982012
790,1243.0,1424.0,1553.3693884824986
791,1269.0,1587.0,1251.8638015822632
792,1306.0,1155.0,1288.7974707501442
793,1356.0,1601.0,1421.2785085824394
794,1416.0,1655.0,1493.4189251076014
795,1487.0,1577.0,1595.1418791290962
796,1566.0,3530.0,3230.0450187092147
797,1653.0,1398.0,2565.608053597987
798,1746.0,1559.0,1510.1306428301186
799,1844.0,2080.0,1516.1649585346092
800,1945.0,2281.0,2125.4285388902854
801,2047.0,2486.0,2350.866834293503
802,2150.0,3082.0,2879.7071357412624
803,2251.0,2017.0,2437.3069983380483
804,2349.0,3089.0,2587.903505486972
805,2442.0,2590.0,2839.3440031761015
806,2529.0,1612.0,2000.02539037657
807,2608.0,2244.0,2053.276266904997
808,2679.0,2151.0,2088.8939499155695
809,2739.0,2963.0,2674.3517964348057
810,2789.0,2861.0,2924.9393707911204
811,2826.0,3131.0,3099.6618481209125
812,2852.0,2954.0,2889.7664043714044
813,2865.0,2939.0,2957.694563357249
814,2865.0,2572.0,2668.0484723206846
815,2852.0,2251.0,2210.9118936337845
816,2826.0,2483.0,2285.755653212724
817,2789.0,3750.0,3590.6883643376723
818,2739.0,2991.0,3078.7716707583313
819,2679.0,2114.0,2635.2504833758744
820,2608.0,2300.0,2163.5074469449264
821,2529.0,2322.0,2299.314331844026
822,2442.0,2419.0,2511.3514359079145
823,2349.0,2399.0,2457.3565452735684
824,2251.0,2526.0,2453.3548508975014
825,2150.0,2243.0,2409.1090444830284
826,2047.0,2102.0,2383.6531818100143
827,1945.0,1531.0,1897.1567349549177
828,1844.0,2015.0,1915.8415780380294
829,1746.0,988.0,1548.4288414734433
830,1653.0,0.0,643.741530090702
831,1566.0,1230.0,768.0930024653902
832,1487.0,1312.0,1464.528350029902
833,1416.0,1488.0,1796.8415746023375
834,1356.0,1524.0,1659.4459031403328
835,1306.0,1067.0,1394.4199051798857
836,1269.0,1552.0,1355.579374059384
837,1243.0,1267.0,1436.7009686475449
838,1230.0,1000.0,1104.489701406693
839,1230.0,1591.0,1229.8633309113798
840,1243.0,2007.0,1756.2373432673655
841,1269.0,1687.0,1878.0661445166727
842,1306.0,1257.0,1458.7651967650893
843,1356.0,1178.0,1151.6223898432079
844,1416.0,1332.0,1178.817063139724
845,1487.0,1210.0,1312.0168216601946
846,1566.0,1552.0,1391.8181797164054
847,1653.0,1629.0,1538.3951969093803
848,1746.0,1327.0,1540.294114928723
849,1844.0,2242.0,2041.1924870993705
850,1945.0,2317.0,2227.4280610456008
851,2047.0,2005.0,2119.0418049694267
852,2150.0,1651.0,1672.5696551923952
853,2251.0,2358.0,2086.06047797749
854,2349.0,1848.0,1966.2288707948037
855,2442.0,1908.0,1865.8330963327087
856,2529.0,3261.0,2880.6547182850763
857,2608.0,1921.0,2458.3033213147924
858,2679.0,2508.0,2307.5439020055965
859,2739.0,2623.0,2393.6284844924503
860,2789.0,3059.0,2796.5418219919447
861,2826.0,3237.0,3020.0586875579797
862,2852.0,2888.0,2977.9736158081582
863,2865.0,2970.0,2831.9869851956514
864,2865.0,1750.0,2073.4941650048236
865,2852.0,2974.0,2547.299681108863
866,2826.0,2595.0,2606.764373167435
867,2789.0,2304.0,2564.372349132675
868,2739.0,2781.0,2545.0383586341795
869,2679.0,3237.0,3035.818731702373
870,2608.0,0.0,1151.6015468293144
871,2529.0,2035.0,1159.062709478047
872,2442.0,2591.0,2235.6830245622787
873,2349.0,2346.0,2703.9078756281765
874,2251.0,2280.0,2504.347909178151
875,2150.0,2104.0,2138.3795830185377
876,2047.0,1462.0,1843.5583829575198
877,1945.0,1953.0,1809.7393605401614
878,1844.0,1715.0,1985.3163630225004
879,1746.0,2244.0,1782.5663933157105
880,1653.0,1002.0,1654.735960348131
881,1566.0,1104.0,1232.530264484676
882,1487.0,1453.0,1336.5352726785875
883,1416.0,779.0,1296.7518768677412
884,1356.0,1501.0,1337.1823668202944
885,1306.0,1375.0,1422.3984910907232
886,1269.0,870.0,1312.9052886306852
887,1243.0,723.0,884.6139964719431
888,1230.0,1611.0,1280.942310703156
889,1230.0,823.0,1058.9863458960358
890,1243.0,1503.0,1239.4571947180227
891,1269.0,994.0,1201.671188299665
892,1306.0,1437.0,1214.9831873800767
893,1356.0,1006.0,1233.216757190085
894,1416.0,1804.0,1434.164541825089
895,1487.0,930.0,1273.45224989661
896,1566.0,575.0,734.4110661414519
897,1653.0,1588.0,1126.3792035985289
898,1746.0,1920.0,1685.0603105356106
899,1844.0,1348.0,1758.3792584758464
900,1945.0,1943.0,1558.636746445184
901,2048.0,1287.0,1508.200121944881
902,2150.0,2314.0,1830.082684254308
903,2251.0,1474.0,1822.1701446543473
904,2349.0,1796.0,1563.7668217863197
905,2442.0,2549.0,1952.4214820319985
906,2529.0,2675.0,2557.2346583083954
907,2608.0,2706.0,2692.017595773496
908,2679.0,2666.0,2469.322764540493
909,2739.0,2220.0,2310.4777009128516
910,2789.0,2456.0,2358.3213120168684
911,2826.0,3484.0,2921.9503429709694
912,2852.0,2586.0,2774.3141769231215
913,2865.0,2939.0,2689.5890113267615
914,2865.0,2858.0,2756.4960488749875
915,2852.0,2242.0,2552.526001867555
916,2826.0,2668.0,2466.3286382675715
917,2789.0,2062.0,2310.5993964557565
918,2739.0,2671.0,2398.784071942909
919,2679.0,2841.0,2730.8478394379968
920,2608.0,2242.0,2712.1271413033787
921,2529.0,2561.0,2433.9832817559304
922,2442.0,2190.0,2375.18937477003
923,2349.0,1854.0,2133.237439297012
924,2251.0,2684.0,2338.7634520619786
925,2150.0,2497.0,2616.3118740887826
926,2048.0,1757.0,2185.983895621882
927,1945.0,1904.0,1881.5993067817046
928,1844.0,1818.0,1909.8222336016124
929,1746.0,1356.0,1627.2852820537835
930,1653.0,1455.0,1539.679718463764
931,1566.0,3450.0,3132.412229509951
932,1487.0,3430.0,3438.0599486536566
933,1416.0,1083.0,2422.40520937011
934,1356.0,1487.0,1221.151317512573
935,1306.0,1837.0,1406.1621394935605
936,1269.0,1037.0,1449.2010421135524
937,1243.0,1287.0,1258.0852021820353
938,1230.0,1138.0,1139.9622591564182
939,1230.0,1922.0,1654.580830500691
940,1243.0,884.0,1738.916957390344
941,1269.0,1834.0,1689.6349974457585
942,1306.0,1283.0,1421.802275364487
943,1356.0,1602.0,1527.9361281890363
944,1416.0,3436.0,2799.5155746228615
945,1487.0,1928.0,2524.5156312945273
946,1566.0,1598.0,1748.0031061582074
947,1653.0,1485.0,1218.286018417624
948,1746.0,0.0,734.3058736454251
949,1844.0,3834.0,3123.8075426351725
950,1945.0,1275.0,2452.0315354844806
951,2048.0,2928.0,2344.68562650861
952,2150.0,4095.0,3174.5684988053245
953,2251.0,2644.0,3257.8732648663026
954,2349.0,2704.0,2612.351511799895
955,2442.0,2737.0,2305.578893772335
956,2529.0,2696.0,2510.112981239193
957,2608.0,2650.0,2273.717158997037
958,2679.0,3158.0,3083.1387499977054
959,2739.0,3247.0,2981.781297679489
960,2789.0,2275.0,2543.6470869911054
961,2826.0,2219.0,2415.7207659990618
962,2852.0,2731.0,2456.23153609795
963,2865.0,3049.0,2937.1479857721706
964,2865.0,3387.0,3279.633022878166
965,2852.0,3022.0,3040.546235746374
966,2826.0,2793.0,2861.404349509533
967,2789.0,2286.0,2525.956381074876
968,2739.0,3384.0,2908.0286920232825
969,2679.0,524.0,1700.404566594279
970,2608.0,2782.0,2576.8062574426463
971,2529.0,2268.0,2413.099021667248
972,2442.0,2310.0,2653.434436472005
973,2349.0,2711.0,2666.2839720594343
974,2251.0,2274.0,2538.6140121630065
975,2150.0,2612.0,2527.808549329002
976,2048.0,2634.0,2543.137969642732
977,1945.0,1905.0,2387.446225209251
978,1844.0,1362.0,1368.573608169522
979,1746.0,1993.0,1723.5050576550111
980,1653.0,2159.0,2129.9553270646943
981,1566.0,1497.0,1857.137564885126
982,1487.0,1331.0,1561.39835298585
983,1416.0,1323.0,1379.1877353564903
984,1356.0,1254.0,1486.9642253555328
985,1306.0,1424.0,1544.751519753082
986,1269.0,801.0,1198.0089569463369
987,1243.0,798.0,870.021835537093
988,1230.0,1645.0,1598.4731991956219
989,1230.0,1193.0,1427.4897107593104
990,1243.0,1895.0,1656.8237614217574
991,1269.0,1442.0,1589.4824661607113
992,1306.0,1257.0,1364.5334871119978
993,1356.0,1445.0,1280.234541862351
994,1416.0,1339.0,1352.044984977117
995,1487.0,2149.0,1903.891104752971
996,1566.0,964.0,1328.1423712689773
997,1653.0,1420.0,1271.2524349970288
998,1746.0,1514.0,1338.4522118935224
999,1844.0,1928.0,1822.1881829971521
1000,1945.0,2285.0,2105.67814220029
1001,2048.0,1474.0,1797.9805960086205
1002,2150.0,2413.0,2134.514088773598
1003,2251.0,2861.0,2450.5423605184706
1004,2349.0,2405.0,2663.408119365253
1005,2442.0,3463.0,3006.6720482875553
1006,2529.0,2542.0,2707.5331243634723
1007,2608.0,2535.0,2416.3703261872406
1008,2679.0,3315.0,2757.3988862282067
1009,2739.0,2486.0,2785.6369609217636
1010,2789.0,2676.0,2474.627088542571
1011,2826.0,3101.0,2741.4793970572177
1012,2852.0,3313.0,3227.6082709734305
1013,2865.0,2510.0,2888.830488395696
1014,2865.0,2758.0,2706.3868311743418
1015,2852.0,739.0,1663.299446789663
1016,2826.0,2902.0,2656.3877639805614
1017,2789.0,2896.0,2931.6475011963953
1018,2739.0,2982.0,3157.9091607677537
1019,2679.0,2368.0,2691.134124796385
1020,2608.0,3321.0,2843.0865279971304
1021,2529.0,2732.0,3047.0712260076493
1022,2442.0,2179.0,2469.0129473306806
1023,2349.0,2521.0,2302.094386267616
1024,2251.0,1430.0,1675.2615364678165
1025,2150.0,1640.0,1726.69059806517
1026,2047.0,2421.0,2106.0980412496933
1027,1945.0,473.0,1670.8755787056075
1028,1844.0,2268.0,1599.696578964014
1029,1746.0,1312.0,1885.6426120310953
1030,1653.0,1773.0,1896.6062712139671
1031,1566.0,1702.0,1775.5223808818048
1032,1487.0,1297.0,1618.6095271764375
1033,1416.0,1308.0,1285.5211352486874
1034,1356.0,1859.0,1575.310529578114
1035,1306.0,991.0,1565.7965099188632
1036,1269.0,1784.0,1303.9759643217612
1037,1243.0,1246.0,1549.4502076730964
1038,1230.0,1525.0,1445.8603193141162
1039,1230.0,1427.0,1495.9044938716115
1040,1243.0,0.0,770.8538486032139
1041,1269.0,1960.0,1526.4667699676152
1042,1306.0,908.0,1362.4310332353093
1043,1356.0,660.0,1084.9438016610034
1044,1416.0,999.0,746.7912500083197
1045,1487.0,1702.0,1418.085213912137
1046,1566.0,1274.0,1574.8482808046579
1047,1653.0,1426.0,1428.3526915192942
1048,1746.0,2403.0,1876.7547214098965
1049,1844.0,2050.0,1971.838154257512
1050,1945.0,1977.0,2068.3763421520716
1051,2047.0,2319.0,1966.2314255988206
1052,2150.0,251.0,1063.0242286659209
1053,2251.0,1504.0,1168.7595837982728
1054,2349.0,2185.0,1712.1441543139688
1055,2442.0,2417.0,2400.27955969217
1056,2529.0,2641.0,2542.6319472375744
1057,2608.0,1875.0,2233.9436417174566
1058,2679.0,2317.0,2076.272751309484
1059,2739.0,2529.0,2295.027891427181
1060,2789.0,2956.0,2752.6584167458955
1061,2826.0,3050.0,2671.8885659921193
1062,2852.0,3016.0,2842.5651836702837
1063,2865.0,2827.0,2789.3550893383763
1064,2865.0,2848.0,2730.9680676469216
1065,2852.0,4095.0,3961.55628083605
1066,2826.0,3332.0,3499.567826378394
1067,2789.0,3009.0,3094.700028173035
1068,2739.0,2884.0,2735.87469896328
1069,2679.0,2950.0,2849.0443129191767
1070,2608.0,2006.0,2318.428868001636
1071,2529.0,2604.0,2366.4092959215322
1072,2442.0,1883.0,2246.4214344543993
1073,2349.0,2069.0,2167.042776679873
1074,2251.0,2137.0,2361.1801918863257
1075,2150.0,1565.0,2067.759193934641
1076,2047.0,2076.0,2020.611100897867
1077,1945.0,1902.0,2095.4003048663826
1078,1844.0,1358.0,1848.0814804866013
1079,1746.0,1865.0,1648.7743473753205
1080,1653.0,1569.0,1798.2519653233485
1081,1566.0,1186.0,1488.2473608538342
1082,1487.0,1692.0,1499.8059458107969
1083,1416.0,1338.0,1577.8088995405778
1084,1356.0,1290.0,1407.3820285976444
1085,1306.0,1788.0,1605.5225106117111
1086,1269.0,1724.0,1807.742427517221
1087,1243.0,1485.0,1630.3834398015892
1088,1230.0,1124.0,1319.8253498000208
1089,1230.0,1980.0,1623.5011478716626
1090,1243.0,1240.0,1550.9769837475617
1091,1269.0,1845.0,1632.695924145748
1092,1306.0,1522.0,1578.150529004018
1093,1356.0,1747.0,1634.9919720738292
1094,1416.0,1928.0,1842.4648649188136
1095,1487.0,1043.0,1394.167897128851
1096,1566.0,1840.0,1440.7750793811454
1097,1653.0,1470.0,1512.7163554222448
1098,1746.0,1289.0,1520.399700922087
1099,1844.0,2103.0,1716.9385441065829
1100,1945.0,1405.0,1759.5799685691172
1101,2047.0,2062.0,1800.9292990966494
1102,2150.0,2314.0,2103.242128130395
1103,2251.0,2184.0,2274.9695601581748
1104,2349.0,311.0,1135.0548840348101
1105,2442.0,4095.0,3497.8336742355177
1106,2529.0,2833.0,3220.101269435989
1107,2608.0,2957.0,3004.618218209034
1108,2679.0,1831.0,2113.291584518339
1109,2739.0,1796.0,1556.7038168386412
1110,2789.0,2840.0,2250.040524781249
1111,2826.0,2669.0,2787.682950087779
1112,2852.0,3066.0,2919.843367329067
1113,2865.0,3250.0,2880.531870835881
1114,2865.0,2428.0,3023.361891742936
1115,2852.0,2863.0,2644.847440673543
1116,2826.0,2028.0,2362.045767551094
1117,2789.0,3442.0,3117.591251101929
1118,2739.0,2181.0,2636.739735967753
1119,2679.0,2738.0,2595.7913436314066
1120,2608.0,3598.0,3071.608566292564
1121,2529.0,1978.0,2488.3161873564804
1122,2442.0,2999.0,2638.8831102682907
1123,2349.0,2278.0,2432.3160257090276
1124,2251.0,2180.0,2374.1910814933663
1125,2150.0,2080.0,2045.1819298953044
1126,2047.0,2137.0,2248.2484077502754
1127,1945.0,2263.0,2218.6829814834746
1128,1844.0,2100.0,2289.231702964593
1129,1746.0,4095.0,3962.8704681688596
1130,1653.0,2000.0,2691.372943421288
1131,1566.0,1556.0,1961.9771163879007
1132,1487.0,1560.0,1342.4785934950605
1133,1416.0,1146.0,1358.881079164601
1134,1356.0,3083.0,2461.341964600362
1135,1306.0,2103.0,2608.55483685804
1136,1269.0,1345.0,1934.4814306120727
1137,1243.0,1244.0,1253.1080683661944
1138,1230.0,1104.0,1448.4780764386353
1139,1230.0,1467.0,1425.420155145437
1140,1243.0,776.0,1156.1057736694647
1141,1269.0,1538.0,1256.9060698136518
1142,1306.0,1076.0,1285.0969535239078
1143,1356.0,1522.0,1645.205618607539
1144,1416.0,1118.0,1403.3721613876983
1145,1487.0,3359.0,2846.3239281022156
1146,1566.0,1836.0,2475.4639885454253
1147,1653.0,1841.0,1833.1183594433492
1148,1746.0,1836.0,1564.9233074100841
1149,1844.0,1867.0,1637.5977584663278
1150,1945.0,2356.0,2088.9207233470447
1151,2048.0,2110.0,2088.9455150691583
1152,2150.0,2740.0,2367.81093922534
1153,2251.0,2645.0,2473.30378655104
1154,2349.0,2420.0,2690.13768013821
1155,2442.0,2001.0,2086.4153302472496
1156,2529.0,2944.0,2633.527664960172
1157,2608.0,2975.0,2834.8004165691186
1158,2679.0,2544.0,2716.4739627068498
1159,2739.0,2404.0,2407.8702539216592
1160,2789.0,3158.0,2764.745698146611
1161,2826.0,3378.0,3264.54903805373
1162,2852.0,2254.0,2747.586822693758
1163,2865.0,2696.0,2391.686622303687
1164,2865.0,2739.0,2514.0425525936816
1165,2852.0,3206.0,3068.5631073581894
1166,2826.0,2333.0,2749.889317833136
1167,2789.0,3233.0,2847.7660140712564
1168,2739.0,2573.0,2784.374827324098
1169,2679.0,2834.0,2834.5487883923943
1170,2608.0,2328.0,2608.9690976510333
1171,2529.0,2164.0,2199.299235050556
1172,2442.0,3054.0,2657.595653805658
1173,2349.0,2173.0,2642.5890688337026
1174,2251.0,4095.0,3301.6689889781283
1175,2150.0,1622.0,2707.715940233982
1176,2048.0,0.0,1055.4694471797573
1177,1945.0,1506.0,673.3067574710427
1178,1844.0,2297.0,2010.9132864987937
1179,1746.0,2331.0,2679.3487272164894
1180,1653.0,1302.0,1922.9130421739083
1181,1566.0,1450.0,1527.8536598525623
1182,1487.0,1176.0,1363.3946372873818
1183,1416.0,623.0,1303.1828117774205
1184,1356.0,1100.0,900.6622932943662
1185,1306.0,844.0,803.7615208510939
1186,1269.0,865.0,1039.1524493352447
1187,1243.0,1657.0,1459.9519722283092
1188,1230.0,1212.0,1609.8038252853605
1189,1230.0,2176.0,1805.1013775887668
1190,1243.0,1141.0,1579.1079282976098
1191,1269.0,1330.0,1228.776367539273
1192,1306.0,2067.0,1473.7137552686627
1193,1356.0,1047.0,1485.1934565502397
1194,1416.0,1444.0,1223.096771953345
1195,1487.0,1299.0,1182.63052433241
1196,1566.0,1838.0,1652.6704486938888
1197,1653.0,1990.0,1877.5902162674872
1198,1746.0,1680.0,1917.5068572124972
1199,1844.0,2478.0,2399.292829921055
1200,1945.0,2058.0,2116.5303624105745
1201,2048.0,1972.0,2064.115717068581
1202,2150.0,2339.0,1951.662517271601
1203,2251.0,1944.0,2005.2021014136644
1204,2349.0,2239.0,2014.7879164054523
1205,2442.0,2315.0,2187.3664429211653
1206,2529.0,3119.0,2780.7566164094624
1207,2608.0,2387.0,2641.1792384563673
1208,2679.0,3570.0,3116.122598670816
1209,2739.0,3034.0,3087.5262398442774
1210,2789.0,2703.0,2785.3545105944386
1211,2826.0,1894.0,2131.1793555311415
1212,2852.0,2750.0,2161.5160580970137
1213,2865.0,2777.0,2684.121638125564
1214,2865.0,3049.0,2961.788467844823
1215,2852.0,2941.0,3052.4916602017834
1216,2826.0,2983.0,2885.052223198484
1217,2789.0,3088.0,3112.180182768684
1218,2739.0,2809.0,2857.6171549675682
1219,2679.0,2884.0,2806.809000619451
1220,2608.0,2282.0,2406.2638206251704
1221,2529.0,2395.0,2360.6491725652477
1222,2442.0,679.0,1493.4576937881834
1223,2349.0,0.0,564.155186817401
1224,2251.0,2772.0,2078.8180120988063
1225,2150.0,1866.0,2587.941385786864
1226,2048.0,1544.0,2215.586682645401
1227,1945.0,1689.0,1660.4061013720948
1228,1844.0,1660.0,1797.5951100942636
1229,1746.0,2064.0,2009.917759297632
1230,1653.0,1839.0,2005.9620340787055
1231,1566.0,1661.0,1587.9015084985697
1232,1487.0,1809.0,1451.5772050751946
1233,1416.0,1505.0,1782.428863783376
1234,1356.0,906.0,1258.8676115813291
1235,1306.0,1054.0,978.8991794814394
1236,1269.0,470.0,813.80007573525
1237,1243.0,970.0,887.3500803554984
1238,1230.0,1413.0,1347.9881087264466
1239,1230.0,1341.0,1544.7654949985733
1240,1243.0,967.0,1281.073031629121
1241,1269.0,1323.0,1207.0743555390502
1242,1306.0,1507.0,1418.2204831964218
1243,1356.0,1041.0,1248.3990629659502
1244,1416.0,1648.0,1299.3659448558178
1245,1487.0,2275.0,1964.4286228792653
1246,1566.0,1727.0,1955.1304556976086
1247,1653.0,2280.0,1965.846335103051
1248,1746.0,1474.0,1670.3942643412668
1249,1844.0,3074.0,2620.878557769536
1250,1945.0,1983.0,2328.8436804428447
1251,2047.0,2246.0,2097.1221484345824
1252,2150.0,2260.0,1971.5969118665723
1253,2251.0,2072.0,2076.7074390449784
1254,2349.0,2325.0,2232.437674725149
1255,2442.0,2240.0,2187.419132279376
1256,2529.0,2780.0,2536.0591000846944
1257,2608.0,2690.0,2576.37088171283
1258,2679.0,2767.0,2828.7754728772347
1259,2739.0,2676.0,2597.6075401668727
1260,2789.0,2879.0,2689.6518492772057
1261,2826.0,2804.0,2749.2934846462617
1262,2852.0,3302.0,3025.071455273909
1263,2865.0,2114.0,2303.178076197417
1264,2865.0,2163.0,2100.1501514142337
1265,2852.0,2997.0,2739.578109613984
1266,2826.0,2572.0,2704.8461632649905
1267,2789.0,2787.0,2801.0585276354773
1268,2739.0,2029.0,2356.473050221844
1269,2679.0,3045.0,2608.524807170012
1270,2608.0,4095.0,3546.725052518692
1271,2529.0,2424.0,2822.7061698114962
1272,2442.0,3727.0,3088.5850477495483
1273,2349.0,2080.0,2576.7636309286167
1274,2251.0,2880.0,2601.7639356793134
1275,2150.0,2089.0,2345.842150970324
1276,2047.0,1602.0,1935.3767488990845
1277,1945.0,1330.0,1459.8118478289848
1278,1844.0,1602.0,1644.9382410452363
1279,1746.0,1783.0,2101.3129042934947
1280,1653.0,1975.0,2056.2223584628155
1281,1566.0,1722.0,2175.6776828347183
1282,1487.0,1174.0,1526.7015647718506
1283,1416.0,383.0,764.2522067112675
1284,1356.0,980.0,781.837758351141
1285,1306.0,1275.0,1194.4301683688661
1286,1269.0,1438.0,1494.5585829726608
1287,1243.0,628.0,1146.2727655070203
1288,1230.0,1764.0,1672.2042369507785
1289,1230.0,1078.0,1479.2778870602206
1290,1243.0,1410.0,1405.2538789819978
1291,1269.0,1112.0,1163.067505513705
1292,1306.0,1533.0,1195.7023740193958
1293,1356.0,882.0,1159.124955192191
1294,1416.0,1133.0,1048.3749541813568
1295,1487.0,1165.0,1140.4382014434393
1296,1566.0,1057.0,1058.246236598946
1297,1653.0,1678.0,1472.6173080998028
1298,1746.0,2020.0,1794.1873867743154
1299,1844.0,909.0,1499.2294572821609
1300,1945.0,2018.0,1677.0417263933155
1301,2047.0,1736.0,1745.7837119919468
1302,2150.0,1971.0,1832.5721910242394
1303,2251.0,2032.0,1868.0741232241298
1304,2349.0,2312.0,2031.5369539908431
1305,2442.0,3225.0,2811.0707276226876
1306,2529.0,2300.0,2641.017878344544
1307,2608.0,1835.0,2029.921896254311
1308,2679.0,3296.0,2727.8821995329718
1309,2739.0,2296.0,2677.5593857547196
1310,2789.0,2958.0,2635.045863675757
1311,2826.0,2861.0,2678.8947787464035
1312,2852.0,2618.0,2660.215616125166
1313,2865.0,2898.0,2710.468002167883
1314,2865.0,2956.0,2946.9027847763296
1315,2852.0,2218.0,2538.2941421679025
1316,2826.0,3283.0,2994.0292790913645
1317,2789.0,3204.0,3250.870702333439
1318,2739.0,2859.0,3038.4433475070964
1319,2679.0,3293.0,3072.4982364488906
1320,2608.0,2184.0,2654.0551333131507
1321,2529.0,3078.0,2649.0891187577586
1322,2442.0,491.0,1731.7104973058663
1323,2349.0,3131.0,2000.875818175462
1324,2251.0,2403.0,2625.2085496533095
1325,2150.0,1253.0,2239.7386482921333
1326,2048.0,1780.0,1657.4092594144809
1327,1945.0,1819.0,1822.2845229223078
1328,1844.0,2000.0,2234.7073285007887
1329,1746.0,1382.0,1756.488126261471
1330,1653.0,1386.0,1559.4352299196028
1331,1566.0,1820.0,1428.6542339228956
1332,1487.0,1893.0,2096.459845672934
1333,1416.0,1794.0,1987.159233056368
1334,1356.0,1572.0,1595.3707227829814
1335,1306.0,1060.0,1318.9432106542035
1336,1269.0,1687.0,1670.3610340241664
1337,1243.0,1731.0,1745.4215173669797
1338,1230.0,1008.0,1192.8145198006478
1339,1230.0,808.0,917.6898774745146
1340,1243.0,718.0,804.0347025325478
1341,1269.0,1445.0,1238.6709396969081
1342,1306.0,1771.0,1746.3205319407411
1343,1356.0,1047.0,1507.9096164810144
1344,1416.0,1328.0,1170.0492067948933
1345,1487.0,1721.0,1498.4630162833266
1346,1566.0,1285.0,1514.055601648681
1347,1653.0,1573.0,1384.7077185711778
1348,1746.0,1420.0,1333.805354228292
1349,1844.0,1470.0,1371.8366105874236
1350,1945.0,2057.0,1748.1277983636903
1351,2047.0,2563.0,2299.367164482704
1352,2150.0,1972.0,2173.3852449038122
1353,2251.0,1839.0,1797.1006572104689
1354,2349.0,2573.0,2222.8407565618645
1355,2442.0,2640.0,2456.571319177542
1356,2529.0,2645.0,2575.5039016705477
1357,2608.0,2993.0,2708.1164144046024
1358,2679.0,2862.0,2722.965897876258
1359,2739.0,3113.0,2891.641029983375
1360,2789.0,3468.0,3181.9352612626876
1361,2826.0,1720.0,2420.9486722353568
1362,2852.0,2213.0,1879.9319398051452
1363,2865.0,3351.0,3077.5105863735093
1364,2865.0,3425.0,3462.6836319386803
1365,2852.0,2785.0,3182.8248781570537
1366,2826.0,3101.0,2900.350311041185
1367,2789.0,2859.0,2899.0361369560037
1368,2739.0,3020.0,2990.102069564984
1369,2679.0,2515.0,2791.226380137876
1370,2608.0,2306.0,2253.465122597774
1371,2529.0,2228.0,2189.7770434931094
1372,2442.0,2127.0,2323.8711256328206
1373,2349.0,2424.0,2477.9745590029547
1374,2251.0,2220.0,2401.045053922781
1375,2150.0,2221.0,2384.822232349964
1376,2047.0,2311.0,2348.5433466653326
1377,1945.0,1951.0,2176.1191226940073
1378,1844.0,1434.0,1765.6646472177667
1379,1746.0,1784.0,1637.9124497737887
1380,1653.0,1729.0,1802.5638825824915
1381,1566.0,1265.0,1626.1178457248297
1382,1487.0,1752.0,1637.301298038186
1383,1416.0,990.0,1446.8728559327933
1384,1356.0,1268.0,1321.2808349948027
1385,1306.0,1294.0,1375.8263886705731
1386,1269.0,810.0,1188.3485657337778
1387,1243.0,507.0,745.3888822523561
1388,1230.0,1790.0,1537.366963188911
1389,1230.0,846.0,1308.741373926851
1390,1243.0,1288.0,1211.778612553409
1391,1269.0,664.0,964.6232982307984
1392,1306.0,1707.0,1436.700037982272
1393,1356.0,1065.0,1378.1814567768677
1394,1416.0,2063.0,1621.513117111259
1395,1487.0,1740.0,1739.7489388367867
1396,1566.0,1978.0,1742.3599935189732
1397,1653.0,1525.0,1706.2036057724067
1398,1746.0,2854.0,2326.0572451004628
1399,1844.0,1999.0,2268.006012044993
1400,1945.0,1378.0,1557.9276196279648
1401,2048.0,1686.0,1396.089817938699
1402,2150.0,1752.0,1563.1342821319731
1403,2251.0,2770.0,2370.808051337683
1404,2349.0,2110.0,2400.8007369932443
1405,2442.0,2397.0,2283.4104217260397
1406,2529.0,2703.0,2373.581171087406
1407,2608.0,3258.0,3025.404761092005
1408,2679.0,2532.0,2725.704845887137
1409,2739.0,2372.0,2243.2785097637006
1410,2789.0,3339.0,2824.4516470757367
1411,2826.0,2989.0,2992.1530412621996
1412,2852.0,2989.0,3040.0290984073167
1413,2865.0,2849.0,2726.3348318659337
1414,2865.0,2841.0,2742.7982216355394
1415,2852.0,3091.0,2943.810817831892
1416,2826.0,2183.0,2513.2317194428706
1417,2789.0,3023.0,2621.4850611588136
1418,2739.0,3016.0,2896.7280125831717
1419,2679.0,3251.0,3286.2055915880323
1420,2608.0,2357.0,2482.2338123027544
1421,2529.0,2531.0,2452.5309049028574
1422,2442.0,2971.0,2711.2790326850513
1423,2349.0,3030.0,3048.0502075322233
1424,2251.0,2902.0,3042.823143808218
1425,2150.0,2365.0,2515.5014556595024
1426,2048.0,2075.0,2258.9037388418374
1427,1945.0,2016.0,2101.4052187097573
1428,1844.0,1877.0,2091.502549194757
1429,1746.0,2033.0,2027.10669862128
1430,1653.0,1943.0,2009.5034019220918
1431,1566.0,1771.0,2048.2870000188245
1432,1487.0,516.0,802.2256267130148
1433,1416.0,0.0,482.43039583248014
1434,1356.0,1662.0,1129.550369100225
1435,1306.0,1639.0,1841.2030146081404
1436,1269.0,738.0,1504.5419133413543
1437,1243.0,1549.0,1221.8712009627093
1438,1230.0,0.0,821.2904028118126
1439,1230.0,1015.0,760.7578264984978
1440,1243.0,592.0,804.4360328264745
1441,1269.0,1983.0,1326.4127965804407
1442,1306.0,0.0,866.0767118753402
1443,1356.0,1479.0,923.5128481712592
1444,1416.0,1620.0,1478.9924237970163
1445,1487.0,1314.0,1518.8859907710794
1446,1566.0,1708.0,1536.663018910332
1447,1653.0,1683.0,1385.8885654897736
1448,1746.0,1793.0,1664.3824570744507
1449,1844.0,2301.0,1856.6352693648691
1450,1945.0,1851.0,2068.0999471739024
1451,2047.0,2115.0,1728.8272399692557
1452,2150.0,2695.0,2431.1976970967035
1453,2251.0,2915.0,2831.6345413658905
1454,2349.0,2471.0,2550.872213644876
1455,2442.0,2265.0,2213.2721029372688
1456,2529.0,2320.0,2111.767640807526
1457,2608.0,1321.0,1441.4242914030474
1458,2679.0,2317.0,1860.0803189758708
1459,2739.0,2719.0,2607.848408440122
1460,2789.0,2484.0,2703.6247128973914
1461,2826.0,2210.0,2436.262301715878
1462,2852.0,2932.0,2578.9884733950066
1463,2865.0,4095.0,3698.14683452598
1464,2865.0,2672.0,3207.9259377557473
1465,2852.0,2519.0,2510.9695164506647
1466,2826.0,3278.0,2742.169580677961
1467,2789.0,2491.0,2795.3792978703177
1468,2739.0,2773.0,2705.596397726802
1469,2679.0,4095.0,3501.5663100018633
1470,2608.0,1933.0,2938.719242257255
1471,2529.0,2879.0,2537.4896299469515
1472,2442.0,1903.0,2364.782025058331
1473,2349.0,2439.0,2298.0163526698125
1474,2251.0,1917.0,2194.5049602041818
1475,2150.0,2501.0,2392.100013831316
1476,2048.0,2121.0,2366.521390166152
1477,1945.0,2337.0,2364.856850610463
1478,1844.0,1673.0,2248.8193238283484
1479,1746.0,1499.0,1586.269346130526
1480,1653.0,1749.0,1747.267216555725
1481,1566.0,1427.0,1625.211365631254
1482,1487.0,1065.0,1424.5905086395146
1483,1416.0,265.0,744.8808144221515
1484,1356.0,1331.0,1014.2864651064002
1485,1306.0,1059.0,1356.2341926168347
1486,1269.0,1381.0,1528.6776797389705
1487,1243.0,883.0,1195.8350319622773
1488,1230.0,1404.0,1298.8539270262463
1489,1230.0,1601.0,1556.2676234425774
1490,1243.0,1426.0,1561.787578158889
1491,1269.0,1066.0,1192.812965579698
1492,1306.0,1266.0,985.2971955002881
1493,1356.0,1626.0,1425.71132990639
1494,1416.0,1119.0,1353.4716628532217
1495,1487.0,1794.0,1475.6220801532486
1496,1566.0,1464.0,1494.7897613011069
1497,1653.0,2227.0,1882.601421817538
1498,1746.0,1335.0,1713.6534347298161
1499,1844.0,2311.0,1851.9225014383649
1500,1945.0,2533.0,2219.861991331214
1501,2047.0,2178.0,2290.4547776896156
1502,2150.0,2566.0,2276.459943255306
1503,2251.0,2322.0,2185.969947113759
1504,2349.0,2080.0,2135.4853509491068
1505,2442.0,2857.0,2336.9258270569007
1506,2529.0,3142.0,2919.6440872042726
1507,2608.0,2761.0,2823.573336019196
1508,2679.0,2962.0,2779.282937016863
1509,2739.0,2381.0,2556.9303793115964
1510,2789.0,2520.0,2387.9697327892686
1511,2826.0,2892.0,2639.726170745772
1512,2852.0,3046.0,2923.2607274735906
1513,2865.0,2417.0,2681.746113920025
1514,2865.0,3910.0,3749.8218920384898
1515,2852.0,3019.0,3366.336675536448
1516,2826.0,2246.0,2641.096468509055
1517,2789.0,4095.0,3492.284580086995
1518,2739.0,2584.0,3152.3454601576977
1519,2679.0,2766.0,2777.1903063234226
1520,2608.0,2101.0,2271.328060460314
1521,2529.0,2027.0,2140.2908085556355
1522,2442.0,2401.0,2257.227952158002
1523,2349.0,2244.0,2578.96417610597
1524,2251.0,2101.0,2353.98934428872
1525,2150.0,2348.0,2217.1458524783916
1526,2047.0,2762.0,2831.861241886423
1527,1945.0,1770.0,1872.0623991741136
1528,1844.0,1572.0,1763.6991032000371
1529,1746.0,1866.0,1644.201233641461
1530,1653.0,1656.0,1803.633571497366
1531,1566.0,1791.0,1879.63967764937
1532,1487.0,1931.0,1919.9098436604986
1533,1416.0,1810.0,1936.45673087097
1534,1356.0,1375.0,1705.7766753616363
1535,1306.0,1497.0,1567.5453183181392
1536,1269.0,1108.0,1305.881159759794
1537,1243.0,920.0,1076.9670824816067
1538,1230.0,1682.0,1380.6864448924637
1539,1230.0,1558.0,1679.9939662702877
1540,1243.0,966.0,1412.0875342730371
1541,1269.0,1084.0,1094.1295279030144
1542,1306.0,539.0,852.5888736057383
1543,1356.0,1798.0,1590.208535483362
1544,1416.0,1286.0,1557.8154829630653
1545,1487.0,1343.0,1391.4120715525448
1546,1566.0,1449.0,1293.1118906908532
1547,1653.0,1516.0,1504.2277500208415
1548,1746.0,1610.0,1596.440593657331
1549,1844.0,1984.0,1698.8071286689458
1550,1945.0,1698.0,1744.0150144507058
1551,2047.0,1816.0,1592.590326992142
1552,2150.0,2549.0,2273.122975825787
1553,2251.0,2327.0,2322.9821345407427
1554,2349.0,2262.0,2212.3244948888914
1555,2442.0,2706.0,2465.5578581667596
1556,2529.0,2785.0,2580.716843157333
1557,2608.0,2839.0,2695.4927876187303
1558,2679.0,2573.0,2581.031643633475
1559,2739.0,2898.0,2652.6327500881807
1560,2789.0,3248.0,3005.18266415437
1561,2826.0,3329.0,3244.7657577204477
1562,2852.0,2952.0,3037.460513581196
1563,2865.0,3130.0,3003.1799810982716
1564,2865.0,2628.0,2783.9140487175996
1565,2852.0,2477.0,2546.9368484099377
1566,2826.0,3058.0,2735.072265317604
1567,2789.0,2506.0,2697.452063608407
1568,2739.0,3029.0,2866.2965679260997
1569,2679.0,1996.0,2543.8469607616034
1570,2608.0,2837.0,2569.274761035936
1571,2529.0,2298.0,2565.0608080017746
1572,2442.0,2618.0,2616.579142268367
1573,2349.0,2050.0,2330.6931876590693
1574,2251.0,1675.0,1906.364278437477
1575,2150.0,2146.0,2028.7795415586907
1576,2048.0,1764.0,2017.3282712562332
1577,1945.0,1770.0,1994.8000162064918
1578,1844.0,1929.0,1850.304905544429
1579,1746.0,3639.0,3128.6205917415346
1580,1653.0,1675.0,2063.8368827794325
1581,1566.0,1965.0,1958.2638925046363
1582,1487.0,1283.0,1404.5553226343854
1583,1416.0,1572.0,1429.1711969363862
1584,1356.0,1192.0,1466.5158800915433
1585,1306.0,1641.0,1499.242771315377
1586,1269.0,979.0,1385.2228209854115
1587,1243.0,1371.0,1339.431526115367
1588,1230.0,704.0,1344.4498140316787
1589,1230.0,1157.0,1058.375077623371
1590,1243.0,1580.0,1460.5735004331611
1591,1269.0,1037.0,1366.5490079507017
1592,1306.0,1083.0,1155.9643015294346
1593,1356.0,1635.0,1294.0232048276207
1594,1416.0,3148.0,2761.8666199676163
1595,1487.0,1170.0,1645.3770763389946
1596,1566.0,1195.0,1170.6663710828132
1597,1653.0,1710.0,1265.6187616123414
1598,1746.0,2693.0,2290.881841638941
1599,1844.0,1147.0,1957.2861832282078
1600,1945.0,1582.0,1290.5072049098248
1601,2047.0,2673.0,1901.2025733413896
1602,2150.0,1925.0,2318.2155314182205
1603,2251.0,2141.0,2271.520300895818
1604,2349.0,2675.0,2136.6244914598665
1605,2442.0,2898.0,2627.601149994234
1606,2529.0,2900.0,2815.1421643280837
1607,2608.0,3190.0,3007.132454548229
1608,2679.0,2116.0,2365.7363375119407
1609,2739.0,2470.0,2133.298639318942
1610,2789.0,2494.0,2388.488465887896
1611,2826.0,2203.0,2310.639979859549
1612,2852.0,2633.0,2411.2364741658744
1613,2865.0,2802.0,2722.6158736254065
1614,2865.0,3400.0,3191.198659621565
1615,2852.0,3086.0,3253.0775992101326
1616,2826.0,3128.0,3138.342745386115
1617,2789.0,2429.0,2589.8885152506427
1618,2739.0,2524.0,2395.3821941149336
1619,2679.0,2925.0,2633.704364673049
1620,2608.0,2582.0,2700.764598927894
1621,2529.0,2336.0,2509.373885729313
1622,2442.0,1943.0,2156.2476726468376
1623,2349.0,2744.0,2493.474878562631
1624,2251.0,664.0,1690.4895711144757
1625,2150.0,1617.0,1397.34380594372
1626,2047.0,2239.0,1928.9474345622953
1627,1945.0,2344.0,2530.6109715049593
1628,1844.0,1720.0,2264.5363221382904
1629,1746.0,1778.0,1809.3963177310616
1630,1653.0,2931.0,2362.2942680927454
1631,1566.0,4095.0,3511.2274284890545
1632,1487.0,1762.0,2971.735708443531
1633,1416.0,1431.0,1329.492471867191
1634,1356.0,1857.0,1392.4704898805621
1635,1306.0,1763.0,1863.4479107664058
1636,1269.0,1539.0,1821.121042917778
1637,1243.0,2126.0,1821.8693825265677
1638,1230.0,1609.0,1901.720632804647
1639,1230.0,981.0,1571.18065240111
1640,1243.0,1499.0,1549.3520007758677
1641,1269.0,1525.0,1514.3956422820513
1642,1306.0,1434.0,1564.9715557087154
1643,1356.0,859.0,1215.720514244108
1644,1416.0,1183.0,1080.9233624888195
1645,1487.0,1366.0,1312.9094072629211
1646,1566.0,1479.0,1597.3041351037054
1647,1653.0,1835.0,1712.8015318986356
1648,1746.0,1458.0,1562.9813410159325
1649,1844.0,1087.0,1292.8426440723647
1650,1945.0,1909.0,1719.2940819264309
1651,2048.0,2428.0,2104.975121210894
1652,2150.0,2058.0,2167.660908333245
1653,2251.0,2629.0,2290.8804898166172
1654,2349.0,1736.0,1986.206550581198
1655,2442.0,1860.0,1736.4180211286698
1656,2529.0,2376.0,1989.6490834783945
1657,2608.0,2512.0,2342.6765228272834
1658,2679.0,2653.0,2473.2931618437206
1659,2739.0,3108.0,2781.2269098854395
1660,2789.0,3249.0,3119.6133170575577
1661,2826.0,2669.0,2839.036432747138
1662,2852.0,3000.0,2745.635351040794
1663,2865.0,3238.0,3085.67399236194
1664,2865.0,2932.0,2939.1928548646633
1665,2852.0,3323.0,3037.538062825618
1666,2826.0,3012.0,3033.146213670408
1667,2789.0,2893.0,2926.0151864270315
1668,2739.0,2774.0,2819.931614596769
1669,2679.0,2250.0,2523.1359664094857
1670,2608.0,2849.0,2707.978148359304
1671,2529.0,2644.0,2773.736116119804
1672,2442.0,2363.0,2664.0484590251517
1673,2349.0,2265.0,2369.6963175075675
1674,2251.0,2903.0,2683.763966650656
1675,2150.0,2304.0,2461.8828180361784
1676,2048.0,1617.0,2078.734702575399
1677,1945.0,1690.0,1678.8951575176068
1678,1844.0,2043.0,1878.5028188556055
1679,1746.0,1520.0,1699.5042717920192
1680,1653.0,1454.0,1659.9560499406589
1681,1566.0,0.0,821.2206847815498
1682,1487.0,1409.0,910.4938290170627
1683,1416.0,0.0,928.5703253484495
1684,1356.0,1088.0,928.875645663885
1685,1306.0,788.0,994.8638462653367
1686,1269.0,741.0,1006.2848576122952
1687,1243.0,1081.0,1108.6031357283807
1688,1230.0,1389.0,1286.7434550983098
1689,1230.0,760.0,1167.0801878858974
1690,1243.0,1693.0,1069.736226532447
1691,1269.0,1051.0,1316.7984405514164
1692,1306.0,315.0,594.9964026642547
1693,1356.0,999.0,645.8721143393909
1694,1416.0,645.0,746.5740333352403
1695,1487.0,1649.0,1238.1326075187624
1696,1566.0,2215.0,1898.40304812495
1697,1653.0,1624.0,1964.0558323779828
1698,1746.0,1514.0,1462.4328820144472
1699,1844.0,2136.0,1705.5112580409584
1700,1945.0,2308.0,2077.4514689856505
1701,2047.0,2300.0,2091.9156195494925
1702,2150.0,2208.0,2046.3546515397911
1703,2251.0,2103.0,1906.1860284273828
1704,2349.0,2143.0,2030.1764516780913
1705,2442.0,2312.0,2213.322293609509
1706,2529.0,2697.0,2627.8825574647144
1707,2608.0,4095.0,4005.249141210473
1708,2679.0,2800.0,3007.237328029632
1709,2739.0,3243.0,3105.374597861696
1710,2789.0,2868.0,2764.2775653382996
1711,2826.0,1091.0,1885.519971077456
1712,2852.0,2783.0,2289.432951799592
1713,2865.0,2323.0,2398.876672464492
1714,2865.0,3060.0,2890.535498409424
1715,2852.0,2061.0,2584.353631184211
1716,2826.0,2587.0,2580.9572483113166
1717,2789.0,3111.0,2827.683821751551
1718,2739.0,2918.0,3142.518003809059
1719,2679.0,2138.0,2564.5322974919345
1720,2608.0,2353.0,1968.0253191892962
1721,2529.0,2961.0,2636.462124905759
1722,2442.0,1753.0,1903.5458631942295
1723,2349.0,2028.0,2035.6688111990686
1724,2251.0,2193.0,2039.8027825203433
1725,2150.0,2184.0,2318.162112079233
1726,2048.0,1728.0,2016.4795825538774
1727,1945.0,1631.0,1790.3827719940562
1728,1844.0,1417.0,1559.0929594446943
1729,1746.0,1459.0,1561.7185868087336
1730,1653.0,1480.0,1686.1773042232292
1731,1566.0,1374.0,1443.1635442659203
1732,1487.0,1226.0,1414.4436332452274
1733,1416.0,3451.0,3319.367482853739
1734,1356.0,964.0,1474.195153529562
1735,1306.0,1573.0,1493.9891578037639
1736,1269.0,981.0,1019.1916596091695
1737,1243.0,1412.0,1234.7717508874396
1738,1230.0,673.0,1086.4379828168283
1739,1230.0,1611.0,1225.255983095471
1740,1243.0,1500.0,1545.254434594287
1741,1269.0,859.0,1285.9489923876472
1742,1306.0,3145.0,2275.4878352128785
1743,1356.0,436.0,1618.344629133296
1744,1416.0,1021.0,915.7202174872182
1745,1487.0,1549.0,977.2669006056425
1746,1566.0,256.0,833.7942369073315
1747,1653.0,1278.0,840.1036021597466
1748,1746.0,1478.0,1368.3291857593345
1749,1844.0,526.0,1195.866247738656
1750,1945.0,2320.0,1437.525437902362
1751,2048.0,2310.0,2426.753640345831
1752,2150.0,2596.0,2400.9428550763932
1753,2251.0,2575.0,2364.26830086102
1754,2349.0,2081.0,2128.1950907128257
1755,2442.0,2494.0,1964.1486788511377
1756,2529.0,2866.0,2436.820449629227
1757,2608.0,2741.0,2667.4693657636617
1758,2679.0,3160.0,2800.1680540816833
1759,2739.0,2433.0,2654.8421174873224
1760,2789.0,2178.0,2270.37798001375
1761,2826.0,3197.0,2848.6143217261906
1762,2852.0,2731.0,2925.792445661684
1763,2865.0,2374.0,2562.6849221305565
1764,2865.0,2549.0,2379.5523119770805
1765,2852.0,3648.0,3254.3466400109137
1766,2826.0,4095.0,3884.787581349985
1767,2789.0,3180.0,3662.0083667238014
1768,2739.0,3029.0,2932.109067805563
1769,2679.0,2601.0,2545.8148332131404
1770,2608.0,2673.0,2654.9590734394915
1771,2529.0,2722.0,2664.3433371785295
1772,2442.0,2666.0,2658.971676245555
1773,2349.0,2352.0,2527.6929905587845
1774,2251.0,2159.0,2437.1201016988616
1775,2150.0,2015.0,2328.3974696390396
1776,2047.0,2063.0,2187.269734331252
1777,1945.0,1897.0,2016.6987858268483
1778,1844.0,2136.0,2125.1263322947793
1779,1746.0,1093.0,1728.0286483211512
1780,1653.0,1479.0,1466.6997911500102
1781,1566.0,0.0,856.1229090609421
1782,1487.0,1828.0,1279.906451848765
1783,1416.0,1229.0,1616.624187872368
1784,1356.0,1357.0,1590.6086976274607
1785,1306.0,1685.0,1598.9815904388656
1786,1269.0,1629.0,1701.2220568715552
1787,1243.0,2415.0,2142.9256782031844
1788,1230.0,0.0,1075.520604734502
1789,1230.0,1110.0,602.1159153208334
1790,1243.0,1458.0,940.1677004110342
1791,1269.0,1340.0,1623.0767696837129
1792,1306.0,1146.0,1310.6512406345357
1793,1356.0,1745.0,1407.5456005761807
1794,1416.0,1663.0,1732.2579745416197
1795,1487.0,1724.0,1751.6599808484339
1796,1566.0,1227.0,1532.6203785817788
1797,1653.0,992.0,874.9183883913855
1798,1746.0,1952.0,1753.5518637133905
1799,1844.0,1650.0,1789.512525808409
1800,1945.0,2271.0,2048.857995562838
1801,2048.0,1544.0,1770.0860926930507
1802,2150.0,2299.0,1941.6751661559642
1803,2251.0,2571.0,2322.0447861302164
1804,2349.0,2216.0,2357.2595818085706
1805,2442.0,2382.0,2143.7834713281964
1806,2529.0,2995.0,2586.5072603050294
1807,2608.0,1985.0,2250.575037860895
1808,2679.0,2220.0,2024.6875312842028
1809,2739.0,2752.0,2354.3305910946456
1810,2789.0,2955.0,2757.679404412085
1811,2826.0,3231.0,3099.457878739715
1812,2852.0,2478.0,2557.2669934442138
1813,2865.0,2827.0,2561.7360929997635
1814,2865.0,3223.0,2890.6502674827075
1815,2852.0,2422.0,2774.611261472449
1816,2826.0,3356.0,2814.109131607776
1817,2789.0,4095.0,3715.614915756252
1818,2739.0,3183.0,3644.4228318227924
1819,2679.0,2632.0,2887.044727036328
1820,2608.0,2416.0,2397.55374386009
1821,2529.0,1892.0,2073.442883168544
1822,2442.0,2832.0,2439.530391416178
1823,2349.0,2292.0,2652.9993213958783
1824,2251.0,1624.0,2093.9011061899855
1825,2150.0,2749.0,2461.0765000501456
1826,2048.0,2208.0,2704.5486913712643
1827,1945.0,2775.0,2743.5745957416143
1828,1844.0,2070.0,2386.7097345612437
1829,1746.0,1072.0,1612.2846351367093
1830,1653.0,1635.0,1320.2267691310353
1831,1566.0,1998.0,1914.1776175256966
1832,1487.0,1507.0,1937.2243010150564
1833,1416.0,1549.0,1574.810531863974
1834,1356.0,1419.0,1604.3065365962846
1835,1306.0,775.0,1247.392233921222
1836,1269.0,403.0,820.8200537759312
1837,1243.0,2106.0,1560.3034903824534
1838,1230.0,1320.0,1717.7977819312061
1839,1230.0,1070.0,1409.154291190766
1840,1243.0,1088.0,1086.9190787967245
1841,1269.0,1115.0,1106.9834404124358
1842,1306.0,1428.0,1364.335720060274
1843,1356.0,1769.0,1621.6521690627865
1844,1416.0,1675.0,1637.743111584423
1845,1487.0,0.0,722.604690395898
1846,1566.0,1189.0,905.6947170829335
1847,1653.0,1509.0,1265.7441606212592
1848,1746.0,1398.0,1583.246970638267
1849,1844.0,1645.0,1531.3594396227777
1850,1945.0,2437.0,1999.7084825389963
1851,2047.0,3923.0,3594.65817676222
1852,2150.0,1938.0,2720.058202692463
1853,2251.0,3654.0,2656.000285594615
1854,2349.0,2175.0,2254.893827991872
1855,2442.0,2397.0,2165.7274145250685
1856,2529.0,2537.0,2183.499116810553
1857,2608.0,1726.0,1962.6643404476001
1858,2679.0,2871.0,2260.9673664806137
1859,2739.0,3048.0,2905.0275511415753
1860,2789.0,1437.0,2554.3730590839896
1861,2826.0,3173.0,2428.757448358012
1862,2852.0,2832.0,3001.4479615988935
1863,2865.0,3172.0,3102.96285522101
1864,2865.0,2885.0,2916.1259013750687
1865,2852.0,3097.0,2882.116581603153
1866,2826.0,3339.0,3013.3505501127024
1867,2789.0,3205.0,3241.9826220399264
1868,2739.0,2968.0,3078.416650042795
1869,2679.0,2685.0,2591.803305573166
1870,2608.0,2613.0,2663.0298956960573
1871,2529.0,2248.0,2323.9331526575647
1872,2442.0,2675.0,2559.7467683852706
1873,2349.0,2330.0,2430.6033306151976
1874,2251.0,2247.0,2422.421379229394
1875,2150.0,2292.0,2399.2825568315106
1876,2048.0,2157.0,2356.9315024140656
1877,1945.0,1418.0,1928.3259840752314
1878,1844.0,1560.0,1590.3669215133298
1879,1746.0,1712.0,1730.4990118087348
1880,1653.0,1810.0,1901.4246702670025
1881,1566.0,1639.0,1905.3223020259593
1882,1487.0,1243.0,1547.9846149336317
1883,1416.0,957.0,1209.8406647584397
1884,1356.0,1744.0,1580.418036832763
1885,1306.0,1373.0,1610.7949736089095
1886,1269.0,871.0,1210.5502503780979
1887,1243.0,1138.0,1017.332118167543
1888,1230.0,1031.0,1131.848517124698
1889,1230.0,780.0,1071.8609525474076
1890,1243.0,708.0,833.2956027352556
1891,1269.0,1069.0,928.1918676577632
1892,1306.0,649.0,904.5754942269542
1893,1356.0,910.0,949.9169491523875
1894,1416.0,1792.0,1425.6140667645284
1895,1487.0,1415.0,1590.9502290042283
1896,1566.0,1496.0,1490.4333505375412
1897,1653.0,265.0,756.2147629730648
1898,1746.0,1275.0,964.0697349847687
1899,1844.0,1847.0,1423.9949293711227
1900,1945.0,1413.0,1686.8790029158945
1901,2048.0,1962.0,1615.5724945916486
1902,2150.0,2002.0,1801.9931121859304
1903,2251.0,2240.0,2142.41859153344
1904,2349.0,1541.0,1787.972111314755
1905,2442.0,2041.0,1688.4232407207992
1906,2529.0,2165.0,1802.088394971353
1907,2608.0,3068.0,2740.956042559659
1908,2679.0,2233.0,2358.097410706122
1909,2739.0,1702.0,1862.7613092684323
1910,2789.0,3211.0,2706.2265338846364
1911,2826.0,3122.0,3048.092181548808
1912,2852.0,3086.0,3153.453805190078
1913,2865.0,3171.0,2857.6664657896963
1914,2865.0,0.0,1427.185909508247
1915,2852.0,4095.0,3522.5186913023986
1916,2826.0,1847.0,2824.365825967613
1917,2789.0,2889.0,2718.4385811726233
1918,2739.0,2467.0,2385.5974156091524
1919,2679.0,3087.0,2882.8053725183217
1920,2608.0,4095.0,3646.499373716762
1921,2529.0,3021.0,3566.36274486025
1922,2442.0,2070.0,2567.0112527244146
1923,2349.0,2655.0,2058.7142176897414
1924,2251.0,1936.0,2437.880191881418
1925,2150.0,1922.0,1960.3043366132863
1926,2047.0,2348.0,2186.653102310989
1927,1945.0,2545.0,2513.3423012126304
1928,1844.0,1423.0,2214.6375344048934
1929,1746.0,1633.0,1829.0972854919366
1930,1653.0,1674.0,1747.2256363001834
1931,1566.0,1596.0,1748.4812695643163
1932,1487.0,1300.0,1623.8619009296945
1933,1416.0,1403.0,1403.3430534201411
1934,1356.0,985.0,1282.2254292977423
1935,1306.0,1546.0,1454.7324950796808
1936,1269.0,1216.0,1526.6801059145014
1937,1243.0,508.0,948.2647983180843
1938,1230.0,570.0,613.1621373907741
1939,1230.0,726.0,727.1875616388206
1940,1243.0,1156.0,1116.5275867109458
1941,1269.0,1323.0,1344.717465651608
1942,1306.0,1248.0,1367.835418441282
1943,1356.0,1096.0,1145.5814464164373
1944,1416.0,1518.0,1382.9813655733685
1945,1487.0,644.0,1048.0360154337957
1946,1566.0,1257.0,1087.635229111629
1947,1653.0,2122.0,1899.972180042692
1948,1746.0,2159.0,2085.5351167854383
1949,1844.0,582.0,1363.6370445104542
1950,1945.0,1420.0,1235.6268403846066
1951,2047.0,1571.0,1342.067554568347
1952,2150.0,1846.0,1757.7612374801051
1953,2251.0,1806.0,1824.8440157250998
1954,2349.0,1682.0,1574.3960156102319
1955,2442.0,1772.0,1645.8964094724897
1956,2529.0,1456.0,1654.7225468805173
1957,2608.0,2565.0,2318.9603967589555
1958,2679.0,2580.0,2341.687316976356
1959,2739.0,2955.0,2722.4496860193963
1960,2789.0,3122.0,2858.7380666196573
1961,2826.0,3227.0,3000.6921315111917
1962,2852.0,3275.0,3052.313586412051
1963,2865.0,3103.0,2931.1419199030756
1964,2865.0,2562.0,2598.3968055790447
1965,2852.0,3232.0,3177.156814173521
1966,2826.0,3191.0,3171.8738418299695
1967,2789.0,2272.0,2602.7755011589843
1968,2739.0,2561.0,2431.2121815359164
1969,2679.0,2678.0,2608.3079584975962
1970,2608.0,2438.0,2717.400000415857
1971,2529.0,3545.0,3108.139978897702
1972,2442.0,2495.0,2844.845520870476
1973,2349.0,2249.0,2440.9699926750013
1974,2251.0,1789.0,2014.185332192369
1975,2150.0,1213.0,1617.2241248764653
1976,2048.0,2123.0,1745.0478599082048
1977,1945.0,2131.0,2234.93140135664
1978,1844.0,2220.0,2407.294187659845
1979,1746.0,1712.0,2050.992853379279
1980,1653.0,1349.0,1752.29716781565
1981,1566.0,1485.0,1498.0691865793851
1982,1487.0,1239.0,1444.5643905279746
1983,1416.0,2067.0,1740.096781364733
1984,1356.0,1746.0,1844.2435029976486
1985,1306.0,1118.0,1579.6137942191767
1986,1269.0,0.0,635.195146819271
1987,1243.0,0.0,130.90864412774545
1988,1230.0,32.0,159.82336646951154
1989,1230.0,808.0,643.1265333410452
1990,1243.0,1271.0,1256.7553563956637
1991,1269.0,1037.0,1325.7425586919926
1992,1306.0,27.0,651.0480472393126
1993,1356.0,1233.0,719.3328312530679
1994,1416.0,1819.0,1465.956581202452
1995,1487.0,1668.0,1670.339964878776
1996,1566.0,1243.0,1256.1739982980844
1997,1653.0,1386.0,1037.3717059365495
1998,1746.0,1141.0,1137.5336515183367
1999,1844.0,1861.0,1503.4917044977128
2000,1945.0,1153.0,1406.675866333938
2001,2048.0,2339.0,1778.3038318290266
2002,2150.0,1848.0,1974.3355047176178
2003,2251.0,2627.0,2305.8964213075765
2004,2349.0,2281.0,2327.0169856413477
2005,2442.0,2209.0,2107.4201613406344
2006,2529.0,2298.0,2071.5568856838836
2007,2608.0,2514.0,2197.971939768122
2008,2679.0,2624.0,2498.2254699235705
2009,2739.0,3595.0,3217.698342695673
2010,2789.0,1921.0,2683.9719728055384
2011,2826.0,2531.0,2163.366840061461
2012,2852.0,3099.0,2815.893482410296
2013,2865.0,2276.0,2568.3669678895335
2014,2865.0,1921.0,2118.9201857649023
2015,2852.0,2985.0,2412.0375889598145
2016,2826.0,2818.0,2904.347444699891
2017,2789.0,2514.0,2786.477401077163
2018,2739.0,2695.0,2689.6056747905786
2019,2679.0,2243.0,2329.230925590475
2020,2608.0,2428.0,2378.483125937544
2021,2529.0,2675.0,2596.114423586572
2022,2442.0,2751.0,2696.4637946087887
2023,2349.0,1941.0,2294.9475461406882
2024,2251.0,1684.0,1895.5561965211837
2025,2150.0,2310.0,2035.6102244319318
2026,2047.0,1601.0,1795.5519565803709
2027,1945.0,1664.0,1822.1381638753144
2028,1844.0,2573.0,2345.4150240736694
2029,1746.0,1693.0,2179.2804659667113
2030,1653.0,4095.0,3608.934790673276
2031,1566.0,1883.0,2906.534755366593
2032,1487.0,1389.0,1713.7732808089963
2033,1416.0,1915.0,1368.8627316592097
2034,1356.0,594.0,1257.7052955576792
2035,1306.0,1872.0,1378.3532281055445
2036,1269.0,1134.0,1454.9536585068618
2037,1243.0,87.0,956.1322050489047
2038,1230.0,168.0,259.19229889224414
2039,1230.0,579.0,801.3475146465995
2040,1243.0,1191.0,1179.3252132538873
2041,1269.0,1430.0,1474.8488068987758
2042,1306.0,957.0,1359.281750276301
2043,1356.0,1167.0,991.0616144086734
2044,1416.0,904.0,1081.1649410094296
2045,1487.0,1593.0,1289.7422851673532
2046,1566.0,1217.0,1208.9542991243752
2047,1653.0,1196.0,1087.2818059348126
2048,1746.0,4080.0,3812.945370881652
2049,1844.0,2452.0,3111.884370468605
2050,1945.0,1579.0,1916.833549135529
2051,2048.0,2334.0,1512.7930903030472
2052,2150.0,2111.0,1935.7491852542794
2053,2251.0,2765.0,2368.3606196773635
2054,2349.0,2147.0,2325.5107298350713
2055,2442.0,2777.0,2328.855043408395
2056,2529.0,2337.0,2335.5490497532355
2057,2608.0,2514.0,2695.373636924722
2058,2679.0,2930.0,2664.4371949720166
2059,2739.0,3649.0,3213.8949155374326
2060,2789.0,2537.0,2821.3199200778095
2061,2826.0,3020.0,2672.960666215906
2062,2852.0,656.0,1713.1640869553728
2063,2865.0,2634.0,2040.74986846303
2064,2865.0,3309.0,2901.3995647643696
2065,2852.0,2992.0,3324.853594167302
2066,2826.0,2491.0,2786.7924348183496
2067,2789.0,2878.0,2608.733191798237
2068,2739.0,2582.0,2834.134499521945
2069,2679.0,2573.0,2589.281707827631
2070,2608.0,2457.0,2524.1633135001316
2071,2529.0,2274.0,2093.318903598762
2072,2442.0,2273.0,2312.2916741996714
2073,2349.0,2086.0,2291.36286201923
2074,2251.0,2614.0,2516.609585065573
2075,2150.0,1976.0,2194.6782186357127
2076,2048.0,2498.0,2373.7460927949123
2077,1945.0,1443.0,1973.917198222873
2078,1844.0,1675.0,1684.3389057345707
2079,1746.0,1800.0,1762.9042094885608
2080,1653.0,1361.0,1695.4117654917661
2081,1566.0,1535.0,1591.6048742552175
2082,1487.0,1259.0,1449.3600657498569
2083,1416.0,2238.0,1952.2818208248168
2084,1356.0,2135.0,2229.320170677229
2085,1306.0,405.0,1439.3625378097863
2086,1269.0,1750.0,1438.8814748938776
2087,1243.0,872.0,1209.8890562563556
2088,1230.0,1655.0,1495.4405552013022
2089,1230.0,2050.0,1795.283535826335
2090,1243.0,772.0,1457.8143356506368
2091,1269.0,1713.0,1267.2106297375253
2092,1306.0,1105.0,1394.1822561591243
2093,1356.0,1241.0,1386.4785863329857
2094,1416.0,489.0,714.7088799617977
2095,1487.0,1931.0,1291.907165167047
2096,1566.0,1311.0,1553.4433101180823
2097,1653.0,1327.0,1490.824261972725
2098,1746.0,0.0,706.9310745682634
2099,1844.0,1637.0,1177.7824531023462
2100,1945.0,1881.0,1785.9582046384837
2101,2047.0,2106.0,2101.930366767081
2102,2150.0,1439.0,1706.0051605037654
2103,2251.0,2247.0,1625.1114250002502
2104,2349.0,3131.0,2625.6742130065886
2105,2442.0,2128.0,2521.2206535516934
2106,2529.0,2787.0,2301.940053023827
2107,2608.0,2378.0,2070.908560807624
2108,2679.0,2780.0,2497.3517462055843
2109,2739.0,2640.0,2572.3516620927207
2110,2789.0,2256.0,2364.2739336232357
2111,2826.0,3470.0,3185.212171868568
2112,2852.0,2164.0,2714.2880822401753
2113,2865.0,2904.0,2698.013309735855
2114,2865.0,4095.0,3513.033684087589
2115,2852.0,2970.0,3034.9221459769215
2116,2826.0,2850.0,2886.941912011486
2117,2789.0,2261.0,2366.921706754555
2118,2739.0,2938.0,2566.704765200221
2119,2679.0,2437.0,2610.220361574542
2120,2608.0,2787.0,2771.994118171683
2121,2529.0,3304.0,2944.205608787124
2122,2442.0,3438.0,3392.3121036657703
2123,2349.0,1690.0,2766.9009114726664
2124,2251.0,2082.0,1899.3302417810546
2125,2150.0,1711.0,1828.558364576505
2126,2048.0,1773.0,1863.055804741893
2127,1945.0,1579.0,1846.7188050976438
2128,1844.0,2629.0,2216.6666657922756
2129,1746.0,1235.0,2108.0237987584524
2130,1653.0,2419.0,2130.1749068369377
2131,1566.0,0.0,1317.2052020217204
2132,1487.0,1920.0,1098.0118514984583
2133,1416.0,1744.0,1780.1876740725133
2134,1356.0,1823.0,1983.5269095578255
2135,1306.0,1156.0,1532.835093303945
2136,1269.0,1850.0,1462.0408861549618
2137,1243.0,1086.0,1602.6399666637658
2138,1230.0,249.0,710.3637944022325
2139,1230.0,1413.0,974.3029426963557
2140,1243.0,1541.0,1290.850857289777
2141,1269.0,1519.0,1786.3896102752367
2142,1306.0,0.0,830.230854792963
2143,1356.0,1341.0,752.4192869098023
2144,1416.0,1203.0,1216.7465638468695
2145,1487.0,1334.0,1509.335171606885
2146,1566.0,1338.0,1313.037725646509
2147,1653.0,2061.0,1525.0748092041172
2148,1746.0,1702.0,1862.696381648692
2149,1844.0,1356.0,1545.5766383483033
2150,1945.0,3827.0,3547.424071257533
2151,2048.0,2787.0,2914.8189453162713
2152,2150.0,2435.0,2594.6380590115873
2153,2251.0,1796.0,1733.2622958810236
2154,2349.0,2724.0,2373.1757504475113
2155,2442.0,2468.0,2440.2155021099215
2156,2529.0,2834.0,2673.3311564805863
2157,2608.0,2575.0,2539.746721899668
2158,2679.0,2536.0,2381.6411198024307
2159,2739.0,3231.0,3043.2995130268773
2160,2789.0,2762.0,2954.5568989627895
2161,2826.0,2695.0,2713.7073868967013
2162,2852.0,2897.0,2585.156863971287
2163,2865.0,2937.0,2884.6696310584794
2164,2865.0,2721.0,2805.9393175721975
2165,2852.0,3223.0,3042.4918547013167
2166,2826.0,2523.0,2803.7943635657202
2167,2789.0,2873.0,2701.216865380613
2168,2739.0,2471.0,2670.6240828960476
2169,2679.0,3178.0,2859.9451379941593
2170,2608.0,1506.0,2330.177530876326
2171,2529.0,2796.0,2260.93488200259
2172,2442.0,2539.0,2626.4592988413756
2173,2349.0,2253.0,2569.9580823631195
2174,2251.0,1918.0,2203.089234290126
2175,2150.0,2539.0,2215.180831220499
2176,2047.0,2581.0,2640.429143477473
2177,1945.0,2433.0,2581.727308702936
2178,1844.0,2517.0,2585.231698620248
2179,1746.0,1439.0,1834.3240822381356
2180,1653.0,2087.0,1870.394957400697
2181,1566.0,1541.0,1813.058518175922
2182,1487.0,3309.0,2786.145448404498
2183,1416.0,1327.0,2271.8516802254176
2184,1356.0,1512.0,1617.6257953218633
2185,1306.0,1378.0,1396.1302072707758
2186,1269.0,940.0,1308.275573033153
2187,1243.0,679.0,1035.8197139829992
2188,1230.0,0.0,372.1729885717978
2189,1230.0,1003.0,746.7460606398072
2190,1243.0,772.0,1026.5651362107046
2191,1269.0,1089.0,1413.932344475287
2192,1306.0,2002.0,1734.158219546321
2193,1356.0,1304.0,1561.8220428902457
2194,1416.0,1496.0,1452.9213231980498
2195,1487.0,1870.0,1482.646955496791
2196,1566.0,2050.0,1802.348273524843
2197,1653.0,2165.0,1867.799512751576
2198,1746.0,1023.0,1330.2088178893769
2199,1844.0,1288.0,1014.2028224742191
2200,1945.0,1119.0,1054.6095269558516
2201,2047.0,1626.0,1515.751409675093
2202,2150.0,2317.0,2276.0143614672706
2203,2251.0,2722.0,2521.1652727084042
2204,2349.0,2423.0,2578.451133954247
2205,2442.0,2385.0,2341.6852163612534
2206,2529.0,2448.0,2303.4937131194933
2207,2608.0,3198.0,3119.166801192254
2208,2679.0,3262.0,3048.3224166917125
2209,2739.0,2849.0,2810.9940603371856
2210,2789.0,3555.0,3218.2805921713816
2211,2826.0,2774.0,2986.7217683752324
2212,2852.0,3729.0,3569.0954786752754
2213,2865.0,2657.0,2988.32727796058
2214,2865.0,4095.0,3453.5610112366753
2215,2852.0,3255.0,3466.888875508621
2216,2826.0,2418.0,2910.1144961301784
2217,2789.0,3118.0,2714.5803728821234
2218,2739.0,2503.0,2716.508141883919
2219,2679.0,2906.0,2921.0806717934634
2220,2608.0,2809.0,2814.254928394693
2221,2529.0,3271.0,3217.331259762932
2222,2442.0,3018.0,3117.430678628392
2223,2349.0,1003.0,2206.0521484491937
2224,2251.0,2406.0,2062.9699096976638
2225,2150.0,2224.0,2211.085470419053
2226,2048.0,1697.0,2285.284101517078
2227,1945.0,2473.0,2173.561048999598
2228,1844.0,1566.0,2086.7098096666896
2229,1746.0,1492.0,1782.9738027845542
2230,1653.0,1139.0,1463.8307873673998
2231,1566.0,1276.0,1444.0405930898737
2232,1487.0,1499.0,1365.8140905475273
2233,1416.0,1324.0,1426.675556146016
2234,1356.0,1559.0,1603.899308188251
2235,1306.0,906.0,1278.1779259839948
2236,1269.0,1142.0,1217.753627658796
2237,1243.0,1433.0,1292.5981277533633
2238,1230.0,1441.0,1497.2475143740194
2239,1230.0,0.0,747.1008443969777
2240,1243.0,992.0,530.5943036542013
2241,1269.0,884.0,942.1489410742871
2242,1306.0,931.0,1108.0855396011088
2243,1356.0,1253.0,1188.1694459088744
2244,1416.0,1176.0,1177.8601417784653
2245,1487.0,2124.0,1980.5377814540875
2246,1566.0,1040.0,1556.198219358843
2247,1653.0,0.0,567.9952780881481
2248,1746.0,1752.0,1303.7660111049267
2249,1844.0,0.0,767.029828609853
2250,1945.0,1816.0,1342.8318831258125
2251,2048.0,1933.0,1700.747751054954
2252,2150.0,1762.0,1962.9880634611532
2253,2251.0,1848.0,1766.4692499235018
2254,2349.0,1672.0,1729.0448906721788
2255,2442.0,3237.0,2326.7693146103043
2256,2529.0,2087.0,2280.951879130583
2257,2608.0,2964.0,2504.6625454347814
2258,2679.0,2245.0,2096.1340288078427
2259,2739.0,2083.0,2098.2558348592947
2260,2789.0,3163.0,2711.207393182338
2261,2826.0,3164.0,3010.711410401349
2262,2852.0,2588.0,2825.4270837532627
2263,2865.0,2560.0,2360.8270981004885
2264,2865.0,2758.0,2653.3163043099294
2265,2852.0,2998.0,2804.4857218981715
2266,2826.0,3200.0,3130.9257757361856
2267,2789.0,4095.0,4035.586838808296
2268,2739.0,2163.0,2815.701104525942
2269,2679.0,2430.0,2377.100055685067
2270,2608.0,3273.0,2712.9001102471284
2271,2529.0,2139.0,2229.628720379745
2272,2442.0,2637.0,2490.5768658522625
2273,2349.0,2594.0,2542.958160416315
2274,2251.0,1805.0,2357.605355530564
2275,2150.0,1663.0,1909.9473412923264
2276,2047.0,2115.0,2129.153768947539
2277,1945.0,2231.0,2217.112481044496
2278,1844.0,1603.0,2056.988496692544
2279,1746.0,1443.0,1719.6897045418398
2280,1653.0,1679.0,1583.9838676344084
2281,1566.0,178.0,647.7256809486771
2282,1487.0,755.0,714.1754400416876
2283,1416.0,1372.0,1092.6196468534154
2284,1356.0,886.0,1349.2075528543012
2285,1306.0,1569.0,1480.6187512531744
2286,1269.0,1281.0,1510.4594090965913
2287,1243.0,784.0,1156.265944167119
2288,1230.0,1730.0,1326.4936273135813
2289,1230.0,1725.0,1703.3890563153836
2290,1243.0,1380.0,1457.3871759288995
2291,1269.0,1061.0,1091.9349254909998
2292,1306.0,1842.0,1385.1888410130773
2293,1356.0,1217.0,1445.204399841237
2294,1416.0,1711.0,1543.6335825674037
2295,1487.0,1445.0,1474.511797608965
2296,1566.0,1580.0,1444.1197208007368
2297,1653.0,1148.0,1389.3206406292554
2298,1746.0,1694.0,1458.8096662729286
2299,1844.0,2370.0,2008.4518552713535
2300,1945.0,1664.0,1924.116318887572
2301,2048.0,1818.0,1775.0300053313106
2302,2150.0,2491.0,2102.3388449703675
2303,2251.0,2336.0,2363.6245549641767
2304,2349.0,2267.0,2238.1479335461136
2305,2442.0,2347.0,2141.4229195674616
2306,2529.0,2723.0,2342.832780348584
2307,2608.0,2127.0,2321.26393091989
2308,2679.0,2455.0,2286.6162335337294
2309,2739.0,2926.0,2730.669875012626
2310,2789.0,2439.0,2606.777809042055
2311,2826.0,2983.0,2727.463836547946
2312,2852.0,2408.0,2574.4485540583055
2313,2865.0,2822.0,2598.802305424508
2314,2865.0,3580.0,3178.3692834727435
2315,2852.0,3401.0,3461.4767758530397
2316,2826.0,3022.0,3111.699601199615
2317,2789.0,2806.0,2745.1533829770246
2318,2739.0,2191.0,2436.044823258021
2319,2679.0,3331.0,3135.7597809130098
2320,2608.0,2966.0,3127.317617638791
2321,2529.0,1771.0,2422.620254757309
2322,2442.0,2380.0,2138.5308842967183
2323,2349.0,2421.0,2477.938442976498
2324,2251.0,2224.0,2586.9792273574017
2325,2150.0,2329.0,2408.811700028539
2326,2048.0,1309.0,1873.0766283309704
2327,1945.0,1696.0,1588.0939570603691
2328,1844.0,2575.0,2287.1219449449295
2329,1746.0,3041.0,3001.673352475084
2330,1653.0,1354.0,2211.9982401092284
2331,1566.0,1706.0,1553.5853370508712
2332,1487.0,1680.0,1616.757284382081
2333,1416.0,1195.0,1574.8946460255195
2334,1356.0,876.0,1171.0022939999847
2335,1306.0,780.0,796.8697278939374
2336,1269.0,0.0,546.5836517773224
2337,1243.0,869.0,764.7523741164827
2338,1230.0,1650.0,1567.8549719051398
2339,1230.0,1478.0,1736.7868253062406
2340,1243.0,1002.0,1379.4178737687284
2341,1269.0,965.0,984.2568861347157
2342,1306.0,978.0,931.392249671588
2343,1356.0,1696.0,1386.2344551393828
2344,1416.0,720.0,1133.8112354762995
2345,1487.0,1394.0,1018.0270187323526
2346,1566.0,1897.0,1517.731375536825
2347,1653.0,1108.0,1365.342756632381
2348,1746.0,1687.0,1439.5228898115652
2349,1844.0,1756.0,1541.953661837792
2350,1945.0,0.0,863.6278672697526
2351,2047.0,0.0,-1.0173430589435952
2352,2150.0,2208.0,1092.143355782013
2353,2251.0,2548.0,2408.0078515790324
2354,2349.0,4095.0,3477.041583964878
2355,2442.0,2548.0,3019.850168838001
2356,2529.0,2346.0,2231.0325627992906
2357,2608.0,2717.0,2179.112010492443
2358,2679.0,2581.0,2426.326153374815
2359,2739.0,2349.0,2117.3505908901366
2360,2789.0,2401.0,1967.0321025236276
2361,2826.0,2901.0,2603.817957421116
2362,2852.0,3074.0,3000.9249272881293
2363,2865.0,2747.0,3129.272917396102
2364,2865.0,2897.0,2812.5576635317934
2365,2852.0,3470.0,3183.1814969902284
2366,2826.0,2934.0,3013.977327003769
2367,2789.0,4095.0,3704.6760853519972
2368,2739.0,3576.0,3601.212544217085
2369,2679.0,2757.0,3086.176816778024
2370,2608.0,2593.0,2554.9381904409906
2371,2529.0,2986.0,2701.8190182521953
2372,2442.0,2125.0,2264.486418878318
2373,2349.0,1744.0,2039.2096330431932
2374,2251.0,2446.0,2222.265338184924
2375,2150.0,1396.0,2075.2195793328515
2376,2047.0,2598.0,2412.639686122688
2377,1945.0,2214.0,2542.9668181731477
2378,1844.0,587.0,1624.432210673188
2379,1746.0,0.0,431.9132308883337
2380,1653.0,2196.0,1229.6233246763825
2381,1566.0,2464.0,2499.0578542995527
2382,1487.0,1737.0,2343.79410915058
2383,1416.0,1563.0,1701.414427472031
2384,1356.0,3970.0,3094.6023425399862
2385,1306.0,883.0,2478.377165473069
2386,1269.0,1093.0,1131.3929053155764
2387,1243.0,944.0,531.9245408320173
2388,1230.0,1881.0,1280.1282005663359
2389,1230.0,930.0,1629.8695886020753
2390,1243.0,850.0,1103.5937860229556
2391,1269.0,1869.0,1376.1392122858344
2392,1306.0,1731.0,1842.960947918037
2393,1356.0,2014.0,2307.5477733225625
2394,1416.0,1196.0,1430.513351281842
2395,1487.0,1575.0,1300.1677181787063
2396,1566.0,1657.0,1462.8348420622106
2397,1653.0,1513.0,1654.41124448738
2398,1746.0,1655.0,1500.9803251234398
2399,1844.0,1946.0,1664.7844736547395
2400,1945.0,1680.0,1853.8730452664188
2401,2048.0,2159.0,1932.8835643791422
2402,2150.0,2688.0,2385.5758095149154
2403,2251.0,1645.0,1921.3521294658988
2404,2349.0,2317.0,1959.768794338593
2405,2442.0,3038.0,2771.3994559482844
2406,2529.0,1953.0,2376.748247808866
2407,2608.0,2056.0,1953.273177210022
2408,2679.0,2257.0,1972.1916369719254
2409,2739.0,745.0,1479.8570711329396
2410,2789.0,3017.0,2269.9976246312817
2411,2826.0,3046.0,2989.633597305109
2412,2852.0,3143.0,3199.1366942183886
2413,2865.0,1827.0,2410.9345150384966
2414,2865.0,1884.0,1842.517446132951
2415,2852.0,3008.0,2299.0123416517563
2416,2826.0,2560.0,2763.5454675202263
2417,2789.0,1968.0,2317.0419353128145
2418,2739.0,2107.0,1817.3614848644884
2419,2679.0,2647.0,2453.4154044373367
2420,2608.0,3040.0,2993.5522795590846
2421,2529.0,2321.0,2785.5849239011204
2422,2442.0,2021.0,2068.023474261735
2423,2349.0,2066.0,1912.9027549411207
2424,2251.0,2377.0,2323.122109990544
2425,2150.0,1896.0,2210.658247511322
2426,2047.0,2036.0,1970.9569587084504
2427,1945.0,1978.0,1985.0876407981439
2428,1844.0,1673.0,1959.3879480004452
2429,1746.0,1601.0,1813.9622842239098
2430,1653.0,1941.0,1827.8211031217052
2431,1566.0,1332.0,1696.7040033767355
2432,1487.0,1172.0,1364.1511928281254
2433,1416.0,1177.0,1264.272659611852
2434,1356.0,1541.0,1454.1715486348169
2435,1306.0,1176.0,1244.1138845235707
2436,1269.0,1683.0,1552.9945639763564
2437,1243.0,1800.0,1746.9453927076383
2438,1230.0,1164.0,1520.1001572958935
2439,1230.0,1773.0,1524.837929430783
2440,1243.0,1780.0,1666.4578099177254
2441,1269.0,882.0,1331.0886725375808
2442,1306.0,1250.0,1025.6112101208143
2443,1356.0,1955.0,1541.0221657489938
2444,1416.0,1504.0,1757.3372322535638
2445,1487.0,1817.0,1739.4645533857054
2446,1566.0,1785.0,1747.7771716945497
2447,1653.0,2117.0,1895.6522279107621
2448,1746.0,2008.0,2043.2039295506052
2449,1844.0,1960.0,1956.203725546198
2450,1945.0,2341.0,2169.5704135925516
2451,2048.0,2364.0,2202.7293345989888
2452,2150.0,2069.0,2199.0142823395045
2453,2251.0,2452.0,2282.31079465249
2454,2349.0,2095.0,2169.325528480587
2455,2442.0,3192.0,2963.6781326875916
2456,2529.0,2313.0,2656.2685969849535
2457,2608.0,2707.0,2494.7613489643363
2458,2679.0,1699.0,2035.3261360575764
2459,2739.0,3270.0,2843.3787428508967
2460,2789.0,2825.0,2961.323299893405
2461,2826.0,2573.0,2724.737388531629
2462,2852.0,2091.0,2250.0548151837875
2463,2865.0,3116.0,2491.2772055552905
2464,2865.0,2617.0,2940.583888117658
2465,2852.0,4095.0,3360.9648528045777
2466,2826.0,2546.0,3196.465333336606
2467,2789.0,2054.0,2209.8923044288977
2468,2739.0,3202.0,2555.948863158422
2469,2679.0,1993.0,2569.5944745982856
2470,2608.0,2131.0,2211.0426728378693
2471,2529.0,2546.0,2190.465327627114
2472,2442.0,2314.0,2582.181132625573
2473,2349.0,2476.0,2531.0250428332783
2474,2251.0,2194.0,2540.9766238901952
2475,2150.0,1856.0,2076.882745671486
2476,2048.0,1461.0,1649.927145288168
2477,1945.0,1595.0,1712.2421659404936
2478,1844.0,951.0,1325.97935990719
2479,1746.0,1665.0,1508.2652409983214
2480,1653.0,1862.0,1908.1676562447615
2481,1566.0,1414.0,1813.060060955924
2482,1487.0,1674.0,1699.0326988628165
2483,1416.0,1665.0,1696.2775807209862
2484,1356.0,1923.0,1850.928021624664
2485,1306.0,1072.0,1454.6127224519178
2486,1269.0,1223.0,1149.9666983325308
2487,1243.0,1209.0,1099.0976073812558
2488,1230.0,2679.0,2438.7756758767273
2489,1230.0,1908.0,2145.2497900612816
2490,1243.0,314.0,1155.3125894599352
2491,1269.0,1015.0,606.8558648622883
2492,1306.0,1515.0,1208.182466721374
2493,1356.0,1129.0,1551.267122181146
2494,1416.0,948.0,1067.5756372735668
2495,1487.0,1042.0,959.8126510426175
2496,1566.0,1368.0,1255.8325502057003
2497,1653.0,1196.0,1527.5076529339922
2498,1746.0,917.0,1161.1109088996893
2499,1844.0,2233.0,1945.8090359586465
2500,1945.0,2070.0,2063.071519712111
2501,2048.0,2016.0,2101.502581317554
2502,2150.0,1932.0,1792.2452262200538
2503,2251.0,1193.0,1366.7696081686809
2504,2349.0,1922.0,1698.804451595687
2505,2442.0,2090.0,1886.2597162425952
2506,2529.0,2005.0,2020.1420586656939
2507,2608.0,2847.0,2335.179370761428
2508,2679.0,2549.0,2658.038020835214
2509,2739.0,2525.0,2531.7221103620727
2510,2789.0,3215.0,2732.557530744299
2511,2826.0,2844.0,2860.8487714004823
2512,2852.0,2556.0,2508.612656768884
2513,2865.0,2735.0,2447.9527532350317
2514,2865.0,3245.0,2966.2728464496167
2515,2852.0,3384.0,3211.8262651704513
2516,2826.0,2922.0,3141.5978716653303
2517,2789.0,2824.0,2775.4482787325805
2518,2739.0,2367.0,2487.830385716158
2519,2679.0,4095.0,3931.400957453032
2520,2608.0,2231.0,2580.9606841599543
2521,2529.0,1793.0,2100.9233392116453
2522,2442.0,2990.0,2419.803263899663
2523,2349.0,2965.0,3058.7980659687
2524,2251.0,2762.0,3131.630092360307
2525,2150.0,2179.0,2470.2539852509144
2526,2047.0,1259.0,1737.0679878061128
2527,1945.0,2155.0,1740.5851015379574
2528,1844.0,1804.0,2229.9724947051677
2529,1746.0,1458.0,1795.540591054995
2530,1653.0,1620.0,1551.9191512517905
2531,1566.0,0.0,1016.0531162889205
2532,1487.0,1733.0,1194.0647557952268
2533,1416.0,1896.0,1945.768111288322
2534,1356.0,1214.0,1845.3977174431193
2535,1306.0,1095.0,1158.5170774241933
2536,1269.0,645.0,894.9815956336613
2537,1243.0,1637.0,1272.0481996592628
2538,1230.0,663.0,1176.681016655229
2539,1230.0,1926.0,1435.9143933284288
2540,1243.0,1133.0,1285.214638170097
2541,1269.0,856.0,1162.6622932474468
2542,1306.0,1936.0,1424.2334043987419
2543,1356.0,1597.0,1694.5896579065948
2544,1416.0,1405.0,1541.3049153533332
2545,1487.0,1361.0,1193.8007292676914
2546,1566.0,1485.0,1411.1861738589723
2547,1653.0,2038.0,1665.621538116962
2548,1746.0,1450.0,1739.47358525916
2549,1844.0,1547.0,1453.0125470231237
2550,1945.0,2626.0,2170.0776710432037
2551,2048.0,1738.0,1985.4237603898614
2552,2150.0,2126.0,1955.1664503677878
2553,2251.0,2260.0,1980.7772883968555
2554,2349.0,3611.0,3200.091187337378
2555,2442.0,3056.0,3177.646911587129
2556,2529.0,2203.0,2549.7666053956314
2557,2608.0,3251.0,2901.826989078127
2558,2679.0,2386.0,2545.6736427042174
2559,2739.0,2210.0,2381.4381088186606
2560,2789.0,2271.0,2040.8106211109605
2561,2826.0,2687.0,2423.0614345839276
2562,2852.0,2626.0,2686.3594057813034
2563,2865.0,3747.0,3426.6133005786724
2564,2865.0,2988.0,3366.3744850168014
2565,2852.0,2800.0,2834.431242681496
2566,2826.0,3058.0,2853.4804592838414
2567,2789.0,3055.0,2918.038157971736
2568,2739.0,2371.0,2639.481801140486
2569,2679.0,1887.0,2040.0902194666876
2570,2608.0,3197.0,2708.2372334774755
2571,2529.0,2365.0,2807.053608637353
2572,2442.0,2802.0,2881.9155932762314
2573,2349.0,2984.0,2858.0320786382404
2574,2251.0,2294.0,2638.157781334061
2575,2150.0,2078.0,2286.4036431380027
2576,2048.0,1870.0,1992.2238573663894
2577,1945.0,2507.0,2215.9971285239335
2578,1844.0,1551.0,1945.0905119412057
2579,1746.0,1863.0,1936.3114199007082
2580,1653.0,1568.0,1730.532441213697
2581,1566.0,1486.0,1737.2455605178925
2582,1487.0,1149.0,1526.7825598216502
2583,1416.0,1392.0,1395.0536860274624
2584,1356.0,2242.0,1917.8773711196752
2585,1306.0,1706.0,1977.80102821833
2586,1269.0,1584.0,1817.9061314813632
2587,1243.0,609.0,1016.3273286166877
2588,1230.0,1219.0,973.2431976577838
2589,1230.0,558.0,902.5564436142622
2590,1243.0,1363.0,1100.4158961143316
2591,1269.0,751.0,1062.5361553549822
2592,1306.0,1281.0,1162.2452932171614
2593,1356.0,710.0,1148.4524827222335
2594,1416.0,1949.0,1456.6204435232594
2595,1487.0,0.0,998.2832157820621
2596,1566.0,775.0,420.4716053382759
2597,1653.0,1620.0,1089.5056738510982
2598,1746.0,2032.0,1825.6079596763864
2599,1844.0,1948.0,2073.485062678189
2600,1945.0,2346.0,1964.1945799447826
2601,2047.0,2500.0,2255.2702529770086
2602,2150.0,2481.0,2246.02289494937
2603,2251.0,1821.0,2035.1069395075406
2604,2349.0,2119.0,1991.3415988466063
2605,2442.0,2578.0,2139.8158729045
2606,2529.0,1964.0,2147.9181694383706
2607,2608.0,2629.0,2301.257650599023
2608,2679.0,2689.0,2537.6162927960927
2609,2739.0,2883.0,2826.9682038777246
2610,2789.0,2479.0,2658.4252078662785
2611,2826.0,2871.0,2614.681025118283
2612,2852.0,3157.0,2841.3891750637936
2613,2865.0,2665.0,2822.8759300967595
2614,2865.0,2525.0,2558.943845633351
2615,2852.0,2804.0,2491.3710056917917
2616,2826.0,3284.0,3026.246306276796
2617,2789.0,2061.0,2411.86412598397
2618,2739.0,2431.0,2293.5744258907666
2619,2679.0,2497.0,2358.6540712622095
2620,2608.0,3214.0,2968.1018597242632
2621,2529.0,2662.0,2840.1047411351456
2622,2442.0,1815.0,2263.194719526809
2623,2349.0,2649.0,2393.1656994823006
2624,2251.0,1951.0,2307.2362524184255
2625,2150.0,2559.0,2503.8060595636744
2626,2047.0,3106.0,2730.209659958864
2627,1945.0,2704.0,2927.9156877386445
2628,1844.0,1610.0,2203.3975358264042
2629,1746.0,1386.0,1549.2140779815409
2630,1653.0,1392.0,1419.268583989833
2631,1566.0,1025.0,1193.249187513715
2632,1487.0,806.0,1148.8809393321826
2633,1416.0,1191.0,1133.4977898334353
2634,1356.0,1072.0,1399.1713473659468
2635,1306.0,1488.0,1646.6200715172938
2636,1269.0,2409.0,2145.677895708907
2637,1243.0,1771.0,1901.853544800485
2638,1230.0,919.0,1345.4888403809243
2639,1230.0,767.0,717.2325992102379
2640,1243.0,898.0,727.3910976656068
2641,1269.0,821.0,865.7609842172943
2642,1306.0,2055.0,1508.8418311315659
2643,1356.0,924.0,1487.2719320067768
2644,1416.0,1254.0,1243.1950281389954
2645,1487.0,1291.0,1329.001926742391
2646,1566.0,1092.0,1274.7863821610183
2647,1653.0,1721.0,1382.374116242374
2648,1746.0,1715.0,1596.326227034434
2649,1844.0,2159.0,1885.0128428399562
2650,1945.0,1721.0,1772.4899293327549
2651,2048.0,2435.0,2100.1467471849815
2652,2150.0,2038.0,2022.580523850435
2653,2251.0,2173.0,2010.3033838009105
2654,2349.0,2357.0,2083.7525245726624
2655,2442.0,2527.0,2264.833702270173
2656,2529.0,2884.0,2625.6255572761743
2657,2608.0,2986.0,2795.5396830381665
2658,2679.0,2531.0,2677.3283850047037
2659,2739.0,3521.0,3438.0208812868113
2660,2789.0,3192.0,3211.2170623854063
2661,2826.0,3838.0,3609.480587389062
2662,2852.0,2952.0,3163.5931965484333
2663,2865.0,4095.0,3651.2028645393275
2664,2865.0,2914.0,3290.1329228067684
2665,2852.0,2763.0,2835.860573379963
2666,2826.0,2287.0,2406.2149598668925
2667,2789.0,2249.0,2230.23764554191
2668,2739.0,2971.0,2778.091252572982
2669,2679.0,3397.0,3304.1508176318366
2670,2608.0,2779.0,3315.794681116822
2671,2529.0,2666.0,2742.8572990886432
2672,2442.0,2595.0,2740.826435786353
2673,2349.0,1638.0,1774.3212915485472
2674,2251.0,1815.0,1790.5999195375323
2675,2150.0,2101.0,1923.838782349454
2676,2047.0,2293.0,2304.037871284154
2677,1945.0,1765.0,2234.8467223426705
2678,1844.0,2224.0,2213.066711360414
2679,1746.0,1853.0,2117.904522599974
2680,1653.0,1849.0,1998.038031915689
2681,1566.0,1748.0,1864.328919600683
2682,1487.0,1343.0,1514.9947216894961
2683,1416.0,996.0,1217.3235161160642
2684,1356.0,3615.0,3505.5064443602196
2685,1306.0,1261.0,1511.3204328214076
2686,1269.0,1411.0,1520.0763070063101
2687,1243.0,1517.0,1287.3942315026932
2688,1230.0,1605.0,1590.6507136799553
2689,1230.0,2035.0,1943.5389733627649
2690,1243.0,1123.0,1207.2766664714766
2691,1269.0,1167.0,1162.4038526427485
2692,1306.0,1664.0,1291.0469326254927
2693,1356.0,1175.0,1747.270575804889
2694,1416.0,1476.0,1373.4370705984234
2695,1487.0,1037.0,1211.5007533667736
2696,1566.0,1452.0,1309.4824756593619
2697,1653.0,2490.0,2090.535239417469
2698,1746.0,2133.0,2376.0287485948757
2699,1844.0,1804.0,1918.4209210496092
2700,1945.0,1418.0,1415.1596769973441
2701,2048.0,2675.0,2221.6051914589043
2702,2150.0,1407.0,1806.0024286108717
2703,2251.0,2303.0,1866.920267024356
2704,2349.0,2024.0,1907.1207830249496
2705,2442.0,2146.0,2080.296618950562
2706,2529.0,2920.0,2580.8564784386717
2707,2608.0,2563.0,2691.745367247412
2708,2679.0,1957.0,2208.6647073684753
2709,2739.0,2158.0,1852.827458713105
2710,2789.0,2731.0,2434.35792901423
2711,2826.0,2795.0,2655.586941729247
2712,2852.0,3386.0,3078.435531792344
2713,2865.0,2368.0,2618.476973889353
2714,2865.0,2532.0,2389.9661890406924
2715,2852.0,2572.0,2484.506745690739
2716,2826.0,2587.0,2576.877137499331
2717,2789.0,2486.0,2472.0094284376196
2718,2739.0,3150.0,2814.2397165907378
2719,2679.0,2654.0,2906.0495081927447
2720,2608.0,3426.0,3095.5410454129196
2721,2529.0,2457.0,2940.378159999287
2722,2442.0,1783.0,2101.5102568621255
2723,2349.0,2444.0,2057.527495059226
2724,2251.0,3193.0,2794.8762069944937
2725,2150.0,2396.0,2873.777685880082
2726,2048.0,1631.0,2061.476348435533
2727,1945.0,1918.0,1815.0054218427981
2728,1844.0,2246.0,2145.689162806225
2729,1746.0,2169.0,2467.15841630564
2730,1653.0,2212.0,2260.761139590368
2731,1566.0,1560.0,1835.704496523149
2732,1487.0,1991.0,1869.4051078309185
2733,1416.0,1464.0,1871.962349831547
2734,1356.0,1281.0,1508.8133067947804
2735,1306.0,1040.0,1152.4901077463453
2736,1269.0,2559.0,2350.9080192911597
2737,1243.0,1504.0,1937.7811491756624
2738,1230.0,1411.0,1649.3486972489625
2739,1230.0,1141.0,1250.404134588751
2740,1243.0,1223.0,1181.9434626712962
2741,1269.0,746.0,1107.8412510216071
2742,1306.0,1802.0,1492.900579460872
2743,1356.0,1966.0,1864.794226610501
2744,1416.0,1537.0,1776.2729427110867
2745,1487.0,2106.0,1938.399599929798
2746,1566.0,1531.0,1702.4653333443741
2747,1653.0,2044.0,1774.1306799187405
2748,1746.0,1461.0,1585.711981954743
2749,1844.0,1598.0,1471.7575512457477
2750,1945.0,2137.0,1700.366187248156
2751,2047.0,2099.0,2129.348656345499
2752,2150.0,2347.0,2275.233073482006
2753,2251.0,3545.0,3094.4477248783305
2754,2349.0,1724.0,2567.7293248836654
2755,2442.0,2925.0,2470.6787294337887
2756,2529.0,519.0,1467.8319272179358
2757,2608.0,2129.0,1344.7221015207322
2758,2679.0,2949.0,2347.100049471127
2759,2739.0,3308.0,3260.3511253743145
2760,2789.0,2516.0,2933.2302281070406
2761,2826.0,2948.0,2621.9008293861975
2762,2852.0,2761.0,2872.5052524017633
2763,2865.0,2429.0,2449.986824368214
2764,2865.0,2724.0,2568.353408701855
2765,2852.0,3252.0,2867.202700938464
2766,2826.0,2773.0,2952.011347333957
2767,2789.0,2417.0,2650.938547186336
2768,2739.0,3101.0,2775.0978345195285
2769,2679.0,2354.0,2675.4600417089346
2770,2608.0,2346.0,2460.70065967115
2771,2529.0,1658.0,1969.2228917163231
2772,2442.0,2631.0,2358.8253010714675
2773,2349.0,2563.0,2663.206597252325
2774,2251.0,1920.0,2464.857230057388
2775,2150.0,1900.0,1982.5241790651764
2776,2048.0,1771.0,1828.6501797769072
2777,1945.0,1452.0,1816.8520010657473
2778,1844.0,2099.0,1868.541426235948
2779,1746.0,1825.0,2026.0461995171297
2780,1653.0,1733.0,1842.917189343098
2781,1566.0,1212.0,1580.5085039471528
2782,1487.0,2768.0,2278.586325872545
2783,1416.0,1312.0,1689.6902853892982
2784,1356.0,1272.0,1428.0956136217337
2785,1306.0,867.0,960.785708023733
2786,1269.0,1704.0,1435.1711800140388
2787,1243.0,1536.0,1763.017747729827
2788,1230.0,3425.0,2767.7447818087403
2789,1230.0,1214.0,2266.0564723889383
2790,1243.0,4095.0,2920.881623360032
2791,1269.0,1292.0,2500.2533084612464
2792,1306.0,1402.0,1374.3992335219166
2793,1356.0,1671.0,1195.749246094017
2794,1416.0,1260.0,1329.682865774493
2795,1487.0,1262.0,1419.1322972609619
2796,1566.0,1401.0,1338.1005617012604
2797,1653.0,1708.0,1886.2158994912534
2798,1746.0,1886.0,1782.0185974156864
2799,1844.0,1496.0,2047.560292968879
2800,1945.0,2131.0,2031.9830059914427
2801,2048.0,1963.0,1940.0430253075976
2802,2150.0,2488.0,2311.461921069136
2803,2251.0,3476.0,3233.636789133308
2804,2349.0,2715.0,2905.220890719622
2805,2442.0,2180.0,2297.821246341256
2806,2529.0,36.0,877.2467102605049
2807,2608.0,3311.0,2637.6324416051048
2808,2679.0,2554.0,2751.7634422082947
2809,2739.0,2629.0,2874.6643455731905
2810,2789.0,2155.0,2245.1679063811725
2811,2826.0,2932.0,2490.423241523458
2812,2852.0,3409.0,3307.6332382870955
2813,2865.0,2993.0,3233.7936413404213
2814,2865.0,3040.0,2870.7573922378515
2815,2852.0,2171.0,2083.8925506385767
2816,2826.0,3197.0,2894.3126676186625
2817,2789.0,2944.0,2967.256110902716
2818,2739.0,1041.0,2059.867220985543
2819,2679.0,2633.0,2213.531179441022
2820,2608.0,3189.0,2866.070428811155
2821,2529.0,2308.0,3019.4349855526516
2822,2442.0,2621.0,2570.4312830643703
2823,2349.0,2400.0,2444.246088799153
2824,2251.0,2352.0,2385.3827161886857
2825,2150.0,2517.0,2552.75940154052
2826,2047.0,2014.0,2298.670464496905
2827,1945.0,1946.0,1814.1787986490876
2828,1844.0,1595.0,1821.6666517077601
2829,1746.0,2141.0,2075.278059978753
2830,1653.0,1504.0,1737.790571300474
2831,1566.0,0.0,952.1762452937387
2832,1487.0,1338.0,809.2670300602834
2833,1416.0,2100.0,1821.4169608861055
2834,1356.0,1105.0,1958.8397847229744
2835,1306.0,1786.0,1589.7262381348605
2836,1269.0,1135.0,1403.2655084948785
2837,1243.0,1164.0,1255.4947362523687
2838,1230.0,1550.0,1437.756768642586
2839,1230.0,3119.0,2298.2694018677084
2840,1243.0,1501.0,2100.1152260032923
2841,1269.0,889.0,1206.2417435636632
2842,1306.0,2304.0,1467.4923230760264
2843,1356.0,2882.0,2454.3658668111634
2844,1416.0,1307.0,2204.1697773784263
2845,1487.0,1425.0,1221.6428522495253
2846,1566.0,1751.0,1345.9493335934792
2847,1653.0,1332.0,1600.742053197101
2848,1746.0,2638.0,2236.200737396485
2849,1844.0,1796.0,2101.8873480154516
2850,1945.0,2035.0,1892.1202498229518
2851,2047.0,1856.0,1917.6241597903047
2852,2150.0,2285.0,2183.7562366816483
2853,2251.0,2998.0,2523.2047479612997
2854,2349.0,1138.0,1951.0353358618909
2855,2442.0,3054.0,2329.4276509674874
2856,2529.0,3312.0,2874.1636011101727
2857,2608.0,2134.0,2885.9625690087532
2858,2679.0,3247.0,2713.1931115909297
2859,2739.0,2606.0,2643.617445077168
2860,2789.0,2347.0,2448.4884746463413
2861,2826.0,2003.0,2064.281682837004
2862,2852.0,3120.0,2587.166073335571
2863,2865.0,3080.0,2889.2676942211833
2864,2865.0,2734.0,3046.4752181256886
2865,2852.0,2459.0,2634.3103219633917
2866,2826.0,3287.0,2737.1608824161863
2867,2789.0,2181.0,2490.409882887454
2868,2739.0,2785.0,2524.7765136836333
2869,2679.0,3002.0,2735.070634003211
2870,2608.0,2580.0,2744.666113190042
2871,2529.0,2152.0,2468.7410808243862
2872,2442.0,2565.0,2379.8736680062148
2873,2349.0,1874.0,2247.9487500336613
2874,2251.0,2035.0,2044.9067646015026
2875,2150.0,2122.0,2199.3099294088893
2876,2048.0,2168.0,2197.9030821957517
2877,1945.0,1330.0,1901.8974723720924
2878,1844.0,1957.0,1813.4427681498
2879,1746.0,1756.0,1918.5670065493537
2880,1653.0,1686.0,1857.817412997572
2881,1566.0,1564.0,1737.8625846421198
2882,1487.0,970.0,1292.6129537353097
2883,1416.0,1746.0,1567.6137438213218
2884,1356.0,1504.0,1691.2535621996506
2885,1306.0,839.0,1354.7844925322008
2886,1269.0,1130.0,980.072767541661
2887,1243.0,1332.0,1288.0639666694208
2888,1230.0,1455.0,1530.4806529459577
2889,1230.0,1406.0,1517.494822848981
2890,1243.0,1526.0,1492.9166808284308
2891,1269.0,1863.0,1626.8778403139527
2892,1306.0,1285.0,1372.054085209949
2893,1356.0,1337.0,1315.525166449336
2894,1416.0,1698.0,1546.592627387123
2895,1487.0,1257.0,1438.0978524736286
2896,1566.0,1592.0,1446.0854469824453
2897,1653.0,1401.0,1450.4970530142177
2898,1746.0,1742.0,1596.7547286577458
2899,1844.0,2545.0,2202.9760082604143
2900,1945.0,1722.0,1921.0922699654884
2901,2047.0,2610.0,2232.9484657022463
2902,2150.0,2365.0,2256.593024797647
2903,2251.0,2683.0,2480.0516692727306
2904,2349.0,2778.0,2516.009723977308
2905,2442.0,2447.0,2450.609199896958
2906,2529.0,2993.0,2809.2484972972297
2907,2608.0,3089.0,2842.4262698306557
2908,2679.0,2590.0,2825.9616631816116
2909,2739.0,2726.0,2489.114039970968
2910,2789.0,3381.0,3078.4466807561635
2911,2826.0,4095.0,3807.5917404807738
2912,2852.0,0.0,2018.1571897756296
2913,2865.0,2725.0,1805.7908328911797
2914,2865.0,3261.0,2890.5384899852897
2915,2852.0,3191.0,3606.505280208477
2916,2826.0,3008.0,3201.7413320185346
2917,2789.0,2558.0,2614.4013726326693
2918,2739.0,2350.0,2394.1873914154007
2919,2679.0,2708.0,2608.283473727642
2920,2608.0,2237.0,2680.840753788808
2921,2529.0,2565.0,2084.0763332593565
2922,2442.0,2362.0,2482.705297999302
2923,2349.0,3441.0,3228.9327517593547
2924,2251.0,2822.0,3189.912653944565
2925,2150.0,2702.0,2845.7744037694292
2926,2048.0,1709.0,2100.4645682264163
2927,1945.0,1677.0,1654.563403439181
2928,1844.0,4095.0,3597.3090543776816
2929,1746.0,1422.0,2055.8236340995177
2930,1653.0,1820.0,1854.553209415528
2931,1566.0,1693.0,1550.062975283885
2932,1487.0,1235.0,1759.0025818306303
2933,1416.0,1350.0,1541.513568237082
2934,1356.0,3721.0,2802.313805378809
2935,1306.0,1107.0,2435.269296894752
2936,1269.0,1196.0,1322.3984643301787
2937,1243.0,906.0,1120.729865879643
2938,1230.0,1218.0,1088.6607180014794
2939,1230.0,1295.0,1419.8384790867065
2940,1243.0,784.0,1114.5265387312522
2941,1269.0,1682.0,1274.0465389702817
2942,1306.0,1030.0,1349.7971987065664
2943,1356.0,1209.0,1550.4700294678257
2944,1416.0,1186.0,1120.9979782583148
2945,1487.0,1892.0,1618.834599288403
2946,1566.0,1304.0,1544.5112490815272
2947,1653.0,1644.0,1476.3584439809792
2948,1746.0,1844.0,1638.8195664931998
2949,1844.0,2051.0,1836.2057675976455
2950,1945.0,2643.0,2324.6796596673958
2951,2047.0,2629.0,2448.582579568966
2952,2150.0,1391.0,1871.2938652159667
2953,2251.0,932.0,999.816593442786
2954,2349.0,2211.0,1531.8606041254793
2955,2442.0,2222.0,2162.8410468774982
2956,2529.0,2881.0,2644.313435062354
2957,2608.0,2594.0,2649.6005801981014
2958,2679.0,2832.0,2672.533843072602
2959,2739.0,2820.0,2784.064293810721
2960,2789.0,2960.0,2856.3640004969748
2961,2826.0,2646.0,2560.722042940604
2962,2852.0,2809.0,2651.7195430034817
2963,2865.0,2625.0,2596.914748654016
2964,2865.0,3574.0,3409.124098027726
2965,2852.0,2447.0,2687.0978067368856
2966,2826.0,2891.0,2721.901362493327
2967,2789.0,3346.0,3027.142384170931
2968,2739.0,2113.0,2422.809647047742
2969,2679.0,2731.0,2499.771565471419
2970,2608.0,2570.0,2538.154411034908
2971,2529.0,2877.0,2830.4179166497665
2972,2442.0,2397.0,2648.688514052621
2973,2349.0,2659.0,2665.049859527869
2974,2251.0,2004.0,2290.2609647856475
2975,2150.0,2277.0,2241.9878836571597
2976,2047.0,3009.0,2748.9483412706754
2977,1945.0,2070.0,2446.9435895885663
2978,1844.0,2239.0,2269.934748434663
2979,1746.0,1574.0,1856.0732731248302
2980,1653.0,2338.0,2097.8534111640492
2981,1566.0,1965.0,2186.309408058873
2982,1487.0,1396.0,1835.6561145804694
2983,1416.0,1526.0,1478.3928127338636
2984,1356.0,887.0,1275.826804742843
2985,1306.0,1126.0,1300.218038704026
2986,1269.0,2767.0,2298.899077633599
2987,1243.0,870.0,1957.0293632217933
2988,1230.0,1172.0,1176.6445631722363
2989,1230.0,825.0,951.0468927887389
2990,1243.0,1511.0,1314.0067051866874
2991,1269.0,1347.0,1493.2421641168737
2992,1306.0,119.0,806.1674114575321
2993,1356.0,676.0,398.517162834651
2994,1416.0,1469.0,1050.0074933427854
2995,1487.0,288.0,1239.981200784007
2996,1566.0,1404.0,922.0768290095425
2997,1653.0,1682.0,1444.3546143228148
2998,1746.0,1672.0,1735.0510588256284
2999,1844.0,1967.0,1837.3356100987637
3000,1945.0,2126.0,1908.808940541655
3001,2047.0,3204.0,2818.3687626552223
3002,2150.0,2181.0,2412.845248253766
3003,2251.0,2220.0,2087.2949852725255
3004,2349.0,2330.0,1843.7125696562643
3005,2442.0,1936.0,1978.0291390064895
3006,2529.0,2254.0,2045.7533777295432
3007,2608.0,2451.0,2236.3246599079557
3008,2679.0,2182.0,2308.4686624787078
3009,2739.0,2438.0,2309.8445275743156
3010,2789.0,2996.0,2799.8512494275337
3011,2826.0,2401.0,2620.8646554685747
3012,2852.0,2330.0,2346.5713346723587
3013,2865.0,2829.0,2474.4882519527146
3014,2865.0,2715.0,2675.131528630653
3015,2852.0,2957.0,2825.2171153500935
3016,2826.0,2582.0,2690.676636430441
3017,2789.0,2646.0,2537.2041251678406
3018,2739.0,2105.0,2318.1895849410985
3019,2679.0,2097.0,2179.5603431573522
3020,2608.0,3010.0,2760.523821223221
3021,2529.0,2283.0,2505.001122423315
3022,2442.0,2022.0,2299.853783242048
3023,2349.0,2548.0,2325.700671817959
3024,2251.0,2659.0,2673.2377799911924
3025,2150.0,2266.0,2555.325922766265
3026,2048.0,1662.0,1982.064218289289
3027,1945.0,1373.0,1475.5758458635548
3028,1844.0,2299.0,2018.3103360322093
3029,1746.0,1381.0,1786.2562037068367
3030,1653.0,1268.0,1502.8415951449401
3031,1566.0,1599.0,1437.698493673167
3032,1487.0,1146.0,1550.703908855003
3033,1416.0,1848.0,1747.0032725788933
3034,1356.0,1610.0,1800.206100709132
3035,1306.0,1444.0,1605.770791161541
3036,1269.0,931.0,1160.1179817606817
3037,1243.0,1365.0,1250.877605444627
3038,1230.0,1759.0,1551.789299755517
3039,1230.0,851.0,1339.810013593604
3040,1243.0,942.0,972.5250637980633
3041,1269.0,3463.0,3175.6462077163314
3042,1306.0,1860.0,2350.997681580823
3043,1356.0,1289.0,1703.4575552406511
3044,1416.0,4095.0,3471.500133495326
3045,1487.0,1734.0,2634.779111322361
3046,1566.0,1631.0,1783.0834334075953
3047,1653.0,2109.0,1502.9675410500458
3048,1746.0,1163.0,1428.4160383131539
3049,1844.0,2467.0,1842.0561006339424
3050,1945.0,2113.0,2431.3993699479706
3051,2048.0,1982.0,2157.6199689828054
3052,2150.0,2192.0,1946.4638764960396
3053,2251.0,2590.0,2624.2006991738767
3054,2349.0,4045.0,3834.282046146952
3055,2442.0,2623.0,3158.5561711069836
3056,2529.0,2398.0,2449.750574104712
3057,2608.0,2702.0,2146.659840442224
3058,2679.0,2804.0,2677.870207906124
3059,2739.0,1344.0,2057.807061029051
3060,2789.0,3023.0,2506.618055080959
3061,2826.0,2986.0,2877.1726938457914
3062,2852.0,2626.0,2990.5194366921696
3063,2865.0,2795.0,2890.3701822954317
3064,2865.0,3093.0,2834.038926727315
3065,2852.0,2511.0,2758.0075504787874
3066,2826.0,3214.0,2853.1092088457835
3067,2789.0,2634.0,2843.2192655718177
3068,2739.0,922.0,1658.0893766874592
3069,2679.0,2832.0,2431.3113717033702
3070,2608.0,3039.0,2919.1015477165734
3071,2529.0,3549.0,3519.300684281285
3072,2442.0,2276.0,2794.4505128455726
3073,2349.0,2286.0,2290.1967466015217
3074,2251.0,2692.0,2373.5684456404074
3075,2150.0,2109.0,2266.065958246058
3076,2047.0,2241.0,2250.6598593125946
3077,1945.0,1826.0,1770.5825725464908
3078,1844.0,2185.0,2139.652656435674
3079,1746.0,1519.0,2007.6496237657861
3080,1653.0,1789.0,1922.2953347392577
3081,1566.0,1265.0,1571.9741164902807
3082,1487.0,1456.0,1505.616658728141
3083,1416.0,1773.0,1775.8125280888155
3084,1356.0,1101.0,1554.2085977281251
3085,1306.0,0.0,730.3602418456557
3086,1269.0,1750.0,1567.6201233196136
3087,1243.0,479.0,1239.4742539118715
3088,1230.0,1608.0,1439.411880717105
3089,1230.0,1542.0,1557.593948750921
3090,1243.0,1166.0,1425.7008205376303
3091,1269.0,1232.0,1239.6316653012736
3092,1306.0,952.0,1102.7131777720538
3093,1356.0,2523.0,1720.6629545517817
3094,1416.0,1050.0,1515.4506104545035
3095,1487.0,1391.0,1369.2284800990421
3096,1566.0,0.0,435.3467368385799
3097,1653.0,2170.0,1681.915113521133
3098,1746.0,1343.0,1747.9845387592095
3099,1844.0,1578.0,1614.794393721382
3100,1945.0,1539.0,1451.6509245097434
3101,2047.0,1785.0,1551.4399772231402
3102,2150.0,2499.0,2280.590850611693
3103,2251.0,2391.0,2309.9760859351018
3104,2349.0,1716.0,1961.2299138603744
3105,2442.0,2740.0,2599.8007950569277
3106,2529.0,2805.0,2668.8930903224787
3107,2608.0,2900.0,2760.987155148256
3108,2679.0,2896.0,2700.233571956686
3109,2739.0,2932.0,2762.221805475796
3110,2789.0,2799.0,2687.459446270042
3111,2826.0,3461.0,3267.6275371761153
3112,2852.0,3033.0,3122.0945100350923
3113,2865.0,3531.0,3121.7099994091923
3114,2865.0,2789.0,3038.1226308111236
3115,2852.0,2554.0,2648.7192232764323
3116,2826.0,2588.0,2514.785148330312
3117,2789.0,2294.0,2455.7370077723044
3118,2739.0,3364.0,2969.7916739142015
3119,2679.0,2419.0,2815.2784180577282
3120,2608.0,2636.0,2733.65893149704
3121,2529.0,2233.0,2417.616909672126
3122,2442.0,1625.0,2098.8781717757665
3123,2349.0,2781.0,2379.9442711938796
3124,2251.0,2431.0,2613.3135383653002
3125,2150.0,1581.0,2176.028748132201
3126,2048.0,2029.0,1800.5174541391566
3127,1945.0,1405.0,1842.1270917023917
3128,1844.0,1628.0,1686.0683276416855
3129,1746.0,2006.0,1927.5433632323081
3130,1653.0,2011.0,2108.3844442769705
3131,1566.0,1861.0,1954.6107961808757
3132,1487.0,33.0,330.8701827447866
3133,1416.0,856.0,590.9618991443557
3134,1356.0,1553.0,1367.818222569486
3135,1306.0,1480.0,1775.7836169854645
3136,1269.0,1816.0,1763.6370081495272
3137,1243.0,2163.0,1964.4773619333987
3138,1230.0,1310.0,1813.0429041895977
3139,1230.0,1192.0,1302.5621647231112
3140,1243.0,1111.0,1092.3506326309598
3141,1269.0,916.0,835.6473687678383
3142,1306.0,1180.0,1036.1738149211162
3143,1356.0,520.0,919.2150134767378
3144,1416.0,1190.0,989.160862707479
3145,1487.0,1663.0,1520.3509830558653
3146,1566.0,1606.0,1835.1965990463664
3147,1653.0,924.0,1290.1207998947875
3148,1746.0,1500.0,1198.5698820889859
3149,1844.0,2131.0,1713.3120046984648
3150,1945.0,1933.0,1979.0445830185874
3151,2047.0,2701.0,2234.5441303925436
3152,2150.0,1550.0,1838.614036957946
3153,2251.0,2275.0,1827.055306938612
3154,2349.0,1991.0,1956.4068894791988
3155,2442.0,2536.0,2224.7919343959493
3156,2529.0,2917.0,2518.538665328876
3157,2608.0,2122.0,2397.441561807918
3158,2679.0,2298.0,2176.077828690273
3159,2739.0,3021.0,2497.0089183363725
3160,2789.0,3097.0,3094.806017132609
3161,2826.0,2746.0,2800.294093452514
3162,2852.0,2935.0,2712.2818428002606
3163,2865.0,2743.0,2669.004726642028
3164,2865.0,3626.0,3426.8276895521435
3165,2852.0,46.0,1815.587130515899
3166,2826.0,3072.0,2514.0866213409827
3167,2789.0,2992.0,2789.5843745648735
3168,2739.0,2737.0,3260.1972191145987
3169,2679.0,3254.0,3085.958770705042
3170,2608.0,2281.0,2632.5643231524687
3171,2529.0,2732.0,2564.284261964896
3172,2442.0,2305.0,2443.2521562108923
3173,2349.0,2447.0,2578.353284001095
3174,2251.0,2775.0,2249.093814861741
3175,2150.0,2214.0,2586.8005172853477
3176,2048.0,1063.0,1779.614646561637
3177,1945.0,1871.0,1672.370783224605
3178,1844.0,1322.0,1749.9217877475994
3179,1746.0,3004.0,2840.881962651174
3180,1653.0,1787.0,2404.5130950612056
3181,1566.0,1279.0,1705.9813449568337
3182,1487.0,1504.0,1389.9715337170219
3183,1416.0,2693.0,2195.272245643739
3184,1356.0,734.0,1833.9844177573004
3185,1306.0,1340.0,1036.410688119042
3186,1269.0,1187.0,1156.0852626752126
3187,1243.0,870.0,1131.781979866877
3188,1230.0,648.0,1066.6906522629354
3189,1230.0,1354.0,1086.2309020141663
3190,1243.0,1174.0,1314.3916605279114
3191,1269.0,663.0,1075.4248715202093
3192,1306.0,1625.0,1342.900748880272
3193,1356.0,1977.0,1691.5181807625827
3194,1416.0,1081.0,1352.5205074229216
3195,1487.0,3499.0,2859.7216307135814
3196,1566.0,1954.0,2434.8315171607665
3197,1653.0,1666.0,1768.512549283704
3198,1746.0,1422.0,1254.2105063364095
3199,1844.0,773.0,931.2622889207303
3200,1945.0,1843.0,1249.4460031197925
3201,2047.0,1454.0,1659.620981629565
3202,2150.0,2790.0,2301.0265756461145
3203,2251.0,2236.0,2364.3142701865813
3204,2349.0,2253.0,2509.4788278770525
3205,2442.0,2954.0,2477.3412918279046
3206,2529.0,2655.0,2635.374506486064
3207,2608.0,2775.0,2576.240633477175
3208,2679.0,2677.0,2367.0448789732086
3209,2739.0,2500.0,2446.396684080868
3210,2789.0,2516.0,2328.0265923298575
3211,2826.0,2607.0,2577.9732216716116
3212,2852.0,2485.0,2502.0271905156624
3213,2865.0,2209.0,2320.6196700600512
3214,2865.0,2116.0,2149.731674902092
3215,2852.0,2552.0,2434.4925456782244
3216,2826.0,2520.0,2562.989860857452
3217,2789.0,3147.0,2999.189607072337
3218,2739.0,3097.0,3080.82562373765
3219,2679.0,2932.0,2993.0255578717374
3220,2608.0,2307.0,2434.426666888228
3221,2529.0,2972.0,2703.881711634002
3222,2442.0,2387.0,2555.467267474407
3223,2349.0,2747.0,2550.755375483227
3224,2251.0,2532.0,2585.3228916511844
3225,2150.0,2528.0,2551.971534705277
3226,2047.0,2002.0,2363.139101416001
3227,1945.0,2067.0,2146.802644184151
3228,1844.0,1569.0,1905.058489794265
3229,1746.0,1973.0,1854.488842965051
3230,1653.0,1427.0,1851.3173746645205
3231,1566.0,1410.0,1578.6936213876554
3232,1487.0,1144.0,1437.18376400172
3233,1416.0,1966.0,1733.3633768844413
3234,1356.0,1808.0,2043.2769245294335
3235,1306.0,1491.0,1771.5009496701316
3236,1269.0,1809.0,1683.9726939197164
3237,1243.0,1150.0,1432.9596150758923
3238,1230.0,2175.0,1752.1902684515762
3239,1230.0,1234.0,1612.36809042584
3240,1243.0,978.0,1163.7954129271675
3241,1269.0,1454.0,1117.785234029302
3242,1306.0,1426.0,1514.1210588127576
3243,1356.0,1053.0,1392.0718990307378
3244,1416.0,1575.0,1338.8622505743328
3245,1487.0,1229.0,1441.3068204865287
3246,1566.0,1258.0,1281.4856728231516
3247,1653.0,1535.0,1477.5399630564398
3248,1746.0,1693.0,1580.5890804703222
3249,1844.0,3783.0,3460.7901923150703
3250,1945.0,1412.0,1911.8275531544714
3251,2048.0,1944.0,1676.9083724578184
3252,2150.0,1677.0,1410.5556141958764
3253,2251.0,1294.0,1462.0632157661948
3254,2349.0,3243.0,2796.019810022992
3255,2442.0,2568.0,2740.614203023012
3256,2529.0,2333.0,2477.177115112587
3257,2608.0,2198.0,2055.7148036557383
3258,2679.0,3974.0,3188.8364510363194
3259,2739.0,2438.0,3017.3904827728793
3260,2789.0,2595.0,2489.3177166367095
3261,2826.0,3342.0,2692.5515397346385
3262,2852.0,2294.0,2584.212401966479
3263,2865.0,3000.0,2802.6542554817183
3264,2865.0,3209.0,2954.5681096601866
3265,2852.0,2073.0,2637.9164056036243
3266,2826.0,2470.0,2233.1693474531544
3267,2789.0,3111.0,2860.772517523468
3268,2739.0,2668.0,2919.9899935295443
3269,2679.0,2889.0,2827.4057240048674
3270,2608.0,2591.0,2745.215181673202
3271,2529.0,2585.0,2548.392095254042
3272,2442.0,0.0,1361.2685639822344
3273,2349.0,1984.0,1224.8486171605027
3274,2251.0,2306.0,2058.763545282345
3275,2150.0,1933.0,2473.223379508241
3276,2047.0,2785.0,2579.3002332369147
3277,1945.0,1728.0,2248.638692343582
3278,1844.0,2535.0,2333.2800585841346
3279,1746.0,1919.0,2166.0410068779443
3280,1653.0,1873.0,1996.5404328038883
3281,1566.0,1975.0,1599.6678167573518
3282,1487.0,2063.0,2011.9699433525548
3283,1416.0,1671.0,1952.1979733363653
3284,1356.0,899.0,1313.1378975184984
3285,1306.0,831.0,1022.9051759645818
3286,1269.0,1575.0,1252.3610886066533
3287,1243.0,596.0,1326.3547632290147
3288,1230.0,1398.0,1208.9806383994583
3289,1230.0,1137.0,1311.1323601986996
3290,1243.0,1550.0,1550.524475055724
3291,1269.0,0.0,897.399162293966
3292,1306.0,1074.0,637.5404293993917
3293,1356.0,1399.0,1132.2124183963374
3294,1416.0,1721.0,1643.8929715784466
3295,1487.0,1200.0,1529.7406602793892
3296,1566.0,1797.0,1360.7150072954585
3297,1653.0,1195.0,1442.7025131114447
3298,1746.0,1849.0,1506.0028679505763
3299,1844.0,2164.0,1925.0091058384878
3300,1945.0,2294.0,2000.6691757488866
3301,2048.0,1383.0,1729.46719701413
3302,2150.0,2353.0,2072.761489317465
3303,2251.0,1854.0,1983.4457202194833
3304,2349.0,2541.0,2161.5503537363516
3305,2442.0,2574.0,2443.7252207544725
3306,2529.0,2720.0,2504.092219323245
3307,2608.0,2197.0,2359.444433463523
3308,2679.0,2889.0,2591.983255588138
3309,2739.0,2242.0,2470.1255778159166
3310,2789.0,3291.0,2666.5882765669594
3311,2826.0,2982.0,3013.0050644182766
3312,2852.0,3051.0,2935.6355814788676
3313,2865.0,2900.0,2875.9819489205433
3314,2865.0,2482.0,2608.7509045046613
3315,2852.0,2639.0,2535.0996592164347
3316,2826.0,2673.0,2547.2786876054774
3317,2789.0,3011.0,2904.5460665769306
3318,2739.0,2705.0,2792.855383579184
3319,2679.0,2242.0,2576.7148716937686
3320,2608.0,2762.0,2635.0451984676947
3321,2529.0,2597.0,2713.8730387521155
3322,2442.0,2452.0,2626.5950102020956
3323,2349.0,2417.0,2413.7643756648695
3324,2251.0,1960.0,2202.5228451769676
3325,2150.0,2681.0,2551.255034871033
3326,2047.0,2606.0,2710.897380712931
3327,1945.0,2021.0,2375.480479431718
3328,1844.0,1538.0,1767.1374506112816
3329,1746.0,1701.0,1669.865722798176
3330,1653.0,2086.0,1999.1847664018967
3331,1566.0,1023.0,1696.4275327328824
3332,1487.0,1759.0,1550.2314240005092
3333,1416.0,1411.0,1581.3171094841753
3334,1356.0,1495.0,1721.00327437373
3335,1306.0,1213.0,1506.0754438111364
3336,1269.0,1381.0,1376.2400345075828
3337,1243.0,1577.0,1493.2311292963805
3338,1230.0,1151.0,1429.7185868421655
3339,1230.0,1810.0,1605.1208946062457
3340,1243.0,1760.0,1672.8895443048848
3341,1269.0,1006.0,1467.4235697849213
3342,1306.0,1304.0,1148.064123037486
3343,1356.0,1454.0,1319.2311322309504
3344,1416.0,1187.0,1354.3306083962575
3345,1487.0,1962.0,1596.4071995144568
3346,1566.0,1392.0,1653.636769974985
3347,1653.0,2533.0,2004.0073424643415
3348,1746.0,1491.0,1932.272382692301
3349,1844.0,1933.0,1753.1130271468255
3350,1945.0,1974.0,1729.9285473606678
3351,2047.0,1611.0,1722.7582014367442
3352,2150.0,2207.0,1866.1178623893443
3353,2251.0,2247.0,2069.666973615393
3354,2349.0,2830.0,2569.055294229934
3355,2442.0,2730.0,2615.875303662521
3356,2529.0,2532.0,2633.9546556930277
3357,2608.0,2979.0,2608.362719852679
3358,2679.0,2274.0,2467.0981029396357
3359,2739.0,2090.0,2113.7993435305325
3360,2789.0,2250.0,1985.1873292519317
3361,2826.0,3012.0,2849.4997014791156
3362,2852.0,2713.0,2877.8786216160674
3363,2865.0,2866.0,2874.149200134494
3364,2865.0,3117.0,2939.7445790233965
3365,2852.0,2143.0,2590.547510412493
3366,2826.0,2547.0,2391.9333870504674
3367,2789.0,2330.0,2302.363284422891
3368,2739.0,2123.0,2229.646142547874
3369,2679.0,2668.0,2392.8654431941777
3370,2608.0,4095.0,3711.2908374174526
3371,2529.0,1678.0,2940.010428417152
3372,2442.0,2824.0,2394.8080190196856
3373,2349.0,2662.0,2576.216001294754
3374,2251.0,2813.0,2773.134448789104
3375,2150.0,4095.0,3884.685580294049
3376,2048.0,2077.0,2847.0912975816004
3377,1945.0,1814.0,1946.1320444864555
3378,1844.0,2626.0,2059.7628119726364
3379,1746.0,2663.0,2900.482223272257
3380,1653.0,0.0,1386.6055404044264
3381,1566.0,1469.0,871.0951294883579
3382,1487.0,1754.0,1631.2039899888534
3383,1416.0,0.0,1344.1489035032764
3384,1356.0,1024.0,1007.8592328519551
3385,1306.0,1410.0,1223.1967968732552
3386,1269.0,144.0,1096.9892653806778
3387,1243.0,1571.0,1167.431896462888
3388,1230.0,1417.0,1574.6431426364402
3389,1230.0,570.0,994.6493031490999
3390,1243.0,1187.0,914.2350079530638
3391,1269.0,1391.0,1260.1552031033104
3392,1306.0,1435.0,1319.7150917947392
3393,1356.0,1027.0,1201.8372877827044
3394,1416.0,1848.0,1422.5888443754307
3395,1487.0,1310.0,1373.0011482871278
3396,1566.0,1684.0,1577.9950999551768
3397,1653.0,1406.0,1457.5547659509
3398,1746.0,2593.0,2212.6780820352055
3399,1844.0,2192.0,2280.3747310630843
3400,1945.0,2399.0,2258.3507355562597
3401,2047.0,2082.0,2054.057017196098
3402,2150.0,1423.0,1553.7247223202207
3403,2251.0,2907.0,2448.012677620022
3404,2349.0,2218.0,2374.5495561328726
3405,2442.0,2190.0,2247.815264185628
3406,2529.0,2706.0,2247.4391704312848
3407,2608.0,2827.0,2758.1905029518716
3408,2679.0,2128.0,2493.0075998869743
3409,2739.0,3056.0,2671.85249075414
3410,2789.0,2865.0,2797.405243649459
3411,2826.0,3234.0,2934.1602811509424
3412,2852.0,2855.0,2999.959531787743
3413,2865.0,2995.0,2831.464558199318
3414,2865.0,2388.0,2548.9350356725213
3415,2852.0,2440.0,2411.0160655165096
3416,2826.0,3085.0,2782.5398277029776
3417,2789.0,1662.0,2328.509917864819
3418,2739.0,4095.0,3585.353768461015
3419,2679.0,3882.0,3864.8284709700074
3420,2608.0,2635.0,3456.2761889578824
3421,2529.0,2028.0,2228.561696929708
3422,2442.0,2866.0,2289.380934954903
3423,2349.0,2255.0,2513.4091731343046
3424,2251.0,3192.0,2796.432261198019
3425,2150.0,1897.0,2545.674270845255
3426,2048.0,2134.0,2011.98706540041
3427,1945.0,1912.0,2213.999610543524
3428,1844.0,2013.0,2237.8399485818236
3429,1746.0,1972.0,2101.4041694753687
3430,1653.0,1290.0,1657.735722466967
3431,1566.0,1804.0,1728.84303966894
3432,1487.0,1398.0,1657.9564186383268
3433,1416.0,925.0,1464.0425785688578
3434,1356.0,1696.0,1600.049335768752
3435,1306.0,1756.0,1804.2508525079288
3436,1269.0,1176.0,1630.0667377323484
3437,1243.0,945.0,1140.7569035588
3438,1230.0,977.0,1000.9761720246879
3439,1230.0,0.0,547.5144690641384
3440,1243.0,1533.0,1036.028972789392
3441,1269.0,1745.0,1652.1807236133523
3442,1306.0,711.0,1360.1520307695343
3443,1356.0,910.0,903.7265255648732
3444,1416.0,889.0,874.5176975262083
3445,1487.0,764.0,896.8505451093378
3446,1566.0,1826.0,1295.451826092799
3447,1653.0,3366.0,2961.7314148097985
3448,1746.0,960.0,1997.4819671597193
3449,1844.0,2625.0,2220.228097633165
3450,1945.0,1766.0,1872.3179692499757
3451,2047.0,2456.0,2041.6472656261576
3452,2150.0,2168.0,2071.509394195124
3453,2251.0,2138.0,1960.8767395558089
3454,2349.0,2296.0,1981.1184866031383
3455,2442.0,2133.0,2140.981529678626
3456,2529.0,2544.0,2542.7055426869524
3457,2608.0,2662.0,2409.424405828782
3458,2679.0,2344.0,2526.103149338654
3459,2739.0,2502.0,2317.6856813316313
3460,2789.0,2856.0,2642.4151969983477
3461,2826.0,2462.0,2579.1262622613845
3462,2852.0,1988.0,2185.169973104663
3463,2865.0,3304.0,3115.9602259937474
3464,2865.0,4095.0,3758.720894245834
3465,2852.0,2487.0,3027.9907097342802
3466,2826.0,3304.0,2830.275082961089
3467,2789.0,2369.0,2542.1152076580793
3468,2739.0,4095.0,3397.9740952157786
3469,2679.0,1956.0,2646.943345984206
3470,2608.0,2866.0,2441.430751821319
3471,2529.0,3392.0,2861.517209537337
3472,2442.0,2473.0,3084.843983798158
3473,2349.0,2364.0,2674.808110091962
3474,2251.0,2089.0,2098.874148600148
3475,2150.0,2025.0,2219.5497844230717
3476,2047.0,2418.0,2257.3023445638096
3477,1945.0,2409.0,2692.8791835856778
3478,1844.0,2226.0,2324.0156866475795
3479,1746.0,2055.0,2116.9755167541934
3480,1653.0,1594.0,1980.841276801248
3481,1566.0,3085.0,3024.8060584831846
3482,1487.0,3485.0,3257.1956508796743
3483,1416.0,1899.0,2125.7541131554985
3484,1356.0,1709.0,1717.3076065311675
3485,1306.0,0.0,731.3805527560334
3486,1269.0,903.0,632.0856167912889
3487,1243.0,0.0,569.5425739755208
3488,1230.0,1642.0,1157.3777016217193
3489,1230.0,1587.0,1755.202519859873
3490,1243.0,1299.0,1891.7073529936317
3491,1269.0,1267.0,1598.2951717508183
3492,1306.0,1461.0,1367.2779728482883
3493,1356.0,0.0,787.0316255237136
3494,1416.0,861.0,290.4161420632229
3495,1487.0,1159.0,908.7807484645788
3496,1566.0,1680.0,1409.986921687244
3497,1653.0,1554.0,1725.653744902772
3498,1746.0,1444.0,1531.6725534020084
3499,1844.0,2393.0,2159.1987380114206
3500,1945.0,1749.0,1960.3427951132396
3501,2048.0,2145.0,1927.6094467685396
3502,2150.0,2906.0,2350.138595186315
3503,2251.0,1689.0,2103.989281611569
3504,2349.0,1773.0,1635.8898129349088
3505,2442.0,3127.0,2320.0695529466866
3506,2529.0,2783.0,2851.3242931008913
3507,2608.0,2378.0,2547.4991295806126
3508,2679.0,2861.0,2490.3488129526468
3509,2739.0,3337.0,2909.4889766124825
3510,2789.0,2931.0,3072.210828451154
3511,2826.0,1745.0,2325.965925983498
3512,2852.0,2378.0,2062.3259750350953
3513,2865.0,2781.0,2419.196379874603
3514,2865.0,3047.0,3099.2672913319784
3515,2852.0,3693.0,3408.0743103715768
3516,2826.0,1743.0,2630.1652842335416
3517,2789.0,2082.0,1979.7113491885575
3518,2739.0,2824.0,2403.3602056584755
3519,2679.0,3004.0,3029.7072263821487
3520,2608.0,2229.0,2593.19318551798
3521,2529.0,2246.0,2200.213164652219
3522,2442.0,2318.0,2280.1069488723947
3523,2349.0,2429.0,2498.4283777102064
3524,2251.0,1999.0,2417.5806542663763
3525,2150.0,1922.0,1891.9475792080436
3526,2047.0,1996.0,1941.3612989637472
3527,1945.0,1861.0,2024.7376808198728
3528,1844.0,1517.0,1867.360069380682
3529,1746.0,2106.0,1939.5070251319098
3530,1653.0,1968.0,2087.7365981305124
3531,1566.0,1819.0,1966.3961992444104
3532,1487.0,654.0,1309.4609436585622
3533,1416.0,1605.0,1257.4170456702516
3534,1356.0,1189.0,1417.579734981645
3535,1306.0,669.0,1146.4977727638823
3536,1269.0,1192.0,1022.546645609402
3537,1243.0,1327.0,1291.5445304926736
3538,1230.0,1002.0,1405.3644776055562
3539,1230.0,1547.0,1414.5585327063372
3540,1243.0,1921.0,1766.3402760463907
3541,1269.0,962.0,1385.4698766384251
3542,1306.0,1029.0,1030.5534024777696
3543,1356.0,1499.0,1138.9429490246155
3544,1416.0,942.0,1167.512794874294
3545,1487.0,1270.0,1163.2826812150806
3546,1566.0,1727.0,1447.368546926559
3547,1653.0,1600.0,1652.4707093409208
3548,1746.0,291.0,1015.7487939318773
3549,1844.0,1836.0,1151.1001814700194
3550,1945.0,2617.0,2181.193605904222
3551,2048.0,1672.0,2199.9403327197233
3552,2150.0,4095.0,3358.6709792705747
3553,2251.0,2104.0,2715.8319510883634
3554,2349.0,1869.0,1966.957868694297
3555,2442.0,1329.0,1279.930157494163
3556,2529.0,2699.0,1873.7404398318308
3557,2608.0,2271.0,2273.741532610848
3558,2679.0,0.0,1214.9312535749236
3559,2739.0,2129.0,1174.9569956178186
3560,2789.0,2710.0,2298.018861251799
3561,2826.0,2687.0,3254.249370132201
3562,2852.0,2913.0,2802.2992440505436
3563,2865.0,2727.0,2606.1606020440627
3564,2865.0,2535.0,2420.583980929135
3565,2852.0,2955.0,2704.1641394231406
3566,2826.0,2971.0,2850.3176678957366
3567,2789.0,2546.0,2361.502277582182
3568,2739.0,3264.0,3053.411975430276
3569,2679.0,3305.0,3208.0977284271935
3570,2608.0,2429.0,2780.438406548029
3571,2529.0,3660.0,3306.066097012996
3572,2442.0,2729.0,3052.517505722127
3573,2349.0,2331.0,2584.042945911521
3574,2251.0,1949.0,2083.9838707158315
3575,2150.0,3486.0,2793.7273763590856
3576,2047.0,2515.0,3027.735834401441
3577,1945.0,1871.0,2411.3600058862226
3578,1844.0,1303.0,1624.4934175726899
3579,1746.0,2091.0,1728.0284104990149
3580,1653.0,1327.0,1999.6971653686614
3581,1566.0,2563.0,2176.4529364871105
3582,1487.0,1675.0,2139.803395447411
3583,1416.0,1686.0,1818.5247112209402
3584,1356.0,1041.0,1545.9878906818817
3585,1306.0,0.0,658.736733462409
3586,1269.0,1023.0,628.9300115093638
3587,1243.0,873.0,976.145314133385
3588,1230.0,1662.0,1591.9133104212142
3589,1230.0,1692.0,1717.744817582457
3590,1243.0,1172.0,1651.5983418053704
3591,1269.0,276.0,777.3435023859917
3592,1306.0,1412.0,995.6106901018914
3593,1356.0,956.0,1129.1059568938717
3594,1416.0,1611.0,1247.4046754337787
3595,1487.0,2134.0,1789.7783343011874
3596,1566.0,2031.0,2006.5009895383362
3597,1653.0,1497.0,1785.5351376205356
3598,1746.0,1369.0,1370.6655695392985
3599,1844.0,2367.0,1960.8804782520185
3600,1945.0,0.0,969.91288459917
3601,2047.0,1434.0,799.4523845479634
3602,2150.0,2457.0,2261.268871338277
3603,2251.0,2215.0,2506.6943228456457
3604,2349.0,2430.0,2468.5430466634093
3605,2442.0,2760.0,2456.298361053776
3606,2529.0,3088.0,2762.551922295492
3607,2608.0,2963.0,2817.6200289902554
3608,2679.0,2446.0,2605.5396850478146
3609,2739.0,3129.0,2508.706665141523
3610,2789.0,2950.0,2775.2630007938515
3611,2826.0,2734.0,2820.302714732116
3612,2852.0,1868.0,2187.8851672055152
3613,2865.0,2887.0,2831.597638614223
3614,2865.0,2983.0,2927.2749957706437
3615,2852.0,2651.0,2979.109937491181
3616,2826.0,2662.0,2698.286731409727
3617,2789.0,3124.0,2802.6369765976806
3618,2739.0,2391.0,2536.772077226529
3619,2679.0,2971.0,2734.8486086027806
3620,2608.0,2205.0,2503.2786357988443
3621,2529.0,2675.0,2394.1069034833376
3622,2442.0,2135.0,2412.578756948343
3623,2349.0,2209.0,2290.404663305958
3624,2251.0,3832.0,3333.0005202068637
3625,2150.0,2179.0,2682.558795194949
3626,2048.0,1662.0,2119.729805860676
3627,1945.0,1853.0,1595.465035594317
3628,1844.0,2263.0,2153.0151603821173
3629,1746.0,1928.0,2215.00515401245
3630,1653.0,937.0,1558.2942090446384
3631,1566.0,1512.0,1281.0213876800647
3632,1487.0,1327.0,1504.912561641816
3633,1416.0,1473.0,1837.3181068038728
3634,1356.0,0.0,863.3144379511115
3635,1306.0,1449.0,1087.9672125946213
3636,1269.0,2053.0,1801.470184478569
3637,1243.0,499.0,1573.9567319308642
3638,1230.0,0.0,402.91986306550757
3639,1230.0,1487.0,609.7622236521182
3640,1243.0,1238.0,1475.3478425293504
3641,1269.0,192.0,929.6626101545453
3642,1306.0,0.0,121.12429699474627
3643,1356.0,1124.0,414.1002543279375
3644,1416.0,1366.0,1411.8123711287324
3645,1487.0,1206.0,1540.5959109334349
3646,1566.0,1269.0,1123.4243592269997
3647,1653.0,1763.0,1308.0415656468988
3648,1746.0,1692.0,1737.3245717957527
3649,1844.0,1744.0,1666.404018253766
3650,1945.0,1815.0,1681.1814555472636
3651,2047.0,2005.0,1647.420804444942
3652,2150.0,4095.0,3927.6592216956715
3653,2251.0,2529.0,2972.1615633417573
3654,2349.0,2785.0,2594.0498582351015
3655,2442.0,2630.0,2276.5266192845093
3656,2529.0,1993.0,2101.6571320606067
3657,2608.0,2427.0,2106.6696394743226
3658,2679.0,3969.0,3545.715464958591
3659,2739.0,2619.0,3017.934567117939
3660,2789.0,3182.0,2876.606633427629
3661,2826.0,2921.0,3048.0736896634135
3662,2852.0,2468.0,2661.15241355065
3663,2865.0,2801.0,2626.1467743994335
3664,2865.0,2772.0,2708.627038570609
3665,2852.0,3364.0,3098.4110535167492
3666,2826.0,3232.0,3216.64718480821
3667,2789.0,3427.0,3489.652339125777
3668,2739.0,3122.0,3160.2029166236416
3669,2679.0,3024.0,3055.759993401736
3670,2608.0,2393.0,2615.4057633877615
3671,2529.0,2926.0,2773.556323649778
3672,2442.0,1808.0,2346.9021900275898
3673,2349.0,2369.0,2204.5423100380685
3674,2251.0,2048.0,2302.949859461679
3675,2150.0,2111.0,2309.2887716590553
3676,2048.0,2595.0,2551.7380747411503
3677,1945.0,1373.0,2124.3657782034343
3678,1844.0,1247.0,1521.3531734356081
3679,1746.0,1336.0,1303.5838198760782
3680,1653.0,1624.0,1724.630746368147
3681,1566.0,963.0,1415.385239426465
3682,1487.0,753.0,1043.4292665297003
3683,1416.0,2025.0,1605.0411031901513
3684,1356.0,988.0,1422.076374497861
3685,1306.0,1482.0,1531.7764143312693
3686,1269.0,1778.0,1515.0230294679736
3687,1243.0,1459.0,1613.5947737112294
3688,1230.0,2053.0,1764.1335836049388
3689,1230.0,1150.0,1529.8875121417743
3690,1243.0,1253.0,1150.1137232115823
3691,1269.0,955.0,935.6923574127849
3692,1306.0,2483.0,1947.492554723864
3693,1356.0,1444.0,1895.125544379973
3694,1416.0,1613.0,1617.2026047270087
3695,1487.0,1569.0,1503.2641516190406
3696,1566.0,2363.0,1936.294066486127
3697,1653.0,1689.0,2073.237885250446
3698,1746.0,1436.0,1502.8665347203269
3699,1844.0,1653.0,1399.7193473803293
3700,1945.0,2173.0,1796.3531044113456
3701,2047.0,2301.0,2377.205827910149
3702,2150.0,2046.0,2116.863985418896
3703,2251.0,2208.0,2051.431250676212
3704,2349.0,2090.0,2032.1939302142778
3705,2442.0,1964.0,2064.9330079732067
3706,2529.0,2817.0,2510.0710317164117
3707,2608.0,2337.0,2433.898607530582
3708,2679.0,2443.0,2354.3935417248254
3709,2739.0,0.0,1154.4801677968494
3710,2789.0,2681.0,2042.2941384606838
3711,2826.0,2684.0,2568.8185447403393
3712,2852.0,3235.0,3223.0654324469215
3713,2865.0,2506.0,2791.6602789678323
3714,2865.0,2832.0,2513.305231301148
3715,2852.0,3214.0,2977.903637759461
3716,2826.0,3379.0,3218.5599671522405
3717,2789.0,2749.0,2949.3096854309033
3718,2739.0,96.0,996.1144268748712
3719,2679.0,2231.0,1730.3371003143734
3720,2608.0,2364.0,2265.3313501548314
3721,2529.0,2552.0,2902.431379887482
3722,2442.0,2759.0,2746.9630868239146
3723,2349.0,1980.0,2402.7205753185153
3724,2251.0,1915.0,2122.1637203843115
3725,2150.0,1848.0,1961.4283978375229
3726,2047.0,2134.0,2109.42418312458
3727,1945.0,2071.0,1836.2605417162524
3728,1844.0,1969.0,2079.144763501274
3729,1746.0,1227.0,1638.8299008259537
3730,1653.0,1293.0,1380.968727511476
3731,1566.0,520.0,1053.2822451304942
3732,1487.0,1217.0,1026.1057253254005
3733,1416.0,1073.0,1252.3735803926693
3734,1356.0,964.0,1232.6094222704878
3735,1306.0,1452.0,1383.3039236706309
3736,1269.0,1380.0,1536.6481208784853
3737,1243.0,1057.0,1372.9805957145525
3738,1230.0,1115.0,1063.9439461522802
3739,1230.0,1530.0,1290.193418944721
3740,1243.0,1158.0,1243.9147525415
3741,1269.0,1134.0,1166.1515048010888
3742,1306.0,1192.0,1095.8606715651792
3743,1356.0,1247.0,1193.584595474824
3744,1416.0,1549.0,1448.5367398995224
3745,1487.0,1934.0,1752.361014481283
3746,1566.0,2205.0,2121.437585042958
3747,1653.0,1647.0,1732.6851222435457
3748,1746.0,1409.0,1467.6025049699351
3749,1844.0,1224.0,1168.3577109089895
3750,1945.0,2490.0,2402.4992881653657
3751,2048.0,2462.0,2389.0845288551236
3752,2150.0,1347.0,1890.4777790771398
3753,2251.0,2419.0,2156.5842346051745
3754,2349.0,2449.0,2303.505940204474
3755,2442.0,2030.0,2336.2735852556707
3756,2529.0,2522.0,2162.7555393836783
3757,2608.0,2738.0,2416.270160185231
3758,2679.0,3173.0,2832.716069997557
3759,2739.0,3065.0,3075.184992320158
3760,2789.0,3180.0,3040.4610903233197
3761,2826.0,2979.0,2792.5575622246442
3762,2852.0,2572.0,2667.3136989821064
3763,2865.0,2613.0,2494.237808537187
3764,2865.0,3021.0,2822.828066956593
3765,2852.0,2528.0,2642.169938099496
3766,2826.0,2876.0,2748.150729173691
3767,2789.0,1766.0,2353.5204418871326
3768,2739.0,3525.0,3104.1946452494494
3769,2679.0,3031.0,3277.6809102592683
3770,2608.0,2582.0,2963.204538607855
3771,2529.0,2730.0,2565.383492930786
3772,2442.0,2932.0,2729.5771186189636
3773,2349.0,1781.0,2121.224634564072
3774,2251.0,2473.0,2143.0435679921143
3775,2150.0,2637.0,2544.608198250674
3776,2047.0,2115.0,2387.307055324602
3777,1945.0,1973.0,2248.3205844600234
3778,1844.0,2187.0,2136.452287907071
3779,1746.0,1999.0,2172.4974041482983
3780,1653.0,1527.0,1902.6793310787568
3781,1566.0,2082.0,1946.7545806147587
3782,1487.0,1895.0,1960.0637463431733
3783,1416.0,1148.0,1690.2738382001269
3784,1356.0,1373.0,1387.5270529608497
3785,1306.0,985.0,1221.1187396210469
3786,1269.0,1138.0,1230.119325587383
3787,1243.0,981.0,1201.9869518659893
3788,1230.0,831.0,1066.9443375782457
3789,1230.0,1420.0,1221.2230041115843
3790,1243.0,1021.0,1367.0401728632391
3791,1269.0,519.0,945.9991923405083
3792,1306.0,1289.0,1108.5187721728512
3793,1356.0,1464.0,1389.4257972482033
3794,1416.0,3292.0,3117.9188126351364
3795,1487.0,1892.0,2312.262339054082
3796,1566.0,706.0,1233.5595051190417
3797,1653.0,1706.0,1217.6087816106863
3798,1746.0,1673.0,1544.8602982033608
3799,1844.0,1505.0,1642.2033282329367
3800,1945.0,1772.0,1471.8363442588468
3801,2048.0,2069.0,1839.4262473280587
3802,2150.0,3033.0,2562.198588849684
3803,2251.0,2625.0,2981.986868935113
3804,2349.0,2886.0,2686.1272493090005
3805,2442.0,2717.0,2430.3852278044246
3806,2529.0,2558.0,2464.2343988765415
3807,2608.0,2607.0,2494.8162636849115
3808,2679.0,2836.0,2595.9532232596544
3809,2739.0,2707.0,2639.0271941389606
3810,2789.0,2109.0,2303.614509270934
3811,2826.0,2917.0,2885.1204544599527
3812,2852.0,312.0,1613.917068981409
3813,2865.0,3296.0,2698.557526706807
3814,2865.0,1895.0,2446.810968546136
3815,2852.0,2982.0,2765.312164868786
3816,2826.0,2765.0,2813.2830401592105
3817,2789.0,2654.0,2769.3085190681395
3818,2739.0,2498.0,2596.4171837584286
3819,2679.0,2361.0,2317.1467747090205
3820,2608.0,1873.0,2150.72893679847
3821,2529.0,3009.0,2703.0285293326224
3822,2442.0,2696.0,2950.5606172869398
3823,2349.0,2514.0,2609.809846747699
3824,2251.0,2007.0,2282.43530724696
3825,2150.0,2749.0,2553.425695089959
3826,2047.0,1831.0,2233.8016762001034
3827,1945.0,2070.0,2057.7120811922473
3828,1844.0,1805.0,1895.9920986935088
3829,1746.0,1763.0,1800.784510596355
3830,1653.0,1595.0,1865.5658281025585
3831,1566.0,1425.0,1620.088723068098
3832,1487.0,1960.0,1834.8197094368297
3833,1416.0,1326.0,1529.681205535514
3834,1356.0,0.0,901.6962421651705
3835,1306.0,760.0,449.71965064427104
3836,1269.0,1534.0,1251.007236481567
3837,1243.0,633.0,1347.7593299460864
3838,1230.0,999.0,1010.8114605363887
3839,1230.0,1511.0,1249.553493259694
3840,1243.0,1125.0,1427.0826103775635
3841,1269.0,645.0,1044.1177972592832
3842,1306.0,1044.0,818.7563367655349
3843,1356.0,3024.0,2545.1031875440885
3844,1416.0,2138.0,2380.4033883239945
3845,1487.0,2017.0,2120.765670650535
3846,1566.0,1530.0,1414.8312782244536
3847,1653.0,2091.0,1688.7181418492464
3848,1746.0,1455.0,1634.2039780208745
3849,1844.0,1349.0,1344.9710957932118
3850,1945.0,1671.0,1337.5131482380975
3851,2048.0,2278.0,1912.6418900487517
3852,2150.0,1627.0,1964.7841151630087
3853,2251.0,2472.0,2118.362530579686
3854,2349.0,2726.0,2514.6036586222986
3855,2442.0,1640.0,2142.8697845248616
3856,2529.0,2275.0,1929.3895921443354
3857,2608.0,3060.0,2552.42013521805
3858,2679.0,3085.0,2973.6669542102663
3859,2739.0,2808.0,2844.6598006106087
3860,2789.0,2469.0,2492.368363731902
3861,2826.0,2497.0,2285.127792351755
3862,2852.0,2706.0,2551.861666899127
3863,2865.0,2263.0,2496.2927832378714
3864,2865.0,2907.0,2684.2065649763763
3865,2852.0,2692.0,2726.167043455077
3866,2826.0,2694.0,2816.6272580665577
3867,2789.0,3022.0,2890.530041156696
3868,2739.0,3094.0,3033.040553669928
3869,2679.0,2934.0,2969.908832458946
3870,2608.0,2525.0,2650.4064345736133
3871,2529.0,2681.0,2555.423013117646
3872,2442.0,2682.0,2587.164870971768
3873,2349.0,2059.0,2235.671774401177
3874,2251.0,4095.0,3821.3403119823597
3875,2150.0,2103.0,2576.5099254110946
3876,2048.0,2174.0,2347.8446301707977
3877,1945.0,4095.0,3138.8915872361617
3878,1844.0,1856.0,2403.490500777143
3879,1746.0,1574.0,1893.5559428031943
3880,1653.0,1056.0,1135.4105192213772
3881,1566.0,1390.0,1381.2405708912015
3882,1487.0,1593.0,1665.1425438652197
3883,1416.0,1708.0,2060.0312295346657
3884,1356.0,1898.0,1939.85717862906
3885,1306.0,916.0,1534.365189960712
3886,1269.0,1224.0,1455.3271126183183
3887,1243.0,1067.0,1142.4200330925864
3888,1230.0,1231.0,1242.4285396770556
3889,1230.0,1076.0,1155.0495216631482
3890,1243.0,1216.0,1197.7653825371967
3891,1269.0,1250.0,1292.8474852929564
3892,1306.0,1764.0,1593.0730303739622
3893,1356.0,797.0,1357.659828817967
3894,1416.0,1429.0,1248.3841301948853
3895,1487.0,984.0,1112.847055922517
3896,1566.0,1019.0,1043.0086778016462
3897,1653.0,1214.0,1113.8742206569732
3898,1746.0,1713.0,1444.3399274799674
3899,1844.0,2151.0,1986.0338632264118
3900,1945.0,2333.0,2198.555027068346
3901,2047.0,2115.0,2195.568394809863
3902,2150.0,2325.0,2206.6072678356322
3903,2251.0,3011.0,2873.507240876953
3904,2349.0,1365.0,1407.5326234757663
3905,2442.0,2609.0,2309.351143087374
3906,2529.0,3289.0,2980.564126953651
3907,2608.0,1449.0,2120.5102550254583
3908,2679.0,2655.0,2069.822004793916
3909,2739.0,2036.0,2143.789021694408
3910,2789.0,3229.0,2747.7317150295507
3911,2826.0,2641.0,2879.2784642852193
3912,2852.0,2915.0,2856.182364005477
3913,2865.0,3012.0,2700.309366821557
3914,2865.0,1333.0,2147.2386363365144
3915,2852.0,2163.0,1890.6202713860291
3916,2826.0,3203.0,2428.1760446062767
3917,2789.0,2927.0,3205.4782899072156
3918,2739.0,2150.0,2561.3614376119003
3919,2679.0,2969.0,2562.5665348018692
3920,2608.0,2689.0,2775.698358318886
3921,2529.0,2491.0,2707.269213746542
3922,2442.0,2468.0,2467.3844910806083
3923,2349.0,2626.0,2336.2848034440212
3924,2251.0,2500.0,2509.1051684818126
3925,2150.0,2382.0,2559.4205475851636
3926,2048.0,2607.0,2553.7686669852596
3927,1945.0,1705.0,2120.1007111161234
3928,1844.0,1838.0,1905.897020295475
3929,1746.0,2214.0,2052.317828342457
3930,1653.0,1444.0,1841.9040637934988
3931,1566.0,2956.0,2405.057264237194
3932,1487.0,1633.0,1996.8215031364375
3933,1416.0,1246.0,1646.3286473943938
3934,1356.0,1302.0,1254.4027948599578
3935,1306.0,1092.0,1316.4155400988661
3936,1269.0,1304.0,1322.7172832352612
3937,1243.0,1741.0,1614.8791146166975
3938,1230.0,617.0,1347.9459509179865
3939,1230.0,924.0,877.64026223232
3940,1243.0,1137.0,1208.2914062056982
3941,1269.0,801.0,1096.0560722316848
3942,1306.0,1642.0,1298.2550735715354
3943,1356.0,1500.0,1550.0903959146065
3944,1416.0,1373.0,1477.9686822553633
3945,1487.0,1722.0,1505.0099111000754
3946,1566.0,2047.0,1860.6701127713104
3947,1653.0,1820.0,1788.8566549087068
3948,1746.0,2254.0,1895.2277025669196
3949,1844.0,1290.0,1480.9979956146526
3950,1945.0,577.0,830.0842796939264
3951,2047.0,2056.0,1687.5987347430455
3952,2150.0,1260.0,1635.6060300145148
3953,2251.0,2595.0,2238.4676937475333
3954,2349.0,1750.0,2086.3063399666635
3955,2442.0,1589.0,1781.7393083541326
3956,2529.0,1537.0,1502.3347401552955
3957,2608.0,3185.0,2420.307182305756
3958,2679.0,2271.0,2616.7097416465044
3959,2739.0,2773.0,2366.995078178306
3960,2789.0,2852.0,2613.6378220415913
3961,2826.0,3224.0,2842.0519032261536
3962,2852.0,2966.0,3050.60044874303
3963,2865.0,3437.0,3203.273692067642
3964,2865.0,2938.0,2899.1839191554795
3965,2852.0,2903.0,2700.7982042934427
3966,2826.0,2864.0,2849.810140443765
3967,2789.0,2987.0,2817.594823720914
3968,2739.0,2720.0,2846.907992925239
3969,2679.0,2103.0,2430.246786217175
3970,2608.0,2033.0,2152.638307918569
3971,2529.0,2257.0,2217.1850765324793
3972,2442.0,2336.0,2404.542682806163
3973,2349.0,2494.0,2560.918670198322
3974,2251.0,1992.0,2336.718632727525
3975,2150.0,1829.0,2026.392033331578
3976,2047.0,1688.0,1858.5298909178282
3977,1945.0,1936.0,1933.036539327303
3978,1844.0,1641.0,1757.974952413522
3979,1746.0,2069.0,1921.0474643448447
3980,1653.0,1470.0,1825.9006352208787
3981,1566.0,655.0,1206.8241256139597
3982,1487.0,943.0,924.6748700657816
3983,1416.0,1119.0,1113.5745959071107
3984,1356.0,1164.0,1334.98257306629
3985,1306.0,1360.0,1391.2864767319807
3986,1269.0,1400.0,1495.6319290975284
3987,1243.0,725.0,1156.0804835436868
3988,1230.0,849.0,916.529428077857
3989,1230.0,1939.0,1478.2747828041217
3990,1243.0,1023.0,1204.9511485101602
3991,1269.0,1047.0,1081.3160895674746
3992,1306.0,1224.0,1051.7969776335053
3993,1356.0,1138.0,1176.987818244186
3994,1416.0,3043.0,2730.8887933200085
3995,1487.0,1403.0,1915.7116443590176
3996,1566.0,1444.0,1387.749197191904
3997,1653.0,1961.0,1401.2768858776744
3998,1746.0,1323.0,1648.385306108263
3999,1844.0,1892.0,1593.108672812822
4000,1945.0,3472.0,2926.69099058863
4001,2048.0,1913.0,2604.372473577418
4002,2150.0,2607.0,2197.5686826678466
4003,2251.0,1691.0,2035.3675264192952
4004,2349.0,2384.0,1956.2408011622003
4005,2442.0,2686.0,2374.416333401275
4006,2529.0,2453.0,2549.3237535790227
4007,2608.0,2542.0,2352.787051579845
4008,2679.0,2448.0,2354.588044698391
4009,2739.0,2184.0,2462.1736117120904
4010,2789.0,3140.0,2797.032605961461
4011,2826.0,2721.0,2894.7645447631444
4012,2852.0,2529.0,2560.8493439146723
4013,2865.0,2168.0,2258.1840566099686
4014,2865.0,2811.0,2528.1430538599398
4015,2852.0,2573.0,2676.908608392297
4016,2826.0,3143.0,2897.9099426630364
4017,2789.0,2426.0,2714.7747279042487
4018,2739.0,3160.0,2750.6889959103105
4019,2679.0,2344.0,2673.9415374044606
4020,2608.0,2069.0,2257.278955391079
4021,2529.0,3012.0,2491.6103986469425
4022,2442.0,1199.0,2052.4596339869004
4023,2349.0,2063.0,1836.3832575609574
4024,2251.0,2477.0,2207.1034582073644
4025,2150.0,2107.0,2549.1476574984094
4026,2047.0,1759.0,2061.9894195649276
4027,1945.0,1345.0,1644.3591357718283
4028,1844.0,1955.0,1718.575611615218
4029,1746.0,1792.0,1914.45116302069
4030,1653.0,1980.0,2123.1280917413433
4031,1566.0,1538.0,1660.0632569369438
4032,1487.0,0.0,851.6923613605734
4033,1416.0,1410.0,1216.0875691171564
4034,1356.0,1302.0,1410.829278991355
4035,1306.0,2301.0,2050.0044298569765
4036,1269.0,1151.0,1712.518646338339
4037,1243.0,1499.0,1426.4339705245102
4038,1230.0,871.0,1150.7549414041132
4039,1230.0,1479.0,1280.7031336497098
4040,1243.0,1566.0,1531.4530591883781
4041,1269.0,1298.0,1269.849292039135
4042,1306.0,1918.0,1617.2325287523734
4043,1356.0,1454.0,1615.568038696262
4044,1416.0,1760.0,1764.0352724740142
4045,1487.0,1043.0,1284.2284354280612
4046,1566.0,1129.0,1098.2816884757526
4047,1653.0,1488.0,1204.7727885654442
4048,1746.0,2086.0,1819.9305879757069
4049,1844.0,1583.0,1883.9015417167668
4050,1945.0,2207.0,1866.8381719265606
4051,2048.0,1357.0,1734.915157874809
4052,2150.0,2765.0,2401.21026562346
4053,2251.0,1976.0,2244.707119011465
4054,2349.0,2255.0,2042.2995582757299
4055,2442.0,2760.0,2269.7735391840506
4056,2529.0,2131.0,2311.6068334233632
4057,2608.0,2419.0,2279.706133747431
4058,2679.0,585.0,1321.222975997947
4059,2739.0,2251.0,1619.71881868552
4060,2789.0,2930.0,2418.1230316846313
4061,2826.0,2633.0,3029.6891403006202
4062,2852.0,2997.0,2807.8417253474713
4063,2865.0,2319.0,2507.2087199207413
4064,2865.0,2845.0,2606.3738191103666
4065,2852.0,2391.0,2462.2660598749408
4066,2826.0,3463.0,2899.101721525004
4067,2789.0,2752.0,2745.857548498774
4068,2739.0,2677.0,2696.0518765185407
4069,2679.0,3080.0,2820.2249806662485
4070,2608.0,2735.0,2852.944733060657
4071,2529.0,2069.0,2477.820012630939
4072,2442.0,1334.0,1629.7695671172646
4073,2349.0,2028.0,1752.1541253852733
4074,2251.0,748.0,1481.686806810074
4075,2150.0,2179.0,1839.5846126730291
4076,2047.0,1788.0,2085.3354270473956
4077,1945.0,2658.0,2505.640328175562
4078,1844.0,1774.0,2359.5286363089913
4079,1746.0,1588.0,1801.000626091877
4080,1653.0,1734.0,1604.0808427603015
4081,1566.0,2075.0,1812.5844589619207
4082,1487.0,480.0,1346.9657962093647
4083,1416.0,2036.0,1396.1045330423424
4084,1356.0,1451.0,1734.5254111446181
4085,1306.0,1049.0,1474.0972431836155
4086,1269.0,1725.0,1524.5620829268316
4087,1243.0,2177.0,1930.958919914661
4088,1230.0,3362.0,2994.581855865304
4089,1230.0,3801.0,3488.541737565546
4090,1243.0,771.0,2197.6832849217094
4091,1269.0,0.0,98.45270545245505
4092,1306.0,1221.0,441.38964125903397
4093,1356.0,1748.0,1547.0282276703924
4094,1416.0,1124.0,1619.594565306075
4095,1487.0,750.0,1050.9157961825772
4096,1566.0,1516.0,1254.2133834185488
4097,1653.0,1677.0,1941.213853942479
4098,1746.0,2651.0,2546.6825466072805
4099,1844.0,2047.0,2154.0186774599097
4100,1945.0,1644.0,1594.1957379600262
4101,2048.0,1496.0,1386.875419898599
4102,2150.0,2182.0,1761.2184315448753
4103,2251.0,2400.0,2179.2339839944248
4104,2349.0,2238.0,2177.2962144654894
4105,2442.0,2269.0,2208.841393883944
4106,2529.0,3439.0,3023.46210206624
4107,2608.0,2881.0,2973.485206635766
4108,2679.0,3003.0,2879.94752253225
4109,2739.0,2919.0,2665.4263928255573
4110,2789.0,2562.0,2509.5687078509714
4111,2826.0,3495.0,3220.372377769804
4112,2852.0,2896.0,3065.57846105404
4113,2865.0,2892.0,2848.376523242609
4114,2865.0,4040.0,3630.2920514523903
4115,2852.0,3920.0,3975.1419179154673
4116,2826.0,2333.0,2875.8469048055385
4117,2789.0,2086.0,2110.6628471960116
4118,2739.0,2980.0,2402.4312796990057
4119,2679.0,3065.0,3042.3493258279573
4120,2608.0,2429.0,2958.8422425471017
4121,2529.0,2066.0,2270.645016980089
4122,2442.0,1857.0,2004.0189788531543
4123,2349.0,858.0,1303.486437747984
4124,2251.0,2560.0,2027.1609586668637
4125,2150.0,2776.0,2690.082236267097
4126,2048.0,2318.0,2724.3297893864274
4127,1945.0,2515.0,2522.0201399515986
4128,1844.0,1202.0,1873.782149473618
4129,1746.0,1759.0,1556.4981074253665
4130,1653.0,1751.0,1675.755701150605
4131,1566.0,1465.0,1682.3784123557875
4132,1487.0,1425.0,1385.0162073028553
4133,1416.0,1209.0,1451.5346109961306
4134,1356.0,383.0,1045.2598533490977
4135,1306.0,409.0,596.9156704174914
4136,1269.0,838.0,852.3448263809456
4137,1243.0,1036.0,1071.5329940771837
4138,1230.0,499.0,987.6474062157348
4139,1230.0,1543.0,1320.8979079303772
4140,1243.0,284.0,958.9558858612163
4141,1269.0,1418.0,1262.8456785781343
4142,1306.0,2087.0,1649.2183409522866
4143,1356.0,1017.0,1486.522016956407
4144,1416.0,1734.0,1275.8756992900962
4145,1487.0,1667.0,1457.573058720639
4146,1566.0,994.0,1313.5629847439648
4147,1653.0,3069.0,2150.360922251839
4148,1746.0,2059.0,2411.4748853087476
4149,1844.0,1888.0,1893.189827191453
4150,1945.0,1628.0,1538.2135689773413
4151,2047.0,1798.0,1674.705370365224
4152,2150.0,2277.0,1937.7623348370391
4153,2251.0,2235.0,2246.482203303075
4154,2349.0,2210.0,2193.765489642239
4155,2442.0,1840.0,1827.176558900073
4156,2529.0,2390.0,2245.5921662481946
4157,2608.0,2552.0,2421.5545323411993
4158,2679.0,2926.0,2705.4217380430637
4159,2739.0,2768.0,2708.0303976097807
4160,2789.0,2789.0,2646.2744683934557
4161,2826.0,3327.0,3138.6953126806843
4162,2852.0,2583.0,2831.1497010104936
4163,2865.0,3183.0,2885.735500818903
4164,2865.0,3002.0,2845.1683081262963
4165,2852.0,3636.0,3268.761276048003
4166,2826.0,2621.0,3030.0519494531986
4167,2789.0,2037.0,2334.7746689665364
4168,2739.0,2201.0,2049.0803661322375
4169,2679.0,2287.0,2277.771766785254
4170,2608.0,2608.0,2662.6382793961357
4171,2529.0,2133.0,2433.718935927338
4172,2442.0,2527.0,2492.29831984644
4173,2349.0,1747.0,2222.4002989936953
4174,2251.0,2966.0,2588.4517198465896
4175,2150.0,1419.0,2180.707451088076
4176,2048.0,3059.0,2619.5448744470423
4177,1945.0,1749.0,2275.119965075963
4178,1844.0,4095.0,3035.107989039032
4179,1746.0,2197.0,3035.221939588729
4180,1653.0,1663.0,1987.0216640979472
4181,1566.0,1325.0,1355.1233948216297
4182,1487.0,1361.0,1267.4912709916814
4183,1416.0,914.0,1401.2787893326968
4184,1356.0,1781.0,1407.749033526933
4185,1306.0,1256.0,1776.3078731108105
4186,1269.0,1255.0,1451.3529215007682
4187,1243.0,1167.0,1572.8713569698562
4188,1230.0,1458.0,1437.1003445070953
4189,1230.0,1330.0,1459.2754477636747
4190,1243.0,1394.0,1384.7987128562104
4191,1269.0,1636.0,1497.946461099391
4192,1306.0,1283.0,1380.3064041069642
4193,1356.0,1180.0,1300.3250331210502
4194,1416.0,779.0,932.7632192256742
4195,1487.0,1602.0,1364.3563917577305
4196,1566.0,696.0,989.530209598792
4197,1653.0,900.0,927.4964691577666
4198,1746.0,1431.0,1143.0609499257814
4199,1844.0,1812.0,1684.480552292446
4200,1945.0,2324.0,2160.629048338019
4201,2047.0,2260.0,2217.2356931060067
4202,2150.0,2284.0,2137.4502580523776
4203,2251.0,1693.0,1726.2351151680732
4204,2349.0,2511.0,2129.255789143916
4205,2442.0,2370.0,2159.550727089562
4206,2529.0,2762.0,2420.649539583061
4207,2608.0,2067.0,2247.797754466693
4208,2679.0,2250.0,2081.6733707443022
4209,2739.0,2631.0,2385.396139704424
4210,2789.0,2890.0,2752.4614520771197
4211,2826.0,3098.0,2974.9358865172508
4212,2852.0,3148.0,2944.7448318453357
4213,2865.0,2097.0,2362.6801988638035
4214,2865.0,3181.0,2963.577702546432
4215,2852.0,3534.0,3240.2867644594767
4216,2826.0,2742.0,3069.8525621303284
4217,2789.0,2921.0,2734.2483032912996
4218,2739.0,2474.0,2546.2030627403833
4219,2679.0,2745.0,2652.9518094518444
4220,2608.0,2930.0,2879.1488457514283
4221,2529.0,2224.0,2648.196106680118
4222,2442.0,2693.0,2423.386880673338
4223,2349.0,3389.0,3073.858121788506
4224,2251.0,2534.0,2837.1921357870074
4225,2150.0,1923.0,2280.2297466962355
4226,2047.0,1439.0,1644.828425042535
4227,1945.0,1891.0,1701.7914809807562
4228,1844.0,1922.0,2056.1469460038825
4229,1746.0,2239.0,2294.934049996268
4230,1653.0,1617.0,2001.6203890268712
4231,1566.0,0.0,990.7631387686689
4232,1487.0,939.0,750.9581742581202
4233,1416.0,1375.0,1281.9365810892775
4234,1356.0,1127.0,1528.741229280406
4235,1306.0,1998.0,1669.3507466267547
4236,1269.0,1667.0,1861.075881691241
4237,1243.0,1438.0,1695.290893930674
4238,1230.0,847.0,1183.754828329733
4239,1230.0,1849.0,1321.682638405139
4240,1243.0,817.0,1111.3330163670598
4241,1269.0,1603.0,1245.0490194010576
4242,1306.0,742.0,1103.1668620940468
4243,1356.0,3347.0,2758.8585803038823
4244,1416.0,1063.0,2202.3044284929574
4245,1487.0,787.0,1085.3046026171078
4246,1566.0,1896.0,1110.8889864163202
4247,1653.0,1305.0,1478.461147834898
4248,1746.0,1705.0,1714.909917790658
4249,1844.0,1723.0,1541.6367683404687
4250,1945.0,738.0,1271.5144659487817
4251,2047.0,1923.0,1405.7515547654
4252,2150.0,1730.0,1986.2205581949272
4253,2251.0,2621.0,2198.4005189979516
4254,2349.0,2402.0,2306.9206652595585
4255,2442.0,2169.0,2254.1830774994737
4256,2529.0,2140.0,1969.8205930045706
4257,2608.0,2536.0,2210.7225035526735
4258,2679.0,2198.0,2275.722338237516
4259,2739.0,2509.0,2137.21336819951
4260,2789.0,3004.0,2735.8801663881654
4261,2826.0,2567.0,2684.796232712491
4262,2852.0,2660.0,2641.1313690864586
4263,2865.0,2761.0,2598.5307255961693
4264,2865.0,2917.0,2760.185511440809
4265,2852.0,2163.0,2466.540764488072
4266,2826.0,2837.0,2473.7508267342864
4267,2789.0,2708.0,2649.49672218323
4268,2739.0,3153.0,2977.222151339767
4269,2679.0,2416.0,2614.768108952437
4270,2608.0,2559.0,2472.1526159008004
4271,2529.0,2958.0,2703.1057238848425
4272,2442.0,2392.0,2700.4837767394974
4273,2349.0,2362.0,2455.4761232532237
4274,2251.0,2409.0,2277.7564188110923
4275,2150.0,2506.0,2528.7202994695454
4276,2047.0,1901.0,2281.499820742594
4277,1945.0,2296.0,2235.171741107718
4278,1844.0,2677.0,2475.349765288904
4279,1746.0,2084.0,2323.2557671031677
4280,1653.0,2282.0,2305.8196740793987
4281,1566.0,1562.0,1879.386940636396
4282,1487.0,1764.0,1745.0407613472441
4283,1416.0,1967.0,1907.144662177206
4284,1356.0,1639.0,1925.5718842011288
4285,1306.0,1078.0,1431.8845436674728
4286,1269.0,1284.0,1272.6664706347958
4287,1243.0,1007.0,1321.5394060400126
4288,1230.0,57.0,729.9120119439995
4289,1230.0,886.0,678.3912841945651
4290,1243.0,1036.0,1040.6436037963053
4291,1269.0,1366.0,1463.9633333116258
4292,1306.0,1620.0,1656.6678611471161
4293,1356.0,1433.0,1570.0002739701513
4294,1416.0,1760.0,1549.8663131129822
4295,1487.0,1415.0,1505.7409479616379
4296,1566.0,1326.0,1297.3853174704263
4297,1653.0,0.0,434.8139540777619
4298,1746.0,1739.0,1478.025283778001
4299,1844.0,1870.0,1723.6215021762307
4300,1945.0,1636.0,1925.439786751506
4301,2048.0,2563.0,2368.1911401932516
4302,2150.0,2484.0,2371.575122255107
4303,2251.0,710.0,1623.5905840373562
4304,2349.0,2170.0,1362.063398925357
4305,2442.0,1767.0,1721.7305151943744
4306,2529.0,2589.0,2083.1996444286483
4307,2608.0,1805.0,2130.014831972766
4308,2679.0,2504.0,2137.53328647445
4309,2739.0,2602.0,2419.989208697646
4310,2789.0,3055.0,2896.3549296178844
4311,2826.0,3283.0,3135.227648517712
4312,2852.0,2679.0,2635.1743219941122
4313,2865.0,2638.0,2528.234063153732
4314,2865.0,3487.0,3071.363157021101
4315,2852.0,3828.0,3653.266013863488
4316,2826.0,2699.0,3117.722447446954
4317,2789.0,4095.0,3863.993212203615
4318,2739.0,2766.0,3205.0204042069035
4319,2679.0,2340.0,2649.6592925813525
4320,2608.0,3002.0,2591.7867931706865
4321,2529.0,2783.0,2825.597460756365
4322,2442.0,2154.0,2584.981781730099
4323,2349.0,2568.0,2492.267469897762
4324,2251.0,297.0,1611.8770723331595
4325,2150.0,3576.0,3007.161148790948
4326,2047.0,1103.0,2487.8875086078956
4327,1945.0,1537.0,1745.0352867793904
4328,1844.0,2046.0,1693.0402412462327
4329,1746.0,804.0,1639.2274475480501
4330,1653.0,2067.0,1748.4439796910247
4331,1566.0,0.0,994.9945672171759
4332,1487.0,1061.0,862.5166832551267
4333,1416.0,2005.0,1311.6336718191371
4334,1356.0,140.0,1516.2587825281173
4335,1306.0,2092.0,1236.4544341838277
4336,1269.0,1288.0,1545.0723489030743
4337,1243.0,1418.0,1636.9522511361909
4338,1230.0,1520.0,1312.1194977146988
4339,1230.0,1098.0,1333.4164171748098
4340,1243.0,3300.0,2876.2364421210696
4341,1269.0,1732.0,2340.6212234291415
4342,1306.0,1704.0,1850.7907313579865
4343,1356.0,1539.0,1189.602647151369
4344,1416.0,1453.0,1500.3603184504937
4345,1487.0,847.0,1147.5336202362137
4346,1566.0,1903.0,1666.733068446829
4347,1653.0,1805.0,1843.3371027053554
4348,1746.0,2132.0,1994.8097811150249
4349,1844.0,1937.0,2222.64418941484
4350,1945.0,1237.0,1559.9998590813834
4351,2048.0,3454.0,3223.7677318563083
4352,2150.0,2072.0,2593.3295600784445
4353,2251.0,1813.0,1981.2166762886031
4354,2349.0,1698.0,1409.9744528791166
4355,2442.0,2364.0,2023.763177698109
4356,2529.0,2512.0,2445.1370007303212
4357,2608.0,3005.0,2793.9530827137814
4358,2679.0,2249.0,2537.4504650119484
4359,2739.0,3059.0,2623.7644679351633
4360,2789.0,3081.0,3098.7943076437764
4361,2826.0,2727.0,2830.426536501455
4362,2852.0,3560.0,3416.2744085440945
4363,2865.0,3107.0,3068.1076824719976
4364,2865.0,3115.0,3050.5516586443605
4365,2852.0,2668.0,2741.5402562572513
4366,2826.0,2688.0,2662.1978681969003
4367,2789.0,3006.0,2749.9568910715493
4368,2739.0,2505.0,2615.393555285069
4369,2679.0,3282.0,2974.0351221018495
4370,2608.0,2767.0,2969.3039454473255
4371,2529.0,2649.0,2876.552011035535
4372,2442.0,2415.0,2537.579121398776
4373,2349.0,2189.0,2350.3340864191973
4374,2251.0,3887.0,3599.452953406202
4375,2150.0,4095.0,3946.169333958895
4376,2048.0,1548.0,2921.5509226388103
4377,1945.0,1632.0,1507.2100656024186
4378,1844.0,1519.0,1477.857927880014
4379,1746.0,966.0,1469.9895370901952
4380,1653.0,1251.0,1334.6087102882138
4381,1566.0,744.0,1144.145881965641
4382,1487.0,1660.0,1488.9448950379121
4383,1416.0,1047.0,1769.0548176018199
4384,1356.0,939.0,1485.881983316138
4385,1306.0,1202.0,1089.731787757207
4386,1269.0,1537.0,1425.5005270666481
4387,1243.0,1333.0,1515.4494254436727
4388,1230.0,1070.0,1166.7469522874615
4389,1230.0,851.0,927.5780124338365
4390,1243.0,1098.0,905.4220174632902
4391,1269.0,1243.0,1251.7744909527003
4392,1306.0,1342.0,1308.0886329104417
4393,1356.0,467.0,891.1351712950584
4394,1416.0,1960.0,1773.9381280454384
4395,1487.0,1515.0,1623.5541697262086
4396,1566.0,2521.0,2302.064556846145
4397,1653.0,2202.0,2188.590340827234
4398,1746.0,2348.0,2116.447433276019
4399,1844.0,2078.0,1994.5699022203262
4400,1945.0,1841.0,1786.5405411584973
4401,2047.0,1211.0,1387.7294119470007
4402,2150.0,1796.0,1383.5182596517773
4403,2251.0,2102.0,1960.9406846427617
4404,2349.0,2126.0,2141.380633268641
4405,2442.0,2462.0,2403.7311309647403
4406,2529.0,2712.0,2570.1311280363757
4407,2608.0,2085.0,2270.848449964562
4408,2679.0,2648.0,2365.686211166549
4409,2739.0,2146.0,2226.670751510847
4410,2789.0,3010.0,2644.686778245672
4411,2826.0,2492.0,2600.0193178413274
4412,2852.0,3090.0,2763.2630402409245
4413,2865.0,3401.0,3103.183824450611
4414,2865.0,2779.0,3036.2099071351945
4415,2852.0,2902.0,2802.474783802069
4416,2826.0,2691.0,2582.185850849626
4417,2789.0,2810.0,2730.553579650321
4418,2739.0,4095.0,3567.715642225503
4419,2679.0,2400.0,2636.0420222217604
4420,2608.0,2091.0,2273.9110368770976
4421,2529.0,2339.0,2114.2998857708462
4422,2442.0,2394.0,2498.126717137238
4423,2349.0,2391.0,2543.1600390277977
4424,2251.0,1999.0,2196.9191947780864
4425,2150.0,2018.0,2099.8069105262603
4426,2048.0,1566.0,1908.6820195938785
4427,1945.0,2208.0,2237.696219748973
4428,1844.0,968.0,1647.629904259813
4429,1746.0,2419.0,2211.965313066688
4430,1653.0,2037.0,2228.059874438271
4431,1566.0,1388.0,1919.1826235470016
4432,1487.0,899.0,1209.151883819498
4433,1416.0,2819.0,1974.33779694355
4434,1356.0,1078.0,1720.0277780494357
4435,1306.0,1552.0,1459.9698984629886
4436,1269.0,0.0,703.8597192093042
4437,1243.0,1257.0,668.4837553261488
4438,1230.0,1167.0,1373.6215480195867
4439,1230.0,1206.0,1438.90752205969
4440,1243.0,1331.0,1330.377961433853
4441,1269.0,1092.0,1149.5681740694656
4442,1306.0,1947.0,1766.8756801023383
4443,1356.0,1303.0,1543.1528164518186
4444,1416.0,1697.0,1565.6233234800818
4445,1487.0,865.0,988.3347708830039
4446,1566.0,1472.0,1167.151519306359
4447,1653.0,860.0,1098.903831279872
4448,1746.0,1896.0,1421.3729107942029
4449,1844.0,1919.0,1866.6923961113969
4450,1945.0,2130.0,2025.934782398578
4451,2047.0,2083.0,2106.591916112573
4452,2150.0,1580.0,1707.608388117076
4453,2251.0,1936.0,1703.3012435346493
4454,2349.0,1784.0,1652.614483610603
4455,2442.0,2470.0,2113.2194115544835
4456,2529.0,4095.0,3715.90728044207
4457,2608.0,2686.0,3022.9822182720295
4458,2679.0,3088.0,2824.1059489227914
4459,2739.0,3258.0,2927.3271350372274
4460,2789.0,3573.0,3351.3294067622055
4461,2826.0,2226.0,2678.749309849771
4462,2852.0,3241.0,2727.8138984925067
4463,2865.0,2766.0,2714.008804509649
4464,2865.0,3200.0,3027.591139995438
4465,2852.0,3352.0,3417.533103451135
4466,2826.0,2186.0,2731.6651952283373
4467,2789.0,1910.0,2123.981838982135
4468,2739.0,2064.0,2018.2067287536772
4469,2679.0,1862.0,2193.710899676285
4470,2608.0,2396.0,2225.016498994673
4471,2529.0,2329.0,2524.5506480052827
4472,2442.0,2414.0,2519.6183706188936
4473,2349.0,1720.0,2211.025627002114
4474,2251.0,2216.0,2135.329254694609
4475,2150.0,1887.0,2012.951799032449
4476,2048.0,2028.0,1989.9396108826336
4477,1945.0,1836.0,1924.7113052765328
4478,1844.0,2016.0,1923.2096297152448
4479,1746.0,2405.0,2271.0434812917756
4480,1653.0,1610.0,1884.6771419648742
4481,1566.0,1833.0,1816.9463070315303
4482,1487.0,2149.0,1891.3057097066794
4483,1416.0,1389.0,1589.8346240543124
4484,1356.0,878.0,1197.5239722646625
4485,1306.0,868.0,890.0273987742307
4486,1269.0,1015.0,1039.188331947018
4487,1243.0,1343.0,1379.8862624764677
4488,1230.0,1038.0,1411.293079805645
4489,1230.0,1418.0,1338.972965551325
4490,1243.0,1217.0,1396.613354326396
4491,1269.0,1440.0,1482.7827060636957
4492,1306.0,1484.0,1443.5665812805826
4493,1356.0,1692.0,1507.895481217474
4494,1416.0,1418.0,1459.4547702509392
4495,1487.0,1601.0,1434.7002573084596
4496,1566.0,2030.0,1783.3969786539155
4497,1653.0,1601.0,1725.9927885933457
4498,1746.0,565.0,1075.6752744257092
4499,1844.0,1815.0,1742.4358455354395
4500,1945.0,2275.0,1977.7927203756199
4501,2047.0,1895.0,2191.890058811756
4502,2150.0,1488.0,1683.240283007016
4503,2251.0,1964.0,1591.731877846747
4504,2349.0,1844.0,1854.4347811684438
4505,2442.0,776.0,1386.935294320598
4506,2529.0,3077.0,2614.516560372269
4507,2608.0,370.0,1466.3281005003582
4508,2679.0,2411.0,2107.237599992328
4509,2739.0,3051.0,2562.7397423915
4510,2789.0,2405.0,2830.7306070809277
4511,2826.0,2615.0,2448.8470796128836
4512,2852.0,3226.0,2677.6317421324984
4513,2865.0,2773.0,2850.5766838827835
4514,2865.0,2720.0,2461.454430934927
4515,2852.0,3329.0,2965.595479628478
4516,2826.0,2822.0,2691.354274912579
4517,2789.0,3093.0,2932.3017640574167
4518,2739.0,2875.0,2916.9331921859944
4519,2679.0,2263.0,2513.3659588573955
4520,2608.0,2563.0,2396.51117983729
4521,2529.0,2729.0,2682.0325258471885
4522,2442.0,2300.0,2560.755559692084
4523,2349.0,2424.0,2424.862193226237
4524,2251.0,2274.0,2441.415481763137
4525,2150.0,1994.0,2241.160642072082
4526,2047.0,2385.0,2315.499725002129
4527,1945.0,2824.0,2670.24303950091
4528,1844.0,1956.0,2238.8684578793163
4529,1746.0,1864.0,1977.9895561377832
4530,1653.0,1692.0,1779.468122034129
4531,1566.0,1693.0,1759.7680057138914
4532,1487.0,1738.0,1827.5478582076241
4533,1416.0,987.0,1455.475720033782
4534,1356.0,1777.0,1568.4513842190368
4535,1306.0,768.0,1382.5412378994545
4536,1269.0,955.0,1175.9539285076064
4537,1243.0,1006.0,1044.6255206209332
4538,1230.0,1431.0,1363.8581179173852
4539,1230.0,835.0,1268.4546711419607
4540,1243.0,1558.0,1308.844538555651
4541,1269.0,1534.0,1570.3294419340102
4542,1306.0,3149.0,2747.1137106607594
4543,1356.0,1418.0,2237.612074787994
4544,1416.0,815.0,1021.2457043697627
4545,1487.0,1341.0,803.9898556838976
4546,1566.0,1834.0,1477.0731208087484
4547,1653.0,1470.0,1749.1990265099237
4548,1746.0,1847.0,1588.0093975567243
4549,1844.0,1838.0,1793.1270721349479
4550,1945.0,1586.0,1730.6959061668106
4551,2048.0,1856.0,1903.490186236757
4552,2150.0,414.0,1049.995902529735
4553,2251.0,4095.0,3736.541854357251
4554,2349.0,2198.0,2940.6488919938693
4555,2442.0,3383.0,2983.7355547393863
4556,2529.0,2700.0,2636.1387319940363
4557,2608.0,2463.0,2430.700755462292
4558,2679.0,2783.0,2439.597361649024
4559,2739.0,2518.0,2446.067789458822
4560,2789.0,3289.0,2813.981093201025
4561,2826.0,3327.0,2942.7282054356433
4562,2852.0,3819.0,3780.9348511150024
4563,2865.0,1711.0,2614.3215513957894
4564,2865.0,3380.0,2703.1623236208634
4565,2852.0,2730.0,2853.2697973307736
4566,2826.0,2826.0,2879.9562260110984
4567,2789.0,2047.0,2395.7247335688303
4568,2739.0,2413.0,2202.1627247200977
4569,2679.0,2156.0,2385.9246824927322
4570,2608.0,2507.0,2545.417186821209
4571,2529.0,2990.0,2978.6747238489525
4572,2442.0,2392.0,2593.8213216786953
4573,2349.0,1755.0,2240.574060394323
4574,2251.0,2496.0,2178.4955501525938
4575,2150.0,1297.0,1944.1894688864963
4576,2047.0,2367.0,2063.208204543351
4577,1945.0,1658.0,1985.798267475706
4578,1844.0,1824.0,1886.0965456299984
4579,1746.0,1452.0,1719.1893494575152
4580,1653.0,1615.0,1726.2498900607704
4581,1566.0,1429.0,1633.0807204439025
4582,1487.0,1705.0,1622.362330184796
4583,1416.0,1107.0,1540.1896965443252
4584,1356.0,1350.0,1235.8476986788291
4585,1306.0,1051.0,1311.1459171268443
4586,1269.0,669.0,962.5571088476692
4587,1243.0,2978.0,2529.730693872749
4588,1230.0,1675.0,2125.867581250225
4589,1230.0,756.0,1389.4208186346887
4590,1243.0,1625.0,1014.0362159587854
4591,1269.0,1196.0,1343.0861110944493
4592,1306.0,1664.0,1525.2782881564845
4593,1356.0,1223.0,1404.250494137259
4594,1416.0,1390.0,1283.949013189888
4595,1487.0,1215.0,1175.5525183746308
4596,1566.0,2197.0,1954.314384594337
4597,1653.0,1488.0,1822.9129599952194
4598,1746.0,1395.0,1374.30528290857
4599,1844.0,2124.0,1679.4815669889108
4600,1945.0,2256.0,2091.6081753066624
4601,2048.0,1938.0,2123.504502949001
4602,2150.0,2378.0,2039.9841694380452
4603,2251.0,2527.0,2284.771973315682
4604,2349.0,2919.0,2618.7815795399583
4605,2442.0,2892.0,2832.6721861859814
4606,2529.0,2787.0,2666.697117491541
4607,2608.0,1784.0,2070.951602922619
4608,2679.0,2624.0,2468.0110231498165
4609,2739.0,2425.0,2424.136629540738
4610,2789.0,2210.0,2342.778350037724
4611,2826.0,2571.0,2500.6120216388645
4612,2852.0,2655.0,2604.014047337213
4613,2865.0,2580.0,2726.3258878827887
4614,2865.0,2603.0,2644.852849625447
4615,2852.0,1456.0,2039.2102177903478
4616,2826.0,2715.0,2422.666407794684
4617,2789.0,3130.0,2881.978231153393
4618,2739.0,2241.0,2548.9645186745747
4619,2679.0,2602.0,2398.6637299291688
4620,2608.0,2484.0,2429.1699634211604
4621,2529.0,2530.0,2566.044641130164
4622,2442.0,2360.0,2456.112872547713
4623,2349.0,2664.0,2514.5029585098664
4624,2251.0,2087.0,2210.725886209184
4625,2150.0,2319.0,2283.0878230541844
4626,2048.0,1751.0,2108.9731092283555
4627,1945.0,2679.0,2372.900741362051
4628,1844.0,842.0,1809.66169630954
4629,1746.0,1692.0,1441.401221786787
4630,1653.0,2058.0,1872.1128369838625
4631,1566.0,1288.0,1785.686677214706
4632,1487.0,1573.0,1647.1010396582178
4633,1416.0,1345.0,1451.2039800803745
4634,1356.0,1289.0,1501.4199822339913
4635,1306.0,1073.0,1246.3593881856061
4636,1269.0,834.0,1137.773802216
4637,1243.0,1275.0,1027.9823422021711
4638,1230.0,1540.0,1495.0155714370098
4639,1230.0,0.0,952.8603416118776
4640,1243.0,170.0,170.6868786819358
4641,1269.0,932.0,575.4415466496066
4642,1306.0,1873.0,1570.5511489280007
4643,1356.0,1489.0,1815.7958764333787
4644,1416.0,879.0,1183.7120508257854
4645,1487.0,1207.0,922.6690483173531
4646,1566.0,0.0,570.8523711884291
4647,1653.0,1490.0,860.7340801705725
4648,1746.0,1453.0,1236.225430698024
4649,1844.0,1046.0,1258.4978914475453
4650,1945.0,2337.0,1749.4807647989096
4651,2047.0,2122.0,2194.1314582429923
4652,2150.0,2687.0,2437.421267086519
4653,2251.0,2215.0,2179.027000803395
4654,2349.0,3108.0,2454.4005588858117
4655,2442.0,2218.0,2229.1198084648827
4656,2529.0,1838.0,1916.1461344342908
4657,2608.0,2321.0,1854.2716788908915
4658,2679.0,2772.0,2342.711817599845
4659,2739.0,3404.0,3146.4339286281847
4660,2789.0,2760.0,3009.629338818172
4661,2826.0,2949.0,2839.882818189021
4662,2852.0,3883.0,3291.1061706321902
4663,2865.0,1418.0,2644.71116648565
4664,2865.0,2959.0,2317.9626902518044
4665,2852.0,2989.0,2634.6973611293574
4666,2826.0,2580.0,2898.416842065927
4667,2789.0,2971.0,2829.8346301885836
4668,2739.0,2786.0,2882.6465141494787
4669,2679.0,3275.0,3057.371584942605
4670,2608.0,3122.0,3175.180260705416
4671,2529.0,2734.0,3064.393637123571
4672,2442.0,1960.0,2091.518048897719
4673,2349.0,2392.0,2184.8741387878304
4674,2251.0,1998.0,2245.3503034885453
4675,2150.0,1714.0,1984.8211327105405
4676,2048.0,2210.0,2098.899907515199
4677,1945.0,1833.0,2145.5040774182107
4678,1844.0,1777.0,2083.107145898459
4679,1746.0,2049.0,2065.544396347157
4680,1653.0,2049.0,2169.923274540024
4681,1566.0,1228.0,1692.2855266913086
4682,1487.0,1628.0,1513.9079869893635
4683,1416.0,1399.0,1507.3407658442247
4684,1356.0,555.0,1084.591601570377
4685,1306.0,1234.0,1038.9543502959953
4686,1269.0,1621.0,1475.4252186843557
4687,1243.0,1999.0,1982.4560485840964
4688,1230.0,1117.0,1675.1717836126002
4689,1230.0,974.0,1118.957701049725
4690,1243.0,1049.0,923.2730622828695
4691,1269.0,1767.0,1543.6238862351665
4692,1306.0,1256.0,1543.3127275922632
4693,1356.0,1569.0,1343.771343081874
4694,1416.0,73.0,766.9161383109561
4695,1487.0,1250.0,775.5686248422226
4696,1566.0,2268.0,1791.0849278242679
4697,1653.0,1311.0,1813.741608307052
4698,1746.0,1711.0,1513.5662429416861
4699,1844.0,2279.0,1773.6735457467428
4700,1945.0,1777.0,2043.5765265174434
4701,2047.0,1733.0,1698.8187523115191
4702,2150.0,1720.0,1589.911590945584
4703,2251.0,1896.0,1560.077068740336
4704,2349.0,2038.0,1892.6418285085003
4705,2442.0,2702.0,2409.447450428252
4706,2529.0,2066.0,2269.871443022155
4707,2608.0,3976.0,3522.530512387222
4708,2679.0,3007.0,3163.0070821621243
4709,2739.0,1724.0,2207.9844731751855
4710,2789.0,3682.0,3303.5131202449393
4711,2826.0,3001.0,3028.4813428084303
4712,2852.0,4095.0,3579.847025481899
4713,2865.0,2558.0,3040.613339717282
4714,2865.0,3052.0,2753.2128504146363
4715,2852.0,2852.0,2716.5501852126495
4716,2826.0,2909.0,3068.7707018456385
4717,2789.0,2472.0,2708.720384536981
4718,2739.0,2687.0,2415.750067396594
4719,2679.0,2771.0,2864.052021952156
4720,2608.0,2940.0,2931.2227799370385
4721,2529.0,2322.0,2833.8451354711883
4722,2442.0,2159.0,2240.3546524676613
4723,2349.0,3217.0,2876.6741917910135
4724,2251.0,2272.0,2512.54141010775
4725,2150.0,1743.0,2157.9126541151604
4726,2048.0,1895.0,1754.4052787865053
4727,1945.0,2284.0,2151.369814912293
4728,1844.0,172.0,1428.4941625330305
4729,1746.0,1416.0,1034.0955950416221
4730,1653.0,1688.0,1561.6931622795623
4731,1566.0,1172.0,1741.5243789001238
4732,1487.0,2015.0,1910.8967200391858
4733,1416.0,1012.0,1542.7728454742182
4734,1356.0,1951.0,1605.089322306358
4735,1306.0,1304.0,1592.749556126758
4736,1269.0,1039.0,1325.094401563231
4737,1243.0,996.0,816.0022223490348
4738,1230.0,1583.0,1290.1720703819583
4739,1230.0,909.0,1350.7029993505187
4740,1243.0,1221.0,1117.5381471557116
4741,1269.0,1583.0,1472.5064683403737
4742,1306.0,441.0,1028.5295067720538
4743,1356.0,997.0,881.3997072661982
4744,1416.0,1722.0,1288.147622490915
4745,1487.0,1774.0,1788.1747324148064
4746,1566.0,1797.0,1787.6140632994984
4747,1653.0,1888.0,1785.1359600479086
4748,1746.0,1859.0,1718.6418421929632
4749,1844.0,1554.0,1606.2531386440585
4750,1945.0,2108.0,1755.9761995576905
4751,2048.0,640.0,1151.7582929634975
4752,2150.0,2759.0,2507.210787833977
4753,2251.0,2208.0,2362.59817474408
4754,2349.0,2328.0,2404.4755426606735
4755,2442.0,1649.0,1875.5223012029353
4756,2529.0,2363.0,1920.7911879565083
4757,2608.0,3032.0,2608.4941234128796
4758,2679.0,1767.0,2322.1350981364094
4759,2739.0,2933.0,2335.101123295317
4760,2789.0,3109.0,2621.5834302818434
4761,2826.0,2706.0,3017.612546014656
4762,2852.0,2572.0,2558.2362069462074
4763,2865.0,2928.0,2586.198818285807
4764,2865.0,2741.0,2661.683983813072
4765,2852.0,2845.0,2761.716852100194
4766,2826.0,2677.0,2769.6901497091326
4767,2789.0,2618.0,2517.163361811072
4768,2739.0,3943.0,3846.2457033206247
4769,2679.0,2556.0,2851.162076703769
4770,2608.0,2387.0,2524.0191083781006
4771,2529.0,2962.0,2597.790004833251
4772,2442.0,2437.0,2713.5991136893067
4773,2349.0,2634.0,2640.805274641553
4774,2251.0,1992.0,2299.8784437301783
4775,2150.0,2039.0,2093.349786419367
4776,2047.0,2257.0,2191.947626983821
4777,1945.0,2283.0,2542.7176524982624
4778,1844.0,1531.0,2010.831735939024
4779,1746.0,1287.0,1480.3386820880041
4780,1653.0,1710.0,1642.0215586389274
4781,1566.0,1190.0,1351.8172453858929
4782,1487.0,1224.0,1442.8517636612296
4783,1416.0,2245.0,2019.899414415309
4784,1356.0,1142.0,1797.9582230669457
4785,1306.0,1015.0,1290.1426590902804
4786,1269.0,1197.0,1122.2944898480841
4787,1243.0,1056.0,1169.7338542005537
4788,1230.0,1436.0,1324.927482976318
4789,1230.0,1087.0,1319.5748577465206
4790,1243.0,1741.0,1444.7250669170023
4791,1269.0,1547.0,1593.90015800653
4792,1306.0,1885.0,1856.7835169136927
4793,1356.0,1245.0,1465.9192650592831
4794,1416.0,1975.0,1671.5449254077528
4795,1487.0,1001.0,1374.029080047173
4796,1566.0,1682.0,1327.2866796818287
4797,1653.0,1701.0,1603.6832639324236
4798,1746.0,2222.0,1944.689456483294
4799,1844.0,2218.0,2216.6848549641713
4800,1945.0,2382.0,2237.207318082125
4801,2048.0,1929.0,2085.2044565655706
4802,2150.0,1158.0,1401.836973346002
4803,2251.0,2815.0,2621.5117959871113
4804,2349.0,1868.0,2144.015094801259
4805,2442.0,2454.0,2326.246939238816
4806,2529.0,3233.0,2664.667142043551
4807,2608.0,3355.0,3251.5118687949425
4808,2679.0,2600.0,2946.0901475710216
4809,2739.0,2811.0,2715.0732140469245
4810,2789.0,2833.0,2582.5763294377557
4811,2826.0,1920.0,2149.519212468726
4812,2852.0,2561.0,2268.395772773176
4813,2865.0,3185.0,2954.2574932793364
4814,2865.0,3394.0,3352.0529461896786
4815,2852.0,2888.0,3240.0559458338917
4816,2826.0,3655.0,3272.6883549717286
4817,2789.0,3193.0,3272.7703647329063
4818,2739.0,3308.0,3226.247117201445
4819,2679.0,2683.0,2858.560735133191
4820,2608.0,3097.0,2813.611628459254
4821,2529.0,2452.0,2689.0939493132128
4822,2442.0,2605.0,2634.7918715694595
4823,2349.0,2619.0,2682.910402255108
4824,2251.0,2505.0,2632.038091849876
4825,2150.0,1598.0,2252.855797896502
4826,2047.0,1837.0,1854.4000206397525
4827,1945.0,1960.0,2048.2463705870023
4828,1844.0,2689.0,2493.688226882334
4829,1746.0,1005.0,2033.9237256235228
4830,1653.0,1524.0,1404.3847543059253
4831,1566.0,1510.0,1531.4847839058966
4832,1487.0,2005.0,1985.2809496940702
4833,1416.0,862.0,1594.735976889707
4834,1356.0,838.0,893.2188122552936
4835,1306.0,0.0,466.65266127354454
4836,1269.0,861.0,651.3072486503551
4837,1243.0,1805.0,1612.4550209170134
4838,1230.0,1153.0,1580.4267254933666
4839,1230.0,942.0,1190.4596067838106
4840,1243.0,1400.0,1132.8630886294254
4841,1269.0,389.0,998.8638107425184
4842,1306.0,1392.0,909.2025418125806
4843,1356.0,1592.0,1346.374506484924
4844,1416.0,1582.0,1504.9093663065955
4845,1487.0,1863.0,1660.5001524947322
4846,1566.0,1922.0,1869.339014163165
4847,1653.0,2044.0,1916.7915666761448
4848,1746.0,2207.0,1955.6724473094928
4849,1844.0,1504.0,1609.196459695437
4850,1945.0,2091.0,1796.5300181682635
4851,2048.0,2203.0,2003.533855865745
4852,2150.0,2398.0,2287.3564377038883
4853,2251.0,2155.0,2197.6013809394844
4854,2349.0,0.0,798.8082521158824
4855,2442.0,1975.0,1580.9049842850745
4856,2529.0,2285.0,2064.5601305143446
4857,2608.0,2505.0,2674.172953726536
4858,2679.0,2812.0,2609.1781387641295
4859,2739.0,2512.0,2557.7657276019054
4860,2789.0,3282.0,3086.6892973678114
4861,2826.0,2475.0,2763.2657477237
4862,2852.0,2647.0,2495.9680121124934
4863,2865.0,2520.0,2095.9068859965355
4864,2865.0,2678.0,2505.056708772388
4865,2852.0,2966.0,2782.637154626834
4866,2826.0,2947.0,2933.1573818638576
4867,2789.0,2969.0,2971.328829879087
4868,2739.0,2420.0,2520.382533326549
4869,2679.0,2416.0,2490.9363877658884
4870,2608.0,2668.0,2577.8125571194123
4871,2529.0,3206.0,3070.5271460937165
4872,2442.0,1806.0,2519.1770887735092
4873,2349.0,2250.0,2134.3958754304804
4874,2251.0,2173.0,2193.781475461421
4875,2150.0,869.0,1712.3332863017754
4876,2047.0,2127.0,1687.795735997682
4877,1945.0,1349.0,1745.1245391826894
4878,1844.0,1757.0,1838.8254253500488
4879,1746.0,848.0,1430.4256317880372
4880,1653.0,1528.0,1474.09717256916
4881,1566.0,1604.0,1599.9960008210812
4882,1487.0,1848.0,1917.961274081249
4883,1416.0,1294.0,1665.9995668440606
4884,1356.0,1931.0,1505.8946034576197
4885,1306.0,919.0,1459.7381539926423
4886,1269.0,930.0,965.373444703922
4887,1243.0,2927.0,2318.528292377904
4888,1230.0,1358.0,2044.690782695334
4889,1230.0,987.0,1326.8374797038127
4890,1243.0,803.0,734.3942308504326
4891,1269.0,790.0,861.210733644651
4892,1306.0,925.0,970.0530359548803
4893,1356.0,1781.0,1513.0277830264724
4894,1416.0,600.0,1202.7362359686313
4895,1487.0,2764.0,2078.212982594242
4896,1566.0,1581.0,2251.9900823471094
4897,1653.0,1701.0,1730.2158050713588
4898,1746.0,1311.0,1262.2376627672832
4899,1844.0,2479.0,1715.063782205515
4900,1945.0,427.0,1327.6791880474561
4901,2047.0,2097.0,1238.612161423596
4902,2150.0,159.0,1008.6527105309831
4903,2251.0,3046.0,1724.229720559341
4904,2349.0,2535.0,2832.2440594737764
4905,2442.0,2118.0,2454.752438038135
4906,2529.0,2585.0,2210.089828652914
4907,2608.0,2031.0,2040.306345901019
4908,2679.0,2713.0,2435.1924114127837
4909,2739.0,2972.0,2467.2478531008232
4910,2789.0,2026.0,2444.572586270486
4911,2826.0,3380.0,2601.171441905845
4912,2852.0,2733.0,2997.4605674966124
4913,2865.0,2653.0,2767.8490411044804
4914,2865.0,3026.0,2669.5324659065
4915,2852.0,3228.0,3036.9065109141766
4916,2826.0,2983.0,3014.2093119504525
4917,2789.0,3563.0,3214.8544894306583
4918,2739.0,2730.0,3073.0565651908773
4919,2679.0,2482.0,2494.678040560392
4920,2608.0,2790.0,2625.9726514113077
4921,2529.0,2238.0,2417.076480609122
4922,2442.0,2077.0,2241.2812641244486
4923,2349.0,1622.0,1920.4360346582698
4924,2251.0,1760.0,1885.6559111834645
4925,2150.0,2323.0,2219.6686915651294
4926,2048.0,1201.0,2041.0140528655809
4927,1945.0,2741.0,2224.9801398615527
4928,1844.0,1698.0,2070.4288171851276
4929,1746.0,757.0,1494.1997273692352
4930,1653.0,2956.0,2586.697223092217
4931,1566.0,1169.0,2011.7529628691182
4932,1487.0,1746.0,1651.6037246608337
4933,1416.0,1102.0,1258.9956876940357
4934,1356.0,1355.0,1387.211934625653
4935,1306.0,1256.0,1310.5185666176262
4936,1269.0,1138.0,1431.8149574821427
4937,1243.0,1082.0,1196.1916656586309
4938,1230.0,1415.0,1175.0849659228636
4939,1230.0,1393.0,1664.9657346527647
4940,1243.0,1422.0,1415.6661130467944
4941,1269.0,1726.0,1616.6501087015938
4942,1306.0,1137.0,1373.297567520164
4943,1356.0,1469.0,1396.6741735988187
4944,1416.0,1639.0,1466.394904351517
4945,1487.0,1537.0,1564.0192330718712
4946,1566.0,1472.0,1461.5589168737683
4947,1653.0,2542.0,2373.4434363666446
4948,1746.0,2047.0,2224.237832699947
4949,1844.0,1523.0,1778.8250865966581
4950,1945.0,2096.0,1713.6993208405765
4951,2047.0,1972.0,1858.6815079499038
4952,2150.0,2211.0,2088.052811587193
4953,2251.0,2555.0,2288.3322642595294
4954,2349.0,2209.0,2275.2530051087106
4955,2442.0,2048.0,2032.005110716008
4956,2529.0,2478.0,2252.5587627845493
4957,2608.0,4095.0,3867.5630759545024
4958,2679.0,2196.0,2441.348332435165
4959,2739.0,2610.0,2377.8559749419674
4960,2789.0,3036.0,2801.0246833636024
4961,2826.0,2276.0,2612.555747523048
4962,2852.0,2584.0,2484.0039244949594
4963,2865.0,3010.0,2638.5796665258486
4964,2865.0,4095.0,3494.342225123316
4965,2852.0,2320.0,2934.616924002395
4966,2826.0,1789.0,2240.6864637677263
4967,2789.0,2979.0,2383.210153299396
4968,2739.0,3293.0,3123.8824214744777
4969,2679.0,2791.0,3217.3009418735587
4970,2608.0,3845.0,3299.4172979216864
4971,2529.0,2399.0,2988.382338609512
4972,2442.0,2129.0,2371.666092777067
4973,2349.0,616.0,1443.9750868997724
4974,2251.0,2249.0,1464.4196547987979
4975,2150.0,1923.0,2066.29728309621
4976,2048.0,1849.0,2243.817850239351
4977,1945.0,1620.0,1954.3408855574014
4978,1844.0,1860.0,1883.2569947441884
4979,1746.0,2417.0,2449.680266978791
4980,1653.0,2149.0,2370.0215796670277
4981,1566.0,1900.0,2062.6235039395174
4982,1487.0,1465.0,1423.5124174110945
4983,1416.0,1591.0,1562.7314017594783
4984,1356.0,1238.0,1394.8129674577544
4985,1306.0,1283.0,1334.4181364889027
4986,1269.0,972.0,1164.331670263176
4987,1243.0,1705.0,1514.861377494286
4988,1230.0,575.0,1317.2057201269165
4989,1230.0,1326.0,1164.009397815239
4990,1243.0,1118.0,1250.1116803501761
4991,1269.0,2083.0,1713.0532830898824
4992,1306.0,1283.0,1609.2179333106205
4993,1356.0,446.0,880.0175642787844
4994,1416.0,1317.0,820.8670768976293
4995,1487.0,1131.0,1144.8680252885642
4996,1566.0,1770.0,1639.994253089767
4997,1653.0,1710.0,1605.0192569068306
4998,1746.0,2136.0,1916.2369518360667
4999,1844.0,1569.0,1740.3662845527167
5000,1945.0,1539.0,1596.6067583453682
5001,2048.0,2094.0,1731.0985122976538
5002,2150.0,1924.0,1791.926074020346
5003,2251.0,2841.0,2456.484077581812
5004,2349.0,2098.0,2274.4456644242473
5005,2442.0,2128.0,2092.8340973353897
5006,2529.0,2194.0,2005.5745504110891
5007,2608.0,2726.0,2419.14454668904
5008,2679.0,2322.0,2423.3504546977024
5009,2739.0,2611.0,2357.5986901881956
5010,2789.0,2713.0,2553.752109261359
5011,2826.0,2375.0,2459.8297105994443
5012,2852.0,2935.0,2690.5649564862147
5013,2865.0,2652.0,2666.6440823698485
5014,2865.0,2474.0,2526.4106679613506
5015,2852.0,3329.0,2931.7249049280854
5016,2826.0,2325.0,2703.1612986902705
5017,2789.0,2908.0,2630.346636726672
5018,2739.0,2616.0,2641.6037173197783
5019,2679.0,2232.0,2471.8972890823547
5020,2608.0,2481.0,2333.786795953439
5021,2529.0,1922.0,2234.930568696689
5022,2442.0,3019.0,2568.5677952711094
5023,2349.0,1997.0,2494.611912538137
5024,2251.0,2245.0,2354.8381019764097
5025,2150.0,2266.0,2185.3827979667954
5026,2047.0,1867.0,2180.3803856351165
5027,1945.0,3909.0,3420.6857241185558
5028,1844.0,1270.0,2500.9371120015
5029,1746.0,2992.0,2291.5420862839333
5030,1653.0,1634.0,2013.4233319781792
5031,1566.0,2490.0,2299.8365673924404
5032,1487.0,179.0,1260.4005890119497
5033,1416.0,1500.0,970.474832395652
5034,1356.0,1277.0,1416.62639501188
5035,1306.0,983.0,1393.1174718322673
5036,1269.0,1506.0,1659.9789212817034
5037,1243.0,1077.0,1271.2817385670744
5038,1230.0,875.0,1323.8396146958958
5039,1230.0,1170.0,1066.0433376003195
5040,1243.0,1060.0,1281.8421150521435
5041,1269.0,1195.0,1040.5903669425618
5042,1306.0,1817.0,1561.6141606450112
5043,1356.0,1400.0,1603.9464849656435
5044,1416.0,1190.0,1277.5363165343654
5045,1487.0,1807.0,1495.3217537726
5046,1566.0,1672.0,1645.6019418306842
5047,1653.0,1236.0,1410.936580180317
5048,1746.0,2659.0,2286.2470908261275
5049,1844.0,1895.0,2118.996717665009
5050,1945.0,1582.0,1751.510268016875
5051,2048.0,1910.0,1628.1276108917762
5052,2150.0,1976.0,1818.5847532478595
5053,2251.0,2265.0,2078.957902930807
5054,2349.0,2019.0,2114.2970635168444
5055,2442.0,1797.0,1859.0492738867897
5056,2529.0,2741.0,2375.9972639214297
5057,2608.0,3262.0,3027.8933068458714
5058,2679.0,130.0,911.4829380171077
5059,2739.0,2827.0,2429.27359982708
5060,2789.0,2906.0,2581.581564408716
5061,2826.0,2683.0,3023.4459504828956
5062,2852.0,2702.0,2642.966610965843
5063,2865.0,2376.0,2320.934907964564
5064,2865.0,2212.0,2176.56705131448
5065,2852.0,2861.0,2552.4180193700145
5066,2826.0,3530.0,3285.0670785928605
5067,2789.0,2977.0,2883.859478600154
5068,2739.0,2274.0,2476.8233411262163
5069,2679.0,2735.0,2455.6800969755213
5070,2608.0,2898.0,2756.6158827759214
5071,2529.0,2400.0,2703.006651252267
5072,2442.0,2538.0,2430.8254787634155
5073,2349.0,2790.0,2568.565484931596
5074,2251.0,2843.0,2895.36986553213
5075,2150.0,1571.0,2364.598741419416
5076,2047.0,2022.0,1867.0147804539756
5077,1945.0,2431.0,2158.333027582619
5078,1844.0,2362.0,2559.787803542052
5079,1746.0,1525.0,2098.163752264847
5080,1653.0,1749.0,1665.71275169951
5081,1566.0,1304.0,1592.186464838107
5082,1487.0,1865.0,1809.4846720986498
5083,1416.0,2444.0,2300.373325467289
5084,1356.0,1180.0,1829.5560681402758
5085,1306.0,1285.0,1333.6232994704471
5086,1269.0,1795.0,1545.3121184656004
5087,1243.0,1422.0,1759.6059378273615
5088,1230.0,1630.0,1596.299648357509
5089,1230.0,754.0,1171.9247697537667
5090,1243.0,0.0,431.12488473599956
5091,1269.0,925.0,578.4426190923097
5092,1306.0,1862.0,1603.5663793967387
5093,1356.0,1974.0,2059.8861855056757
5094,1416.0,1068.0,1569.932803843606
5095,1487.0,1440.0,1259.1616284260067
5096,1566.0,2202.0,1724.0484378476438
5097,1653.0,641.0,1450.6277310699413
5098,1746.0,1475.0,985.0032311079874
5099,1844.0,1916.0,1489.7205956255298
5100,1945.0,2664.0,2302.7857672453
5101,2048.0,2127.0,2439.5712682404014
5102,2150.0,2627.0,2337.4855094864733
5103,2251.0,2469.0,2275.050650218927
5104,2349.0,2539.0,2361.2477439525596
5105,2442.0,2106.0,2246.7897145994466
5106,2529.0,2629.0,2329.284496010609
5107,2608.0,3363.0,3016.8805484912446
5108,2679.0,2912.0,3052.3159130453496
5109,2739.0,3455.0,3178.532610957647
5110,2789.0,3308.0,3155.386524601582
5111,2826.0,3626.0,3395.725490247071
5112,2852.0,3155.0,3223.5293004885716
5113,2865.0,3358.0,3114.856156831018
5114,2865.0,3181.0,3043.929731096135
5115,2852.0,2426.0,2679.3759030045676
5116,2826.0,3051.0,2782.183864806116
5117,2789.0,2271.0,2622.2517755782437
5118,2739.0,2624.0,2646.898023680399
5119,2679.0,2580.0,2670.1300340671805
5120,2608.0,2289.0,2633.25537499674
5121,2529.0,2737.0,2635.779167494362
5122,2442.0,2989.0,2961.3030186820743
5123,2349.0,2726.0,2975.4464046975568
5124,2251.0,2297.0,2479.074947399827
5125,2150.0,1696.0,2018.200617258984
5126,2047.0,1717.0,1683.0369410689054
5127,1945.0,1731.0,1799.0227569612887
5128,1844.0,1307.0,1672.3635588099642
5129,1746.0,1849.0,1714.7125887801326
5130,1653.0,1346.0,1762.7643554738336
5131,1566.0,2034.0,1970.2121879052359
5132,1487.0,0.0,1160.1033972017203
5133,1416.0,1421.0,914.6263953480351
5134,1356.0,1211.0,1267.2664668184445
5135,1306.0,648.0,1172.58603577253
5136,1269.0,1004.0,944.412147691343
5137,1243.0,630.0,805.9402267615886
5138,1230.0,1166.0,1124.2174379174555
5139,1230.0,1736.0,1486.7025544530848
5140,1243.0,1697.0,1874.744432755494
5141,1269.0,1555.0,1440.230978253412
5142,1306.0,494.0,968.3165278762734
5143,1356.0,1100.0,811.0941146531648
5144,1416.0,1489.0,1179.3098123458662
5145,1487.0,1644.0,1601.6038773567532
5146,1566.0,2160.0,1840.948543516914
5147,1653.0,1618.0,1803.283689157936
5148,1746.0,1855.0,1757.6182932638526
5149,1844.0,1345.0,1516.2091550111027
5150,1945.0,2233.0,1903.6680067923755
5151,2047.0,1836.0,1808.410006225191
5152,2150.0,181.0,981.2558455996676
5153,2251.0,1335.0,905.9503041202757
5154,2349.0,2874.0,2243.370499761365
5155,2442.0,2311.0,2777.7140508807724
5156,2529.0,2098.0,2255.740660005817
5157,2608.0,3107.0,2534.8006418221003
5158,2679.0,2065.0,2405.495983947691
5159,2739.0,2964.0,2537.584769108723
5160,2789.0,2978.0,2688.3052072587043
5161,2826.0,3219.0,2776.6187060275565
5162,2852.0,2473.0,2621.9663666579463
5163,2865.0,3049.0,2729.5585867317905
5164,2865.0,3014.0,2873.4346481204934
5165,2852.0,2385.0,2629.6907189764806
5166,2826.0,2764.0,2623.243680948107
5167,2789.0,2270.0,2372.1087889636738
5168,2739.0,2761.0,2629.267424258382
5169,2679.0,3381.0,3095.534230795538
5170,2608.0,2569.0,2985.525515643599
5171,2529.0,2272.0,2430.3260744210615
5172,2442.0,2113.0,2168.4756271550264
5173,2349.0,2124.0,2198.3563292864947
5174,2251.0,1686.0,1957.4552991842481
5175,2150.0,2093.0,2014.7745008591091
5176,2048.0,1787.0,1983.268609134216
5177,1945.0,1985.0,2081.6303759991565
5178,1844.0,1891.0,2139.455264095194
5179,1746.0,1730.0,1924.332975031012
5180,1653.0,1187.0,1532.832490783736
5181,1566.0,1455.0,1385.7852226380955
5182,1487.0,1375.0,1487.0916072197867
5183,1416.0,1612.0,1579.5943743206512
5184,1356.0,822.0,1325.709007090068
5185,1306.0,1091.0,1056.622964352476
5186,1269.0,596.0,928.3601714774367
5187,1243.0,1141.0,1047.3362732661085
5188,1230.0,1139.0,1237.2032484703143
5189,1230.0,2202.0,1864.260055372521
5190,1243.0,1522.0,1838.7881675346198
5191,1269.0,1671.0,1622.0266895136785
5192,1306.0,447.0,974.8409592096751
5193,1356.0,1196.0,849.2462553409672
5194,1416.0,1581.0,1294.3326416944037
5195,1487.0,1133.0,1343.3638957110743
5196,1566.0,1740.0,1464.5644804458802
5197,1653.0,1651.0,1604.8712964948727
5198,1746.0,1588.0,1776.331700085294
5199,1844.0,2451.0,1976.6035446148599
5200,1945.0,2274.0,2281.1388055932784
5201,2047.0,2558.0,2232.7147371449737
5202,2150.0,2305.0,2213.035392212932
5203,2251.0,2160.0,2098.4004002997463
5204,2349.0,2672.0,2326.5954155552154
5205,2442.0,3271.0,3077.0174301611773
5206,2529.0,3875.0,3677.2055570331836
5207,2608.0,2657.0,2863.6194563227286
5208,2679.0,1814.0,2142.4480800500087
5209,2739.0,2762.0,2571.239090909863
5210,2789.0,2484.0,2569.352823408329
5211,2826.0,2664.0,2663.1896071699275
5212,2852.0,3153.0,2817.7190989053192
5213,2865.0,2872.0,3012.0054239389137
5214,2865.0,2409.0,2773.896362227934
5215,2852.0,2542.0,2603.2780310398434
5216,2826.0,2807.0,2627.4459485589673
5217,2789.0,2816.0,2712.3036385558034
5218,2739.0,3196.0,3023.929624477553
5219,2679.0,2811.0,2937.0749348546415
5220,2608.0,2241.0,2527.8084700994323
5221,2529.0,2813.0,2619.7802571082398
5222,2442.0,2759.0,2765.0380172362566
5223,2349.0,1764.0,2302.0776356727742
5224,2251.0,2448.0,2156.5069242835825
5225,2150.0,2205.0,2324.390467996583
5226,2048.0,1672.0,2132.9657063342484
5227,1945.0,2380.0,2179.7757299716736
5228,1844.0,2162.0,2325.7223760391407
5229,1746.0,1663.0,2036.6596535156937
5230,1653.0,1879.0,1889.844840264455
5231,1566.0,1539.0,1787.268284381859
5232,1487.0,1556.0,1605.4237034587427
5233,1416.0,1581.0,1675.8237889011218
5234,1356.0,982.0,1385.243849531526
5235,1306.0,1319.0,1227.919377135715
5236,1269.0,1204.0,1385.9519914413609
5237,1243.0,696.0,1142.1443870132773
5238,1230.0,753.0,827.3686609328099
5239,1230.0,1458.0,1205.6743987320076
5240,1243.0,1334.0,1477.224071438568
5241,1269.0,1496.0,1532.9529216281858
5242,1306.0,1184.0,1340.3592552514356
5243,1356.0,1286.0,1186.0881567165625
5244,1416.0,1512.0,1370.4947658585713
5245,1487.0,1954.0,1695.532420937139
5246,1566.0,1331.0,1532.1070672654496
5247,1653.0,1042.0,1083.7353742642622
5248,1746.0,1812.0,1577.1627541436549
5249,1844.0,1691.0,1717.6868541706203
5250,1945.0,2024.0,1916.115335809572
5251,2048.0,2016.0,1899.713637920714
5252,2150.0,1799.0,1822.2504828889043
5253,2251.0,1678.0,1679.3849340110685
5254,2349.0,2535.0,2157.864364133646
5255,2442.0,2654.0,2471.4460789157147
5256,2529.0,2948.0,2675.0270727588418
5257,2608.0,2343.0,2472.927442409835
5258,2679.0,2320.0,2186.476034154263
5259,2739.0,1934.0,1998.4569522801467
5260,2789.0,1007.0,1432.7682508757325
5261,2826.0,4095.0,3656.8635873662433
5262,2852.0,3187.0,3485.6634845515205
5263,2865.0,2623.0,3082.3678624458353
5264,2865.0,2894.0,2588.640184227474
5265,2852.0,2929.0,2789.3425732044475
5266,2826.0,3261.0,3058.2601921966216
5267,2789.0,2395.0,2717.057286776092
5268,2739.0,2889.0,2505.384486900004
5269,2679.0,3296.0,2773.0327875110397
5270,2608.0,2392.0,2772.1826426740045
5271,2529.0,2825.0,2691.2392579032085
5272,2442.0,1821.0,2219.05508671897
5273,2349.0,1836.0,1962.8887392352133
5274,2251.0,0.0,1009.4944167678515
5275,2150.0,3124.0,2398.768701126138
5276,2048.0,2022.0,2615.261001851765
5277,1945.0,2337.0,2616.747789291161
5278,1844.0,2133.0,2296.841340195222
5279,1746.0,1969.0,2043.049305819122
5280,1653.0,1686.0,1955.594675982337
5281,1566.0,2890.0,2466.192373903696
5282,1487.0,2139.0,2429.3709113530276
5283,1416.0,1289.0,1470.988891167599
5284,1356.0,1144.0,1304.7070702454048
5285,1306.0,1649.0,1392.8266422721622
5286,1269.0,1115.0,1451.6709083907076
5287,1243.0,1744.0,1597.0979206982431
5288,1230.0,1530.0,1679.2391617131198
5289,1230.0,1316.0,1539.6700373817546
5290,1243.0,369.0,1052.8550740257085
5291,1269.0,1172.0,883.3436216670098
5292,1306.0,1397.0,1275.6485684345653
5293,1356.0,1084.0,1345.3704065865595
5294,1416.0,1251.0,1259.61738880307
5295,1487.0,1623.0,1383.2399345620213
5296,1566.0,2170.0,1970.36609853044
5297,1653.0,1126.0,1546.770123214499
5298,1746.0,2153.0,1629.5345115717437
5299,1844.0,1549.0,1553.1839621275735
5300,1945.0,1337.0,1450.1865083826194
5301,2048.0,1797.0,1522.349694923671
5302,2150.0,2057.0,1804.88291506925
5303,2251.0,2083.0,2047.4413619882375
5304,2349.0,2569.0,2280.6338407676258
5305,2442.0,1801.0,2107.061309245342
5306,2529.0,2885.0,2508.687189584426
5307,2608.0,3079.0,2853.272788231716
5308,2679.0,2925.0,2899.5705328153576
5309,2739.0,2030.0,2259.7432986960926
5310,2789.0,2472.0,2062.97763445449
5311,2826.0,2655.0,2430.366737497241
5312,2852.0,3119.0,2870.3541309322154
5313,2865.0,2576.0,2836.4113660759267
5314,2865.0,3099.0,2719.3009501023253
5315,2852.0,2672.0,2844.8962506521398
5316,2826.0,2549.0,2683.322975714868
5317,2789.0,2252.0,2392.7293354073777
5318,2739.0,2442.0,2255.1479627768817
5319,2679.0,2557.0,2499.101785200749
5320,2608.0,2348.0,2515.423766694723
5321,2529.0,2349.0,2473.177124813516
5322,2442.0,2329.0,2354.792931260865
5323,2349.0,1847.0,1983.5793643795757
5324,2251.0,2651.0,2458.0615266191458
5325,2150.0,1615.0,1783.6153374464259
5326,2047.0,2608.0,2448.9608380519135
5327,1945.0,1390.0,1967.7320311064593
5328,1844.0,2280.0,1995.2946310517634
5329,1746.0,1332.0,1791.2353856028833
5330,1653.0,1540.0,1586.077871121339
5331,1566.0,1789.0,1716.4692477671929
5332,1487.0,946.0,1430.6359879408683
5333,1416.0,1429.0,1416.757035544513
5334,1356.0,1434.0,1405.9418422640242
5335,1306.0,1010.0,1470.213390380961
5336,1269.0,806.0,959.2262192629051
5337,1243.0,1593.0,1323.4713986582292
5338,1230.0,1428.0,1539.7950280063758
5339,1230.0,1356.0,1504.1841600418607
5340,1243.0,1574.0,1491.4714499358747
5341,1269.0,1089.0,1247.8312934439002
5342,1306.0,912.0,1041.7278635062441
5343,1356.0,1161.0,1021.9947630527628
5344,1416.0,1073.0,1095.7091443759143
5345,1487.0,2329.0,2059.58258853418
5346,1566.0,443.0,1408.7210424443379
5347,1653.0,1511.0,1228.5755501918213
5348,1746.0,2333.0,1944.3572777207364
5349,1844.0,1667.0,2078.937501080335
5350,1945.0,2648.0,2119.9765092133084
5351,2048.0,1993.0,2030.6415466277826
5352,2150.0,2273.0,2047.1267687042712
5353,2251.0,2539.0,2161.7350409815303
5354,2349.0,2329.0,2405.4450609980054
5355,2442.0,2286.0,2049.972314652169
5356,2529.0,4095.0,3401.6871931280234
5357,2608.0,2590.0,3121.937395647069
5358,2679.0,2899.0,2675.664674472629
5359,2739.0,2434.0,2438.775362023505
5360,2789.0,2847.0,2657.088233283204
5361,2826.0,2774.0,2747.455870351531
5362,2852.0,2654.0,2719.489971746741
5363,2865.0,3444.0,2982.703559900759
5364,2865.0,3061.0,3136.21982811385
5365,2852.0,2650.0,3070.082945954212
5366,2826.0,2026.0,2239.4852258197166
5367,2789.0,2616.0,2311.793839883453
5368,2739.0,3127.0,2842.0639537631537
5369,2679.0,3078.0,3196.6964294543855
5370,2608.0,3110.0,3117.260134926312
5371,2529.0,2703.0,2834.1167709560373
5372,2442.0,2088.0,2473.4959919593152
5373,2349.0,1766.0,1954.6260802684326
5374,2251.0,2004.0,1907.519235448189
5375,2150.0,4095.0,4000.3496018668707
5376,2047.0,1854.0,2109.2838369516253
5377,1945.0,2184.0,2260.2102360626445
5378,1844.0,645.0,1312.8168868451858
5379,1746.0,1211.0,1156.6336093207399
5380,1653.0,1905.0,1696.4699814619921
5381,1566.0,1815.0,2036.7907054291918
5382,1487.0,1265.0,1688.576956585884
5383,1416.0,1336.0,1368.8604401426958
5384,1356.0,835.0,1436.064472865482
5385,1306.0,1431.0,1251.929568654169
5386,1269.0,799.0,1214.3019486771316
5387,1243.0,750.0,775.4179096550992
5388,1230.0,1533.0,1185.6903709200317
5389,1230.0,1219.0,1500.1473745245921
5390,1243.0,1172.0,1370.7005498300352
5391,1269.0,900.0,1000.5178266960861
5392,1306.0,397.0,673.5826837347203
5393,1356.0,1623.0,1364.3967281094078
5394,1416.0,1524.0,1592.976010676468
5395,1487.0,1200.0,1409.5980888923557
5396,1566.0,1576.0,1281.0826435908361
5397,1653.0,2129.0,1805.9490631801175
5398,1746.0,2021.0,2037.269792528395
5399,1844.0,1676.0,1759.918192395499
5400,1945.0,1563.0,1431.011461956059
5401,2048.0,2525.0,2072.7351428415213
5402,2150.0,2468.0,2437.0092148494455
5403,2251.0,2905.0,2638.8715275422983
5404,2349.0,2908.0,2672.6936033301463
5405,2442.0,2701.0,2636.2673751132083
5406,2529.0,2294.0,2384.5140012566358
5407,2608.0,2853.0,2694.3460246572836
5408,2679.0,2484.0,2487.1403343822244
5409,2739.0,2723.0,2502.9242460759224
5410,2789.0,2877.0,2747.8799024672244
5411,2826.0,4095.0,3828.6257009346264
5412,2852.0,2757.0,3097.4471921571785
5413,2865.0,2995.0,2898.083165779967
5414,2865.0,2270.0,2430.3713137821305
5415,2852.0,3327.0,2986.7489121192943
5416,2826.0,2501.0,2890.900393637481
5417,2789.0,2285.0,2439.67283660417
5418,2739.0,2861.0,2532.288737679261
5419,2679.0,2657.0,2788.396131079231
5420,2608.0,2836.0,3039.799744394324
5421,2529.0,2458.0,2630.0433393739263
5422,2442.0,1740.0,2162.952610249342
5423,2349.0,1648.0,1685.1373097017645
5424,2251.0,2766.0,2336.4660421705635
5425,2150.0,2069.0,2270.887869889201
5426,2048.0,4095.0,3754.3134693325633
5427,1945.0,2026.0,2762.236627296985
5428,1844.0,1256.0,1785.6646075651752
5429,1746.0,670.0,871.4369711581478
5430,1653.0,2878.0,1813.4170130194925
5431,1566.0,0.0,1517.0479808924742
5432,1487.0,1425.0,954.667943246609
5433,1416.0,724.0,1095.030343170652
5434,1356.0,1646.0,1526.775967545429
5435,1306.0,1376.0,1940.7218577925353
5436,1269.0,1645.0,1662.9853672379897
5437,1243.0,1261.0,1427.7339785836416
5438,1230.0,1327.0,1170.8977671046466
5439,1230.0,1420.0,1537.5968656508721
5440,1243.0,1724.0,1356.1800930100405
5441,1269.0,1113.0,1419.913734262649
5442,1306.0,1846.0,1551.497314493713
5443,1356.0,1901.0,1835.3350861993808
5444,1416.0,2289.0,2107.4351140706426
5445,1487.0,1385.0,1457.7260767811517
5446,1566.0,799.0,1011.4664521705021
5447,1653.0,1596.0,1170.1067197240163
5448,1746.0,1797.0,1669.987269186515
5449,1844.0,1755.0,1901.3397125708966
5450,1945.0,2453.0,2028.7429047205899
5451,2047.0,2699.0,2537.0615563653328
5452,2150.0,1976.0,2345.1165874744775
5453,2251.0,2223.0,2065.8942869485495
5454,2349.0,2746.0,2296.4859140031854
5455,2442.0,2090.0,2206.041302591515
5456,2529.0,2617.0,2272.4508123704886
5457,2608.0,1394.0,1845.3620214367868
5458,2679.0,2847.0,2286.9093885108973
5459,2739.0,2914.0,2827.3239254744885
5460,2789.0,2944.0,3062.1459338506106
5461,2826.0,2729.0,2721.804451324112
5462,2852.0,2450.0,2459.5745892701443
5463,2865.0,3300.0,2855.9473507194543
5464,2865.0,2710.0,2863.653983068316
5465,2852.0,2861.0,2815.8493633527655
5466,2826.0,2082.0,2199.1699262438647
5467,2789.0,3142.0,2939.5088575013096
5468,2739.0,3048.0,3090.119921979815
5469,2679.0,3302.0,3277.639723824809
5470,2608.0,2327.0,2760.955132223251
5471,2529.0,2788.0,2491.329539921724
5472,2442.0,2185.0,2500.674402174216
5473,2349.0,1970.0,2156.177777202407
5474,2251.0,2056.0,2080.813304551911
5475,2150.0,1735.0,1891.6331832134274
5476,2048.0,1679.0,1941.7051433672875
5477,1945.0,1481.0,1760.513861950317
5478,1844.0,1856.0,1938.5446309837848
5479,1746.0,1559.0,1718.4400827516704
5480,1653.0,1773.0,1867.9463091651626
5481,1566.0,2466.0,2222.778277721104
5482,1487.0,0.0,1281.8437788640656
5483,1416.0,1116.0,704.082933947884
5484,1356.0,1668.0,1282.05886040704
5485,1306.0,1243.0,1670.6101842749438
5486,1269.0,0.0,754.9474085052167
5487,1243.0,1311.0,704.6340907705946
5488,1230.0,1180.0,1283.6313027000012
5489,1230.0,1722.0,1713.3612118579324
5490,1243.0,854.0,1418.0268308126829
5491,1269.0,1706.0,1137.3670497885525
5492,1306.0,477.0,1019.6704853933777
5493,1356.0,1602.0,1163.9129428593915
5494,1416.0,1347.0,1370.9255292083521
5495,1487.0,1932.0,1540.9183243889008
5496,1566.0,1571.0,1709.4135228001448
5497,1653.0,1369.0,1419.6764846722538
5498,1746.0,1069.0,1212.923076454585
5499,1844.0,1828.0,1336.6618710059763
5500,1945.0,2397.0,2141.1001736438757
5501,2048.0,2833.0,2467.9063447537296
5502,2150.0,2727.0,2701.3351639056714
5503,2251.0,2368.0,2350.9050546145377
5504,2349.0,2378.0,2228.7110914973437
5505,2442.0,3078.0,2842.47184950488
5506,2529.0,1906.0,1977.1068738653207
5507,2608.0,2814.0,2423.29861833566
5508,2679.0,3214.0,2910.5381036318254
5509,2739.0,2963.0,3125.7148743025346
5510,2789.0,2309.0,2668.7447488562248
5511,2826.0,3045.0,2592.8460739989373
5512,2852.0,1349.0,2114.1956391800577
5513,2865.0,2896.0,2391.9039313746
5514,2865.0,2448.0,2633.5587206994915
5515,2852.0,2756.0,2679.302886345484
5516,2826.0,1350.0,2100.631164368105
5517,2789.0,3322.0,2453.299027583988
5518,2739.0,1873.0,2607.547259955134
5519,2679.0,3619.0,2889.985291976192
5520,2608.0,3179.0,3298.677232302489
5521,2529.0,1634.0,2299.0097182640475
5522,2442.0,1839.0,1747.497948006464
5523,2349.0,2850.0,2196.742608989543
5524,2251.0,2075.0,2607.7097880117403
5525,2150.0,2876.0,2445.340785402337
5526,2048.0,2495.0,2727.9610030923154
5527,1945.0,223.0,1392.047464646325
5528,1844.0,129.0,435.71728343778864
5529,1746.0,1731.0,1040.2413819308033
5530,1653.0,1056.0,1591.3422614966694
5531,1566.0,1859.0,1772.030744600731
5532,1487.0,1848.0,1990.6506436676277
5533,1416.0,2172.0,2143.095056121445
5534,1356.0,1017.0,1758.3070196908284
5535,1306.0,1595.0,1411.820546232428
5536,1269.0,0.0,514.8392117516826
5537,1243.0,1358.0,611.3404387185781
5538,1230.0,695.0,1044.7022241420543
5539,1230.0,695.0,869.7369834710863
5540,1243.0,982.0,981.5842768521841
5541,1269.0,1520.0,1392.425699769227
5542,1306.0,544.0,1259.3123664572788
5543,1356.0,1563.0,1073.4565376408339
5544,1416.0,1424.0,1448.5241283368975
5545,1487.0,1269.0,1249.6935653129551
5546,1566.0,1560.0,1392.2390174714867
5547,1653.0,1833.0,1532.8136298747454
5548,1746.0,1597.0,1602.495410848014
5549,1844.0,2374.0,1882.7129518697714
5550,1945.0,2209.0,2191.8121408258935
5551,2048.0,1920.0,1891.5865367552085
5552,2150.0,2007.0,1865.0982868327624
5553,2251.0,1565.0,1643.3347636257574
5554,2349.0,532.0,994.061269622285
5555,2442.0,1922.0,1602.2695581730313
5556,2529.0,2790.0,2401.35044718498
5557,2608.0,3010.0,3008.8678067145615
5558,2679.0,2371.0,2739.5969178863957
5559,2739.0,2745.0,2574.464941602522
5560,2789.0,4095.0,3431.667734584118
5561,2826.0,2981.0,3376.836554625984
5562,2852.0,2537.0,2565.871618333256
5563,2865.0,2536.0,2026.5778015443045
5564,2865.0,2730.0,2476.4617193438658
5565,2852.0,3324.0,3082.852917741706
5566,2826.0,3530.0,3453.2828913610665
5567,2789.0,2647.0,2942.29075260668
5568,2739.0,2606.0,2579.9805419471604
5569,2679.0,3166.0,2971.845293597235
5570,2608.0,3012.0,3106.2444708619514
5571,2529.0,2563.0,2784.4846985923414
5572,2442.0,2163.0,2293.246326347336
5573,2349.0,2396.0,2275.8915198453233
5574,2251.0,2299.0,2475.748470621945
5575,2150.0,2260.0,2486.877062986932
5576,2047.0,1769.0,2076.02282614948
5577,1945.0,2462.0,2277.078162741726
5578,1844.0,1724.0,1910.645318837668
5579,1746.0,1808.0,1976.171493195542
5580,1653.0,1489.0,1688.048982465137
5581,1566.0,1177.0,1418.847578077679
5582,1487.0,467.0,976.9650232757986
5583,1416.0,1530.0,1252.2060543880175
5584,1356.0,2002.0,1912.0847792491186
5585,1306.0,1531.0,1948.4642539982651
5586,1269.0,460.0,1166.6815236134034
5587,1243.0,1891.0,1590.8455201855231
5588,1230.0,1768.0,1829.3374975146457
5589,1230.0,1183.0,1606.1711873854829
5590,1243.0,1270.0,1136.8303514903162
5591,1269.0,1709.0,1283.5983845877115
5592,1306.0,1167.0,1499.7051095268052
5593,1356.0,1808.0,1601.8826155406418
5594,1416.0,1615.0,1660.8186303817095
5595,1487.0,1628.0,1524.637002602927
5596,1566.0,1625.0,1653.4071767567168
5597,1653.0,2417.0,2002.8147774372735
5598,1746.0,2038.0,2121.945574916978
5599,1844.0,1764.0,1840.2389822618652
5600,1945.0,2066.0,1809.9281104531115
5601,2048.0,1749.0,1759.7123828129356
5602,2150.0,1601.0,1698.770211138878
5603,2251.0,2806.0,2449.3363972208713
5604,2349.0,2122.0,2392.6085657371514
5605,2442.0,2969.0,2564.934938328595
5606,2529.0,3227.0,2987.84069526896
5607,2608.0,2479.0,2748.020395219142
5608,2679.0,2802.0,2491.735851696748
5609,2739.0,3201.0,2768.444212296014
5610,2789.0,2962.0,2924.1278738749634
5611,2826.0,2999.0,2802.281810966356
5612,2852.0,2388.0,2615.278199841085
5613,2865.0,2822.0,2516.686419168198
5614,2865.0,2537.0,2681.155724442149
5615,2852.0,2854.0,2811.4023600252194
5616,2826.0,2683.0,2729.082264909836
5617,2789.0,3200.0,2976.5269069347573
5618,2739.0,2696.0,2951.3479919902697
5619,2679.0,2213.0,2504.4600099946856
5620,2608.0,3321.0,3058.9212021032345
5621,2529.0,3104.0,3117.086910698662
5622,2442.0,2519.0,2773.842733728653
5623,2349.0,2097.0,2226.6898632158423
5624,2251.0,2130.0,2093.353912081968
5625,2150.0,2248.0,2242.4016782278936
5626,2047.0,1967.0,2278.4005426167955
5627,1945.0,2037.0,2107.4501992920145
5628,1844.0,2438.0,2260.4063380189195
5629,1746.0,1553.0,2127.261021509629
5630,1653.0,1269.0,1616.2478783854194
5631,1566.0,1362.0,1360.598911047593
5632,1487.0,1375.0,1462.2529723972334
5633,1416.0,868.0,1289.0648621183407
5634,1356.0,1315.0,1251.3520565650922
5635,1306.0,1585.0,1547.073957324842
5636,1269.0,1175.0,1423.1902536275193
5637,1243.0,1746.0,1640.191684949516
5638,1230.0,1151.0,1394.9670350216572
5639,1230.0,3992.0,3679.0929268137447
5640,1243.0,1043.0,2353.6738444624752
5641,1269.0,1429.0,1310.6618217188818
5642,1306.0,3578.0,2489.488316628218
5643,1356.0,1158.0,1900.2685936223515
5644,1416.0,1685.0,1567.8256254778391
5645,1487.0,1240.0,1115.0766566391876
5646,1566.0,2419.0,1911.2690281397345
5647,1653.0,1873.0,2088.2255194345403
5648,1746.0,513.0,1543.6498282044017
5649,1844.0,2576.0,2048.1695229782144
5650,1945.0,0.0,1195.6004068845468
5651,2048.0,1815.0,1434.3531924812019
5652,2150.0,1912.0,1628.9399260056043
5653,2251.0,2482.0,2355.5196221878227
5654,2349.0,2407.0,2409.942502291634
5655,2442.0,2460.0,2460.0304725974083
5656,2529.0,2072.0,2172.6452521100437
5657,2608.0,2958.0,2208.6700184471674
5658,2679.0,4095.0,3667.2144656438145
5659,2739.0,2454.0,2742.0748586184523
5660,2789.0,3181.0,2739.017213285291
5661,2826.0,3125.0,2795.205507095944
5662,2852.0,2788.0,2933.074818990337
5663,2865.0,2497.0,2572.1450440247727
5664,2865.0,3260.0,2753.1506937916815
5665,2852.0,3041.0,3027.649764875281
5666,2826.0,2556.0,2881.9003170751844
5667,2789.0,3057.0,2958.210621629625
5668,2739.0,2958.0,2906.6001386150906
5669,2679.0,2712.0,2940.5813234459765
5670,2608.0,3188.0,2963.5328803577445
5671,2529.0,1929.0,2515.1704208857677
5672,2442.0,3021.0,2561.170861884317
5673,2349.0,2489.0,2745.459052567565
5674,2251.0,2899.0,2852.5674801373643
5675,2150.0,1994.0,2412.6209362834284
5676,2048.0,1858.0,2025.7143608488036
5677,1945.0,1874.0,1929.628463131472
5678,1844.0,1437.0,1777.4906999972393
5679,1746.0,1779.0,1847.2958751445753
5680,1653.0,1496.0,1660.9216011617227
5681,1566.0,953.0,1498.2609571269695
5682,1487.0,1531.0,1407.682736597909
5683,1416.0,1409.0,1660.898341785357
5684,1356.0,1536.0,1641.028754043102
5685,1306.0,984.0,1320.2056042753463
5686,1269.0,1504.0,1322.3331154870057
5687,1243.0,1202.0,1346.4371320611128
5688,1230.0,3968.0,3495.3365320791754
5689,1230.0,253.0,2012.2423064148272
5690,1243.0,4095.0,3676.382742119377
5691,1269.0,926.0,2057.288021088846
5692,1306.0,1080.0,1178.6565824197612
5693,1356.0,438.0,498.8306837752335
5694,1416.0,1856.0,1081.768922952556
5695,1487.0,1247.0,1694.8132254299676
5696,1566.0,2079.0,1780.8793065927591
5697,1653.0,1059.0,1870.1106507578513
5698,1746.0,2237.0,1519.7124558510936
5699,1844.0,2378.0,2551.134785690491
5700,1945.0,1341.0,1774.4879963309727
5701,2047.0,2296.0,1680.4105408094188
5702,2150.0,2216.0,1908.9270742810038
5703,2251.0,2664.0,2494.3721064798497
5704,2349.0,2155.0,2239.5591256421158
5705,2442.0,4095.0,3433.344713112043
5706,2529.0,2595.0,3051.742120624841
5707,2608.0,2358.0,2492.126651449824
5708,2679.0,2217.0,2049.0077240417613
5709,2739.0,2391.0,2089.0025385375775
5710,2789.0,2394.0,2414.037344052375
5711,2826.0,3183.0,2783.1520417853444
5712,2852.0,2989.0,3093.2423339053003
5713,2865.0,2690.0,2798.1037556871674
5714,2865.0,2632.0,2809.9197120364147
5715,2852.0,2648.0,2562.9571367988683
5716,2826.0,3016.0,2844.540970445342
5717,2789.0,2824.0,2835.3480724242845
5718,2739.0,3326.0,3175.876751659214
5719,2679.0,2701.0,2912.361599750695
5720,2608.0,2258.0,2516.5764945031424
5721,2529.0,2295.0,2260.818732698988
5722,2442.0,2019.0,2158.686033841924
5723,2349.0,2698.0,2446.8345141951772
5724,2251.0,2463.0,2623.2443310522804
5725,2150.0,1783.0,2290.1521283748507
5726,2048.0,2466.0,2247.4204171128645
5727,1945.0,1801.0,2239.434487179683
5728,1844.0,1279.0,1715.6497436301686
5729,1746.0,1283.0,1299.8296229933014
5730,1653.0,1535.0,1489.844253938409
5731,1566.0,1343.0,1592.662779397269
5732,1487.0,1403.0,1601.1124253024277
5733,1416.0,1724.0,1717.555922132642
5734,1356.0,1275.0,1573.6066847584495
5735,1306.0,1072.0,1352.2153782611451
5736,1269.0,1497.0,1299.0099308948497
5737,1243.0,2185.0,1972.5649773201792
5738,1230.0,1260.0,1519.8710006349056
5739,1230.0,997.0,1157.9378786019354
5740,1243.0,1633.0,1401.4670363663931
5741,1269.0,979.0,1312.4581207101678
5742,1306.0,826.0,1045.5633438382586
5743,1356.0,1995.0,1605.6114639312918
5744,1416.0,2281.0,2102.882217019591
5745,1487.0,1780.0,2124.692203964687
5746,1566.0,2082.0,1940.5908079941487
5747,1653.0,1665.0,1686.3619340998482
5748,1746.0,2063.0,1758.0559930997597
5749,1844.0,2040.0,1959.8850333300993
5750,1945.0,2589.0,2327.0465162874475
5751,2047.0,2343.0,2257.645412436798
5752,2150.0,0.0,1181.3315359728765
5753,2251.0,2477.0,2085.6632054602414
5754,2349.0,3030.0,2741.5267741536604
5755,2442.0,2258.0,2639.419123657445
5756,2529.0,2999.0,2554.893884276127
5757,2608.0,2078.0,2307.6492002219
5758,2679.0,3453.0,2906.8063243325364
5759,2739.0,2153.0,2682.825786384301
5760,2789.0,3041.0,2610.094224235422
5761,2826.0,3900.0,2968.3134473069413
5762,2852.0,2983.0,3406.567993823917
5763,2865.0,2974.0,3018.4655038810706
5764,2865.0,2861.0,2650.7191011406576
5765,2852.0,3418.0,3129.159756535746
5766,2826.0,2076.0,2626.4004179689946
5767,2789.0,2876.0,2579.5066865608424
5768,2739.0,3565.0,3038.3565391275997
5769,2679.0,2798.0,3299.4321322672267
5770,2608.0,1793.0,2500.393615920214
5771,2529.0,2037.0,1868.0769523167621
5772,2442.0,2213.0,2180.3987302780015
5773,2349.0,3346.0,2947.4887359454715
5774,2251.0,1868.0,2764.169926109958
5775,2150.0,2170.0,2057.248139758887
5776,2047.0,2483.0,2295.106999734466
5777,1945.0,1578.0,2255.9726548808267
5778,1844.0,1643.0,1760.3215637315852
5779,1746.0,950.0,1199.3802901771592
5780,1653.0,1464.0,1337.862268158604
5781,1566.0,1275.0,1500.2600729738895
5782,1487.0,2244.0,2111.3126468824003
5783,1416.0,1467.0,1829.5768744387753
5784,1356.0,1347.0,1558.6610271001264
5785,1306.0,3526.0,2963.254361863484
5786,1269.0,1531.0,2203.3385330662936
5787,1243.0,1367.0,1542.8582511343648
5788,1230.0,1164.0,907.3183290198149
5789,1230.0,1177.0,1138.9921738636103
5790,1243.0,1309.0,1306.6014069937191
5791,1269.0,0.0,795.7870685397014
5792,1306.0,1107.0,686.731583023522
5793,1356.0,1780.0,1453.8122796117227
5794,1416.0,1723.0,2218.13197730021
5795,1487.0,1691.0,1781.2666659228016
5796,1566.0,1640.0,1563.6428050165052
5797,1653.0,2073.0,1759.8344577162347
5798,1746.0,1528.0,1689.8012365118134
5799,1844.0,1954.0,1667.404390767315
5800,1945.0,1894.0,1605.283089189346
5801,2047.0,1700.0,1725.8130568816844
5802,2150.0,2568.0,2471.939641419519
5803,2251.0,2145.0,2275.8431489504283
5804,2349.0,2570.0,2354.487375853754
5805,2442.0,2870.0,2555.9771612462196
5806,2529.0,2860.0,2792.828087899152
5807,2608.0,2460.0,2504.4232534613625
5808,2679.0,1919.0,2033.8930180521513
5809,2739.0,3389.0,2987.0291328245944
5810,2789.0,2798.0,2916.056214698923
5811,2826.0,1936.0,2466.8260398734587
5812,2852.0,2117.0,1899.3242580130686
5813,2865.0,2970.0,2497.706037620088
5814,2865.0,2141.0,2387.392340548301
5815,2852.0,4095.0,3218.8117921215653
5816,2826.0,3376.0,3567.1360260383176
5817,2789.0,2831.0,3078.453386561452
5818,2739.0,2401.0,2555.434251515646
5819,2679.0,580.0,1391.570196214451
5820,2608.0,3124.0,2644.7095008703923
5821,2529.0,2107.0,2509.8648668721858
5822,2442.0,2245.0,2551.449595505718
5823,2349.0,2519.0,2315.5148130602565
5824,2251.0,3797.0,3373.051313598957
5825,2150.0,1767.0,2949.36203299337
5826,2047.0,1811.0,1894.7674034510753
5827,1945.0,1888.0,1667.9698778379634
5828,1844.0,3030.0,2286.0728588867023
5829,1746.0,1888.0,2421.928896988566
5830,1653.0,1458.0,1720.6667551460632
5831,1566.0,1359.0,1369.4085554531136
5832,1487.0,1549.0,1564.7011948407553
5833,1416.0,2017.0,2166.6556105770833
5834,1356.0,1311.0,1702.0227691280559
5835,1306.0,1247.0,1364.9094627823956
5836,1269.0,1757.0,1521.1536624178088
5837,1243.0,1414.0,1814.9673038745202
5838,1230.0,1525.0,1579.743970796528
5839,1230.0,874.0,1152.835651046558
5840,1243.0,1652.0,1282.0004539995725
5841,1269.0,1966.0,1805.999700168439
5842,1306.0,1293.0,1725.1403498441746
5843,1356.0,935.0,1102.128751457256
5844,1416.0,1006.0,883.6015179885801
5845,1487.0,1626.0,1392.6723466995861
5846,1566.0,1850.0,1787.1974700168491
5847,1653.0,1356.0,1649.3046832479868
5848,1746.0,1731.0,1455.6682280524249
5849,1844.0,2280.0,1957.4273183000696
5850,1945.0,1997.0,2100.668600242924
5851,2048.0,1613.0,1727.7169790042785
5852,2150.0,2686.0,2522.360284943594
5853,2251.0,2291.0,2296.3256703550114
5854,2349.0,2837.0,2553.559509949963
5855,2442.0,2491.0,2496.723788280413
5856,2529.0,2341.0,2252.806002191186
5857,2608.0,3136.0,2700.1371272884153
5858,2679.0,2128.0,2418.9867598843784
5859,2739.0,2176.0,2131.7389637010024
5860,2789.0,2849.0,2299.7899980699785
5861,2826.0,2992.0,2954.4663143918847
5862,2852.0,4095.0,3584.66163913056
5863,2865.0,2673.0,2970.2613607546286
5864,2865.0,2482.0,2534.186703042093
5865,2852.0,3476.0,2857.440571261084
5866,2826.0,3129.0,3288.522052525348
5867,2789.0,2606.0,2839.9613482922755
5868,2739.0,2865.0,2561.4612137439694
5869,2679.0,3555.0,3162.984603154579
5870,2608.0,2982.0,3317.5525876957904
5871,2529.0,1518.0,2441.562136289518
5872,2442.0,2502.0,2353.0747433455563
5873,2349.0,2719.0,2539.8896099761278
5874,2251.0,2640.0,2775.4766944985654
5875,2150.0,2238.0,2547.554553426535
5876,2047.0,1574.0,1909.9039411990325
5877,1945.0,467.0,1153.8261840980988
5878,1844.0,1887.0,1436.9421644355268
5879,1746.0,1483.0,1864.710430241597
5880,1653.0,1568.0,1716.918723880919
5881,1566.0,834.0,1343.4969369897624
5882,1487.0,0.0,644.0094987885906
5883,1416.0,1122.0,808.7336363862169
5884,1356.0,1465.0,1473.1213890651238
5885,1306.0,1456.0,1666.1949767554597
5886,1269.0,1108.0,1190.0280806805497
5887,1243.0,1809.0,1509.880476619638
5888,1230.0,1223.0,1506.752616862061
5889,1230.0,1227.0,1290.74406246837
5890,1243.0,696.0,809.2325817748716
5891,1269.0,1032.0,703.3828115463389
5892,1306.0,949.0,1000.4091552669826
5893,1356.0,638.0,909.5233411789613
5894,1416.0,1646.0,1311.2705475107966
5895,1487.0,758.0,1201.4090680789793
5896,1566.0,2249.0,1729.5089361347034
5897,1653.0,1407.0,1711.009444103026
5898,1746.0,1783.0,1632.6493871338241
5899,1844.0,2358.0,1838.4449039373446
5900,1945.0,1988.0,2032.6891282490003
5901,2048.0,2083.0,1917.7899621538754
5902,2150.0,2181.0,1843.3861098720681
5903,2251.0,2531.0,2271.3520646763495
5904,2349.0,2357.0,2218.3795272888296
5905,2442.0,3025.0,2661.4699181829847
5906,2529.0,2814.0,2716.682626355755
5907,2608.0,2741.0,2671.3081375372917
5908,2679.0,2360.0,2448.2302172953273
5909,2739.0,2738.0,2530.4890182901686
5910,2789.0,2903.0,2714.120943163796
5911,2826.0,2542.0,2678.7194595290694
5912,2852.0,2591.0,2551.859517160162
5913,2865.0,2795.0,2616.23089623664
5914,2865.0,546.0,1637.828769612052
5915,2852.0,2677.0,2247.7373586185445
5916,2826.0,3221.0,2878.5876008850632
5917,2789.0,3156.0,3408.0055396464227
5918,2739.0,2421.0,2832.8673024441505
5919,2679.0,2453.0,2358.7879417839013
5920,2608.0,2247.0,2266.2919981274854
5921,2529.0,2521.0,2419.5733700058527
5922,2442.0,1880.0,2217.674486707904
5923,2349.0,2357.0,2017.4624289146898
5924,2251.0,1872.0,2166.5046020153004
5925,2150.0,2492.0,2399.5581264137504
5926,2048.0,1493.0,2115.5295568650686
5927,1945.0,2070.0,1887.0469809385013
5928,1844.0,2259.0,2169.0809494646423
5929,1746.0,1421.0,1839.3454134017882
5930,1653.0,3860.0,3108.2124198440556
5931,1566.0,1986.0,2764.166770402415
5932,1487.0,1652.0,2003.1583485574595
5933,1416.0,1630.0,1407.9440698750968
5934,1356.0,869.0,1281.2871823296528
5935,1306.0,868.0,958.459263616805
5936,1269.0,1333.0,1210.2181856674
5937,1243.0,1388.0,1577.3748259906247
5938,1230.0,1400.0,1507.565419187772
5939,1230.0,1341.0,1734.7874250656796
5940,1243.0,1721.0,1618.5097063643066
5941,1269.0,936.0,1358.3386634988592
5942,1306.0,960.0,1002.2721706592985
5943,1356.0,1544.0,1379.842010331101
5944,1416.0,1527.0,1490.977899517893
5945,1487.0,999.0,1331.7898953938081
5946,1566.0,1132.0,1065.171728658886
5947,1653.0,1240.0,1171.373186175705
5948,1746.0,1904.0,1774.8007542200112
5949,1844.0,2238.0,2107.6525334351663
5950,1945.0,1767.0,1907.4280782051287
5951,2047.0,2083.0,1794.033390707748
5952,2150.0,2819.0,2610.9537140394004
5953,2251.0,2268.0,2341.4996547682067
5954,2349.0,2925.0,2418.8392080422796
5955,2442.0,2161.0,2244.6202623332792
5956,2529.0,2968.0,2474.5184789093555
5957,2608.0,2028.0,2335.3038606657287
5958,2679.0,2990.0,2504.0279491325746
5959,2739.0,2727.0,2671.732856932041
5960,2789.0,2751.0,2724.3673795603227
5961,2826.0,2262.0,2506.167764025336
5962,2852.0,3102.0,2604.440881253855
5963,2865.0,3446.0,3271.709683642725
5964,2865.0,3138.0,3233.635434146654
5965,2852.0,2770.0,2936.7422629753246
5966,2826.0,2368.0,2366.271599493816
5967,2789.0,3381.0,3071.4469413448096
5968,2739.0,2516.0,2832.27333254557
5969,2679.0,2789.0,2724.9390891770954
5970,2608.0,2274.0,2394.022826319653
5971,2529.0,2250.0,2366.820059741381
5972,2442.0,3021.0,2770.088392149084
5973,2349.0,1855.0,2065.6189009869418
5974,2251.0,2178.0,2152.0053681321383
5975,2150.0,2693.0,2356.0393213879893
5976,2048.0,2003.0,2546.192904640111
5977,1945.0,1936.0,2081.4249939849224
5978,1844.0,1946.0,1952.7169905537398
5979,1746.0,2465.0,2248.2261151585167
5980,1653.0,2006.0,2289.3701761631924
5981,1566.0,1361.0,1842.9635133317402
5982,1487.0,1645.0,1464.2366356289403
5983,1416.0,1153.0,1443.304554409385
5984,1356.0,837.0,1234.8231239023285
5985,1306.0,1498.0,1255.3679699075403
5986,1269.0,856.0,1291.2904856325686
5987,1243.0,1058.0,1182.5863714009718
5988,1230.0,1708.0,1529.8250492888774
5989,1230.0,935.0,1458.587612493319
5990,1243.0,1084.0,1101.5386328723314
5991,1269.0,1052.0,1050.7737998606956
5992,1306.0,1417.0,1255.8304654415354
5993,1356.0,873.0,1119.4184141563048
5994,1416.0,1699.0,1338.8997895202474
5995,1487.0,1762.0,1618.7840505110346
5996,1566.0,2031.0,1894.4617348453723
5997,1653.0,1762.0,1877.936503127872
5998,1746.0,2497.0,2167.4539398813104
5999,1844.0,2298.0,2208.939070533972
6000,1945.0,1935.0,1983.1989992322704
6001,2047.0,1757.0,1696.8637174429282
6002,2150.0,2093.0,1709.7263970094382
6003,2251.0,2335.0,2252.570039794936
6004,2349.0,2719.0,2503.0105129766134
6005,2442.0,2579.0,2610.826477488985
6006,2529.0,2320.0,2359.6859106637385
6007,2608.0,2705.0,2632.142905336295
6008,2679.0,2788.0,2666.6381165119387
6009,2739.0,2337.0,2465.9045244934964
6010,2789.0,2865.0,2659.6160155026887
6011,2826.0,2505.0,2560.136105828178
6012,2852.0,1653.0,2105.63403787869
6013,2865.0,2173.0,1939.876674239064
6014,2865.0,3205.0,2765.153879343181
6015,2852.0,2853.0,3097.837221772076
6016,2826.0,2278.0,2652.802167267087
6017,2789.0,3246.0,2891.6927609949353
6018,2739.0,2883.0,2953.698920373994
6019,2679.0,2716.0,2881.9065499406765
6020,2608.0,2341.0,2406.3374852463144
6021,2529.0,3707.0,3435.9118527343207
6022,2442.0,2717.0,3113.0457185838864
6023,2349.0,1176.0,2100.0636136914927
6024,2251.0,2286.0,1795.0687931281916
6025,2150.0,2389.0,2253.2381335794303
6026,2047.0,2246.0,2646.9464467530743
6027,1945.0,884.0,1686.6950836489405
6028,1844.0,1440.0,1268.0100056735614
6029,1746.0,1511.0,1556.6114591632256
6030,1653.0,1172.0,1758.9812950428789
6031,1566.0,1756.0,1673.4208887537352
6032,1487.0,2255.0,1935.850181234128
6033,1416.0,1357.0,1697.1485421360328
6034,1356.0,986.0,1302.9759561825135
6035,1306.0,1476.0,1241.5139741593161
6036,1269.0,1261.0,1293.2140778618223
6037,1243.0,1420.0,1426.9741517490052
6038,1230.0,1686.0,1544.4466080717657
6039,1230.0,1691.0,1664.5597465579265
6040,1243.0,888.0,1364.581189527757
6041,1269.0,1173.0,1130.9020458362463
6042,1306.0,957.0,1017.2876584200544
6043,1356.0,976.0,997.9790939801433
6044,1416.0,1124.0,1114.5453067795506
6045,1487.0,1192.0,1195.073233663971
6046,1566.0,1083.0,1210.3952847264568
6047,1653.0,1911.0,1818.789909932238
6048,1746.0,2970.0,2632.5419624284955
6049,1844.0,2124.0,2317.961015691064
6050,1945.0,2517.0,2194.462543709041
6051,2047.0,2078.0,1953.5611639832814
6052,2150.0,2856.0,2563.1276750323323
6053,2251.0,2562.0,2468.680989244941
6054,2349.0,1852.0,2042.2382017751142
6055,2442.0,2195.0,1911.499452426373
6056,2529.0,2782.0,2381.4094660588057
6057,2608.0,2436.0,2753.01896628684
6058,2679.0,2142.0,2290.9647883868183
6059,2739.0,3360.0,3054.816414782532
6060,2789.0,4095.0,3618.520794929208
6061,2826.0,2295.0,2652.0189812486997
6062,2852.0,2968.0,2540.20455854988
6063,2865.0,2931.0,2587.116009115566
6064,2865.0,2688.0,2791.013893854519
6065,2852.0,632.0,1682.4591150210176
6066,2826.0,1011.0,826.3564076924749
6067,2789.0,2389.0,1699.303904330123
6068,2739.0,2147.0,2654.3004475497946
6069,2679.0,2706.0,2893.8320709460795
6070,2608.0,3037.0,2825.533407292002
6071,2529.0,2638.0,2917.092067443643
6072,2442.0,2415.0,2568.0818162028586
6073,2349.0,2555.0,2414.5709404909453
6074,2251.0,2170.0,2042.4014664087542
6075,2150.0,2062.0,1924.5986661307202
6076,2047.0,1203.0,1629.961881084824
6077,1945.0,1560.0,1442.7907223803231
6078,1844.0,2315.0,2169.9186272223865
6079,1746.0,1982.0,2222.229550049228
6080,1653.0,2158.0,2254.396732496629
6081,1566.0,1883.0,2030.9938447258364
6082,1487.0,1078.0,1582.4997606247107
6083,1416.0,2046.0,1832.4819521109296
6084,1356.0,1127.0,1570.0805352457326
6085,1306.0,1213.0,1233.6619628308604
6086,1269.0,1444.0,1297.4521793795532
6087,1243.0,1586.0,1669.4473410675348
6088,1230.0,834.0,1365.4436178450119
6089,1230.0,631.0,863.413233403981
6090,1243.0,1374.0,1073.341172956153
6091,1269.0,755.0,1027.6602471034225
6092,1306.0,2729.0,1951.9552227927709
6093,1356.0,0.0,1268.8413597754932
6094,1416.0,604.0,456.3931939479967
6095,1487.0,1816.0,1048.7857875026975
6096,1566.0,1987.0,2019.1915486081814
6097,1653.0,1509.0,1808.016587184911
6098,1746.0,1620.0,1380.2804607967205
6099,1844.0,1870.0,1649.4823924260365
6100,1945.0,2256.0,2177.7185596528266
6101,2048.0,2355.0,2404.0795575653474
6102,2150.0,1664.0,1696.0713324683925
6103,2251.0,2368.0,1843.61574287766
6104,2349.0,149.0,1175.9279447474512
6105,2442.0,2337.0,1642.7061406086777
6106,2529.0,2898.0,2432.360207831445
6107,2608.0,1979.0,2590.028463158376
6108,2679.0,3532.0,2928.0831974884472
6109,2739.0,2824.0,2962.222551311347
6110,2789.0,3019.0,2956.281990648646
6111,2826.0,2757.0,2591.693060317277
6112,2852.0,3139.0,2809.220217325042
6113,2865.0,3283.0,2800.7385861751413
6114,2865.0,2716.0,2913.012789395826
6115,2852.0,2065.0,2380.215457430124
6116,2826.0,2729.0,2496.5347131166886
6117,2789.0,2416.0,2684.961171512113
6118,2739.0,2226.0,2450.9646142784477
6119,2679.0,2664.0,2510.8795285716387
6120,2608.0,3539.0,3217.8687778378353
6121,2529.0,2626.0,3002.69136978925
6122,2442.0,2191.0,2513.670931773939
6123,2349.0,2142.0,2073.4871555253544
6124,2251.0,3006.0,2629.182039247868
6125,2150.0,3890.0,3738.3193980599394
6126,2047.0,2791.0,3149.5712566595867
6127,1945.0,3712.0,3160.059038507448
6128,1844.0,1437.0,2387.5208249823945
6129,1746.0,1468.0,1638.3415776832783
6130,1653.0,772.0,1025.0225167186982
6131,1566.0,1356.0,1198.9506510270528
6132,1487.0,1788.0,1753.4371146433352
6133,1416.0,2998.0,2719.561637478194
6134,1356.0,1770.0,2750.5267438904875
6135,1306.0,1282.0,1722.5657732651725
6136,1269.0,1531.0,1547.0049886944666
6137,1243.0,3353.0,2967.429230496953
6138,1230.0,1490.0,1618.4849533893687
6139,1230.0,3138.0,2295.0326723547514
6140,1243.0,1835.0,2156.5597853367854
6141,1269.0,1494.0,1739.311763989797
6142,1306.0,1735.0,1663.2997554685137
6143,1356.0,1870.0,1744.3953582152883
6144,1416.0,1222.0,1571.6611689865656
6145,1487.0,0.0,645.2049054848258
6146,1566.0,1729.0,1146.002270938764
6147,1653.0,1362.0,1565.3764726173144
6148,1746.0,975.0,1638.9110104945785
6149,1844.0,1793.0,1429.0142901792142
6150,1945.0,1306.0,1513.3683636299895
6151,2048.0,2527.0,2056.2231211336175
6152,2150.0,2124.0,2266.2016906519934
6153,2251.0,1917.0,1954.4274960573953
6154,2349.0,2182.0,1699.7312399468813
6155,2442.0,1829.0,1896.1282592051396
6156,2529.0,2277.0,1976.3139294153036
6157,2608.0,2660.0,2256.7825386730674
6158,2679.0,4095.0,3774.2054455629545
6159,2739.0,2560.0,3021.408560289755
6160,2789.0,2500.0,2521.7230989508016
6161,2826.0,2375.0,2153.866781840142
6162,2852.0,2946.0,2679.0170180647506
6163,2865.0,2898.0,2875.9513182810692
6164,2865.0,2600.0,2650.2403977903164
6165,2852.0,2409.0,2436.703410125169
6166,2826.0,3337.0,2955.698242655098
6167,2789.0,3548.0,3628.3372527593883
6168,2739.0,3125.0,3321.8975411238084
6169,2679.0,2855.0,2869.4708187192996
6170,2608.0,2237.0,2385.5921780574104
6171,2529.0,2795.0,2686.5446470906554
6172,2442.0,2294.0,2540.6216082760648
6173,2349.0,2703.0,2568.0338609436058
6174,2251.0,2579.0,2610.2791330952773
6175,2150.0,1979.0,2448.4891496732303
6176,2048.0,1982.0,2163.520800567671
6177,1945.0,1737.0,1949.4482590484276
6178,1844.0,2287.0,2172.684161429854
6179,1746.0,1379.0,1884.034475495633
6180,1653.0,1181.0,1479.2254013003746
6181,1566.0,2079.0,1740.471973132138
6182,1487.0,1236.0,1832.452063231749
6183,1416.0,2010.0,1870.2711926076408
6184,1356.0,1826.0,1881.223157204358
6185,1306.0,1597.0,1810.8598143459938
6186,1269.0,577.0,1102.4460106337817
6187,1243.0,1111.0,938.9909049663419
6188,1230.0,1781.0,1422.3242675725783
6189,1230.0,1673.0,1786.5525704491254
6190,1243.0,1127.0,1551.4448717708688
6191,1269.0,388.0,713.620446707608
6192,1306.0,1725.0,1233.525286882043
6193,1356.0,1295.0,1574.636948730525
6194,1416.0,1730.0,1669.2663798352507
6195,1487.0,1774.0,1575.2715258823673
6196,1566.0,254.0,980.581696390468
6197,1653.0,1369.0,940.7261853285481
6198,1746.0,1039.0,1159.93456061955
6199,1844.0,1771.0,1523.6905344385748
6200,1945.0,2112.0,1794.0923192113694
6201,2047.0,1653.0,1919.6917133920533
6202,2150.0,2509.0,2246.0357277795847
6203,2251.0,2451.0,2352.3454849771183
6204,2349.0,2495.0,2448.1777262034
6205,2442.0,4095.0,3434.4423631578966
6206,2529.0,3895.0,3699.5296034538387
6207,2608.0,3083.0,3242.639482910702
6208,2679.0,3098.0,2743.951296142012
6209,2739.0,2816.0,2649.6431667100323
6210,2789.0,2932.0,2685.435905570929
6211,2826.0,2900.0,2846.1002690526157
6212,2852.0,3001.0,2895.2429126644406
6213,2865.0,2717.0,2803.358233431298
6214,2865.0,2845.0,2967.620552669747
6215,2852.0,2947.0,3038.743596914705
6216,2826.0,2769.0,2881.532750490094
6217,2789.0,2484.0,2677.703183207838
6218,2739.0,3105.0,3029.3377545881003
6219,2679.0,2258.0,2490.7463683733276
6220,2608.0,2354.0,2405.106171743234
6221,2529.0,2733.0,2539.1379958220346
6222,2442.0,2223.0,2307.185945840449
6223,2349.0,2127.0,2297.304785544387
6224,2251.0,2757.0,2477.2236429552436
6225,2150.0,2515.0,2697.15131647527
6226,2048.0,2372.0,2517.5165970934086
6227,1945.0,1974.0,2223.702329740469
6228,1844.0,1993.0,1957.5803032997771
6229,1746.0,1535.0,1765.0551205597515
6230,1653.0,1777.0,1793.540790358977
6231,1566.0,1796.0,1837.856095884976
6232,1487.0,1005.0,1516.669390374705
6233,1416.0,1711.0,1560.7579919051677
6234,1356.0,1261.0,1483.0098847648585
6235,1306.0,1371.0,1542.250799415059
6236,1269.0,355.0,937.3151570037064
6237,1243.0,1428.0,1026.4542560547618
6238,1230.0,746.0,1124.3123577653714
6239,1230.0,1026.0,1110.7066136369622
6240,1243.0,1168.0,1167.1627762193318
6241,1269.0,1684.0,1435.2452853028287
6242,1306.0,1573.0,1717.3802811995442
6243,1356.0,1864.0,1710.1004556174548
6244,1416.0,1335.0,1523.5530127893237
6245,1487.0,1548.0,1297.5597546755216
6246,1566.0,1643.0,1513.2242926908355
6247,1653.0,1648.0,1533.4961387364224
6248,1746.0,1674.0,1588.3683884790717
6249,1844.0,1836.0,1673.6230307822702
6250,1945.0,2214.0,2096.8481902355343
6251,2047.0,1986.0,2056.3573606804707
6252,2150.0,2102.0,2034.94083641675
6253,2251.0,2052.0,1933.5220613546342
6254,2349.0,3774.0,3694.7082713805357
6255,2442.0,2021.0,2461.758168924506
6256,2529.0,2904.0,2659.0198338638547
6257,2608.0,2821.0,2526.254920400251
6258,2679.0,2987.0,2820.8817040616877
6259,2739.0,2663.0,2745.3819443259754
6260,2789.0,2754.0,2565.5984417772133
6261,2826.0,3197.0,2835.25350532636
6262,2852.0,2672.0,2807.585806344747
6263,2865.0,3088.0,3047.965816932367
6264,2865.0,2726.0,2710.1531279763794
6265,2852.0,3010.0,2904.1358457510983
6266,2826.0,2712.0,2830.474284351421
6267,2789.0,2895.0,2831.3566669008683
6268,2739.0,2719.0,2764.1133192880025
6269,2679.0,2661.0,2699.7660656835196
6270,2608.0,2422.0,2605.1093825882053
6271,2529.0,2858.0,2643.9251812168054
6272,2442.0,2365.0,2572.3472951795216
6273,2349.0,1836.0,2175.9486101583843
6274,2251.0,2429.0,2213.15276486911
6275,2150.0,2019.0,2269.6470603236316
6276,2047.0,0.0,1226.134391425198
6277,1945.0,2160.0,1617.6674156494155
6278,1844.0,1761.0,2011.0381437495412
6279,1746.0,2262.0,2391.3988208863557
6280,1653.0,1419.0,1959.6020177466269
6281,1566.0,1721.0,1640.6397224680593
6282,1487.0,1726.0,1683.7321511415898
6283,1416.0,1668.0,1805.625280575401
6284,1356.0,1256.0,1499.2610808786562
6285,1306.0,756.0,753.7954579691589
6286,1269.0,1786.0,1384.0515357781603
6287,1243.0,1686.0,1786.7889112671012
6288,1230.0,1247.0,1683.0908331596659
6289,1230.0,1368.0,1286.3283841212474
6290,1243.0,1364.0,1356.662763160123
6291,1269.0,1237.0,1382.0985140800476
6292,1306.0,1253.0,1301.380540927484
6293,1356.0,1005.0,1106.278226516467
6294,1416.0,2929.0,2554.7420988767844
6295,1487.0,2135.0,2428.395555657604
6296,1566.0,2590.0,2452.140886129081
6297,1653.0,2966.0,2494.9326716194914
6298,1746.0,2029.0,2302.3835736015426
6299,1844.0,2145.0,1941.4385508877947
6300,1945.0,1658.0,1636.437907029859
6301,2047.0,2213.0,1831.9221417046053
6302,2150.0,2619.0,2255.715931338002
6303,2251.0,2311.0,2612.8208720149028
6304,2349.0,2183.0,2259.5988376826235
6305,2442.0,2920.0,2596.415008644925
6306,2529.0,2527.0,2779.8269975146777
6307,2608.0,2254.0,2368.2161653795356
6308,2679.0,2511.0,2262.115250300766
6309,2739.0,2450.0,2336.901589503324
6310,2789.0,2450.0,2460.309494255747
6311,2826.0,2918.0,2687.0671212116254
6312,2852.0,2120.0,2400.2524860192534
6313,2865.0,3013.0,2567.876707244387
6314,2865.0,3187.0,3059.3315062602755
6315,2852.0,3193.0,3203.547438209094
6316,2826.0,3999.0,3698.331621581745
6317,2789.0,3010.0,3331.2600395601194
6318,2739.0,3036.0,2924.3761157077415
6319,2679.0,3000.0,2788.744761406514
6320,2608.0,2175.0,2554.587657087582
6321,2529.0,2146.0,2101.805132343621
6322,2442.0,2661.0,2424.4165575736347
6323,2349.0,1842.0,2421.991054452994
6324,2251.0,2111.0,2207.489813578107
6325,2150.0,1906.0,2216.9007963972176
6326,2047.0,1845.0,2075.940108295002
6327,1945.0,1886.0,1901.8723194173517
6328,1844.0,2173.0,2191.231357577014
6329,1746.0,1088.0,1659.3078985111065
6330,1653.0,1395.0,1338.1871407317965
6331,1566.0,1920.0,1741.3897599542504
6332,1487.0,572.0,1355.6389126832744
6333,1416.0,856.0,901.6208002857684
6334,1356.0,2022.0,1494.931113915331
6335,1306.0,1871.0,2088.2465821394694
6336,1269.0,1255.0,1737.39654159107
6337,1243.0,1299.0,1292.0114018477439
6338,1230.0,1549.0,1312.5266548805728
6339,1230.0,1086.0,1253.9854281205642
6340,1243.0,1287.0,1270.1782259729373
6341,1269.0,1475.0,1305.913283681742
6342,1306.0,672.0,1061.4031443227084
6343,1356.0,811.0,902.4336575265779
6344,1416.0,1361.0,1139.7217477619768
6345,1487.0,2031.0,1757.3434375625184
6346,1566.0,2094.0,2106.0780586911305
6347,1653.0,1507.0,1727.5121261349932
6348,1746.0,1565.0,1405.6944218120484
6349,1844.0,1428.0,1369.4278879615865
6350,1945.0,2519.0,2197.418433964088
6351,2047.0,1901.0,2025.0544254443935
6352,2150.0,1954.0,1833.8926670555632
6353,2251.0,2320.0,1978.9635570873452
6354,2349.0,3735.0,3534.2629725724623
6355,2442.0,2431.0,2741.952285383325
6356,2529.0,2723.0,2448.093671047585
6357,2608.0,2694.0,2369.9857633751517
6358,2679.0,2900.0,2616.906418747094
6359,2739.0,2711.0,2782.172587856233
6360,2789.0,2538.0,2498.405276506713
6361,2826.0,3065.0,2906.1608449322866
6362,2852.0,3528.0,3291.315713569702
6363,2865.0,3015.0,3241.1242072133778
6364,2865.0,2388.0,2621.752165345798
6365,2852.0,2595.0,2396.065149564044
6366,2826.0,2876.0,2690.3971730477006
6367,2789.0,1625.0,2333.082434764115
6368,2739.0,2387.0,2077.6263610375727
6369,2679.0,2576.0,2436.329251290146
6370,2608.0,2454.0,2737.3746795578177
6371,2529.0,2501.0,2676.290853028223
6372,2442.0,1972.0,2278.6534856197804
6373,2349.0,1738.0,1894.665695861715
6374,2251.0,2341.0,2077.635324441279
6375,2150.0,1979.0,2222.3689766516604
6376,2048.0,2218.0,2108.815697721986
6377,1945.0,1472.0,1864.6272449164403
6378,1844.0,1963.0,1833.6661112353484
6379,1746.0,1629.0,1847.7916302818483
6380,1653.0,1393.0,1663.5720435731196
6381,1566.0,1787.0,1625.1818126810838
6382,1487.0,721.0,1272.2204746787609
6383,1416.0,1126.0,1131.3829749569807
6384,1356.0,3255.0,2713.2535287119554
6385,1306.0,1336.0,1604.5474261165925
6386,1269.0,195.0,905.4955154574577
6387,1243.0,1678.0,978.550917529753
6388,1230.0,1223.0,1431.7115265887012
6389,1230.0,1009.0,1349.2686451097418
6390,1243.0,1299.0,1155.0704106009514
6391,1269.0,1616.0,1351.6091520084556
6392,1306.0,1169.0,1418.6572506550724
6393,1356.0,886.0,1301.8129717679146
6394,1416.0,1293.0,1059.1031681291108
6395,1487.0,1179.0,1083.8384082771145
6396,1566.0,1479.0,1445.2505912586028
6397,1653.0,824.0,1129.63716634003
6398,1746.0,2073.0,1830.76624448437
6399,1844.0,1253.0,1608.2467913045584
6400,1945.0,2256.0,1855.9585430845373
6401,2047.0,2112.0,2015.9441579428983
6402,2150.0,2127.0,2013.351604919093
6403,2251.0,2823.0,2331.584689892089
6404,2349.0,2894.0,2637.530580096291
6405,2442.0,2805.0,2713.489740906932
6406,2529.0,3349.0,2882.9045342753097
6407,2608.0,2716.0,2847.6529745546036
6408,2679.0,2402.0,2341.9587754744025
6409,2739.0,2454.0,2272.94831770098
6410,2789.0,2358.0,2306.919034772249
6411,2826.0,990.0,1684.7481366222546
6412,2852.0,4095.0,3692.4202441811813
6413,2865.0,3195.0,3557.790559996449
6414,2865.0,2950.0,3344.415728169312
6415,2852.0,2814.0,2797.1586274040474
6416,2826.0,2512.0,2518.5776104253696
6417,2789.0,2558.0,2481.5186758652026
6418,2739.0,3302.0,2863.0085347261916
6419,2679.0,2541.0,2854.0230064355196
6420,2608.0,4095.0,3498.0191711579987
6421,2529.0,2379.0,3302.310136567478
6422,2442.0,2881.0,2757.02722296617
6423,2349.0,2033.0,2315.665224692685
6424,2251.0,1856.0,2003.8658247068531
6425,2150.0,2193.0,2042.8276469993732
6426,2047.0,1217.0,1778.6877171301905
6427,1945.0,1727.0,1774.1630116567687
6428,1844.0,1842.0,1863.0831617485437
6429,1746.0,2069.0,2372.5766804840473
6430,1653.0,1637.0,1979.6641715770152
6431,1566.0,3921.0,3192.5562988604256
6432,1487.0,1595.0,2675.751844972311
6433,1416.0,1428.0,1597.9325176377547
6434,1356.0,1827.0,1398.1594880780392
6435,1306.0,1263.0,1434.6144949466843
6436,1269.0,2003.0,1757.0520475229152
6437,1243.0,1362.0,1673.7581963032133
6438,1230.0,721.0,1211.9838766551666
6439,1230.0,1420.0,1117.4049452776005
6440,1243.0,0.0,1059.262112968325
6441,1269.0,1210.0,812.2929407642941
6442,1306.0,1233.0,1210.5141912181464
6443,1356.0,829.0,1283.6692314591028
6444,1416.0,3106.0,2627.8682733989
6445,1487.0,1993.0,2522.7025388270185
6446,1566.0,1577.0,1858.9218544789674
6447,1653.0,1161.0,1034.2374128140464
6448,1746.0,1394.0,1149.7986858257873
6449,1844.0,1880.0,1438.4450868383512
6450,1945.0,1725.0,1790.6106019535237
6451,2048.0,1869.0,1774.050114962985
6452,2150.0,1783.0,1667.4395613228282
6453,2251.0,2322.0,2254.453541763535
6454,2349.0,2245.0,2267.901302807962
6455,2442.0,1970.0,2047.3408963377149
6456,2529.0,2681.0,2506.942347040329
6457,2608.0,2675.0,2505.2565509123065
6458,2679.0,2533.0,2566.4749559487273
6459,2739.0,3036.0,2721.9317828296525
6460,2789.0,2763.0,2728.3130820344672
6461,2826.0,2657.0,2604.5134700930907
6462,2852.0,3058.0,2738.315708950542
6463,2865.0,3132.0,2975.916186646817
6464,2865.0,2029.0,2458.9185712625094
6465,2852.0,3235.0,2915.531901237187
6466,2826.0,2857.0,2938.39766247342
6467,2789.0,3374.0,3190.784685873733
6468,2739.0,966.0,2156.454082228055
6469,2679.0,2399.0,1736.2945311584951
6470,2608.0,2838.0,2525.242421217563
6471,2529.0,2549.0,2956.270896896117
6472,2442.0,2859.0,2857.2556710539798
6473,2349.0,2320.0,2437.612549242706
6474,2251.0,2085.0,2355.911635802395
6475,2150.0,2332.0,2231.01298823423
6476,2047.0,2101.0,2353.36945424319
6477,1945.0,1347.0,1606.4934047705917
6478,1844.0,1491.0,1486.0369220482785
6479,1746.0,1880.0,1816.1332026069113
6480,1653.0,1653.0,1822.979207498408
6481,1566.0,1774.0,1934.7252236755094
6482,1487.0,1299.0,1606.5414695660295
6483,1416.0,1064.0,1286.0472978075697
6484,1356.0,1426.0,1357.4321074738705
6485,1306.0,1269.0,1448.7548534072278
6486,1269.0,1049.0,1224.0781495177278
6487,1243.0,2052.0,1887.611466246694
6488,1230.0,1164.0,1543.430795378466
6489,1230.0,697.0,1061.1382028376484
6490,1243.0,0.0,349.3818020569438
6491,1269.0,1084.0,586.1085740005761
6492,1306.0,1398.0,1296.7327002186069
6493,1356.0,3872.0,2779.237141929716
6494,1416.0,1388.0,1960.6935740896804
6495,1487.0,1722.0,1546.4125273977531
6496,1566.0,1099.0,1151.0015019011914
6497,1653.0,1814.0,1365.855926226121
6498,1746.0,2744.0,2208.426656988233
6499,1844.0,3150.0,2686.9992765878415
6500,1945.0,1969.0,2453.8989806525046
6501,2047.0,1865.0,1730.6511718461427
6502,2150.0,2189.0,2116.585283458994
6503,2251.0,1964.0,1963.295410141227
6504,2349.0,1706.0,1820.1267856890436
6505,2442.0,2097.0,1868.2848684750063
6506,2529.0,2703.0,2386.4769439261227
6507,2608.0,2331.0,2465.666957693827
6508,2679.0,2095.0,2359.2856138373886
6509,2739.0,3675.0,3486.667905669687
6510,2789.0,2514.0,2953.624968860948
6511,2826.0,3068.0,2809.7306256627626
6512,2852.0,3495.0,2984.2072563869347
6513,2865.0,2560.0,2846.1844049564897
6514,2865.0,2835.0,2612.864402878505
6515,2852.0,2452.0,2516.5246710561114
6516,2826.0,3308.0,2854.4518005642594
6517,2789.0,2347.0,2718.205092770353
6518,2739.0,4095.0,3386.928175090655
6519,2679.0,2540.0,3171.546437288861
6520,2608.0,2834.0,2819.3001952675095
6521,2529.0,2440.0,2574.5223240922405
6522,2442.0,2669.0,2533.358518321953
6523,2349.0,2169.0,2460.88288872257
6524,2251.0,2369.0,2296.48538203442
6525,2150.0,1616.0,2122.1002405803156
6526,2047.0,2081.0,1921.0582721272517
6527,1945.0,1456.0,2039.4875790886358
6528,1844.0,1774.0,1784.5998798079934
6529,1746.0,2135.0,2088.679994928399
6530,1653.0,1232.0,1820.2503935070654
6531,1566.0,1467.0,1542.061884081733
6532,1487.0,1167.0,1332.6624027091473
6533,1416.0,1868.0,1700.8366610042349
6534,1356.0,2042.0,1972.7146761565314
6535,1306.0,2133.0,2179.368836521455
6536,1269.0,1893.0,1948.5132596587496
6537,1243.0,1377.0,1594.036361065555
6538,1230.0,938.0,1180.5755305673115
6539,1230.0,1034.0,918.4369779346847
6540,1243.0,1877.0,1755.4257261793641
6541,1269.0,885.0,1410.805428796094
6542,1306.0,654.0,950.9237187205532
6543,1356.0,1482.0,1293.6476320941701
6544,1416.0,1108.0,1452.7586481188287
6545,1487.0,1491.0,1503.4094819486152
6546,1566.0,1218.0,1314.3124742377047
6547,1653.0,1708.0,1431.2143473206131
6548,1746.0,1379.0,1475.7264677350652
6549,1844.0,1626.0,1573.8075253078625
6550,1945.0,2240.0,1957.481399522233
6551,2047.0,2207.0,2056.2119095948883
6552,2150.0,2202.0,2163.6023522924347
6553,2251.0,1951.0,1882.5397255125463
6554,2349.0,2482.0,2222.545102308901
6555,2442.0,2661.0,2418.3841873646325
6556,2529.0,2105.0,2308.821657108505
6557,2608.0,2414.0,2207.255241182259
6558,2679.0,2755.0,2412.931861067721
6559,2739.0,2611.0,2679.1631360588285
6560,2789.0,4095.0,3750.602485831319
6561,2826.0,2538.0,2679.6727792601655
6562,2852.0,2733.0,2574.151357073284
6563,2865.0,2739.0,2505.907442320178
6564,2865.0,1894.0,2240.05413507256
6565,2852.0,2642.0,2249.4952537951285
6566,2826.0,3103.0,2794.3731502428636
6567,2789.0,2186.0,2772.4979890506784
6568,2739.0,3373.0,2834.1355083817907
6569,2679.0,2781.0,3155.6774889821913
6570,2608.0,2448.0,2682.0081972436774
6571,2529.0,2967.0,2638.9843093988675
6572,2442.0,2506.0,2670.408334279846
6573,2349.0,4017.0,3490.859353765077
6574,2251.0,1898.0,2686.3731218318203
6575,2150.0,2032.0,2107.2044802725122
6576,2047.0,1466.0,1551.9430866000064
6577,1945.0,1690.0,1800.4603844331505
6578,1844.0,2193.0,2117.6203916203826
6579,1746.0,2241.0,2355.207917638541
6580,1653.0,1485.0,2093.2768101941174
6581,1566.0,1751.0,1718.085270678052
6582,1487.0,1886.0,2066.8269017515145
6583,1416.0,1354.0,1598.7870753842146
6584,1356.0,928.0,1213.184169801542
6585,1306.0,547.0,712.8283814524227
6586,1269.0,226.0,504.617631528921
6587,1243.0,978.0,842.2161607447717
6588,1230.0,1432.0,1438.9347837421087
6589,1230.0,957.0,1379.4792224693654
6590,1243.0,1333.0,1286.2969730742593
6591,1269.0,1042.0,1232.3644363010521
6592,1306.0,858.0,1009.0700836534813
6593,1356.0,1499.0,1113.3531992730748
6594,1416.0,1857.0,1574.2817211436234
6595,1487.0,1255.0,1446.3793500745912
6596,1566.0,1162.0,1148.876033216674
6597,1653.0,1901.0,1454.502135099899
6598,1746.0,4095.0,3851.279294973233
6599,1844.0,725.0,2333.1108837495235
6600,1945.0,1785.0,1481.240591549027
6601,2047.0,2403.0,1949.4193040124737
6602,2150.0,1610.0,2048.330121308156
6603,2251.0,2178.0,1988.3396117647978
6604,2349.0,2036.0,1883.0095114790424
6605,2442.0,2236.0,2044.8327338459044
6606,2529.0,2782.0,2464.7622066890926
6607,2608.0,1143.0,2187.193356320467
6608,2679.0,3403.0,2734.587783266618
6609,2739.0,2966.0,2948.082277203978
6610,2789.0,3054.0,3146.763904391427
6611,2826.0,2869.0,2718.1378578589483
6612,2852.0,3254.0,2869.5118966940054
6613,2865.0,2425.0,2675.9193825487196
6614,2865.0,3225.0,2732.1375818097363
6615,2852.0,2988.0,3012.5960325694073
6616,2826.0,2676.0,2637.758332127169
6617,2789.0,3186.0,2986.962571224434
6618,2739.0,2336.0,2729.9149954967384
6619,2679.0,2187.0,2365.7402086176253
6620,2608.0,3223.0,2782.452268249359
6621,2529.0,2637.0,3015.564063498472
6622,2442.0,2607.0,2701.338720050697
6623,2349.0,2824.0,2719.059188403918
6624,2251.0,2704.0,2794.497273458441
6625,2150.0,2398.0,2592.3546587181554
6626,2048.0,1584.0,2046.5689516157925
6627,1945.0,2076.0,1821.3511850223454
6628,1844.0,2626.0,2338.5118074244238
6629,1746.0,1718.0,2034.0513094763232
6630,1653.0,1358.0,1681.412384980415
6631,1566.0,1008.0,1228.0289754713547
6632,1487.0,1885.0,1651.1123168191748
6633,1416.0,4095.0,3650.340113192821
6634,1356.0,1583.0,1716.38315377221
6635,1306.0,1755.0,1705.9770635391242
6636,1269.0,1231.0,1224.5712061625795
6637,1243.0,2104.0,1795.3592835868085
6638,1230.0,1238.0,1262.8445974836513
6639,1230.0,1501.0,1395.9996585349945
6640,1243.0,676.0,997.2923360435079
6641,1269.0,1826.0,1397.770104093049
6642,1306.0,1364.0,1958.7498968917241
6643,1356.0,692.0,1161.9143237177152
6644,1416.0,1828.0,1298.126003093507
6645,1487.0,1596.0,1644.6772353013012
6646,1566.0,2104.0,2057.380705767264
6647,1653.0,1483.0,1679.576349257656
6648,1746.0,1483.0,1453.4869664838
6649,1844.0,1381.0,1247.4326697725105
6650,1945.0,1014.0,1235.604086267883
6651,2047.0,2114.0,1695.1913463455608
6652,2150.0,302.0,1088.6043208415688
6653,2251.0,2418.0,1855.601349247444
6654,2349.0,2695.0,2422.987833932232
6655,2442.0,1919.0,2499.721878573777
6656,2529.0,2475.0,2109.734099689427
6657,2608.0,2064.0,2002.150419357249
6658,2679.0,2937.0,2507.2917691539787
6659,2739.0,4071.0,3223.229997195858
6660,2789.0,3741.0,3788.6640770215263
6661,2826.0,1031.0,2031.0815542307525
6662,2852.0,3209.0,3024.4530419775506
6663,2865.0,3122.0,2934.4374449640386
6664,2865.0,2623.0,2984.5582473496293
6665,2852.0,3664.0,3072.2616000014477
6666,2826.0,3941.0,3551.974030052178
6667,2789.0,3322.0,3665.9883711628117
6668,2739.0,2980.0,3239.921356007434
6669,2679.0,2668.0,2787.3191853403105
6670,2608.0,2402.0,2214.0037352213185
6671,2529.0,2503.0,2528.5027161768653
6672,2442.0,2370.0,2518.6072757421675
6673,2349.0,2898.0,2708.411012846213
6674,2251.0,2616.0,2820.372746793943
6675,2150.0,3095.0,3096.7302939956458
6676,2047.0,2055.0,2635.1408142637656
6677,1945.0,1765.0,1995.8872222533773
6678,1844.0,2166.0,1941.6147675898283
6679,1746.0,1910.0,2077.2145384974733
6680,1653.0,1763.0,1987.5971166750676
6681,1566.0,1367.0,1627.632898127571
6682,1487.0,959.0,1357.8908752248349
6683,1416.0,1616.0,1479.5837663808052
6684,1356.0,1043.0,1573.7585325775353
6685,1306.0,1077.0,1257.6015226826178
6686,1269.0,1649.0,1412.118883478541
6687,1243.0,1062.0,1502.217473079272
6688,1230.0,836.0,1116.2704305052678
6689,1230.0,1389.0,1136.0601343637563
6690,1243.0,1299.0,1363.1539215648222
6691,1269.0,1490.0,1426.7516327747476
6692,1306.0,1489.0,1500.7888568544188
6693,1356.0,1884.0,1630.465104679152
6694,1416.0,1726.0,1721.7776342306727
6695,1487.0,1334.0,1532.9213852926716
6696,1566.0,1566.0,1415.6723409157648
6697,1653.0,1750.0,1512.7508534828648
6698,1746.0,1536.0,1641.957397906313
6699,1844.0,2177.0,1932.9681042420136
6700,1945.0,2230.0,2127.491534105203
6701,2048.0,2378.0,2281.223850921312
6702,2150.0,2132.0,2194.6721635885633
6703,2251.0,2095.0,2013.666180312025
6704,2349.0,2884.0,2724.513927904778
6705,2442.0,2589.0,2597.1716896206167
6706,2529.0,2264.0,2364.9198856751573
6707,2608.0,2861.0,2667.4955911937623
6708,2679.0,2930.0,2792.5769186337534
6709,2739.0,2717.0,2810.0228897312
6710,2789.0,2583.0,2582.0785461891264
6711,2826.0,517.0,1450.6235444518022
6712,2852.0,1966.0,1587.4155264926453
6713,2865.0,3763.0,3220.488756524499
6714,2865.0,4095.0,4122.365169010547
6715,2852.0,2316.0,3248.5160403127693
6716,2826.0,4095.0,3547.780194287162
6717,2789.0,2631.0,3134.877826372195
6718,2739.0,2660.0,2714.021663539045
6719,2679.0,2528.0,2357.107519570791
6720,2608.0,2819.0,2324.2218337850845
6721,2529.0,2515.0,2624.221674314951
6722,2442.0,2000.0,2456.9255358761484
6723,2349.0,1656.0,2063.076956393441
6724,2251.0,1878.0,1780.5999550283382
6725,2150.0,2178.0,2346.6101134079954
6726,2047.0,2445.0,2453.7791725032075
6727,1945.0,1637.0,2161.0742185887434
6728,1844.0,2083.0,1952.5450915497443
6729,1746.0,1093.0,1653.2763408323149
6730,1653.0,1678.0,1548.3697176394214
6731,1566.0,1764.0,1712.744568743472
6732,1487.0,1719.0,1806.1147713338166
6733,1416.0,1232.0,1550.5148107422372
6734,1356.0,3038.0,2661.5471627980437
6735,1306.0,842.0,1998.1593944158965
6736,1269.0,1003.0,1052.3715742189788
6737,1243.0,1178.0,972.6404370031139
6738,1230.0,1322.0,1247.8093862444937
6739,1230.0,1049.0,1344.6390479613399
6740,1243.0,1338.0,1305.3403952997846
6741,1269.0,1560.0,1520.816037015211
6742,1306.0,1458.0,1516.1632147442854
6743,1356.0,850.0,1390.1108576626543
6744,1416.0,1888.0,1770.0368442699537
6745,1487.0,1126.0,1409.5640526064387
6746,1566.0,1890.0,1739.1220249525888
6747,1653.0,1701.0,1689.5898207264943
6748,1746.0,1252.0,1439.5775681863443
6749,1844.0,1151.0,1162.088510432131
6750,1945.0,1603.0,1343.68170749516
6751,2048.0,1578.0,1606.253260237471
6752,2150.0,2504.0,2092.8357795014945
6753,2251.0,2007.0,2242.426566429694
6754,2349.0,2838.0,2346.576519042379
6755,2442.0,2804.0,2682.3265192512154
6756,2529.0,2810.0,2696.6129079017223
6757,2608.0,2594.0,2453.3390960967367
6758,2679.0,3154.0,2679.344408520086
6759,2739.0,2550.0,2634.9775607474658
6760,2789.0,2737.0,2495.152177592617
6761,2826.0,2141.0,2341.6201762326227
6762,2852.0,2870.0,2444.532285856158
6763,2865.0,4095.0,3661.4956387600405
6764,2865.0,2605.0,2973.0269034489656
6765,2852.0,3137.0,2907.1277847496735
6766,2826.0,2796.0,2725.8605171250465
6767,2789.0,2977.0,2950.799920803872
6768,2739.0,2255.0,2562.582634533216
6769,2679.0,3219.0,2710.9041088141817
6770,2608.0,3322.0,3128.307100992357
6771,2529.0,2787.0,3133.903248143167
6772,2442.0,3347.0,3236.083802027975
6773,2349.0,33.0,1588.108203606653
6774,2251.0,151.0,318.1834129947093
6775,2150.0,2269.0,1532.5981613859503
6776,2047.0,2025.0,2506.3555034238
6777,1945.0,2049.0,2425.673924487599
6778,1844.0,2410.0,2383.259852996776
6779,1746.0,2271.0,2521.0930016573525
6780,1653.0,1789.0,2166.4245892032523
6781,1566.0,1723.0,1834.4348657760763
6782,1487.0,1308.0,1174.1569657698014
6783,1416.0,1750.0,1319.4350834715206
6784,1356.0,1230.0,1488.4941794401263
6785,1306.0,2074.0,1838.3187797702626
6786,1269.0,1446.0,1767.4749489769042
6787,1243.0,981.0,1408.977829420805
6788,1230.0,1228.0,1181.2912625251136
6789,1230.0,1195.0,1247.1100389797286
6790,1243.0,1844.0,1643.1149661180027
6791,1269.0,1606.0,1712.5641382581084
6792,1306.0,1092.0,1429.3136046068794
6793,1356.0,2228.0,1901.9043294136836
6794,1416.0,1809.0,2023.8151799707255
6795,1487.0,1898.0,1895.0023782386165
6796,1566.0,1311.0,1418.2127873452548
6797,1653.0,2224.0,2011.4095603945952
6798,1746.0,1719.0,1863.9453072276647
6799,1844.0,1650.0,1764.7842909074423
6800,1945.0,2002.0,1743.4953903657001
6801,2048.0,1930.0,1837.5791681709575
6802,2150.0,298.0,1233.1178671626963
6803,2251.0,2517.0,2121.3717761898624
6804,2349.0,1930.0,2145.939012107364
6805,2442.0,2779.0,2500.975097458595
6806,2529.0,2238.0,2452.679978730267
6807,2608.0,2983.0,2622.5307532096285
6808,2679.0,3184.0,2895.4191905073235
6809,2739.0,2004.0,2499.2774057002816
6810,2789.0,2931.0,2339.4877975389677
6811,2826.0,3242.0,2615.8919596229507
6812,2852.0,2148.0,2721.4045031756546
6813,2865.0,2481.0,2225.9634523380446
6814,2865.0,3662.0,3013.5475653957046
6815,2852.0,2816.0,3217.83797558812
6816,2826.0,2281.0,2656.7391670909983
6817,2789.0,3287.0,2708.564462175732
6818,2739.0,2186.0,2596.8724622155314
6819,2679.0,2450.0,2473.568174139758
6820,2608.0,3071.0,2731.2235865164735
6821,2529.0,3019.0,2979.275567958553
6822,2442.0,2225.0,2675.6807549774135
6823,2349.0,2320.0,2400.2436747326697
6824,2251.0,1555.0,1927.0744250313383
6825,2150.0,2161.0,1923.4153705359047
6826,2048.0,4095.0,3411.565023418878
6827,1945.0,2252.0,2674.923166940516
6828,1844.0,2330.0,2410.6076742027476
6829,1746.0,1919.0,1987.7596165785583
6830,1653.0,1806.0,1965.2678030270501
6831,1566.0,1966.0,1935.1051110136218
6832,1487.0,1290.0,1653.8615866986906
6833,1416.0,1503.0,1436.6082605486754
6834,1356.0,1771.0,1688.5535900205919
6835,1306.0,652.0,1627.958883200015
6836,1269.0,1463.0,1239.1474873797795
6837,1243.0,1101.0,1352.0695710497066
6838,1230.0,933.0,1228.4826233424617
6839,1230.0,1488.0,1325.6878052954953
6840,1243.0,1193.0,1425.1450814324112
6841,1269.0,960.0,1153.3299350463826
6842,1306.0,663.0,833.316840309592
6843,1356.0,1038.0,953.3706099659648
6844,1416.0,461.0,724.2664438583153
6845,1487.0,1328.0,1024.7131711700167
6846,1566.0,1870.0,1637.4321749619996
6847,1653.0,1696.0,1812.1909819600112
6848,1746.0,2132.0,1930.14075142071
6849,1844.0,1769.0,1790.703627851851
6850,1945.0,2346.0,2069.62898763046
6851,2048.0,1500.0,1668.352288542933
6852,2150.0,2070.0,1658.9251977207525
6853,2251.0,2591.0,2053.863693061394
6854,2349.0,1859.0,2156.9579850059476
6855,2442.0,2779.0,2314.240741282095
6856,2529.0,3164.0,2777.6208685811766
6857,2608.0,3010.0,3078.6936935172503
6858,2679.0,2971.0,2830.5312240897774
6859,2739.0,2264.0,2450.046204557557
6860,2789.0,4095.0,3864.9358356136377
6861,2826.0,2486.0,3088.86562564301
6862,2852.0,3389.0,2991.685662424714
6863,2865.0,3510.0,3112.351037013692
6864,2865.0,3398.0,3435.600847172856
6865,2852.0,3062.0,3233.6772309753796
6866,2826.0,2717.0,2817.9857076756084
6867,2789.0,3585.0,3107.9179012956465
6868,2739.0,2722.0,3001.841330706806
6869,2679.0,4095.0,3613.9049899788215
6870,2608.0,3179.0,3441.8100825855217
6871,2529.0,2477.0,2943.6424112850036
6872,2442.0,2809.0,2628.7918520307685
6873,2349.0,1983.0,2403.3141543451147
6874,2251.0,1448.0,1885.748518674781
6875,2150.0,328.0,957.5307469338767
6876,2047.0,1738.0,1350.6211417001161
6877,1945.0,2126.0,2158.1881990802253
6878,1844.0,1747.0,2481.1296709049575
6879,1746.0,2395.0,2315.436207429754
6880,1653.0,1868.0,2149.794726096374
6881,1566.0,1602.0,1910.7346663514084
6882,1487.0,796.0,1146.0167635009689
6883,1416.0,1376.0,1034.9421728077273
6884,1356.0,950.0,1004.6571903183059
6885,1306.0,1791.0,1528.7361689839834
6886,1269.0,1869.0,1932.418325479392
6887,1243.0,443.0,1278.127661985333
6888,1230.0,1562.0,1165.8435899754036
6889,1230.0,1599.0,1532.4407946430879
6890,1243.0,1102.0,1504.7993740853797
6891,1269.0,1722.0,1334.4798498157456
6892,1306.0,2131.0,1829.6915998485267
6893,1356.0,1534.0,1791.7005324221045
6894,1416.0,894.0,1243.589790341572
6895,1487.0,974.0,897.1738163387917
6896,1566.0,0.0,366.9944171248254
6897,1653.0,2367.0,1944.0877124256722
6898,1746.0,1843.0,2113.1028766455443
6899,1844.0,1185.0,1678.1966141657113
6900,1945.0,1457.0,1287.1431419340038
6901,2048.0,0.0,735.5557649038667
6902,2150.0,2009.0,1282.6843125760354
6903,2251.0,2697.0,2178.3343136872118
6904,2349.0,2768.0,2776.5109003027255
6905,2442.0,2612.0,2400.2937725499955
6906,2529.0,2767.0,2567.9056101279552
6907,2608.0,2626.0,2535.2776961880027
6908,2679.0,2342.0,2242.320079738266
6909,2739.0,2909.0,2548.6217377361145
6910,2789.0,2618.0,2342.872547882679
6911,2826.0,2843.0,2692.4849461301483
6912,2852.0,3300.0,3041.458444123752
6913,2865.0,2650.0,2720.5196496840417
6914,2865.0,3365.0,3078.0156384379516
6915,2852.0,3219.0,3177.7293825104384
6916,2826.0,2807.0,2991.264873243324
6917,2789.0,3041.0,2800.8635705015404
6918,2739.0,3734.0,3300.738033876397
6919,2679.0,2993.0,3239.2537133640294
6920,2608.0,3248.0,3109.2359394466525
6921,2529.0,2579.0,2839.4227040983765
6922,2442.0,2372.0,2462.483434234203
6923,2349.0,2142.0,2325.267131066788
6924,2251.0,2097.0,2229.4544480336976
6925,2150.0,2629.0,2463.4350835281166
6926,2047.0,0.0,1118.2994065279638
6927,1945.0,1219.0,987.4643754669868
6928,1844.0,1065.0,1142.1032505936107
6929,1746.0,2101.0,2063.90726927978
6930,1653.0,1974.0,2079.025645232394
6931,1566.0,1719.0,1997.7470289511834
6932,1487.0,120.0,997.4393749091247
6933,1416.0,1688.0,970.7098730798915
6934,1356.0,654.0,1259.2107179951367
6935,1306.0,2134.0,1390.549038503598
6936,1269.0,572.0,1272.927266986485
6937,1243.0,1242.0,992.9375714810826
6938,1230.0,657.0,1000.192650818125
6939,1230.0,1101.0,1060.2729088172082
6940,1243.0,1604.0,1432.5542946673663
6941,1269.0,1200.0,1269.2106147675483
6942,1306.0,1786.0,1597.095116719966
6943,1356.0,2160.0,1788.3896664943968
6944,1416.0,2390.0,2365.5956661082882
6945,1487.0,1909.0,1932.199038657639
6946,1566.0,1720.0,1654.5613500850795
6947,1653.0,2399.0,2087.2393240499155
6948,1746.0,445.0,1285.6197145537205
6949,1844.0,1825.0,1192.4373140534954
6950,1945.0,1980.0,1726.4526467020971
6951,2047.0,1647.0,1994.1449674863973
6952,2150.0,2427.0,2145.5404863309573
6953,2251.0,1654.0,2030.2614079131029
6954,2349.0,2077.0,1916.421276644909
6955,2442.0,2890.0,2355.9156520536135
6956,2529.0,2974.0,2956.013976339742
6957,2608.0,3018.0,2739.7599467448786
6958,2679.0,2379.0,2508.5829625241613
6959,2739.0,3177.0,2699.683681385166
6960,2789.0,2977.0,2830.6557790508373
6961,2826.0,3016.0,2963.7733535273505
6962,2852.0,3080.0,2842.7894753596597
6963,2865.0,1996.0,2400.4517103633757
6964,2865.0,2485.0,2286.413225693813
6965,2852.0,3185.0,2806.411469455364
6966,2826.0,2471.0,2804.9414331317503
6967,2789.0,2811.0,2672.966049968001
6968,2739.0,2840.0,2806.1680970961493
6969,2679.0,2695.0,2829.2980580438034
6970,2608.0,1894.0,2185.4190337411987
6971,2529.0,2250.0,2144.9179046528743
6972,2442.0,2547.0,2309.9539436647256
6973,2349.0,2725.0,2713.586955823077
6974,2251.0,1447.0,2234.3397321276448
6975,2150.0,2209.0,1914.5257730468868
6976,2048.0,2633.0,2434.8074062583187
6977,1945.0,1295.0,1608.2167386764834
6978,1844.0,1808.0,1685.7606350846347
6979,1746.0,1622.0,1597.7910453138809
6980,1653.0,2943.0,2440.6171427281297
6981,1566.0,2134.0,2623.593551065427
6982,1487.0,1365.0,1893.9208904109678
6983,1416.0,725.0,909.5291402007874
6984,1356.0,1266.0,1037.1664846083704
6985,1306.0,1125.0,1405.1300030669533
6986,1269.0,1179.0,1256.891835136453
6987,1243.0,0.0,713.105545082638
6988,1230.0,1061.0,689.0773048481841
6989,1230.0,559.0,1079.2112641144001
6990,1243.0,1315.0,1249.9960614794034
6991,1269.0,1284.0,1333.9642302329655
6992,1306.0,1329.0,1293.9224830133387
6993,1356.0,1892.0,1607.8538318132644
6994,1416.0,1441.0,1591.7586489010107
6995,1487.0,1280.0,1326.6509001991863
6996,1566.0,1168.0,936.3754349571286
6997,1653.0,1741.0,1377.7572974926973
6998,1746.0,1563.0,1532.6766185907081
6999,1844.0,1437.0,1516.9835526906927
7000,1945.0,2266.0,2112.6223592403085
7001,2048.0,2251.0,2181.1906000768413
7002,2150.0,1664.0,1823.7338288784806
7003,2251.0,1596.0,1521.7926784024812
7004,2349.0,2628.0,2158.9451439914023
7005,2442.0,2575.0,2477.8044742615607
7006,2529.0,2192.0,2377.9634180406133
7007,2608.0,2717.0,2514.936994613931
7008,2679.0,2586.0,2454.649597448788
7009,2739.0,3336.0,3150.4479402210563
7010,2789.0,2237.0,2664.299161482655
7011,2826.0,3157.0,2765.9470292937403
7012,2852.0,2961.0,2789.739265868653
7013,2865.0,2996.0,3003.8966063595412
7014,2865.0,3465.0,3169.3371795827074
7015,2852.0,2701.0,2920.6170971845354
7016,2826.0,2911.0,2788.0857542491062
7017,2789.0,1892.0,2283.6266262615436
7018,2739.0,2193.0,2177.419948630695
7019,2679.0,3216.0,2710.9435079097025
7020,2608.0,2648.0,3050.7684222731846
7021,2529.0,2603.0,2780.8847062770324
7022,2442.0,2425.0,2492.8345143474153
7023,2349.0,3331.0,2989.888440530786
7024,2251.0,3558.0,3425.5208346574536
7025,2150.0,1943.0,2772.173960477274
7026,2047.0,2283.0,1968.074264506111
7027,1945.0,2322.0,2115.796768702737
7028,1844.0,1384.0,2057.641285423417
7029,1746.0,1865.0,1749.5422078252896
7030,1653.0,1619.0,1780.8625801340477
7031,1566.0,1555.0,1804.896917133822
7032,1487.0,1257.0,1677.3532678325607
7033,1416.0,1003.0,1422.4587134833653
7034,1356.0,1824.0,1749.592071440902
7035,1306.0,1439.0,1715.2924254370882
7036,1269.0,1580.0,1717.6348973115325
7037,1243.0,1510.0,1489.6361790304177
7038,1230.0,1049.0,1336.6177857220673
7039,1230.0,1550.0,1337.6767433959328
7040,1243.0,1517.0,1520.9117689684865
7041,1269.0,1096.0,1336.5896327309529
7042,1306.0,1362.0,1181.2262448131285
7043,1356.0,1568.0,1493.0216535941404
7044,1416.0,953.0,1117.059031761961
7045,1487.0,1535.0,1297.658629395515
7046,1566.0,1583.0,1524.1610397872487
7047,1653.0,2080.0,1835.633880612484
7048,1746.0,1357.0,1575.1859397638457
7049,1844.0,1947.0,1630.4430272834513
7050,1945.0,1773.0,1697.1401387885423
7051,2048.0,2245.0,1983.520709410337
7052,2150.0,2242.0,2166.854858888307
7053,2251.0,1819.0,1877.6352420009166
7054,2349.0,1944.0,1789.623629505695
7055,2442.0,2033.0,1878.4934759440418
7056,2529.0,2792.0,2644.521801400631
7057,2608.0,2361.0,2447.0863095408386
7058,2679.0,3378.0,3222.2318865073003
7059,2739.0,2729.0,2861.9715851794663
7060,2789.0,2916.0,2784.9423485456196
7061,2826.0,3079.0,2813.835244187564
7062,2852.0,2707.0,2706.4768446696985
7063,2865.0,3064.0,2760.4614231533646
7064,2865.0,2819.0,2761.612783253601
7065,2852.0,539.0,1723.5261317343486
7066,2826.0,3254.0,2924.1423087461812
7067,2789.0,3027.0,3139.1119903904664
7068,2739.0,2261.0,2776.108087801496
7069,2679.0,3123.0,2790.1587268890316
7070,2608.0,2581.0,2767.197120537286
7071,2529.0,2380.0,2566.9015664972926
7072,2442.0,2166.0,2305.9257819231575
7073,2349.0,2054.0,2128.32919249629
7074,2251.0,2171.0,1878.1961439761826
7075,2150.0,3151.0,2982.920881441944
7076,2048.0,2203.0,2460.9772540129597
7077,1945.0,509.0,1434.2894195459837
7078,1844.0,2010.0,1714.9075318405116
7079,1746.0,2307.0,2169.582271519182
7080,1653.0,1910.0,2181.920626177276
7081,1566.0,1687.0,1848.4857211395006
7082,1487.0,1255.0,1439.64678119313
7083,1416.0,2228.0,1834.7108144253932
7084,1356.0,1006.0,1799.8015576829075
7085,1306.0,1889.0,1615.716285042412
7086,1269.0,1724.0,1559.150493148067
7087,1243.0,967.0,1494.4653729032382
7088,1230.0,2718.0,2261.122839394646
7089,1230.0,899.0,1751.8827020736232
7090,1243.0,895.0,1074.7157572123645
7091,1269.0,1093.0,826.4110864470207
7092,1306.0,1090.0,1253.5909283223748
7093,1356.0,1691.0,1466.0078319973443
7094,1416.0,774.0,1321.4979126046296
7095,1487.0,1835.0,1430.4285638986719
7096,1566.0,1736.0,1641.3657560925312
7097,1653.0,1144.0,1684.2943617389685
7098,1746.0,1777.0,1598.6431166470752
7099,1844.0,1681.0,1549.771310072797
7100,1945.0,1673.0,1654.19554214556
7101,2048.0,2481.0,1964.2082751065664
7102,2150.0,1962.0,2155.5303756272533
7103,2251.0,1834.0,1788.57440741782
7104,2349.0,2182.0,1904.8384867185891
7105,2442.0,2044.0,2036.7524108945613
7106,2529.0,2088.0,1976.3646832659213
7107,2608.0,2375.0,2156.052982186163
7108,2679.0,2909.0,2571.0592320421542
7109,2739.0,3100.0,2906.70895698525
7110,2789.0,2424.0,2613.1421840674975
7111,2826.0,2693.0,2569.057759386523
7112,2852.0,3300.0,2987.686840381556
7113,2865.0,3485.0,3381.136381152523
7114,2865.0,2159.0,2564.706536852439
7115,2852.0,2460.0,2327.6151053690687
7116,2826.0,4095.0,3595.4768475611436
7117,2789.0,2277.0,2593.8112327205354
7118,2739.0,3033.0,2800.7240723097766
7119,2679.0,2533.0,2524.741330121733
7120,2608.0,3136.0,2892.6356645743854
7121,2529.0,2424.0,2859.7383662090338
7122,2442.0,536.0,1611.6598815022626
7123,2349.0,2575.0,1932.87073115005
7124,2251.0,1897.0,2205.1375029328083
7125,2150.0,2470.0,2724.3296619401513
7126,2047.0,1495.0,1971.8006974834877
7127,1945.0,2088.0,1955.6506580290472
7128,1844.0,1786.0,2003.3029177700635
7129,1746.0,1670.0,1941.6937409401557
7130,1653.0,1470.0,1631.8923566827125
7131,1566.0,811.0,956.6886865245627
7132,1487.0,1861.0,1521.894956120867
7133,1416.0,1173.0,1567.3468765340965
7134,1356.0,1710.0,1718.1426392891428
7135,1306.0,1432.0,1529.4744820427752
7136,1269.0,1288.0,1480.3686600301476
7137,1243.0,779.0,1088.7049297434469
7138,1230.0,683.0,790.6816509368596
7139,1230.0,1697.0,1233.7617619848988
7140,1243.0,1514.0,1567.4038598031575
7141,1269.0,925.0,1396.114124259058
7142,1306.0,1098.0,969.8522979034955
7143,1356.0,1576.0,1351.0393786391946
7144,1416.0,1728.0,1707.141486499987
7145,1487.0,1573.0,1648.9576357985438
7146,1566.0,1744.0,1640.127444107202
7147,1653.0,871.0,1162.4550733572682
7148,1746.0,632.0,808.5471067005884
7149,1844.0,1547.0,1132.1346478802977
7150,1945.0,1590.0,1537.7714212358196
7151,2048.0,1901.0,1818.8943294389644
7152,2150.0,3530.0,3242.590319617464
7153,2251.0,1971.0,2485.3897723452783
7154,2349.0,2023.0,1976.83744286303
7155,2442.0,2223.0,1826.6602989784924
7156,2529.0,2575.0,2407.0467961352942
7157,2608.0,2077.0,2133.8786915261535
7158,2679.0,3092.0,2733.893564774726
7159,2739.0,4095.0,3431.742953145076
7160,2789.0,2979.0,3324.675951278059
7161,2826.0,2958.0,3033.70042616742
7162,2852.0,2691.0,2485.2173469677414
7163,2865.0,2386.0,2382.459425287748
7164,2865.0,3407.0,3060.860808306394
7165,2852.0,2809.0,3032.046668790372
7166,2826.0,2794.0,2789.9779718374575
7167,2789.0,2451.0,2610.8044275218417
7168,2739.0,2442.0,2642.493041955081
7169,2679.0,2473.0,2513.6251397235933
7170,2608.0,2553.0,2594.8800646897657
7171,2529.0,2941.0,2788.8769900403868
7172,2442.0,1907.0,2007.9024604064323
7173,2349.0,2758.0,2495.128269675731
7174,2251.0,2497.0,2559.1126501222584
7175,2150.0,2278.0,2511.9024348230146
7176,2047.0,2419.0,2362.249069099636
7177,1945.0,1013.0,1701.8202714560325
7178,1844.0,1456.0,1359.1311757268627
7179,1746.0,2193.0,1860.0040285881676
7180,1653.0,1737.0,2220.8641044233905
7181,1566.0,1438.0,1715.5304720677857
7182,1487.0,2405.0,2008.048851799404
7183,1416.0,930.0,1768.9847867859535
7184,1356.0,1404.0,1355.8275734506092
7185,1306.0,1715.0,1539.5904018959689
7186,1269.0,833.0,1271.9523158315608
7187,1243.0,1318.0,1169.4796351922769
7188,1230.0,1147.0,1291.5171506333302
7189,1230.0,1837.0,1634.3436143567687
7190,1243.0,2402.0,2123.152136169523
7191,1269.0,1019.0,1831.190867945408
7192,1306.0,1835.0,1347.7700370489767
7193,1356.0,1100.0,1294.782542102452
7194,1416.0,1573.0,1439.083345223266
7195,1487.0,1595.0,1451.769077847022
7196,1566.0,1870.0,1724.8358051556668
7197,1653.0,1511.0,1640.444329428335
7198,1746.0,1990.0,1787.0621516404974
7199,1844.0,1810.0,1963.4317461208573
7200,1945.0,1962.0,1796.1442595719059
7201,2047.0,2352.0,2112.8100472036276
7202,2150.0,2210.0,2129.328054112821
7203,2251.0,3067.0,2821.146918818375
7204,2349.0,2825.0,2774.08954821482
7205,2442.0,4095.0,3871.447304388619
7206,2529.0,2691.0,3099.6718197770983
7207,2608.0,2592.0,2512.804805687945
7208,2679.0,3315.0,2735.2239301798168
7209,2739.0,2711.0,2841.60774329966
7210,2789.0,2316.0,2523.544557020298
7211,2826.0,2742.0,2385.7513851098647
7212,2852.0,3176.0,3005.0859847244874
7213,2865.0,2797.0,3064.603538823707
7214,2865.0,3059.0,3126.891269538547
7215,2852.0,2417.0,2658.7900533415345
7216,2826.0,2239.0,2337.968841424221
7217,2789.0,2803.0,2574.663013246398
7218,2739.0,2409.0,2618.383972343994
7219,2679.0,3758.0,3376.0264953771293
7220,2608.0,2868.0,3257.5026681671734
7221,2529.0,2271.0,2696.27830569272
7222,2442.0,2037.0,2072.817464335772
7223,2349.0,2281.0,2173.5934192723444
7224,2251.0,2261.0,2313.870753666503
7225,2150.0,1496.0,1922.3315517848405
7226,2048.0,2505.0,2127.240200389801
7227,1945.0,2143.0,2345.847419302921
7228,1844.0,2017.0,2425.9557321949887
7229,1746.0,1283.0,1730.4510588991861
7230,1653.0,0.0,698.4438856072065
7231,1566.0,1146.0,857.7189920299359
7232,1487.0,1054.0,1245.5714032422602
7233,1416.0,1563.0,1653.1531026556713
7234,1356.0,883.0,1307.004496172155
7235,1306.0,1250.0,1294.1074172125082
7236,1269.0,1187.0,1330.0832202941322
7237,1243.0,1255.0,1356.1957282785015
7238,1230.0,3817.0,3173.223318197416
7239,1230.0,489.0,1197.1607232125812
7240,1243.0,1715.0,1198.2386635681864
7241,1269.0,1587.0,1230.7437044575856
7242,1306.0,1517.0,1633.3633312120148
7243,1356.0,1407.0,1411.8933089852699
7244,1416.0,1687.0,1476.0031749713482
7245,1487.0,1235.0,1404.5567538597822
7246,1566.0,1331.0,1274.2504692027956
7247,1653.0,1702.0,1805.5422028762857
7248,1746.0,2246.0,1926.2388532541643
7249,1844.0,2222.0,2263.8622977436266
7250,1945.0,1767.0,1952.932634134028
7251,2047.0,1893.0,1767.8129799146936
7252,2150.0,2530.0,2227.5939300516898
7253,2251.0,2588.0,2495.102037485622
7254,2349.0,2366.0,2352.076319342858
7255,2442.0,2260.0,2185.806245503723
7256,2529.0,2390.0,2195.6355077929366
7257,2608.0,2565.0,2509.9594547078163
7258,2679.0,3026.0,2756.4452326545256
7259,2739.0,2569.0,2642.5346343451515
7260,2789.0,2120.0,2261.355491134283
7261,2826.0,3399.0,3355.8670580635217
7262,2852.0,2347.0,2659.1840291111744
7263,2865.0,2935.0,2698.0781287021496
7264,2865.0,1501.0,2050.0914325827475
7265,2852.0,2469.0,2026.7406694988588
7266,2826.0,2667.0,2537.1068665177563
7267,2789.0,2874.0,2947.192923104363
7268,2739.0,2835.0,2884.2981012249793
7269,2679.0,3058.0,2840.4091335544886
7270,2608.0,2315.0,2762.3565451285776
7271,2529.0,1255.0,1746.4358275341303
7272,2442.0,2593.0,2339.0411710791404
7273,2349.0,1387.0,1854.6227026748606
7274,2251.0,2335.0,2187.2802553642337
7275,2150.0,1594.0,1989.0660775136078
7276,2048.0,1896.0,1980.3037606010237
7277,1945.0,2227.0,2186.3944503574407
7278,1844.0,3377.0,2957.4139014129014
7279,1746.0,1660.0,2543.5948529438097
7280,1653.0,1499.0,1479.4915690512616
7281,1566.0,1417.0,1366.726083947329
7282,1487.0,1666.0,1497.5818656325957
7283,1416.0,3763.0,3067.0481158967305
7284,1356.0,1331.0,1880.7522802780868
7285,1306.0,2144.0,1859.8503293129745
7286,1269.0,1658.0,1697.8727562801487
7287,1243.0,1065.0,1636.7940825279957
7288,1230.0,1447.0,1279.9891018033256
7289,1230.0,1455.0,1405.8836873830428
7290,1243.0,1669.0,1661.5726245135004
7291,1269.0,1342.0,1548.5589281078842
7292,1306.0,898.0,1457.2463682955554
7293,1356.0,1531.0,1211.3601174338685
7294,1416.0,654.0,1195.729732996947
7295,1487.0,933.0,939.4302259242355
7296,1566.0,1264.0,1043.1229637047186
7297,1653.0,1744.0,1655.8142745741236
7298,1746.0,2091.0,1990.578842962292
7299,1844.0,1869.0,1943.8602507309884
7300,1945.0,1877.0,1791.603070801166
7301,2047.0,1982.0,1728.8100809775708
7302,2150.0,1790.0,1808.9384737943135
7303,2251.0,1671.0,1544.7615023533183
7304,2349.0,2648.0,2521.5096536349643
7305,2442.0,3053.0,2754.5493278925924
7306,2529.0,1779.0,2284.3946940352976
7307,2608.0,2864.0,2520.688733428873
7308,2679.0,3054.0,2723.8140968874063
7309,2739.0,3016.0,3009.415855720352
7310,2789.0,3684.0,3200.3225669636154
7311,2826.0,2291.0,2718.309146226634
7312,2852.0,2407.0,2208.354090346042
7313,2865.0,3082.0,2596.3106732439464
7314,2865.0,2988.0,3098.634641429045
7315,2852.0,3303.0,3077.6063864662974
7316,2826.0,3651.0,3416.2902293736233
7317,2789.0,2660.0,3153.368467529807
7318,2739.0,2712.0,2686.729685107951
7319,2679.0,1905.0,2304.951775718786
7320,2608.0,4095.0,3753.5256438913234
7321,2529.0,2481.0,3198.223349924435
7322,2442.0,2790.0,2836.0350190755285
7323,2349.0,2290.0,2425.8153325681296
7324,2251.0,2092.0,2301.3745173165967
7325,2150.0,1957.0,2220.7195015272873
7326,2048.0,1179.0,1634.0471097298491
7327,1945.0,1950.0,1723.976330306796
7328,1844.0,1296.0,1634.7713883166882
7329,1746.0,1676.0,1947.5479229260973
7330,1653.0,2210.0,2046.0300815721905
7331,1566.0,2425.0,2490.671903604027
7332,1487.0,911.0,1776.1731645423304
7333,1416.0,1168.0,1065.4160022274275
7334,1356.0,1272.0,1163.1831502827506
7335,1306.0,623.0,1003.8508983219263
7336,1269.0,1430.0,1189.872396237355
7337,1243.0,1411.0,1400.0796587766692
7338,1230.0,536.0,1166.2550156402624
7339,1230.0,765.0,832.1055265333788
7340,1243.0,921.0,979.8078474316084
7341,1269.0,873.0,957.5270328091425
7342,1306.0,0.0,519.4409657850673
7343,1356.0,655.0,405.9236671433175
7344,1416.0,634.0,624.1192627860873
7345,1487.0,977.0,1017.0027593323923
7346,1566.0,1378.0,1278.4706642339013
7347,1653.0,1716.0,1484.4845957999253
7348,1746.0,1890.0,1740.4141395433908
7349,1844.0,1370.0,1520.812397382101
7350,1945.0,1657.0,1546.1373026879578
7351,2047.0,1965.0,1546.4297863047805
7352,2150.0,2322.0,2205.8876206684163
7353,2251.0,1842.0,1901.9303218628359
7354,2349.0,2889.0,2674.012675967802
7355,2442.0,2678.0,2595.5793907946295
7356,2529.0,2423.0,2501.4278971210833
7357,2608.0,2465.0,2291.66081795802
7358,2679.0,3475.0,3168.9427991169873
7359,2739.0,2734.0,2947.357966709382
7360,2789.0,3433.0,2997.5872139948897
7361,2826.0,2777.0,2896.5005718367215
7362,2852.0,3028.0,2773.474388488712
7363,2865.0,2975.0,2933.58115968928
7364,2865.0,3083.0,2987.3513403488887
7365,2852.0,3401.0,3157.1443565325903
7366,2826.0,2619.0,2915.674598045164
7367,2789.0,3172.0,2983.3906898897712
7368,2739.0,2669.0,2813.9265064076108
7369,2679.0,2890.0,2904.0787326253844
7370,2608.0,2636.0,2728.0846022343558
7371,2529.0,2214.0,2480.788552776559
7372,2442.0,1958.0,2159.2489096926265
7373,2349.0,2197.0,2178.7080026885087
7374,2251.0,1888.0,2147.688648693938
7375,2150.0,2551.0,2348.1482309990706
7376,2048.0,2337.0,2575.748695359484
7377,1945.0,1861.0,2228.996751960468
7378,1844.0,1944.0,1993.785139306666
7379,1746.0,1157.0,1594.3940778509777
7380,1653.0,1528.0,1444.564514736382
7381,1566.0,1562.0,1559.1814961017783
7382,1487.0,1505.0,1690.3066290388908
7383,1416.0,1058.0,1384.2983521150397
7384,1356.0,961.0,1183.0140327972151
7385,1306.0,1191.0,1230.042712577265
7386,1269.0,595.0,1023.1385807652293
7387,1243.0,1592.0,1263.7436762143864
7388,1230.0,1795.0,1659.446191662678
7389,1230.0,1779.0,1899.9881895693638
7390,1243.0,887.0,1338.7360227180748
7391,1269.0,852.0,834.3328741708398
7392,1306.0,1837.0,1315.3044676733582
7393,1356.0,4095.0,2894.030879525093
7394,1416.0,1668.0,1823.4820270182704
7395,1487.0,1464.0,1422.0540281726735
7396,1566.0,1119.0,957.7902269027447
7397,1653.0,686.0,828.9588935979408
7398,1746.0,2297.0,1590.939081895198
7399,1844.0,1849.0,1977.2842016326485
7400,1945.0,1705.0,1844.9198179107555
7401,2047.0,1564.0,1631.509478288449
7402,2150.0,2095.0,2118.6978962597564
7403,2251.0,2167.0,2105.044156221768
7404,2349.0,2830.0,2439.3780750123497
7405,2442.0,2615.0,2521.809301194724
7406,2529.0,2149.0,2139.1998035257775
7407,2608.0,3077.0,2842.1063935100055
7408,2679.0,2252.0,2490.3317912854395
7409,2739.0,2617.0,2419.0317750892855
7410,2789.0,2826.0,2485.555379421691
7411,2826.0,2787.0,2740.938252700593
7412,2852.0,2446.0,2580.2373373972637
7413,2865.0,2742.0,2653.9725001797906
7414,2865.0,2917.0,2789.992536775777
7415,2852.0,3189.0,3000.8190120721197
7416,2826.0,2386.0,2693.0063395059033
7417,2789.0,2332.0,2286.7988057745215
7418,2739.0,2559.0,2383.2027800448263
7419,2679.0,3160.0,2947.2530233446187
7420,2608.0,2535.0,2692.0956319488573
7421,2529.0,2459.0,2495.543455187634
7422,2442.0,932.0,1677.7476150713105
7423,2349.0,2354.0,2021.913214746148
7424,2251.0,1273.0,1839.371513820745
7425,2150.0,2229.0,1991.73648460361
7426,2048.0,1484.0,1884.2846014323368
7427,1945.0,2100.0,1983.9066034443256
7428,1844.0,1939.0,2190.341680291568
7429,1746.0,1162.0,1679.8239201523043
7430,1653.0,1567.0,1462.093205023384
7431,1566.0,0.0,647.2268333586941
7432,1487.0,1693.0,1092.0937136179305
7433,1416.0,994.0,1290.6320191253562
7434,1356.0,1349.0,1500.5892413154456
7435,1306.0,1687.0,1534.6273172258907
7436,1269.0,1040.0,1476.624171502192
7437,1243.0,1342.0,1327.3081407049804
7438,1230.0,1738.0,1440.5660738748352
7439,1230.0,1169.0,1488.9172219030597
7440,1243.0,1185.0,1005.9083369130598
7441,1269.0,1862.0,1495.4577091879169
7442,1306.0,1110.0,1442.020952250762
7443,1356.0,1706.0,1461.5839810131229
7444,1416.0,3389.0,2849.61036133045
7445,1487.0,1543.0,2134.402852524634
7446,1566.0,1594.0,1574.1431855719618
7447,1653.0,1018.0,1054.2545582418363
7448,1746.0,1438.0,1173.4235347381057
7449,1844.0,1608.0,1503.2206786729746
7450,1945.0,1076.0,1425.1580704402481
7451,2048.0,3385.0,3181.882318764495
7452,2150.0,2412.0,2821.5215205074214
7453,2251.0,2726.0,2900.7623256199195
7454,2349.0,613.0,1400.0170629576457
7455,2442.0,2486.0,1793.5177919886983
7456,2529.0,2394.0,2169.780111565474
7457,2608.0,2465.0,2507.310047921636
7458,2679.0,3067.0,2654.8599539035013
7459,2739.0,2427.0,2473.200383851152
7460,2789.0,3242.0,2981.082780339945
7461,2826.0,2847.0,2900.873307626115
7462,2852.0,2473.0,2677.6249929099167
7463,2865.0,2781.0,2268.6589809256798
7464,2865.0,3122.0,2857.5329804570556
7465,2852.0,2781.0,2927.506715339707
7466,2826.0,2336.0,2526.7865616146714
7467,2789.0,1211.0,1797.338026438395
7468,2739.0,2403.0,2086.899947625586
7469,2679.0,3156.0,2888.4663771775963
7470,2608.0,2590.0,2863.4400860618857
7471,2529.0,2490.0,2590.1137309827495
7472,2442.0,2203.0,2292.7453940975006
7473,2349.0,2226.0,2303.8037268901053
7474,2251.0,2030.0,2183.9384397799117
7475,2150.0,2575.0,2307.663478137274
7476,2047.0,2339.0,2295.179708828066
7477,1945.0,2074.0,2281.200916813374
7478,1844.0,2072.0,2186.0133607149855
7479,1746.0,1712.0,1929.4831422203188
7480,1653.0,2048.0,1968.8194800652716
7481,1566.0,2100.0,2088.703641166318
7482,1487.0,1349.0,1805.88513167071
7483,1416.0,1759.0,1606.8597434053713
7484,1356.0,982.0,1447.0439794471845
7485,1306.0,1589.0,1473.1290706190678
7486,1269.0,1277.0,1490.4669518246935
7487,1243.0,1610.0,1601.5216267032574
7488,1230.0,1564.0,1626.2808534367132
7489,1230.0,295.0,1045.286378553212
7490,1243.0,1218.0,896.2436675562187
7491,1269.0,2145.0,1630.7090924579365
7492,1306.0,238.0,1371.1498293982947
7493,1356.0,1072.0,710.0488500698401
7494,1416.0,1749.0,1294.3056310079085
7495,1487.0,1456.0,1713.1106559693676
7496,1566.0,1588.0,1623.7157410116638
7497,1653.0,0.0,720.3063183913376
7498,1746.0,2175.0,1490.8209603068335
7499,1844.0,2056.0,1994.0544303223462
7500,1945.0,1916.0,2231.0458201247347
7501,2047.0,1725.0,1560.8192306360384
7502,2150.0,2184.0,1759.9187740210646
7503,2251.0,2336.0,2204.6158618933096
7504,2349.0,2838.0,2506.0077800658314
7505,2442.0,2361.0,2466.8933591266764
7506,2529.0,2012.0,1830.4565290235084
7507,2608.0,2185.0,2016.4903863566224
7508,2679.0,2560.0,2303.0993706246336
7509,2739.0,2670.0,2580.274387250598
7510,2789.0,3583.0,3276.3416624205984
7511,2826.0,2914.0,3144.3314507037758
7512,2852.0,3225.0,3022.8820745812445
7513,2865.0,2477.0,2721.566778270933
7514,2865.0,2623.0,2458.958171125347
7515,2852.0,2707.0,2500.7648552601145
7516,2826.0,2905.0,2745.109753448732
7517,2789.0,2135.0,2534.7646518390957
7518,2739.0,3178.0,2850.7966024929633
7519,2679.0,3399.0,3357.1810191992536
7520,2608.0,3007.0,3292.946285714873
7521,2529.0,2207.0,2630.7488268262096
7522,2442.0,3207.0,2905.0228549976073
7523,2349.0,2371.0,2720.846703882197
7524,2251.0,2460.0,2517.2603776371657
7525,2150.0,1752.0,2080.3668672411086
7526,2048.0,1816.0,1793.0912935173394
7527,1945.0,2037.0,2091.4576734842176
7528,1844.0,2393.0,2465.0873208638845
7529,1746.0,1991.0,2374.8835665582537
7530,1653.0,1979.0,2027.569031753498
7531,1566.0,2132.0,2192.5274859111782
7532,1487.0,888.0,1575.543413459604
7533,1416.0,1893.0,1510.9049897709392
7534,1356.0,1854.0,1797.85105289356
7535,1306.0,1679.0,1905.445139121525
7536,1269.0,1293.0,1553.685073770265
7537,1243.0,2362.0,1894.1917869207196
7538,1230.0,3986.0,3506.2718002873617
7539,1230.0,1148.0,1783.2686439354973
7540,1243.0,1343.0,1281.203092398131
7541,1269.0,979.0,733.2838525822967
7542,1306.0,2014.0,1615.7525062812097
7543,1356.0,2175.0,2196.548801086169
7544,1416.0,1027.0,1651.457050673549
7545,1487.0,1407.0,1197.9717914135565
7546,1566.0,2059.0,1766.9393626984308
7547,1653.0,1973.0,2408.046605578626
7548,1746.0,1776.0,1831.276060889527
7549,1844.0,2347.0,2029.540461419009
7550,1945.0,2385.0,2202.203551188197
7551,2047.0,2041.0,2235.494600482302
7552,2150.0,2223.0,2086.8921270190112
7553,2251.0,3453.0,3111.5461990931194
7554,2349.0,2554.0,2853.9277678500425
7555,2442.0,2528.0,2518.614738630629
7556,2529.0,2566.0,2361.236631749222
7557,2608.0,2064.0,2186.674339142671
7558,2679.0,2988.0,2629.660103069558
7559,2739.0,3654.0,3229.9586638129194
7560,2789.0,3115.0,3334.3220716368187
7561,2826.0,2246.0,2595.3958757273213
7562,2852.0,3086.0,2693.438928530162
7563,2865.0,2368.0,2624.2216909259705
7564,2865.0,3198.0,2837.0373173469598
7565,2852.0,4095.0,3521.830886225768
7566,2826.0,2710.0,3306.8625831402937
7567,2789.0,2689.0,2748.3889949279915
7568,2739.0,2370.0,2471.200307568873
7569,2679.0,3181.0,2832.6889630943147
7570,2608.0,2457.0,2762.0908958348923
7571,2529.0,2837.0,2745.6800782631744
7572,2442.0,1424.0,2059.1111106062217
7573,2349.0,1815.0,1806.7112664901565
7574,2251.0,1943.0,2102.9035429308406
7575,2150.0,2124.0,2214.1698521358226
7576,2048.0,2518.0,2477.954846727889
7577,1945.0,1605.0,2115.4726852696917
7578,1844.0,1263.0,1647.9235073012699
7579,1746.0,2498.0,2095.389862973536
7580,1653.0,1754.0,2158.795375306592
7581,1566.0,885.0,1386.3752878615906
7582,1487.0,1015.0,905.2413102168791
7583,1416.0,1370.0,1232.670144627963
7584,1356.0,666.0,1242.9998190441079
7585,1306.0,1638.0,1394.7203134562628
7586,1269.0,1197.0,1429.0669310916412
7587,1243.0,873.0,1164.2137469242261
7588,1230.0,734.0,967.9875330819858
7589,1230.0,1402.0,1125.6760393823206
7590,1243.0,772.0,947.1201895441073
7591,1269.0,846.0,871.1995840050425
7592,1306.0,1516.0,1174.4545657471465
7593,1356.0,1267.0,1341.8332124456292
7594,1416.0,1464.0,1490.769497421347
7595,1487.0,1627.0,1471.7413619872025
7596,1566.0,1423.0,1429.2415387868189
7597,1653.0,1782.0,1498.3889646558525
7598,1746.0,2119.0,1868.5740744145473
7599,1844.0,966.0,1423.9176997430645
7600,1945.0,1855.0,1433.0294865443984
7601,2047.0,1358.0,1485.8769043296818
7602,2150.0,2257.0,1851.610560989655
7603,2251.0,2232.0,2171.281299639896
7604,2349.0,4095.0,3559.5184842494455
7605,2442.0,2701.0,3204.8653598018077
7606,2529.0,2662.0,2594.900032872338
7607,2608.0,1899.0,1986.0794378777416
7608,2679.0,2488.0,1921.1691476874423
7609,2739.0,2572.0,2418.6879200086014
7610,2789.0,2798.0,2579.80753212442
7611,2826.0,2496.0,2613.6052046476534
7612,2852.0,3979.0,3512.060430921511
7613,2865.0,3257.0,3743.0569997641105
7614,2865.0,2878.0,3082.4055416932533
7615,2852.0,3291.0,2887.531378125587
7616,2826.0,2312.0,2561.635903115643
7617,2789.0,3207.0,2751.977540474518
7618,2739.0,2228.0,2585.858552190902
7619,2679.0,2354.0,2395.5260984062884
7620,2608.0,3329.0,2792.6725953198506
7621,2529.0,2826.0,3275.543175077954
7622,2442.0,2724.0,2946.010065858728
7623,2349.0,2175.0,2393.740581787167
7624,2251.0,2174.0,2259.0136064724743
7625,2150.0,2364.0,2240.6369882373547
7626,2048.0,1057.0,1856.419848020046
7627,1945.0,1444.0,1343.938191802042
7628,1844.0,1589.0,1550.1873983990533
7629,1746.0,1641.0,1966.496333026483
7630,1653.0,2549.0,2329.4486939132576
7631,1566.0,1647.0,1969.5357204092008
7632,1487.0,1712.0,1799.637794057419
7633,1416.0,1508.0,1567.686571872888
7634,1356.0,1573.0,1632.988594892522
7635,1306.0,1247.0,1342.02678148273
7636,1269.0,1429.0,1344.8069159154823
7637,1243.0,2225.0,1956.5942918898086
7638,1230.0,1076.0,1265.2533406589241
7639,1230.0,1383.0,1433.7117311208838
7640,1243.0,960.0,1094.3319710101496
7641,1269.0,1130.0,1147.6871039171474
7642,1306.0,1651.0,1567.2153818323966
7643,1356.0,1019.0,1310.6824162222517
7644,1416.0,910.0,1031.7187894018912
7645,1487.0,0.0,461.89721961596604
7646,1566.0,1796.0,1321.7526909893888
7647,1653.0,1473.0,1617.1207690076326
7648,1746.0,1300.0,1563.588764185492
7649,1844.0,1863.0,1479.0516038449123
7650,1945.0,2072.0,1853.072600095605
7651,2047.0,1882.0,2004.2332823392815
7652,2150.0,1762.0,1678.753921817545
7653,2251.0,1767.0,1567.680554952792
7654,2349.0,1628.0,1416.9016170805035
7655,2442.0,1984.0,1804.8765748419685
7656,2529.0,2546.0,2404.9907210482074
7657,2608.0,2373.0,2371.928779127811
7658,2679.0,2500.0,2410.9646254283
7659,2739.0,999.0,1364.0298098782935
7660,2789.0,2876.0,2568.6224182150863
7661,2826.0,2781.0,2654.988764986131
7662,2852.0,3352.0,3124.0072727448746
7663,2865.0,2317.0,2651.900303699989
7664,2865.0,3018.0,2622.977519516077
7665,2852.0,2291.0,2524.340596195543
7666,2826.0,3173.0,2722.229515616088
7667,2789.0,3240.0,3096.0109456876653
7668,2739.0,2638.0,2706.0624023820797
7669,2679.0,2580.0,2604.3664717631873
7670,2608.0,2020.0,2236.5671499163154
7671,2529.0,3167.0,2726.5994221493884
7672,2442.0,2621.0,2830.145210073381
7673,2349.0,1914.0,2419.628545772499
7674,2251.0,1651.0,1732.489480128219
7675,2150.0,2925.0,2445.962225187002
7676,2048.0,2445.0,2803.9796736481853
7677,1945.0,1843.0,2295.813961246754
7678,1844.0,1501.0,1661.3516605766595
7679,1746.0,1904.0,1673.8019617286197
7680,1653.0,1697.0,1978.5813915180895
7681,1566.0,1525.0,1783.5631432793293
7682,1487.0,1250.0,1415.5845487513293
7683,1416.0,1030.0,1184.90083799984
7684,1356.0,2198.0,2102.564533068091
7685,1306.0,820.0,1651.0170174619955
7686,1269.0,1753.0,1447.3365223304402
7687,1243.0,1414.0,1475.9500736614323
7688,1230.0,1498.0,1594.0226959325748
7689,1230.0,283.0,927.9520641569162
7690,1243.0,557.0,472.03791474186835
7691,1269.0,1375.0,963.9848862338258
7692,1306.0,705.0,1130.852656674152
7693,1356.0,1809.0,1520.5644489114625
7694,1416.0,1821.0,1681.5561969412365
7695,1487.0,989.0,1544.4074538385435
7696,1566.0,1880.0,1611.1522804131957
7697,1653.0,1337.0,1477.5643013440758
7698,1746.0,1462.0,1295.2596687480482
7699,1844.0,2771.0,2043.4164409833138
7700,1945.0,1998.0,2291.604785278021
7701,2048.0,1718.0,1784.4259110064797
7702,2150.0,2280.0,1849.7333124834813
7703,2251.0,2981.0,2537.2973517430537
7704,2349.0,2431.0,2565.19583705052
7705,2442.0,2595.0,2430.0977988876475
7706,2529.0,3281.0,2710.1642121968002
7707,2608.0,2106.0,2517.4453232355513
7708,2679.0,3208.0,2699.883422477296
7709,2739.0,2794.0,2757.0563364632967
7710,2789.0,3047.0,2854.016429929727
7711,2826.0,3134.0,2970.0617751862806
7712,2852.0,2819.0,2957.837275119087
7713,2865.0,4000.0,3761.0918205972384
7714,2865.0,2272.0,2985.3089713390214
7715,2852.0,3215.0,2849.1397387439847
7716,2826.0,2763.0,2709.645126440822
7717,2789.0,3118.0,3052.90957337188
7718,2739.0,3043.0,3053.857214552917
7719,2679.0,2494.0,2788.9050273834882
7720,2608.0,2845.0,2707.383993726725
7721,2529.0,2091.0,2437.919017446986
7722,2442.0,2474.0,2560.7448167943344
7723,2349.0,2851.0,2594.068064413042
7724,2251.0,2364.0,2727.863214999601
7725,2150.0,1774.0,2167.832128127847
7726,2047.0,1691.0,1806.962584165008
7727,1945.0,1622.0,1787.4337436398102
7728,1844.0,1676.0,1790.6278709043743
7729,1746.0,2167.0,2100.5428865855447
7730,1653.0,1883.0,2089.3335318359627
7731,1566.0,1765.0,1971.785064363057
7732,1487.0,1620.0,1806.6131780198596
7733,1416.0,421.0,1105.3356526375512
7734,1356.0,1413.0,1093.8606714109674
7735,1306.0,1747.0,1568.769259649204
7736,1269.0,959.0,1525.2696384480957
7737,1243.0,1414.0,1287.474120977261
7738,1230.0,1725.0,1603.4353475298176
7739,1230.0,1292.0,1641.4907980579994
7740,1243.0,1359.0,1394.636615106568
7741,1269.0,1693.0,1481.1964562106414
7742,1306.0,856.0,1146.2584155885604
7743,1356.0,1202.0,1078.3790324559266
7744,1416.0,1636.0,1407.3490722503618
7745,1487.0,1287.0,1462.4094219491142
7746,1566.0,1843.0,1619.6051575509357
7747,1653.0,1488.0,1640.3647957223502
7748,1746.0,2202.0,1843.9222924388637
7749,1844.0,1910.0,1958.80671270145
7750,1945.0,1592.0,1745.7148631864156
7751,2048.0,1436.0,1335.4639486867582
7752,2150.0,1806.0,1507.5357501806882
7753,2251.0,2210.0,2002.5320500824178
7754,2349.0,2433.0,2265.875680177343
7755,2442.0,3522.0,3395.711910277317
7756,2529.0,2983.0,3070.5206032824317
7757,2608.0,2205.0,2338.3569079523177
7758,2679.0,1972.0,1864.5751272599593
7759,2739.0,3360.0,2889.4951862874004
7760,2789.0,2884.0,2958.846854405893
7761,2826.0,2799.0,2807.7050864997236
7762,2852.0,2089.0,2293.4026911889646
7763,2865.0,3009.0,2511.178147441987
7764,2865.0,3177.0,3186.212870840651
7765,2852.0,2761.0,3056.372723433482
7766,2826.0,2762.0,2659.2395671812483
7767,2789.0,3392.0,2894.8861678727462
7768,2739.0,2567.0,2776.7062858543377
7769,2679.0,2834.0,2735.4487872279124
7770,2608.0,2631.0,2637.8667886407634
7771,2529.0,2644.0,2580.2055219929807
7772,2442.0,2714.0,2737.580621485811
7773,2349.0,4095.0,3721.611510782774
7774,2251.0,2656.0,2987.318591147879
7775,2150.0,1521.0,2151.787442094679
7776,2047.0,1929.0,1689.3732243872157
7777,1945.0,2314.0,2098.7184437771475
7778,1844.0,1419.0,2095.128892313192
7779,1746.0,0.0,881.5399118077028
7780,1653.0,1076.0,697.2522802733639
7781,1566.0,2502.0,2014.8988768201611
7782,1487.0,828.0,2232.2120719588274
7783,1416.0,556.0,990.1898459693646
7784,1356.0,2047.0,1402.4864365327758
7785,1306.0,1793.0,2034.889693872754
7786,1269.0,905.0,1615.7535403512215
7787,1243.0,1355.0,1022.0511273017597
7788,1230.0,1026.0,923.9496522818462
7789,1230.0,960.0,1063.0293928093845
7790,1243.0,1416.0,1342.5221228499202
7791,1269.0,1129.0,1212.336295109465
7792,1306.0,1570.0,1321.8323452719842
7793,1356.0,2603.0,2256.5062438590135
7794,1416.0,3906.0,3558.0428265262253
7795,1487.0,1724.0,2070.616003837914
7796,1566.0,1111.0,1265.4877028097183
7797,1653.0,1497.0,1170.1140138341223
7798,1746.0,2070.0,1738.5853253628127
7799,1844.0,3093.0,2613.149710410622
7800,1945.0,2121.0,2489.05910985647
7801,2048.0,2006.0,2042.8155063996114
7802,2150.0,1781.0,1870.1017671004577
7803,2251.0,2276.0,2260.2267428704417
7804,2349.0,1900.0,2034.1770669404623
7805,2442.0,2217.0,1947.6361712841615
7806,2529.0,2729.0,2382.7895057486476
7807,2608.0,2406.0,2558.9435829302033
7808,2679.0,3024.0,2838.54942744969
7809,2739.0,2592.0,2673.7948918514135
7810,2789.0,3534.0,3175.6510443532684
7811,2826.0,2470.0,2784.2781821898843
7812,2852.0,3285.0,2869.855954545638
7813,2865.0,2948.0,2860.263772619052
7814,2865.0,3036.0,2929.4583089693056
7815,2852.0,2807.0,2860.2963770039078
7816,2826.0,2460.0,2542.498394902473
7817,2789.0,4095.0,3453.6618379804145
7818,2739.0,2802.0,3354.7823374528725
7819,2679.0,2796.0,2988.762342372831
7820,2608.0,2722.0,2550.419490697781
7821,2529.0,2410.0,2613.7651707570867
7822,2442.0,2218.0,2399.6556333079407
7823,2349.0,2522.0,2443.03657395794
7824,2251.0,2089.0,2381.8696193265387
7825,2150.0,1841.0,2065.130570880058
7826,2047.0,2210.0,2300.802776292001
7827,1945.0,962.0,1706.9504227888242
7828,1844.0,1177.0,1292.286887394117
7829,1746.0,3141.0,2618.331051291971
7830,1653.0,2218.0,2510.2820509468356
7831,1566.0,1668.0,2140.7466509866335
7832,1487.0,15.0,786.7196266829832
7833,1416.0,0.0,72.29254654392082
7834,1356.0,2170.0,1560.7605272925784
7835,1306.0,1052.0,1834.1170578881627
7836,1269.0,1925.0,1679.2845154293595
7837,1243.0,1432.0,1513.2471886422186
7838,1230.0,1451.0,1740.5718385505681
7839,1230.0,857.0,1231.9375436013333
7840,1243.0,1649.0,1261.2950692451643
7841,1269.0,0.0,617.280206200469
7842,1306.0,1205.0,550.6675511419833
7843,1356.0,2167.0,1740.315889577769
7844,1416.0,1519.0,1941.5685290806814
7845,1487.0,1583.0,1696.6155234093687
7846,1566.0,1045.0,1171.2863904895412
7847,1653.0,1839.0,1439.2103938905623
7848,1746.0,1929.0,1748.764865331125
7849,1844.0,1598.0,1794.2050254484634
7850,1945.0,2015.0,1559.1198692577793
7851,2048.0,2402.0,2073.8918698597713
7852,2150.0,2145.0,2328.2466482343752
7853,2251.0,2180.0,2076.1296465361
7854,2349.0,2231.0,2052.6004762691555
7855,2442.0,2740.0,2311.3603671551514
7856,2529.0,2319.0,2451.012114666
7857,2608.0,2095.0,2152.732165497948
7858,2679.0,2963.0,2698.4701738917624
7859,2739.0,2378.0,2587.4937575934787
7860,2789.0,2641.0,2565.1781850097923
7861,2826.0,3017.0,2687.5460417869326
7862,2852.0,3328.0,3095.3582405374377
7863,2865.0,3209.0,3198.9340504614215
7864,2865.0,2926.0,3005.2138158016755
7865,2852.0,2811.0,2712.7947825255665
7866,2826.0,2316.0,2399.6981599969345
7867,2789.0,2398.0,2387.208335736425
7868,2739.0,2356.0,2328.7782357503434
7869,2679.0,3014.0,2864.072144943454
7870,2608.0,3021.0,3104.646883689589
7871,2529.0,2248.0,2411.242190080012
7872,2442.0,2470.0,2428.9003149122195
7873,2349.0,2632.0,2527.593409060837
7874,2251.0,1982.0,2194.54134534507
7875,2150.0,2663.0,2327.8162562724183
7876,2047.0,1856.0,2208.7353923128494
7877,1945.0,2069.0,2069.5032809252025
7878,1844.0,2445.0,2333.2862202569245
7879,1746.0,1134.0,1939.417408455368
7880,1653.0,1678.0,1519.7884785577
7881,1566.0,2061.0,1875.0049924259267
7882,1487.0,1667.0,2073.3643717695645
7883,1416.0,1579.0,1721.3762381914999
7884,1356.0,1454.0,1594.9766068121419
7885,1306.0,1420.0,1470.1877116364972
7886,1269.0,1337.0,1475.2618330215632
7887,1243.0,1619.0,1644.590626504688
7888,1230.0,1479.0,1503.9282112538012
7889,1230.0,2210.0,2015.3400777336956
7890,1243.0,1069.0,1682.8664944692273
7891,1269.0,856.0,1027.1776688308164
7892,1306.0,728.0,737.5382162204511
7893,1356.0,1759.0,1493.831705875728
7894,1416.0,1362.0,1635.500434419764
7895,1487.0,3688.0,2925.893210103181
7896,1566.0,1365.0,2425.558414917675
7897,1653.0,1204.0,1352.2069286382696
7898,1746.0,843.0,842.7432976766138
7899,1844.0,2432.0,1626.8535822893084
7900,1945.0,1724.0,2014.8894437630336
7901,2048.0,1743.0,1702.0849480659629
7902,2150.0,1180.0,1403.2142895354327
7903,2251.0,2166.0,1643.2980574388735
7904,2349.0,2690.0,2673.8464763913903
7905,2442.0,2354.0,2489.200596844862
7906,2529.0,3209.0,2759.802531637047
7907,2608.0,3037.0,2779.670321596275
7908,2679.0,2883.0,2938.466935981724
7909,2739.0,1874.0,2150.820330716152
7910,2789.0,2816.0,2354.4958239778325
7911,2826.0,2056.0,2183.3820118780222
7912,2852.0,2462.0,2322.4708663674337
7913,2865.0,2490.0,2469.8185866714894
7914,2865.0,3187.0,2866.358887961133
7915,2852.0,2970.0,3182.3333088979357
7916,2826.0,3097.0,3097.8109397097587
7917,2789.0,2353.0,2668.390741357585
7918,2739.0,2814.0,2448.1869858869754
7919,2679.0,2387.0,2549.289884787565
7920,2608.0,2557.0,2431.6657188899053
7921,2529.0,2914.0,2697.36886622449
7922,2442.0,2203.0,2564.5338777807597
7923,2349.0,2576.0,2529.258944924894
7924,2251.0,1613.0,2108.106610779946
7925,2150.0,2631.0,2283.970883221082
7926,2047.0,2418.0,2488.431351858466
7927,1945.0,1731.0,2240.6057667810505
7928,1844.0,1681.0,1740.5174137787078
7929,1746.0,1493.0,1617.9854017512314
7930,1653.0,1503.0,1712.552743725853
7931,1566.0,2124.0,1912.1057216323522
7932,1487.0,1732.0,1880.590163014779
7933,1416.0,1670.0,1756.3858832158865
7934,1356.0,1184.0,1522.5881290452583
7935,1306.0,1188.0,1303.2573030560093
7936,1269.0,1375.0,1315.5398660057872
7937,1243.0,1161.0,1304.2170062785417
7938,1230.0,1835.0,1593.3242618464024
7939,1230.0,1113.0,1467.4271725750389
7940,1243.0,1478.0,1460.3421467636656
7941,1269.0,2587.0,2234.318038842869
7942,1306.0,1626.0,1843.0786508069086
7943,1356.0,2220.0,1900.132162212961
7944,1416.0,1879.0,1802.9291013475017
7945,1487.0,1333.0,1553.761019705064
7946,1566.0,1956.0,1533.604338941411
7947,1653.0,3747.0,3160.0130850407377
7948,1746.0,2117.0,2599.1282935665804
7949,1844.0,2108.0,2079.749641762264
7950,1945.0,1635.0,1699.1692213439583
7951,2048.0,0.0,778.2125719792047
7952,2150.0,4095.0,3474.807111231284
7953,2251.0,1765.0,2794.617514435648
7954,2349.0,2114.0,2204.1290128170162
7955,2442.0,2527.0,2068.5118797418277
7956,2529.0,2096.0,2499.2275395659212
7957,2608.0,1982.0,2112.017936985836
7958,2679.0,2796.0,2382.5166030712194
7959,2739.0,2966.0,2756.7331858612843
7960,2789.0,2901.0,2604.4533880368913
7961,2826.0,3860.0,3540.157372657131
7962,2852.0,2911.0,3144.5333867104778
7963,2865.0,3000.0,2852.922429251973
7964,2865.0,2894.0,2731.1894699857125
7965,2852.0,2820.0,2704.6712159569834
7966,2826.0,2577.0,2584.457622828767
7967,2789.0,2358.0,2429.948938421407
7968,2739.0,3481.0,3048.9568124882016
7969,2679.0,2981.0,3250.578303553137
7970,2608.0,2148.0,2797.256218625349
7971,2529.0,2389.0,2234.515499725863
7972,2442.0,2168.0,2273.530515601028
7973,2349.0,3231.0,2919.6165220608973
7974,2251.0,4095.0,3666.2288052639074
7975,2150.0,2429.0,2764.3676520886584
7976,2048.0,2267.0,2303.0811451497284
7977,1945.0,1567.0,1844.889980954962
7978,1844.0,2086.0,1941.0238216816042
7979,1746.0,1729.0,1925.2274583008468
7980,1653.0,1772.0,1878.4056294586933
7981,1566.0,1163.0,1558.0974174447454
7982,1487.0,2695.0,2196.90187698797
7983,1416.0,1407.0,2363.1710533939313
7984,1356.0,1914.0,1880.9165888623738
7985,1306.0,1093.0,1451.6524015027865
7986,1269.0,505.0,846.2827364789533
7987,1243.0,1333.0,1025.94375717179
7988,1230.0,1419.0,1443.5927494100818
7989,1230.0,1167.0,1499.9734704280281
7990,1243.0,1258.0,1212.89177580366
7991,1269.0,847.0,1232.585135031467
7992,1306.0,620.0,814.7131002685712
7993,1356.0,1273.0,1050.0039506634946
7994,1416.0,1529.0,1402.66134455725
7995,1487.0,1458.0,1470.581814156045
7996,1566.0,1436.0,1452.0576758894913
7997,1653.0,1595.0,1481.014708795699
7998,1746.0,1832.0,1654.8633397159058
7999,1844.0,2201.0,1948.614524504647
8000,1945.0,2463.0,2367.9064050468396
8001,2048.0,2360.0,2191.5709403738115
8002,2150.0,1942.0,1992.5426280183037
8003,2251.0,2081.0,2028.0191700451323
8004,2349.0,2379.0,2326.6079741439507
8005,2442.0,1394.0,1510.829436523532
8006,2529.0,2691.0,2386.8843521177037
8007,2608.0,2964.0,2729.745877323683
8008,2679.0,3021.0,3076.584950187045
8009,2739.0,2872.0,2913.469304048356
8010,2789.0,2812.0,2703.7016611167887
8011,2826.0,3726.0,3579.88175735218
8012,2852.0,2560.0,2967.817222245174
8013,2865.0,3387.0,2905.2460488391966
8014,2865.0,3116.0,2883.0914506834442
8015,2852.0,2420.0,2781.4973527849656
8016,2826.0,2826.0,2625.2089245522634
8017,2789.0,2642.0,2688.314839176689
8018,2739.0,2754.0,2781.3950561647657
8019,2679.0,3243.0,3010.0835619416885
8020,2608.0,2209.0,2855.387497990904
8021,2529.0,3223.0,2743.4602580292394
8022,2442.0,2443.0,2826.483962423794
8023,2349.0,2557.0,2639.9160810472963
8024,2251.0,2174.0,2287.4127640471015
8025,2150.0,2139.0,2208.654076648766
8026,2047.0,1964.0,2102.525953416081
8027,1945.0,1861.0,2026.4614921255054
8028,1844.0,2087.0,2177.6180664852545
8029,1746.0,4095.0,3930.9719544432637
8030,1653.0,1967.0,2173.186950559991
8031,1566.0,2045.0,2115.2870818674046
8032,1487.0,1639.0,1637.050768562693
8033,1416.0,1435.0,1538.1920914143336
8034,1356.0,1384.0,1504.373098185342
8035,1306.0,1114.0,1319.8187392013956
8036,1269.0,1551.0,1461.110260592447
8037,1243.0,820.0,1340.7299046069538
8038,1230.0,1087.0,1423.7221227765974
8039,1230.0,892.0,1076.901806094788
8040,1243.0,1524.0,1388.1649101726205
8041,1269.0,1860.0,1765.5394074620021
8042,1306.0,1017.0,1260.282928536784
8043,1356.0,867.0,960.5106522936768
8044,1416.0,1101.0,884.3127111930069
8045,1487.0,1586.0,1406.337067370604
8046,1566.0,1165.0,1357.1533417527646
8047,1653.0,1555.0,1351.8835479564418
8048,1746.0,1244.0,1298.7975882930082
8049,1844.0,1916.0,1634.9860858648833
8050,1945.0,1919.0,1925.3451322291592
8051,2048.0,2047.0,1904.398009586891
8052,2150.0,2573.0,2256.2160195170572
8053,2251.0,2972.0,2641.883393758065
8054,2349.0,2582.0,2656.5397549760028
8055,2442.0,2621.0,2369.833492191394
8056,2529.0,2292.0,2219.1676896100234
8057,2608.0,2923.0,2717.0668396709443
8058,2679.0,2192.0,2430.0867296424785
8059,2739.0,2441.0,2270.732627913545
8060,2789.0,2253.0,2237.3847820528163
8061,2826.0,2405.0,2387.247703023738
8062,2852.0,2817.0,2702.80856028147
8063,2865.0,2562.0,2713.1562239066016
8064,2865.0,3345.0,2985.8766585941903
8065,2852.0,3430.0,3261.888498416608
8066,2826.0,3063.0,3257.787512718326
8067,2789.0,2223.0,2486.090375593431
8068,2739.0,2681.0,2355.4823291726398
8069,2679.0,2540.0,2484.6566367928417
8070,2608.0,2827.0,2715.1081079489395
8071,2529.0,2678.0,2778.451802855865
8072,2442.0,2912.0,2801.6295476897267
8073,2349.0,1742.0,2433.1277970335323
8074,2251.0,2535.0,2287.08757025191
8075,2150.0,1644.0,2107.251175528062
8076,2047.0,2338.0,2093.075757085884
8077,1945.0,1676.0,2051.2579692768522
8078,1844.0,2130.0,2045.881017682534
8079,1746.0,686.0,1532.5796575777229
8080,1653.0,2354.0,1722.775931145235
8081,1566.0,1540.0,2041.2998320599236
8082,1487.0,1580.0,1727.6572866988042
8083,1416.0,1385.0,1550.3088692210697
8084,1356.0,1045.0,1216.630605348604
8085,1306.0,1562.0,1461.0063898236447
8086,1269.0,734.0,1181.7115927269379
8087,1243.0,1683.0,1409.7772606028175
8088,1230.0,827.0,1123.0060922603918
8089,1230.0,1238.0,1285.8031199500494
8090,1243.0,770.0,1010.3644465143686
8091,1269.0,1316.0,1144.172494896036
8092,1306.0,1500.0,1433.1439205126628
8093,1356.0,2001.0,1755.7132875626442
8094,1416.0,1815.0,1917.8688458577526
8095,1487.0,1828.0,1676.5854301810134
8096,1566.0,1795.0,1750.1264001538805
8097,1653.0,1631.0,1541.2574776436384
8098,1746.0,1287.0,1372.0782401650863
8099,1844.0,1773.0,1583.6819074304944
8100,1945.0,2158.0,1951.9386047541293
8101,2048.0,1965.0,2072.7211267012012
8102,2150.0,2797.0,2542.8341849499457
8103,2251.0,1432.0,2024.2702528871855
8104,2349.0,2753.0,2512.9072482932415
8105,2442.0,2489.0,2422.5023743581824
8106,2529.0,2507.0,2475.413131398998
8107,2608.0,2270.0,2200.9208344830568
8108,2679.0,2627.0,2306.3422461929677
8109,2739.0,3539.0,3261.561326842719
8110,2789.0,2490.0,2913.3401374243754
8111,2826.0,2220.0,2390.3756510378416
8112,2852.0,2531.0,2091.676446847027
8113,2865.0,2697.0,2628.349740967427
8114,2865.0,3356.0,3065.251408637117
8115,2852.0,1472.0,2377.0958476255737
8116,2826.0,3083.0,2415.3657956651887
8117,2789.0,1359.0,2113.3509768546573
8118,2739.0,2826.0,2423.9797316851714
8119,2679.0,1843.0,2255.716779733485
8120,2608.0,3213.0,2627.938154607511
8121,2529.0,2710.0,2930.6096314000506
8122,2442.0,2568.0,2725.7051178973006
8123,2349.0,2198.0,2432.6256520778384
8124,2251.0,2503.0,2151.509879716245
8125,2150.0,2437.0,2556.8245195708996
8126,2047.0,2010.0,2090.9515039596718
8127,1945.0,2267.0,2225.0926592441724
8128,1844.0,0.0,1091.2510558299496
8129,1746.0,2206.0,1387.3270889788005
8130,1653.0,1203.0,1535.8757158213373
8131,1566.0,1582.0,1792.069765632068
8132,1487.0,1374.0,1539.6858088678139
8133,1416.0,1602.0,1648.425020511003
8134,1356.0,1091.0,1531.2581375528077
8135,1306.0,1041.0,1155.7132595109465
8136,1269.0,1141.0,1187.6792062870277
8137,1243.0,1271.0,1034.9433995139543
8138,1230.0,1382.0,1509.0910448850182
8139,1230.0,787.0,1096.5465212362733
8140,1243.0,1347.0,1139.1206404376162
8141,1269.0,1291.0,1304.9065943821522
8142,1306.0,536.0,1029.699889992786
8143,1356.0,1149.0,939.3205055342796
8144,1416.0,1525.0,1271.1275119804131
8145,1487.0,1950.0,1805.3928569813374
8146,1566.0,843.0,1400.3722961247306
8147,1653.0,1927.0,1562.4572074102555
8148,1746.0,1541.0,1538.2296875793543
8149,1844.0,1308.0,1483.0082531449034
8150,1945.0,2177.0,1650.3050785475757
8151,2048.0,2428.0,2080.2175636460747
8152,2150.0,1827.0,2088.493702650881
8153,2251.0,2239.0,1937.113873665115
8154,2349.0,3694.0,3015.0098149642185
8155,2442.0,2518.0,2882.021533233254
8156,2529.0,2278.0,2355.2090351328798
8157,2608.0,2789.0,2481.564691589984
8158,2679.0,2687.0,2524.6886157761346
8159,2739.0,3135.0,2909.220760867342
8160,2789.0,2860.0,2905.7382949031294
8161,2826.0,2800.0,2686.9447850870447
8162,2852.0,878.0,1763.8390683040727
8163,2865.0,1991.0,1631.0050354695497
8164,2865.0,2704.0,2300.431076909087
8165,2852.0,3370.0,3201.0729812529894
8166,2826.0,2823.0,3215.219253471861
8167,2789.0,2498.0,2645.1320447383296
8168,2739.0,2821.0,2653.4313090297237
8169,2679.0,2719.0,2749.947591199025
8170,2608.0,2852.0,2808.7370540890324
8171,2529.0,2757.0,2498.9614876235514
8172,2442.0,2542.0,2551.495817080233
8173,2349.0,2206.0,2387.8685448202887
8174,2251.0,1859.0,2143.688704442912
8175,2150.0,1916.0,1970.4996324638048
8176,2047.0,2291.0,2215.196508289395
8177,1945.0,1534.0,1787.2836080705413
8178,1844.0,1303.0,1594.7992171087951
8179,1746.0,1976.0,1758.9095834256052
8180,1653.0,1625.0,1900.1143260070362
8181,1566.0,1686.0,1864.309933876755
8182,1487.0,2168.0,1953.3875417504155
8183,1416.0,2537.0,2355.0156459979207
8184,1356.0,1211.0,1531.5440531873228
8185,1306.0,1688.0,1492.308261441615
8186,1269.0,1644.0,1508.3410552046196
8187,1243.0,299.0,1006.4961228376349
8188,1230.0,1267.0,906.3708750246353
8189,1230.0,1000.0,1111.266257005154
8190,1243.0,1179.0,1337.2383330195335
8191,1269.0,1121.0,1320.1191959431223
8192,1306.0,1452.0,1486.1956109112657
8193,1356.0,1366.0,1408.6226419143354
8194,1416.0,429.0,975.6814654522417
8195,1487.0,1205.0,1043.5504926609588
8196,1566.0,1581.0,1214.953403833808
8197,1653.0,1284.0,1429.408697837272
8198,1746.0,1693.0,1469.8488873462654
8199,1844.0,1753.0,1620.9719938481624
8200,1945.0,2513.0,2198.368978675383
8201,2048.0,1431.0,1882.4398522553522
8202,2150.0,2017.0,1651.8807693508288
8203,2251.0,1920.0,1648.7986197593625
8204,2349.0,2977.0,2591.21812533305
8205,2442.0,2323.0,2531.0324467825308
8206,2529.0,1872.0,1984.457765067247
8207,2608.0,2361.0,1954.3796116864899
8208,2679.0,3112.0,2610.7274633022043
8209,2739.0,2399.0,2808.2789605365606
8210,2789.0,2826.0,2473.0785383348866
8211,2826.0,2626.0,2540.8538683818747
8212,2852.0,3336.0,2908.255905001365
8213,2865.0,3002.0,3160.1642442264124
8214,2865.0,2269.0,2560.8428567735778
8215,2852.0,3133.0,2936.1484850177035
8216,2826.0,2801.0,2840.081273196066
8217,2789.0,3228.0,3142.1345356401916
8218,2739.0,2769.0,2881.71083028101
8219,2679.0,2524.0,2643.950894563897
8220,2608.0,2279.0,2356.9289269168858
8221,2529.0,2801.0,2633.067143246287
8222,2442.0,2776.0,2856.518711956662
8223,2349.0,4095.0,3708.270373460887
8224,2251.0,2378.0,2634.235070245159
8225,2150.0,2406.0,2446.191017970542
8226,2048.0,4095.0,3633.8961017057272
8227,1945.0,1790.0,2173.2764605866378
8228,1844.0,1760.0,1900.663067993229
8229,1746.0,1972.0,1632.948103273143
8230,1653.0,1682.0,1970.438301355085
8231,1566.0,1483.0,1841.6942035062964
8232,1487.0,1294.0,1693.6764332514742
8233,1416.0,1584.0,1598.2219393142439
8234,1356.0,1289.0,1613.5676794569597
8235,1306.0,1223.0,1671.9494281461484
8236,1269.0,1152.0,1241.233848982567
8237,1243.0,1194.0,1256.5459142634322
8238,1230.0,1520.0,1482.868979210355
8239,1230.0,1462.0,1535.6279559729883
8240,1243.0,1219.0,1384.2274712468773
8241,1269.0,1939.0,1901.526478630514
8242,1306.0,1214.0,1405.042422019516
8243,1356.0,1401.0,1362.9027115568779
8244,1416.0,1524.0,1352.1426214254752
8245,1487.0,1586.0,1541.2816268120064
8246,1566.0,1455.0,1507.7693208691405
8247,1653.0,2127.0,2090.823704748142
8248,1746.0,1370.0,1687.6840658127924
8249,1844.0,1804.0,1574.2507357386132
8250,1945.0,1909.0,1806.231119682233
8251,2047.0,1836.0,1818.8894519186342
8252,2150.0,1687.0,1719.362185092727
8253,2251.0,2568.0,2370.0645552124943
8254,2349.0,1806.0,2116.3441672355416
8255,2442.0,2577.0,2166.9080229446517
8256,2529.0,2848.0,2598.608012928132
8257,2608.0,3225.0,2915.5582642194663
8258,2679.0,2531.0,2748.3073588670527
8259,2739.0,2905.0,2609.610690173329
8260,2789.0,2620.0,2528.0424358987448
8261,2826.0,2730.0,2535.9509617602553
8262,2852.0,2571.0,2610.6355708314104
8263,2865.0,4095.0,3766.555247884301
8264,2865.0,2680.0,3178.7505031045735
8265,2852.0,3240.0,3025.225712679632
8266,2826.0,2916.0,2937.7777309877665
8267,2789.0,3045.0,2929.6552529809114
8268,2739.0,2154.0,2589.1583049953097
8269,2679.0,2378.0,2249.661889315416
8270,2608.0,2354.0,2350.576210650077
8271,2529.0,2933.0,2711.7576478950327
8272,2442.0,2068.0,2752.832688851699
8273,2349.0,2262.0,2248.4828965752927
8274,2251.0,2051.0,2229.5560942863262
8275,2150.0,2672.0,2489.093873662805
8276,2048.0,1723.0,2284.583510238956
8277,1945.0,2274.0,2033.0763224093553
8278,1844.0,1496.0,1861.0490155488324
8279,1746.0,0.0,897.1373746111848
8280,1653.0,1302.0,853.5289290020597
8281,1566.0,1437.0,1428.5818600271677
8282,1487.0,1226.0,1691.0232584931912
8283,1416.0,1049.0,1297.2700534733365
8284,1356.0,1054.0,1227.924163533389
8285,1306.0,1612.0,1444.745022200191
8286,1269.0,1071.0,1486.542933141437
8287,1243.0,1287.0,1250.9138987972444
8288,1230.0,1345.0,1082.4000976850325
8289,1230.0,839.0,1006.0663848142871
8290,1243.0,1243.0,1093.5432581960627
8291,1269.0,940.0,1057.4525844342072
8292,1306.0,1515.0,1268.6123894905536
8293,1356.0,1529.0,1484.6913925375381
8294,1416.0,780.0,1233.35248001335
8295,1487.0,1531.0,1261.8612237587959
8296,1566.0,790.0,1096.030453352154
8297,1653.0,1673.0,1327.4814956218102
8298,1746.0,1706.0,1564.692189834735
8299,1844.0,1962.0,1850.7680703859724
8300,1945.0,1891.0,1826.0705645009994
8301,2047.0,2309.0,2027.7264983957255
8302,2150.0,2560.0,2331.389556026241
8303,2251.0,2863.0,2490.9540146554777
8304,2349.0,3204.0,2951.8018401759387
8305,2442.0,2369.0,2465.951711789304
8306,2529.0,2838.0,2643.496906934846
8307,2608.0,2938.0,2635.12358464352
8308,2679.0,1760.0,2077.2216386824693
8309,2739.0,2285.0,1944.3207787280498
8310,2789.0,3356.0,2998.029198205902
8311,2826.0,2544.0,3039.950142214221
8312,2852.0,3238.0,3010.4976077719393
8313,2865.0,3608.0,3341.2988731495375
8314,2865.0,2954.0,3219.858119442097
8315,2852.0,3243.0,3063.542231593291
8316,2826.0,2465.0,2700.754873688863
8317,2789.0,2564.0,2364.631871368831
8318,2739.0,2980.0,2657.9260525780123
8319,2679.0,2927.0,3052.1044098776065
8320,2608.0,2712.0,2847.76530759405
8321,2529.0,3469.0,3201.5400084107714
8322,2442.0,2612.0,3039.3930374459815
8323,2349.0,2327.0,2541.8434450438176
8324,2251.0,1932.0,2118.6723359371517
8325,2150.0,2207.0,2062.7758806522015
8326,2048.0,2300.0,2322.8414466969516
8327,1945.0,1837.0,2095.214700888642
8328,1844.0,2510.0,2320.4016013552437
8329,1746.0,0.0,1345.4455593137734
8330,1653.0,858.0,788.7669503238307
8331,1566.0,1264.0,1105.6892917745952
8332,1487.0,1201.0,1556.0479576914065
8333,1416.0,1420.0,1536.5014846246572
8334,1356.0,1358.0,1500.566580208661
8335,1306.0,1267.0,1506.1462889787194
8336,1269.0,829.0,1129.1996405009015
8337,1243.0,1242.0,1239.5368416594972
8338,1230.0,1440.0,1146.2130568655996
8339,1230.0,1700.0,1557.7706772964805
8340,1243.0,798.0,1142.8736490418853
8341,1269.0,1509.0,1258.2358661953176
8342,1306.0,1111.0,1259.1704489198921
8343,1356.0,1451.0,1359.0888269714274
8344,1416.0,3475.0,3066.5770133262713
8345,1487.0,1029.0,1663.788501168865
8346,1566.0,1812.0,1466.9067932648843
8347,1653.0,1171.0,1178.2459369729831
8348,1746.0,2082.0,1686.124699803257
8349,1844.0,1994.0,1918.5977868093528
8350,1945.0,2889.0,2431.3020063086306
8351,2047.0,2175.0,2344.511171950896
8352,2150.0,1227.0,1644.186904699343
8353,2251.0,1688.0,1575.1729487967436
8354,2349.0,2142.0,1718.4265430484647
8355,2442.0,2259.0,2267.390958072312
8356,2529.0,2930.0,2504.5480411567773
8357,2608.0,2844.0,2830.688570616124
8358,2679.0,2295.0,2524.6280459837453
8359,2739.0,3000.0,2649.1693807721317
8360,2789.0,4044.0,3465.514298009597
8361,2826.0,3376.0,3471.318060770225
8362,2852.0,2329.0,2660.7095720168295
8363,2865.0,2953.0,2723.652353723393
8364,2865.0,2564.0,2587.1113081278763
8365,2852.0,3415.0,3089.4724937290734
8366,2826.0,3363.0,3335.8772507045514
8367,2789.0,2748.0,3005.4892088617394
8368,2739.0,2184.0,2481.0647931324943
8369,2679.0,2046.0,2236.2222267856264
8370,2608.0,2328.0,2319.894885188949
8371,2529.0,2330.0,2362.167983025631
8372,2442.0,2302.0,2463.206256828465
8373,2349.0,3057.0,2755.677856027427
8374,2251.0,1137.0,2257.0883335750045
8375,2150.0,2311.0,1950.8933904434728
8376,2048.0,1484.0,1836.2491726420897
8377,1945.0,1641.0,1727.666439093083
8378,1844.0,2210.0,1945.8032900150888
8379,1746.0,1362.0,1865.2249229882711
8380,1653.0,1124.0,1431.7563352834702
8381,1566.0,1495.0,1358.3911041749927
8382,1487.0,1360.0,1657.4512602570087
8383,1416.0,1745.0,1585.06954235932
8384,1356.0,1104.0,1524.6506692756764
8385,1306.0,1109.0,1157.3371499578247
8386,1269.0,1050.0,1100.3811279430868
8387,1243.0,2038.0,1686.914276214168
8388,1230.0,1433.0,1642.3059819980672
8389,1230.0,1091.0,1280.6958163400177
8390,1243.0,906.0,951.6070206778066
8391,1269.0,2188.0,1951.3005464581647
8392,1306.0,1911.0,2099.0925097034014
8393,1356.0,1338.0,1630.657494542356
8394,1416.0,2047.0,1765.7237130020644
8395,1487.0,1591.0,1663.3242505478975
8396,1566.0,1695.0,1757.8221281755832
8397,1653.0,1452.0,1484.9951291618663
8398,1746.0,1836.0,1555.1429150501272
8399,1844.0,2330.0,1981.3944395439912
8400,1945.0,3460.0,3331.4845068452046
8401,2047.0,1800.0,1980.60820775155
8402,2150.0,1948.0,1761.4667656658255
8403,2251.0,1894.0,1712.9133008787353
8404,2349.0,2467.0,2298.6753705395663
8405,2442.0,2028.0,2194.999416199387
8406,2529.0,2054.0,1977.6791903543651
8407,2608.0,2665.0,2283.4731646760597
8408,2679.0,2469.0,2574.628265459102
8409,2739.0,2596.0,2735.679668417082
8410,2789.0,3212.0,2978.739031593416
8411,2826.0,2802.0,2878.8939296679123
8412,2852.0,2505.0,2554.220624394815
8413,2865.0,3225.0,2921.5394544373007
8414,2865.0,3101.0,3001.298703544356
8415,2852.0,3292.0,3123.5722749636834
8416,2826.0,2999.0,3046.401107044102
8417,2789.0,3161.0,2976.756640314733
8418,2739.0,2297.0,2646.903193296851
8419,2679.0,3068.0,2728.881186597713
8420,2608.0,2484.0,2713.247907705943
8421,2529.0,2494.0,2545.1852628527686
8422,2442.0,3082.0,2842.5294553020553
8423,2349.0,2470.0,2783.4828787541187
8424,2251.0,3047.0,2912.561601983665
8425,2150.0,2351.0,2669.7132164997306
8426,2048.0,1226.0,1915.8062592661215
8427,1945.0,3835.0,3567.889436868774
8428,1844.0,1443.0,1964.2617252656498
8429,1746.0,1464.0,1737.0083471482833
8430,1653.0,1692.0,1445.5233035333313
8431,1566.0,1329.0,1711.5431123494568
8432,1487.0,3334.0,2567.2327152284433
8433,1416.0,995.0,2259.2180294372124
8434,1356.0,690.0,1083.0787965120016
8435,1306.0,1355.0,805.2328292827558
8436,1269.0,3504.0,2755.269374486086
8437,1243.0,1132.0,2007.3900467552103
8438,1230.0,1143.0,1189.4018930545942
8439,1230.0,1528.0,1109.0820981359834
8440,1243.0,1337.0,1421.9114467741638
8441,1269.0,1061.0,1552.2499498110383
8442,1306.0,647.0,788.7794270166933
8443,1356.0,1546.0,1040.5075801152082
8444,1416.0,0.0,857.2753356703391
8445,1487.0,2301.0,1593.6569049319658
8446,1566.0,1721.0,1881.303981856024
8447,1653.0,1687.0,1844.9364920188302
8448,1746.0,2060.0,1782.960249679369
8449,1844.0,1447.0,1610.7027690550883
8450,1945.0,1833.0,1560.8129227439945
8451,2048.0,1167.0,1271.9443749031336
8452,2150.0,3598.0,3175.0968803606183
8453,2251.0,2050.0,2467.618206081768
8454,2349.0,2194.0,2285.5679326214185
8455,2442.0,1084.0,1395.9324683198745
8456,2529.0,2218.0,1767.1534695274586
8457,2608.0,3025.0,2598.0722550142664
8458,2679.0,2915.0,2944.6943609887185
8459,2739.0,2636.0,2720.237993871703
8460,2789.0,3523.0,2910.704874099452
8461,2826.0,2702.0,3159.161673103035
8462,2852.0,2333.0,2433.519037344856
8463,2865.0,3642.0,3015.1010505395557
8464,2865.0,2110.0,2585.322665450688
8465,2852.0,2411.0,2322.512420389489
8466,2826.0,2815.0,2524.972379019834
8467,2789.0,2289.0,2639.8730321409294
8468,2739.0,4095.0,3510.354168157377
8469,2679.0,2673.0,3386.963667359483
8470,2608.0,2097.0,2486.5298199687754
8471,2529.0,2622.0,2167.0102460915714
8472,2442.0,2781.0,2778.6105100148366
8473,2349.0,1926.0,2393.283972135326
8474,2251.0,2099.0,2029.0111479139061
8475,2150.0,2569.0,2349.413744270377
8476,2047.0,2218.0,2456.514042830537
8477,1945.0,1638.0,2243.343839616277
8478,1844.0,1885.0,1809.7734714517624
8479,1746.0,1465.0,1682.8613883638461
8480,1653.0,1692.0,1764.5428897329923
8481,1566.0,1983.0,1967.612900198847
8482,1487.0,1274.0,1695.3777178659054
8483,1416.0,1108.0,1315.1429843125095
8484,1356.0,1186.0,1255.37413630209
8485,1306.0,903.0,1196.1208494476236
8486,1269.0,2226.0,1924.7942556275575
8487,1243.0,777.0,1559.7641380472237
8488,1230.0,1753.0,1394.8580711028583
8489,1230.0,1431.0,1508.2319535027696
8490,1243.0,1141.0,1431.7819465616362
8491,1269.0,1392.0,1244.4304694610105
8492,1306.0,992.0,1118.1145521391638
8493,1356.0,950.0,1018.4462147311168
8494,1416.0,566.0,717.8995643937733
8495,1487.0,2120.0,1809.57596439947
8496,1566.0,2093.0,2034.0832791911957
8497,1653.0,1781.0,2075.552871166136
8498,1746.0,2092.0,1898.7867344384408
8499,1844.0,2020.0,1861.9377759888805
8500,1945.0,1131.0,1389.2813648616448
8501,2047.0,2649.0,2034.6904635770977
8502,2150.0,2092.0,2135.87765001381
8503,2251.0,2337.0,2140.0069557242678
8504,2349.0,2637.0,2408.6423378113973
8505,2442.0,2212.0,2360.416244769198
8506,2529.0,2501.0,2296.494350815878
8507,2608.0,2157.0,2230.211419347288
8508,2679.0,2442.0,2268.9998576237936
8509,2739.0,3187.0,2835.6349825499365
8510,2789.0,2358.0,2585.920601269981
8511,2826.0,2714.0,2512.2818522650737
8512,2852.0,2920.0,2673.5299067089504
8513,2865.0,4095.0,3807.7230146193006
8514,2865.0,1709.0,2797.205944211275
8515,2852.0,3457.0,2736.441140911276
8516,2826.0,2850.0,2819.2483888573192
8517,2789.0,2578.0,2814.3197881602646
8518,2739.0,2904.0,2774.606332189245
8519,2679.0,3073.0,2858.495591495313
8520,2608.0,0.0,1158.7273926541147
8521,2529.0,2458.0,1486.2952470720174
8522,2442.0,2238.0,2472.3293222761245
8523,2349.0,2358.0,2566.9168827461453
8524,2251.0,2573.0,2658.9432842754395
8525,2150.0,1850.0,2239.0063104054666
8526,2048.0,1588.0,1828.157118022758
8527,1945.0,2396.0,2067.247404875152
8528,1844.0,1230.0,1939.2079489287676
8529,1746.0,1829.0,1363.3299935184598
8530,1653.0,1340.0,1598.6830579603004
8531,1566.0,2327.0,1993.5987929766156
8532,1487.0,1198.0,1855.5442981352007
8533,1416.0,1073.0,1328.7483687706363
8534,1356.0,1296.0,1164.4725040585906
8535,1306.0,1899.0,1639.8823890257693
8536,1269.0,2444.0,2357.2608549849297
8537,1243.0,920.0,1638.892250566075
8538,1230.0,1579.0,1291.2342688728409
8539,1230.0,553.0,919.0986920679064
8540,1243.0,916.0,967.9638806608298
8541,1269.0,1067.0,969.933238032144
8542,1306.0,834.0,1006.7528441431587
8543,1356.0,1637.0,1337.8417457665505
8544,1416.0,1841.0,1829.1448735419517
8545,1487.0,1025.0,1647.0292343775152
8546,1566.0,1054.0,961.5938683505899
8547,1653.0,1590.0,1254.220463371064
8548,1746.0,1361.0,1383.3301100797771
8549,1844.0,2387.0,1843.2772164778385
8550,1945.0,745.0,1439.5948524807325
8551,2047.0,2280.0,1695.258012583157
8552,2150.0,2921.0,2441.5044816430986
8553,2251.0,2533.0,2785.592384300889
8554,2349.0,1703.0,1953.805933748614
8555,2442.0,2454.0,1778.9781198124042
8556,2529.0,2441.0,2272.5862579617296
8557,2608.0,3019.0,2655.922480245421
8558,2679.0,2998.0,2943.5874445935287
8559,2739.0,2230.0,2341.8068152628225
8560,2789.0,1928.0,2005.2651990245656
8561,2826.0,3144.0,2692.707724409769
8562,2852.0,2812.0,2967.7501421854613
8563,2865.0,2850.0,2799.2769748675873
8564,2865.0,2383.0,2516.060159336023
8565,2852.0,3424.0,3025.055921202303
8566,2826.0,3148.0,3286.590180454187
8567,2789.0,2268.0,2767.5494260014407
8568,2739.0,2869.0,2425.7474574153844
8569,2679.0,2099.0,2295.748758489569
8570,2608.0,2463.0,2455.1188797731584
8571,2529.0,2595.0,2529.1266117015643
8572,2442.0,2410.0,2593.3843555721005
8573,2349.0,2035.0,2264.0735361730076
8574,2251.0,508.0,1407.0193359512398
8575,2150.0,2133.0,1761.7642728794062
8576,2048.0,1806.0,1988.509692225928
8577,1945.0,3850.0,3151.8364144725265
8578,1844.0,1581.0,2668.921575123063
8579,1746.0,1531.0,1691.5689678778158
8580,1653.0,1563.0,1431.367201164976
8581,1566.0,2149.0,1936.5465380784271
8582,1487.0,662.0,1499.9642913508153
8583,1416.0,1332.0,890.8853805492244
8584,1356.0,1143.0,1272.0901427266585
8585,1306.0,1319.0,1445.4977588653862
8586,1269.0,1224.0,1658.5497927870488
8587,1243.0,731.0,1030.1452494950236
8588,1230.0,934.0,903.6602500193449
8589,1230.0,1502.0,1270.3939158467501
8590,1243.0,680.0,993.1150601179763
8591,1269.0,1041.0,859.517210192761
8592,1306.0,1552.0,1299.9385535478625
8593,1356.0,1303.0,1467.8639861835718
8594,1416.0,1799.0,1599.1471315933777
8595,1487.0,1703.0,1653.955006664313
8596,1566.0,1620.0,1553.5608045005931
8597,1653.0,1763.0,1562.4424777634044
8598,1746.0,2070.0,1838.7698326324457
8599,1844.0,2030.0,1889.411749722784
8600,1945.0,1836.0,1808.578897527767
8601,2047.0,2215.0,2157.004700386257
8602,2150.0,2814.0,2566.5253581011793
8603,2251.0,2321.0,2426.84187441812
8604,2349.0,2200.0,2180.8622951958205
8605,2442.0,2525.0,2436.1273127598834
8606,2529.0,3042.0,2776.9857236908906
8607,2608.0,2439.0,2671.404162757151
8608,2679.0,2960.0,2615.192995551417
8609,2739.0,2848.0,2703.9901223763222
8610,2789.0,3189.0,2973.7065381316593
8611,2826.0,2637.0,2781.3576857872204
8612,2852.0,3062.0,2755.858723342314
8613,2865.0,2468.0,2614.6113865739558
8614,2865.0,3779.0,3384.0938601897633
8615,2852.0,3065.0,3373.6307670504357
8616,2826.0,4095.0,3667.1630478170164
8617,2789.0,2823.0,3317.7247520621836
8618,2739.0,2561.0,2668.561032249444
8619,2679.0,2989.0,2685.485400745959
8620,2608.0,2912.0,2888.807514788008
8621,2529.0,1974.0,2556.8807665310524
8622,2442.0,1538.0,1746.9095488387102
8623,2349.0,2117.0,2017.2212495793215
8624,2251.0,3439.0,3212.8326263212834
8625,2150.0,2236.0,2735.4115518444337
8626,2048.0,2044.0,2279.2244135695933
8627,1945.0,1893.0,1877.0506581189936
8628,1844.0,1528.0,1756.6668526290182
8629,1746.0,2042.0,1954.611145942107
8630,1653.0,1920.0,1976.6756074622342
8631,1566.0,1527.0,1756.6839161234202
8632,1487.0,1122.0,1402.8456597030809
8633,1416.0,897.0,1260.2702806851516
8634,1356.0,0.0,609.3416176810072
8635,1306.0,1529.0,1098.7710293679434
8636,1269.0,1385.0,1572.2196673211981
8637,1243.0,792.0,1329.9185308361484
8638,1230.0,897.0,975.106410135343
8639,1230.0,1435.0,1215.1548652844133
8640,1243.0,726.0,1188.7849308149555
8641,1269.0,1368.0,1083.6487599055401
8642,1306.0,1035.0,1082.9635549541988
8643,1356.0,1495.0,1171.664024568916
8644,1416.0,1287.0,1415.2762253571389
8645,1487.0,1215.0,1272.0263224923815
8646,1566.0,983.0,1003.0413763737656
8647,1653.0,1701.0,1277.6274347341446
8648,1746.0,1374.0,1542.651049943127
8649,1844.0,1767.0,1527.9291584649018
8650,1945.0,2258.0,1968.2717722249504
8651,2047.0,1347.0,1715.0229702400927
8652,2150.0,2294.0,1916.0424362456333
8653,2251.0,2252.0,2070.9978940322744
8654,2349.0,2469.0,2302.6333257968727
8655,2442.0,2341.0,2201.475564773064
8656,2529.0,1978.0,2041.3095036077502
8657,2608.0,2161.0,1998.7059979868925
8658,2679.0,2650.0,2300.6621004566123
8659,2739.0,2065.0,2141.0195795632735
8660,2789.0,2831.0,2372.577924307005
8661,2826.0,3043.0,2992.536042188131
8662,2852.0,3061.0,3047.5993553314406
8663,2865.0,2297.0,2465.4311573864843
8664,2865.0,2367.0,2224.7834263260993
8665,2852.0,2761.0,2412.9710072950465
8666,2826.0,2952.0,2809.6577925270303
8667,2789.0,2702.0,2854.1146957517412
8668,2739.0,2995.0,2910.0382976987453
8669,2679.0,3860.0,3516.7532482584816
8670,2608.0,2856.0,2942.8354509328033
8671,2529.0,1962.0,2438.399496689975
8672,2442.0,2524.0,2325.572647445577
8673,2349.0,2626.0,2492.1119111279704
8674,2251.0,2309.0,2608.172491326084
8675,2150.0,1138.0,1820.3282378885397
8676,2048.0,2513.0,2057.4382334072925
8677,1945.0,2501.0,2614.3158433731383
8678,1844.0,1846.0,2565.419948522593
8679,1746.0,1765.0,1893.9625845871362
8680,1653.0,2055.0,1825.6822863259722
8681,1566.0,2022.0,2142.741103246484
8682,1487.0,1658.0,1969.5626183015481
8683,1416.0,1478.0,1607.6149973503873
8684,1356.0,1075.0,1193.2057489323072
8685,1306.0,1414.0,1413.14429492396
8686,1269.0,1335.0,1528.9315496390718
8687,1243.0,1783.0,1677.9383298280172
8688,1230.0,1084.0,1495.3807712368016
8689,1230.0,1656.0,1497.4657373156142
8690,1243.0,1555.0,1633.7467947115633
8691,1269.0,1578.0,1632.038849929501
8692,1306.0,1543.0,1543.6434881398552
8693,1356.0,443.0,918.2394926631887
8694,1416.0,1335.0,972.8363722584945
8695,1487.0,1336.0,1290.7394192486374
8696,1566.0,1588.0,1647.2931845201615
8697,1653.0,2015.0,1773.0666290321865
8698,1746.0,1407.0,1668.400338499608
8699,1844.0,1818.0,1626.277451546483
8700,1945.0,2207.0,1910.5234287689564
8701,2048.0,2781.0,2475.763989407133
8702,2150.0,2003.0,2146.7326159124405
8703,2251.0,2459.0,2102.6672130040797
8704,2349.0,2800.0,2391.8771528120255
8705,2442.0,1426.0,1830.750737490855
8706,2529.0,2202.0,1792.3984167800854
8707,2608.0,1271.0,1512.858371659707
8708,2679.0,2425.0,1946.2449496265795
8709,2739.0,715.0,1591.8066868230933
8710,2789.0,2887.0,2041.9521463649746
8711,2826.0,3196.0,2947.9767523303426
8712,2852.0,2845.0,3199.740422961335
8713,2865.0,1766.0,2319.645888277071
8714,2865.0,3080.0,2135.4566079453375
8715,2852.0,3043.0,2912.3995702230186
8716,2826.0,2585.0,2706.88908268036
8717,2789.0,2629.0,2499.9364927172433
8718,2739.0,3193.0,2559.837072531512
8719,2679.0,4095.0,3826.241921913786
8720,2608.0,2394.0,2915.2989623471594
8721,2529.0,2736.0,2553.2079258712392
8722,2442.0,2438.0,2265.441592581679
8723,2349.0,1728.0,2110.9284104627745
8724,2251.0,1906.0,1940.728947109798
8725,2150.0,2114.0,2034.6409798688317
8726,2047.0,2269.0,2340.176791002542
8727,1945.0,1872.0,2297.9856877743887
8728,1844.0,906.0,1701.6214411078834
8729,1746.0,1845.0,1650.2734779820344
8730,1653.0,2279.0,2168.4617216324227
8731,1566.0,2065.0,2367.082522734582
8732,1487.0,1502.0,1784.787728250294
8733,1416.0,845.0,1143.988061740046
8734,1356.0,1370.0,1169.0638671992099
8735,1306.0,995.0,1296.6388867099815
8736,1269.0,1848.0,1580.7755212746126
8737,1243.0,3061.0,2675.22746244083
8738,1230.0,950.0,2082.213532831908
8739,1230.0,1405.0,1323.4264647489338
8740,1243.0,1313.0,1197.0522932950526
8741,1269.0,1227.0,1327.2707429901548
8742,1306.0,945.0,1051.5730932816707
8743,1356.0,1337.0,1143.4119950180807
8744,1416.0,1908.0,1589.4856043936481
8745,1487.0,1111.0,1644.501327823493
8746,1566.0,1569.0,1598.0497051161342
8747,1653.0,2064.0,1738.356964033856
8748,1746.0,2103.0,2080.1001962466535
8749,1844.0,1403.0,1709.8543765740826
8750,1945.0,1217.0,1192.219198552194
8751,2047.0,2122.0,1678.1014379624248
8752,2150.0,2633.0,2426.6258820768217
8753,2251.0,2226.0,2481.496869474717
8754,2349.0,2824.0,2556.7523243153537
8755,2442.0,2381.0,2410.8385856915397
8756,2529.0,2446.0,2385.3456745336866
8757,2608.0,3038.0,2604.8475851250814
8758,2679.0,2901.0,2755.368588926218
8759,2739.0,3138.0,2839.7001125825436
8760,2789.0,2773.0,2793.5659660796437
8761,2826.0,3164.0,2917.1619635598317
8762,2852.0,2630.0,2753.5322857224164
8763,2865.0,2924.0,2777.196856054967
8764,2865.0,2549.0,2624.9455941398546
8765,2852.0,2839.0,2675.82448171939
8766,2826.0,2119.0,2455.560805298739
8767,2789.0,2804.0,2535.52049308388
8768,2739.0,2131.0,2504.6676755893054
8769,2679.0,2076.0,2227.7906536235932
8770,2608.0,2419.0,2334.3583249619996
8771,2529.0,2914.0,2714.5580335035716
8772,2442.0,2653.0,2904.056815955729
8773,2349.0,1546.0,2126.4146829305123
8774,2251.0,2663.0,2378.0524373841354
8775,2150.0,2172.0,2316.243196626045
8776,2047.0,2091.0,2322.499579290864
8777,1945.0,2070.0,2029.727111214253
8778,1844.0,1822.0,1919.462927522343
8779,1746.0,2071.0,2033.102445403988
8780,1653.0,2208.0,2269.9904044994996
8781,1566.0,1999.0,2212.661365935202
8782,1487.0,788.0,1359.4117548734991
8783,1416.0,744.0,897.5423434939643
8784,1356.0,1407.0,1139.760036391349
8785,1306.0,1056.0,1424.075766208214
8786,1269.0,1815.0,1660.4344164708414
8787,1243.0,1511.0,1639.350640084715
8788,1230.0,1273.0,1558.7274408648323
8789,1230.0,542.0,1001.7436022434109
8790,1243.0,939.0,824.2014627962209
8791,1269.0,1255.0,1031.1353325399223
8792,1306.0,1714.0,1495.449655808356
8793,1356.0,1618.0,1720.1458127567046
8794,1416.0,1270.0,1404.9905577689196
8795,1487.0,1904.0,1610.3750240944998
8796,1566.0,1457.0,1624.3648199989848
8797,1653.0,2003.0,1711.754871158515
8798,1746.0,3045.0,2643.9626703150216
8799,1844.0,1043.0,1570.5749074569246
8800,1945.0,2193.0,1790.302876936858
8801,2048.0,1724.0,1731.078831237845
8802,2150.0,2499.0,2171.9895187083403
8803,2251.0,1931.0,2092.8186458426608
8804,2349.0,2479.0,2193.1659972042908
8805,2442.0,2746.0,2450.8360760754326
8806,2529.0,2540.0,2606.117101035868
8807,2608.0,2221.0,2471.0957094042087
8808,2679.0,3909.0,3452.1233934648535
8809,2739.0,3283.0,3455.983611134638
8810,2789.0,2181.0,2658.419004733305
8811,2826.0,2982.0,2401.3511914469696
8812,2852.0,3732.0,3101.4597291612645
8813,2865.0,3126.0,3451.3243558887702
8814,2865.0,4095.0,3557.2405647391133
8815,2852.0,3161.0,3390.2284050564836
8816,2826.0,3274.0,3124.411520665711
8817,2789.0,3247.0,3237.019091919739
8818,2739.0,3116.0,3151.4697300019366
8819,2679.0,2566.0,2719.8298896204187
8820,2608.0,2591.0,2576.9337034419277
8821,2529.0,2535.0,2689.7158688191803
8822,2442.0,2805.0,2773.979685373389
8823,2349.0,2181.0,2725.426796319365
8824,2251.0,2693.0,2561.7153377322275
8825,2150.0,1059.0,1972.520592115271
8826,2047.0,1644.0,1586.2417106253254
8827,1945.0,1939.0,1879.3839084031674
8828,1844.0,1469.0,1884.7916954561024
8829,1746.0,1999.0,1938.7164521967102
8830,1653.0,2353.0,2239.4188253936695
8831,1566.0,1569.0,2158.142115536796
8832,1487.0,2084.0,1889.1968854657764
8833,1416.0,1141.0,1623.0128629441376
8834,1356.0,1062.0,1072.6938255104678
8835,1306.0,1439.0,1225.3815866159516
8836,1269.0,1625.0,1622.039615500008
8837,1243.0,1086.0,1451.4667799435642
8838,1230.0,801.0,1059.8834382177854
8839,1230.0,1515.0,1295.0367172892963
8840,1243.0,1357.0,1494.5583974967221
8841,1269.0,1368.0,1544.6864273562571
8842,1306.0,1758.0,1539.636230946052
8843,1356.0,1961.0,1786.3782619670758
8844,1416.0,1246.0,1583.9194243204374
8845,1487.0,1283.0,1253.865304620443
8846,1566.0,1776.0,1413.2237317247648
8847,1653.0,1340.0,1473.6049620742397
8848,1746.0,1774.0,1605.1884793433867
8849,1844.0,2216.0,1960.9798782174198
8850,1945.0,1712.0,1946.6521821794265
8851,2048.0,1959.0,1852.6425518464519
8852,2150.0,2417.0,2107.3137524394533
8853,2251.0,1830.0,2021.8122495020264
8854,2349.0,2412.0,2034.5142936081643
8855,2442.0,2642.0,2381.953947286739
8856,2529.0,1507.0,1987.9706920884746
8857,2608.0,2131.0,1777.0448302277468
8858,2679.0,2784.0,2350.786966057194
8859,2739.0,3680.0,3265.8349340964596
8860,2789.0,2848.0,3197.5974284941904
8861,2826.0,2841.0,2763.695763873188
8862,2852.0,3374.0,2834.818029812283
8863,2865.0,2534.0,2846.2520546031556
8864,2865.0,2051.0,2280.9326012379775
8865,2852.0,3634.0,3239.129466235585
8866,2826.0,2946.0,3183.41715524963
8867,2789.0,3008.0,3118.3460889786243
8868,2739.0,2937.0,2972.4832533470344
8869,2679.0,2442.0,2655.04540635315
8870,2608.0,1040.0,1796.139635712325
8871,2529.0,2919.0,2080.665813498677
8872,2442.0,2566.0,2712.128637677302
8873,2349.0,2086.0,2502.6825882130233
8874,2251.0,1201.0,1812.455307358662
8875,2150.0,2791.0,2392.318654804238
8876,2047.0,2251.0,2645.2782046530283
8877,1945.0,1580.0,2162.151700550174
8878,1844.0,1974.0,1753.4142871061222
8879,1746.0,1795.0,1702.0906481894706
8880,1653.0,0.0,1158.7901207806196
8881,1566.0,1424.0,879.1203162295546
8882,1487.0,1207.0,1337.7382188320823
8883,1416.0,1346.0,1497.2845157640838
8884,1356.0,502.0,1168.8652120223576
8885,1306.0,1709.0,1257.2411205056628
8886,1269.0,1106.0,1436.2803884499076
8887,1243.0,1050.0,1288.7955343166384
8888,1230.0,1265.0,1166.7895709083978
8889,1230.0,408.0,646.137722292276
8890,1243.0,1224.0,928.9014846563523
8891,1269.0,610.0,888.8150117646745
8892,1306.0,1089.0,999.9270480593057
8893,1356.0,1338.0,1122.1331341654986
8894,1416.0,935.0,1259.738525308641
8895,1487.0,1615.0,1304.671841248264
8896,1566.0,1435.0,1435.5399762144893
8897,1653.0,1610.0,1549.049916793723
8898,1746.0,2205.0,1714.061897395655
8899,1844.0,1818.0,1911.7606466186114
8900,1945.0,2234.0,1878.3335416528166
8901,2048.0,2083.0,1955.0276075107058
8902,2150.0,2401.0,2137.5582164885245
8903,2251.0,2828.0,2403.0431569064895
8904,2349.0,2599.0,2591.6454490163387
8905,2442.0,2234.0,2266.701891059226
8906,2529.0,2572.0,2361.075422087418
8907,2608.0,2443.0,2424.8802989251762
8908,2679.0,3189.0,2849.51178667636
8909,2739.0,2955.0,2979.255764849159
8910,2789.0,3101.0,2958.4000328761276
8911,2826.0,2820.0,2846.8682998227614
8912,2852.0,2595.0,2675.5613421750572
8913,2865.0,3439.0,3145.084499592247
8914,2865.0,2880.0,3027.6335108166472
8915,2852.0,2967.0,2930.327823857699
8916,2826.0,2699.0,2698.629710715352
8917,2789.0,2722.0,2754.45448115938
8918,2739.0,2546.0,2661.025016625723
8919,2679.0,3054.0,2860.298034767707
8920,2608.0,2479.0,2772.3798409305027
8921,2529.0,2644.0,2589.4194049175258
8922,2442.0,1533.0,2167.4578496791837
8923,2349.0,1980.0,1864.8230333947695
8924,2251.0,2784.0,2446.5964062286857
8925,2150.0,2543.0,2794.945885020965
8926,2047.0,2430.0,2621.4518785702194
8927,1945.0,1831.0,2104.4026132303825
8928,1844.0,1132.0,1597.7419437963435
8929,1746.0,1536.0,1399.7472953937154
8930,1653.0,1842.0,1806.484402099949
8931,1566.0,1800.0,1886.264994339646
8932,1487.0,1616.0,1804.9749225245841
8933,1416.0,2081.0,1998.9775543943658
8934,1356.0,2360.0,2318.8289920096668
8935,1306.0,1394.0,1618.784792671035
8936,1269.0,697.0,1038.743926356292
8937,1243.0,768.0,599.9298438444454
8938,1230.0,1315.0,1089.0007944488184
8939,1230.0,1016.0,1344.0312971733385
8940,1243.0,3454.0,2969.5235270569715
8941,1269.0,1194.0,1813.8435334358142
8942,1306.0,724.0,1185.3974509711616
8943,1356.0,1166.0,828.6068468792988
8944,1416.0,2295.0,1721.0824519859968
8945,1487.0,1800.0,2038.4273986239714
8946,1566.0,3425.0,2541.38339661633
8947,1653.0,1148.0,2089.9404883337024
8948,1746.0,1434.0,1251.4129891690075
8949,1844.0,1722.0,1583.411922103133
8950,1945.0,2929.0,2246.6916376051463
8951,2048.0,2558.0,2621.7069886027202
8952,2150.0,2492.0,2410.9968202505083
8953,2251.0,2057.0,2199.0607070948568
8954,2349.0,2351.0,2088.6442787095057
8955,2442.0,1767.0,2189.316816413995
8956,2529.0,2869.0,2395.0154734461435
8957,2608.0,2695.0,2610.690988922575
8958,2679.0,3155.0,2902.323058095942
8959,2739.0,2860.0,3005.7322277980466
8960,2789.0,2626.0,2693.4925748087403
8961,2826.0,3141.0,2820.9528942956763
8962,2852.0,3263.0,3034.155838157614
8963,2865.0,2537.0,2839.6833207324216
8964,2865.0,1327.0,1778.3410510623435
8965,2852.0,2759.0,2402.3620089358865
8966,2826.0,2582.0,2677.4023347936327
8967,2789.0,1749.0,2447.9688122883044
8968,2739.0,2535.0,2211.6454472543755
8969,2679.0,2945.0,2710.64256571654
8970,2608.0,2325.0,2803.9470992537745
8971,2529.0,2688.0,2630.064402324493
8972,2442.0,1850.0,2169.151665415149
8973,2349.0,1521.0,1592.1982749412173
8974,2251.0,1678.0,1656.2503230533996
8975,2150.0,2045.0,1958.0544946468426
8976,2047.0,2277.0,2212.5071906700214
8977,1945.0,1718.0,2101.1582999518496
8978,1844.0,2000.0,2016.6398672410965
8979,1746.0,2121.0,2070.8445722738984
8980,1653.0,1741.0,1936.2108579895835
8981,1566.0,0.0,883.8569521465884
8982,1487.0,1255.0,1015.1787434399678
8983,1416.0,1031.0,1140.7139366631209
8984,1356.0,2075.0,1866.5191192968932
8985,1306.0,1672.0,2010.6910713088546
8986,1269.0,1409.0,1625.5791558027765
8987,1243.0,1504.0,1495.6223982794245
8988,1230.0,1262.0,1414.4160071085778
8989,1230.0,262.0,817.2869152826468
8990,1243.0,1137.0,655.6167349816052
8991,1269.0,1431.0,1267.4584484750858
8992,1306.0,877.0,1280.5794686813933
8993,1356.0,1954.0,1582.2336482476844
8994,1416.0,1765.0,1831.3799144761315
8995,1487.0,1442.0,1676.705279563607
8996,1566.0,1692.0,1509.3999591058355
8997,1653.0,1423.0,1428.515165034657
8998,1746.0,2044.0,1574.790917193106
8999,1844.0,1864.0,1836.6454465111412
9000,1945.0,1673.0,1749.310888140063
9001,2047.0,1998.0,1685.273411315153
9002,2150.0,1859.0,1912.3729371075221
9003,2251.0,2444.0,2173.4965400024876
9004,2349.0,2825.0,2509.3105617490087
9005,2442.0,2219.0,2400.395519210232
9006,2529.0,2688.0,2413.1214998212654
9007,2608.0,2199.0,2291.5963809813065
9008,2679.0,2558.0,2321.779318218136
9009,2739.0,3439.0,3115.2106094184223
9010,2789.0,3236.0,3233.6649645601287
9011,2826.0,3196.0,3113.9815511994066
9012,2852.0,3267.0,3062.7214364827723
9013,2865.0,2836.0,2962.798188865157
9014,2865.0,2919.0,2748.5514095945823
9015,2852.0,44.0,1287.207397966099
9016,2826.0,2813.0,2285.9933741610994
9017,2789.0,2447.0,2546.597323301694
9018,2739.0,2400.0,2919.1875556363907
9019,2679.0,3401.0,3182.2889269540065
9020,2608.0,2553.0,2985.3993465493854
9021,2529.0,2445.0,2650.055577025596
9022,2442.0,2458.0,2373.3668129349367
9023,2349.0,2027.0,2238.712573393832
9024,2251.0,2624.0,2016.2933037609741
9025,2150.0,1874.0,2190.93273057086
9026,2047.0,2281.0,2176.9887953202833
9027,1945.0,2095.0,2179.85543604309
9028,1844.0,2013.0,2273.47415100705
9029,1746.0,1792.0,1979.2997036332008
9030,1653.0,2029.0,1974.2983428744071
9031,1566.0,858.0,1532.393620405156
9032,1487.0,1691.0,1378.3857897123003
9033,1416.0,794.0,1334.4892619359855
9034,1356.0,1664.0,1418.9023427620286
9035,1306.0,655.0,1270.3845515904525
9036,1269.0,1278.0,1178.8357086589458
9037,1243.0,788.0,1122.1434827384367
9038,1230.0,1217.0,1171.01028394444
9039,1230.0,1898.0,1672.8093463239702
9040,1243.0,1292.0,1552.6353535578523
9041,1269.0,1167.0,1321.992075027721
9042,1306.0,497.0,681.9183658598389
9043,1356.0,1603.0,1116.3395028043387
9044,1416.0,1767.0,1583.8694816890975
9045,1487.0,2017.0,1961.1073315090227
9046,1566.0,1743.0,1754.6908197999717
9047,1653.0,2696.0,2113.255912575837
9048,1746.0,1489.0,2035.7946337187152
9049,1844.0,970.0,1177.7331786538018
9050,1945.0,3445.0,2809.9901500039186
9051,2048.0,842.0,1794.019088410863
9052,2150.0,2789.0,2156.6415951775425
9053,2251.0,2277.0,2229.4776474827445
9054,2349.0,3457.0,2970.813580893478
9055,2442.0,2085.0,2643.0814077906216
9056,2529.0,2513.0,2323.3288945878817
9057,2608.0,1863.0,1929.6367654600037
9058,2679.0,1492.0,1507.3443793468975
9059,2739.0,2789.0,2330.0933881814144
9060,2789.0,2736.0,2539.5336141088123
9061,2826.0,973.0,2074.508602271734
9062,2852.0,2913.0,2423.598470065751
9063,2865.0,2672.0,2815.191424726381
9064,2865.0,2896.0,2940.1638536916576
9065,2852.0,2909.0,2855.25253426148
9066,2826.0,2809.0,2660.1951361286274
9067,2789.0,2478.0,2420.4481698426393
9068,2739.0,3082.0,2763.2922437835227
9069,2679.0,2355.0,2659.6266938039157
9070,2608.0,2913.0,2436.058250021925
9071,2529.0,2427.0,2639.8885086909595
9072,2442.0,2908.0,2718.06297339046
9073,2349.0,2871.0,2895.270227841522
9074,2251.0,2245.0,2609.7521982106778
9075,2150.0,1713.0,2016.8644923638515
9076,2047.0,1750.0,1711.733431000768
9077,1945.0,2071.0,2068.9426438740807
9078,1844.0,1881.0,2088.119505442506
9079,1746.0,2043.0,2156.5858249106245
9080,1653.0,0.0,1118.7915998963977
9081,1566.0,1504.0,1008.4253991759288
9082,1487.0,1002.0,1369.5316191742154
9083,1416.0,0.0,853.1634812158684
9084,1356.0,1210.0,735.1684524472008
9085,1306.0,1324.0,1324.392057514617
9086,1269.0,655.0,1333.6147601614875
9087,1243.0,1258.0,1084.6534544336982
9088,1230.0,1175.0,1257.7745979466079
9089,1230.0,818.0,902.7613253603074
9090,1243.0,593.0,752.6774701093628
9091,1269.0,1247.0,879.9306409173204
9092,1306.0,2084.0,1534.4019629889167
9093,1356.0,1286.0,1695.8575936482157
9094,1416.0,1467.0,1391.3826849812172
9095,1487.0,1334.0,1181.7574209804955
9096,1566.0,2124.0,1938.578804832458
9097,1653.0,1783.0,1876.1295203462994
9098,1746.0,1934.0,1748.7270266652133
9099,1844.0,2168.0,1831.6309567734
9100,1945.0,2041.0,1980.2133754924769
9101,2048.0,1878.0,1980.3884125088719
9102,2150.0,1372.0,1492.770215575901
9103,2251.0,1971.0,1657.0025577447896
9104,2349.0,2369.0,2079.814413540364
9105,2442.0,2110.0,2297.8817331286195
9106,2529.0,2716.0,2434.706912691608
9107,2608.0,1891.0,2208.1130474015645
9108,2679.0,2230.0,2088.148177417273
9109,2739.0,3254.0,2722.759007452739
9110,2789.0,2802.0,2938.4173115490553
9111,2826.0,2550.0,2563.22344409379
9112,2852.0,2662.0,2407.894692103111
9113,2865.0,2570.0,2531.024707944399
9114,2865.0,2746.0,2600.9082677850765
9115,2852.0,2318.0,2517.1370215183674
9116,2826.0,2742.0,2515.34140848451
9117,2789.0,2685.0,2640.895781225978
9118,2739.0,2598.0,2771.4510832775436
9119,2679.0,2520.0,2581.566617465758
9120,2608.0,2340.0,2407.3842904622043
9121,2529.0,2255.0,2323.1226132852184
9122,2442.0,2606.0,2468.1653703553357
9123,2349.0,2951.0,2854.547269609044
9124,2251.0,295.0,1312.637105504237
9125,2150.0,2171.0,1662.7439566020357
9126,2047.0,2022.0,2031.547759985939
9127,1945.0,1924.0,2307.42560803023
9128,1844.0,1978.0,2061.9353077306564
9129,1746.0,1248.0,1624.0171107025224
9130,1653.0,2402.0,2230.1345757101
9131,1566.0,1248.0,1883.659540117807
9132,1487.0,1788.0,1810.2696134086098
9133,1416.0,1550.0,1380.5992392262715
9134,1356.0,1602.0,1693.0741775380736
9135,1306.0,619.0,1197.7795480457025
9136,1269.0,0.0,404.26325396640595
9137,1243.0,1450.0,842.5564298618417
9138,1230.0,664.0,1131.9638478619302
9139,1230.0,914.0,1177.6141779382688
9140,1243.0,1296.0,1093.1273122535376
9141,1269.0,1735.0,1635.8008610974512
9142,1306.0,1289.0,1609.9569342162804
9143,1356.0,1686.0,1512.4878494837023
9144,1416.0,1563.0,1423.7063015262606
9145,1487.0,2004.0,1739.3507793968888
9146,1566.0,1370.0,1621.1585651108155
9147,1653.0,1622.0,1377.3186092423405
9148,1746.0,2253.0,1793.5140440415112
9149,1844.0,1157.0,1536.8942149959305
9150,1945.0,2249.0,1751.7602455039469
9151,2048.0,1578.0,1732.7845730130084
9152,2150.0,2574.0,2150.567479045978
9153,2251.0,2384.0,2360.7351786802174
9154,2349.0,1694.0,2050.4767124514383
9155,2442.0,2199.0,1815.1034726630576
9156,2529.0,2513.0,2198.985791278014
9157,2608.0,2241.0,2439.0071065203642
9158,2679.0,2538.0,2236.4848242007743
9159,2739.0,2799.0,2590.859970243164
9160,2789.0,3235.0,2905.486626019157
9161,2826.0,4095.0,3710.9877518767075
9162,2852.0,3305.0,3459.74738458153
9163,2865.0,3159.0,3002.722373890928
9164,2865.0,2669.0,2625.425845606752
9165,2852.0,2133.0,2286.59481139694
9166,2826.0,4095.0,4005.351644265465
9167,2789.0,2137.0,2621.578732095457
9168,2739.0,2453.0,2478.2425362331255
9169,2679.0,2341.0,2323.9210816405457
9170,2608.0,2685.0,2780.214754364004
9171,2529.0,2585.0,2812.0213328446885
9172,2442.0,1778.0,1998.6106413038563
9173,2349.0,2581.0,2222.491686338585
9174,2251.0,2297.0,2350.784233869551
9175,2150.0,1868.0,2421.8587686735927
9176,2047.0,1822.0,1824.9726819389164
9177,1945.0,2503.0,2177.8697538402034
9178,1844.0,2323.0,2476.049556117945
9179,1746.0,1512.0,2051.086329475813
9180,1653.0,1488.0,1549.8385434322124
9181,1566.0,1235.0,1314.361695955911
9182,1487.0,3571.0,3335.268184031123
9183,1416.0,1093.0,2374.321214933708
9184,1356.0,605.0,1020.1525280154146
9185,1306.0,1679.0,1135.6468914016973
9186,1269.0,1692.0,1819.7162362683518
9187,1243.0,1390.0,1840.3648252012767
9188,1230.0,1385.0,1398.2328871125662
9189,1230.0,1363.0,1357.7273426177169
9190,1243.0,2582.0,2059.4996060599965
9191,1269.0,1070.0,2071.4714478662613
9192,1306.0,1005.0,1028.8090244524788
9193,1356.0,1219.0,860.8176625708631
9194,1416.0,1334.0,1340.1329968254863
9195,1487.0,1126.0,1364.8746496117028
9196,1566.0,1131.0,1170.9863963624693
9197,1653.0,3033.0,2601.781375500687
9198,1746.0,1932.0,2440.100876912842
9199,1844.0,2085.0,2212.4888089056194
9200,1945.0,2862.0,2349.44860774317
9201,2048.0,1571.0,2000.0770615833894
9202,2150.0,1991.0,1709.1533216727466
9203,2251.0,221.0,858.4707890870073
9204,2349.0,2446.0,1566.56799329376
9205,2442.0,2951.0,2554.4207798412435
9206,2529.0,3093.0,3343.1021148219834
9207,2608.0,2329.0,2656.5857186346834
9208,2679.0,2514.0,2267.2556754749144
9209,2739.0,3003.0,2715.928170613089
9210,2789.0,2634.0,2656.1175390515928
9211,2826.0,3288.0,2854.0923043865705
9212,2852.0,2328.0,2354.074056925039
9213,2865.0,2124.0,2242.7948702689955
9214,2865.0,2489.0,2294.584890757599
9215,2852.0,2072.0,2366.3651771993696
9216,2826.0,2699.0,2455.706419594868
9217,2789.0,4095.0,3684.5308541549643
9218,2739.0,3090.0,3631.6405499320526
9219,2679.0,2272.0,2709.840329232826
9220,2608.0,2070.0,2068.9077625580057
9221,2529.0,2862.0,2357.449339195224
9222,2442.0,3001.0,2898.8546381405067
9223,2349.0,725.0,1917.2855720773853
9224,2251.0,2558.0,2031.6680151924656
9225,2150.0,2744.0,2597.5204457248633
9226,2047.0,2213.0,2747.9346276148995
9227,1945.0,1737.0,2099.0164247474468
9228,1844.0,2016.0,1785.5940681603838
9229,1746.0,1901.0,1952.6423671971575
9230,1653.0,1872.0,2072.2114064849875
9231,1566.0,856.0,1500.2768231636746
9232,1487.0,1416.0,1035.4076508955811
9233,1416.0,1621.0,1639.2581745737425
9234,1356.0,1558.0,1860.5089267042931
9235,1306.0,918.0,1382.7965308495573
9236,1269.0,1520.0,1278.332626156298
9237,1243.0,654.0,1169.2342338427052
9238,1230.0,1121.0,1076.1349128239422
9239,1230.0,1018.0,1116.940024221119
9240,1243.0,0.0,551.0243507961038
9241,1269.0,1354.0,872.9880240426802
9242,1306.0,2246.0,1825.5444125859872
9243,1356.0,1849.0,2220.2906232531723
9244,1416.0,1636.0,1684.1039591233932
9245,1487.0,1575.0,1456.4589349830258
9246,1566.0,1570.0,1387.5371470499636
9247,1653.0,1828.0,1609.2268919592348
9248,1746.0,1009.0,1295.4107055365544
9249,1844.0,1655.0,1142.0768602895123
9250,1945.0,1887.0,1700.9677936633989
9251,2047.0,0.0,1127.0901085238315
9252,2150.0,1450.0,844.0039448030126
9253,2251.0,2045.0,1660.722502561371
9254,2349.0,2243.0,2337.8901997054936
9255,2442.0,2435.0,2360.620033339433
9256,2529.0,2014.0,2115.2542211297164
9257,2608.0,2330.0,1986.6547365768665
9258,2679.0,2842.0,2426.3544655042488
9259,2739.0,3082.0,2868.221569487977
9260,2789.0,3170.0,2824.900420295214
9261,2826.0,2368.0,2465.333123300558
9262,2852.0,2621.0,2380.7798960424275
9263,2865.0,3256.0,3034.734374695427
9264,2865.0,2104.0,2225.6185456713297
9265,2852.0,3114.0,2559.9085310075056
9266,2826.0,0.0,1428.0371578120157
9267,2789.0,2762.0,1988.0549501777064
9268,2739.0,3036.0,2866.159471564376
9269,2679.0,2717.0,3262.7186070674557
9270,2608.0,3171.0,2958.0552611607122
9271,2529.0,2290.0,2586.66164369469
9272,2442.0,2667.0,2612.4295587833058
9273,2349.0,2954.0,2636.0947767363105
9274,2251.0,2522.0,2820.5089586112094
9275,2150.0,3029.0,2421.516705799021
9276,2048.0,1937.0,2439.9835515938657
9277,1945.0,2360.0,2273.155386965013
9278,1844.0,1680.0,2001.810175535882
9279,1746.0,1659.0,1868.1939127088474
9280,1653.0,1527.0,1644.683917235825
9281,1566.0,1421.0,1638.3185901468808
9282,1487.0,0.0,972.872658816568
9283,1416.0,1368.0,916.7039649164044
9284,1356.0,1306.0,1562.5350588538256
9285,1306.0,1238.0,1568.4302729176884
9286,1269.0,1288.0,1438.15807558352
9287,1243.0,1037.0,1194.9213661031474
9288,1230.0,1043.0,1135.6866194075603
9289,1230.0,935.0,1015.869967336534
9290,1243.0,416.0,736.6182146766927
9291,1269.0,1848.0,1591.7395507325932
9292,1306.0,1282.0,1388.9278925017138
9293,1356.0,1067.0,1221.1252624713034
9294,1416.0,1037.0,985.6566268465339
9295,1487.0,1401.0,1186.5380821529636
9296,1566.0,1440.0,1408.0449062575885
9297,1653.0,1829.0,1612.2667711872673
9298,1746.0,1643.0,1636.4721627319284
9299,1844.0,2456.0,2186.197209721652
9300,1945.0,2050.0,2206.2620673754354
9301,2047.0,1900.0,1895.3278578736683
9302,2150.0,2368.0,2096.907812982421
9303,2251.0,2491.0,2228.93702447354
9304,2349.0,2387.0,2351.1366839382986
9305,2442.0,163.0,1150.075946481962
9306,2529.0,1332.0,742.1646314734616
9307,2608.0,2706.0,2357.5566056717876
9308,2679.0,2983.0,3103.71295521623
9309,2739.0,4095.0,3619.8070381968396
9310,2789.0,3293.0,3473.115984971038
9311,2826.0,3181.0,3117.641505100428
9312,2852.0,2854.0,2758.3605080318766
9313,2865.0,2022.0,2261.087818386096
9314,2865.0,2868.0,2285.6179013154288
9315,2852.0,2912.0,2639.7361720117588
9316,2826.0,2806.0,2965.9555343282404
9317,2789.0,3020.0,2958.8701218199753
9318,2739.0,660.0,2021.0984770015393
9319,2679.0,2519.0,1993.0386887031214
9320,2608.0,2681.0,2588.2108276925874
9321,2529.0,2810.0,3025.200340804288
9322,2442.0,2164.0,2470.603552904791
9323,2349.0,2332.0,2262.3371076996414
9324,2251.0,1939.0,2197.576956939069
9325,2150.0,255.0,1218.3652642252434
9326,2048.0,2526.0,1953.928218892374
9327,1945.0,2092.0,2059.2378209561025
9328,1844.0,1862.0,2331.2948568059783
9329,1746.0,1850.0,1928.6803147398002
9330,1653.0,2138.0,2049.2784729720092
9331,1566.0,1225.0,1459.0372667249314
9332,1487.0,1389.0,1411.3869951695035
9333,1416.0,1829.0,1588.4771591571625
9334,1356.0,1001.0,1271.9410913804475
9335,1306.0,1331.0,1388.40893631556
9336,1269.0,0.0,718.3149042833365
9337,1243.0,589.0,499.71488464027254
9338,1230.0,1190.0,1001.0292490940129
9339,1230.0,1819.0,1768.0534325905746
9340,1243.0,1141.0,1578.5710589913406
9341,1269.0,947.0,1079.6225109134116
9342,1306.0,1097.0,1037.6834976448704
9343,1356.0,1138.0,1080.635239048949
9344,1416.0,1464.0,1342.1164191574383
9345,1487.0,1224.0,1152.7867584751727
9346,1566.0,1730.0,1481.584324224615
9347,1653.0,2014.0,1814.754913433782
9348,1746.0,2145.0,2118.804924110323
9349,1844.0,1956.0,1938.823143924446
9350,1945.0,1952.0,1770.5459151433383
9351,2047.0,1816.0,1717.0065451177065
9352,2150.0,2437.0,2248.948141122258
9353,2251.0,2311.0,2262.274668851551
9354,2349.0,2066.0,2083.4054245878697
9355,2442.0,2049.0,1967.3850130330627
9356,2529.0,1411.0,1688.48574166244
9357,2608.0,2465.0,2236.048839086539
9358,2679.0,2795.0,2570.7321380681597
9359,2739.0,2538.0,2708.320219955336
9360,2789.0,2556.0,2465.2087100780755
9361,2826.0,2545.0,2467.392778528588
9362,2852.0,2935.0,2761.5470548355415
9363,2865.0,2777.0,2749.606325735609
9364,2865.0,3133.0,2848.0082547505936
9365,2852.0,3036.0,2841.470932929328
9366,2826.0,3044.0,2979.0152881312515
9367,2789.0,2456.0,2541.4008666803475
9368,2739.0,2447.0,2391.717174964372
9369,2679.0,2562.0,2448.980557313695
9370,2608.0,1716.0,2166.487754606995
9371,2529.0,2567.0,2265.1562759892377
9372,2442.0,2477.0,2546.4971261274395
9373,2349.0,2161.0,2540.3980458659585
9374,2251.0,2536.0,2458.478131975418
9375,2150.0,1495.0,2077.1113897725686
9376,2048.0,1995.0,1841.176740837539
9377,1945.0,2520.0,2238.165131976106
9378,1844.0,2055.0,2404.231203134687
9379,1746.0,1288.0,1687.0580268129377
9380,1653.0,1210.0,1291.9947526718588
9381,1566.0,1771.0,1582.9248308445585
9382,1487.0,1126.0,1353.2404230530103
9383,1416.0,1839.0,1695.1368956028105
9384,1356.0,1517.0,1634.3052984175865
9385,1306.0,960.0,1395.0404628856704
9386,1269.0,1408.0,1330.7794315543601
9387,1243.0,631.0,1072.2378621400708
9388,1230.0,720.0,776.1810201700163
9389,1230.0,724.0,722.1718478920296
9390,1243.0,757.0,909.3452595278159
9391,1269.0,1427.0,1188.5227626524036
9392,1306.0,1445.0,1572.0266389558985
9393,1356.0,1614.0,1625.8801722392784
9394,1416.0,1146.0,1293.4924912093506
9395,1487.0,879.0,997.2613275562219
9396,1566.0,1437.0,1278.2209353899138
9397,1653.0,1892.0,1670.4039102380434
9398,1746.0,1975.0,1876.9876995666011
9399,1844.0,2305.0,2075.808206653321
9400,1945.0,2075.0,2086.076602198824
9401,2047.0,1605.0,1757.0131012896666
9402,2150.0,2122.0,1844.7507055465921
9403,2251.0,2394.0,2195.3230022423763
9404,2349.0,2270.0,2201.712289403743
9405,2442.0,2827.0,2460.4923910885223
9406,2529.0,2450.0,2524.3243779218274
9407,2608.0,2442.0,2408.593261753458
9408,2679.0,2179.0,2227.7658262894247
9409,2739.0,2525.0,2277.7407662699534
9410,2789.0,2592.0,2433.635382949628
9411,2826.0,3560.0,3310.8825708568706
9412,2852.0,2036.0,2278.9848801233693
9413,2865.0,2884.0,2527.8858403547524
9414,2865.0,3203.0,2940.3731409764723
9415,2852.0,2920.0,3066.3758735824513
9416,2826.0,2221.0,2539.804982057127
9417,2789.0,1313.0,1630.9839713132155
9418,2739.0,2942.0,2434.271410845289
9419,2679.0,3182.0,3075.711287223137
9420,2608.0,2429.0,3098.3839896391846
9421,2529.0,3038.0,2641.4748591943157
9422,2442.0,2737.0,2804.206100965061
9423,2349.0,2504.0,2748.254071978934
9424,2251.0,2366.0,2440.787899380317
9425,2150.0,2055.0,2124.5407161403377
9426,2048.0,2114.0,1944.4707487126734
9427,1945.0,1984.0,2158.8482246800986
9428,1844.0,1308.0,1837.439450458618
9429,1746.0,2084.0,1951.063448335673
9430,1653.0,2156.0,2265.6009294879277
9431,1566.0,2007.0,2160.6863939296118
9432,1487.0,1426.0,1803.1257882309656
9433,1416.0,1097.0,1313.3097715726128
9434,1356.0,1604.0,1397.005888847927
9435,1306.0,1759.0,1779.5119839901633
9436,1269.0,907.0,1463.4086215673292
9437,1243.0,1349.0,1138.3879891900663
9438,1230.0,1219.0,1338.9392452590473
9439,1230.0,1212.0,1415.9874671248908
9440,1243.0,1793.0,1604.2408534510234
9441,1269.0,2080.0,1915.732708389155
9442,1306.0,1288.0,1665.7168451158277
9443,1356.0,1945.0,1657.8709077280948
9444,1416.0,1652.0,1712.8847188709312
9445,1487.0,1348.0,1445.664449890902
9446,1566.0,680.0,954.3977064474442
9447,1653.0,1838.0,1515.7168874266292
9448,1746.0,2073.0,1916.299802366244
9449,1844.0,1911.0,2131.47768358908
9450,1945.0,3622.0,2988.1934161870063
9451,2047.0,1543.0,2380.8359561227057
9452,2150.0,2154.0,1902.280163740905
9453,2251.0,1750.0,1639.4320040221921
9454,2349.0,1955.0,1773.7793911967199
9455,2442.0,2372.0,1995.5573843948323
9456,2529.0,2419.0,2375.6462509645344
9457,2608.0,2847.0,2637.716378001176
9458,2679.0,3319.0,2972.6220522783083
9459,2739.0,2766.0,2939.6753506509403
9460,2789.0,1914.0,2154.767935724039
9461,2826.0,2807.0,2501.9344541003425
9462,2852.0,2755.0,2593.962896803838
9463,2865.0,2836.0,2796.7079711892493
9464,2865.0,2643.0,2685.6520015520846
9465,2852.0,2650.0,2590.971311652324
9466,2826.0,3489.0,3174.6802191184543
9467,2789.0,3296.0,3445.780543308798
9468,2739.0,2452.0,2872.8017014763836
9469,2679.0,2383.0,2228.255004846949
9470,2608.0,2306.0,2279.7016217675587
9471,2529.0,1902.0,2079.0094461115855
9472,2442.0,1960.0,2037.5282670012505
9473,2349.0,2432.0,2261.119821737487
9474,2251.0,3213.0,2941.5698682597354
9475,2150.0,2540.0,2687.667130680593
9476,2047.0,2158.0,2482.0440041144593
9477,1945.0,1906.0,1942.1465923593835
9478,1844.0,1152.0,1525.2528579043226
9479,1746.0,1877.0,1583.811127385116
9480,1653.0,1524.0,1692.460638434708
9481,1566.0,1861.0,1846.71149777121
9482,1487.0,1527.0,1815.4140638734623
9483,1416.0,2414.0,2216.021588276692
9484,1356.0,1398.0,1999.700110263204
9485,1306.0,763.0,1195.7890920341506
9486,1269.0,2391.0,1894.6093228974823
9487,1243.0,1511.0,1852.240914505137
9488,1230.0,1611.0,1761.0231549054383
9489,1230.0,1536.0,1452.7835613923892
9490,1243.0,1185.0,1399.7135657439946
9491,1269.0,1055.0,1178.4265738061995
9492,1306.0,1420.0,1390.5128376566645
9493,1356.0,857.0,1169.2557514857967
9494,1416.0,2938.0,2521.691039836442
9495,1487.0,2047.0,2416.131284898372
9496,1566.0,1088.0,1553.7483705456743
9497,1653.0,1728.0,1263.022485463067
9498,1746.0,2025.0,1726.5573100840652
9499,1844.0,1831.0,1939.6938291122617
9500,1945.0,1381.0,1513.5825935103057
9501,2047.0,1929.0,1564.988980468721
9502,2150.0,2123.0,1878.1587470655431
9503,2251.0,2424.0,2474.429329350471
9504,2349.0,2907.0,2636.3337212498855
9505,2442.0,2027.0,2273.1978768419326
9506,2529.0,2903.0,2528.97785717274
9507,2608.0,3194.0,2859.1809019332522
9508,2679.0,2851.0,2931.22898377278
9509,2739.0,2638.0,2531.9300034708886
9510,2789.0,2567.0,2395.1842508150603
9511,2826.0,3239.0,2968.7205939340624
9512,2852.0,2116.0,2531.9061784003065
9513,2865.0,2508.0,2393.636599926742
9514,2865.0,2469.0,2328.5510313782947
9515,2852.0,3345.0,3090.2466020297693
9516,2826.0,2565.0,2695.5856125632727
9517,2789.0,3445.0,3045.4033402704063
9518,2739.0,2924.0,3047.853963515919
9519,2679.0,2938.0,2924.3636883822737
9520,2608.0,2581.0,2746.6275560932854
9521,2529.0,2381.0,2353.157266008365
9522,2442.0,4095.0,3751.6966194605425
9523,2349.0,2273.0,2790.41553092191
9524,2251.0,1903.0,2293.135316849054
9525,2150.0,1076.0,1342.6799618096425
9526,2048.0,2442.0,1957.3567450219155
9527,1945.0,607.0,1716.472049363756
9528,1844.0,1794.0,1525.9666444439772
9529,1746.0,2564.0,2219.104752659421
9530,1653.0,1815.0,2425.950728389511
9531,1566.0,1353.0,1984.7538256705539
9532,1487.0,1764.0,1513.531661985655
9533,1416.0,1446.0,1610.122916423786
9534,1356.0,1171.0,1294.5590266536124
9535,1306.0,1287.0,1320.6959608819993
9536,1269.0,534.0,816.7331754979464
9537,1243.0,1662.0,1335.739594614986
9538,1230.0,1004.0,1495.239176896546
9539,1230.0,815.0,1116.6549331501608
9540,1243.0,691.0,758.0773432116797
9541,1269.0,960.0,925.5989186929768
9542,1306.0,897.0,1037.1334414138614
9543,1356.0,1079.0,1064.182959147173
9544,1416.0,1110.0,1133.5757649235147
9545,1487.0,1251.0,1119.9236838416573
9546,1566.0,1954.0,1804.292190856553
9547,1653.0,1206.0,1341.1308081168784
9548,1746.0,2408.0,2321.1335513994277
9549,1844.0,1680.0,1795.9945726341803
9550,1945.0,2045.0,1805.2499883296132
9551,2047.0,2938.0,2408.4561521275537
9552,2150.0,2280.0,2423.1055655542277
9553,2251.0,2427.0,2233.4158325458657
9554,2349.0,2438.0,2153.2085583433354
9555,2442.0,2480.0,2379.5273740123603
9556,2529.0,2784.0,2457.3270337098015
9557,2608.0,20.0,1381.9824535562848
9558,2679.0,2933.0,2408.5912253797424
9559,2739.0,3003.0,2789.6630068524246
9560,2789.0,2663.0,3210.691016365745
9561,2826.0,3103.0,2908.8999794570577
9562,2852.0,2643.0,2692.33838472897
9563,2865.0,2273.0,2425.3834325191265
9564,2865.0,2853.0,2476.9897161962317
9565,2852.0,2776.0,2797.0791352476353
9566,2826.0,2985.0,2557.5035149851174
9567,2789.0,2849.0,2927.0553689235476
9568,2739.0,2450.0,2678.284544551509
9569,2679.0,3446.0,3175.187474541156
9570,2608.0,2798.0,3107.6422999621395
9571,2529.0,3383.0,3116.315020917452
9572,2442.0,2155.0,2593.8815483481562
9573,2349.0,2344.0,2282.2579362725605
9574,2251.0,2138.0,2197.3610174390424
9575,2150.0,2055.0,2225.6534990043483
9576,2048.0,1378.0,1847.78447173693
9577,1945.0,2458.0,2005.1929081860987
9578,1844.0,1800.0,2336.572919090823
9579,1746.0,1891.0,2091.4137521346443
9580,1653.0,1474.0,1838.6979244220959
9581,1566.0,2157.0,1998.2358522541688
9582,1487.0,0.0,1176.6023021180315
9583,1416.0,991.0,670.7755194397637
9584,1356.0,1651.0,1317.3711821478382
9585,1306.0,1528.0,1768.062336659488
9586,1269.0,1109.0,1580.763355790744
9587,1243.0,3220.0,2621.6505742821287
9588,1230.0,1257.0,2228.0757336428
9589,1230.0,1159.0,1309.6273682716085
9590,1243.0,1256.0,1045.0876447253443
9591,1269.0,992.0,896.854239324676
9592,1306.0,1541.0,1315.1619333040242
9593,1356.0,1332.0,1488.2089275396434
9594,1416.0,1587.0,1556.542953127174
9595,1487.0,1963.0,1726.945896836145
9596,1566.0,1953.0,2180.1985502733
9597,1653.0,1774.0,1804.3292794477252
9598,1746.0,2158.0,1939.38689991037
9599,1844.0,3345.0,3159.6130266641194
9600,1945.0,2410.0,2499.393724768254
9601,2047.0,1412.0,1825.602507094357
9602,2150.0,2696.0,2629.6310020422625
9603,2251.0,2658.0,2494.7635400298027
9604,2349.0,1702.0,2233.342058139002
9605,2442.0,2664.0,2095.3475386985233
9606,2529.0,2396.0,2359.0229801740334
9607,2608.0,2575.0,2588.6267682317516
9608,2679.0,3432.0,3089.385610190378
9609,2739.0,2489.0,2879.973999609197
9610,2789.0,2979.0,2608.2407854882003
9611,2826.0,2888.0,2801.288381924429
9612,2852.0,2463.0,2671.211987267574
9613,2865.0,2755.0,2460.7485661069536
9614,2865.0,2724.0,2681.2241325974264
9615,2852.0,2718.0,2711.2816780453923
9616,2826.0,3408.0,3041.561105628233
9617,2789.0,2915.0,3144.8717973597386
9618,2739.0,3039.0,2959.4464446674137
9619,2679.0,2418.0,2651.890497326098
9620,2608.0,2503.0,2465.5423181061365
9621,2529.0,2384.0,2385.3614435869063
9622,2442.0,2664.0,2577.4620606157964
9623,2349.0,2199.0,2475.0158451885027
9624,2251.0,165.0,1290.4775102546052
9625,2150.0,1956.0,1286.3211241415277
9626,2048.0,1917.0,2022.4587068427481
9627,1945.0,1918.0,2342.7678394222967
9628,1844.0,1433.0,1787.9398792997142
9629,1746.0,2013.0,1791.1271894926822
9630,1653.0,1857.0,2033.9432039654218
9631,1566.0,1627.0,1901.0478319898461
9632,1487.0,1466.0,1560.6316832889845
9633,1416.0,1056.0,1013.5575292726951
9634,1356.0,1380.0,1302.4993865986994
9635,1306.0,1009.0,1216.5729085729156
9636,1269.0,961.0,1134.681015753772
9637,1243.0,1877.0,1667.234077523613
9638,1230.0,988.0,1274.815158666059
9639,1230.0,1057.0,1195.3831057755085
9640,1243.0,791.0,898.0381002577128
9641,1269.0,1532.0,1224.2933798283866
9642,1306.0,1239.0,1387.1274096253073
9643,1356.0,1757.0,1567.8524119028846
9644,1416.0,1622.0,1589.0333598369543
9645,1487.0,886.0,1208.0714961810559
9646,1566.0,1510.0,1243.9183506462332
9647,1653.0,1060.0,1161.822121741595
9648,1746.0,2986.0,2599.449602768166
9649,1844.0,1807.0,2223.3523224115515
9650,1945.0,2087.0,2001.5305996303077
9651,2047.0,2848.0,2214.203242885405
9652,2150.0,1910.0,2279.7552439398887
9653,2251.0,1609.0,1730.5235870533031
9654,2349.0,2577.0,2016.539540543202
9655,2442.0,2510.0,2433.7303589045378
9656,2529.0,2999.0,2673.3389838691405
9657,2608.0,2873.0,2944.0254740977916
9658,2679.0,2952.0,2778.389955384568
9659,2739.0,3631.0,3253.3614365619696
9660,2789.0,1934.0,2159.8026991961647
9661,2826.0,4095.0,3613.2819546857295
9662,2852.0,2605.0,2983.0741754940527
9663,2865.0,2591.0,2705.7215859085736
9664,2865.0,2441.0,2353.7243127027127
9665,2852.0,2563.0,2523.2634853838636
9666,2826.0,3729.0,3230.6553337672294
9667,2789.0,3312.0,3544.612706316778
9668,2739.0,2712.0,3164.7476826357615
9669,2679.0,4095.0,3797.336102335481
9670,2608.0,2446.0,3209.097734054831
9671,2529.0,2386.0,2456.8446806543866
9672,2442.0,1921.0,1956.7218657441258
9673,2349.0,2199.0,2065.6623646063304
9674,2251.0,2719.0,2555.3398129400985
9675,2150.0,2246.0,2442.5327886550563
9676,2048.0,1958.0,2315.17501029957
9677,1945.0,1664.0,1864.6693293693693
9678,1844.0,1111.0,1684.4515252037027
9679,1746.0,1276.0,1319.9368616035617
9680,1653.0,1488.0,1506.8550950851427
9681,1566.0,1085.0,1430.8510976451792
9682,1487.0,1540.0,1498.6060024359037
9683,1416.0,1515.0,1704.4754592721445
9684,1356.0,994.0,1435.9401258166765
9685,1306.0,1800.0,1564.0401298475733
9686,1269.0,960.0,1260.0922995760043
9687,1243.0,978.0,1016.3667396384826
9688,1230.0,1641.0,1246.6495341513391
9689,1230.0,1100.0,1392.2338537116966
9690,1243.0,1340.0,1278.9175683748083
9691,1269.0,1596.0,1445.795373503255
9692,1306.0,1250.0,1462.8317237726214
9693,1356.0,1531.0,1362.9932928664734
9694,1416.0,1055.0,1292.6503562871624
9695,1487.0,1638.0,1348.0389217361414
9696,1566.0,1921.0,1686.2930674221825
9697,1653.0,1249.0,1512.3304199525082
9698,1746.0,1552.0,1353.2629317519988
9699,1844.0,1731.0,1535.8816268810017
9700,1945.0,1867.0,1831.9405777009938
9701,2047.0,2063.0,1912.0611931468663
9702,2150.0,2083.0,2005.4549681978015
9703,2251.0,2812.0,2433.159345087447
9704,2349.0,2155.0,2373.2776462623083
9705,2442.0,2028.0,2060.6920792120704
9706,2529.0,2195.0,1966.7830190806467
9707,2608.0,2346.0,2197.453306509991
9708,2679.0,3029.0,2811.8887826415553
9709,2739.0,2597.0,2721.9302088264253
9710,2789.0,3070.0,2786.9116764819514
9711,2826.0,2206.0,2489.238772384973
9712,2852.0,2010.0,2148.241189156044
9713,2865.0,3303.0,2895.75111497514
9714,2865.0,1831.0,2209.3000412115543
9715,2852.0,3144.0,2677.049284382178
9716,2826.0,2985.0,2889.2328783605844
9717,2789.0,3002.0,3131.7559587486994
9718,2739.0,2524.0,2726.986188599555
9719,2679.0,665.0,1590.5891208026555
9720,2608.0,2573.0,1772.9806137135074
9721,2529.0,2921.0,2628.9077971371953
9722,2442.0,3152.0,3388.958874722203
9723,2349.0,715.0,1874.3819132594153
9724,2251.0,1848.0,1385.5545672197902
9725,2150.0,2163.0,1987.124622325286
9726,2047.0,1735.0,2247.185724864139
9727,1945.0,1256.0,1627.7573595935073
9728,1844.0,2577.0,1705.2669431733552
9729,1746.0,2152.0,2467.6795554112678
9730,1653.0,1379.0,2026.1735754688834
9731,1566.0,1708.0,1633.0076208561952
9732,1487.0,1478.0,1373.942466401517
9733,1416.0,720.0,1217.3140972334609
9734,1356.0,2071.0,1488.7754075284072
9735,1306.0,1802.0,1923.176448167406
9736,1269.0,1826.0,1921.2112212637783
9737,1243.0,861.0,1437.5967013887446
9738,1230.0,705.0,851.7230117075848
9739,1230.0,1164.0,919.335998854988
9740,1243.0,1422.0,1416.595124258342
9741,1269.0,1630.0,1634.097929124547
9742,1306.0,1813.0,1774.7237676648772
9743,1356.0,1413.0,1701.3050126829348
9744,1416.0,1152.0,1324.247256273934
9745,1487.0,843.0,1001.5445372182651
9746,1566.0,95.0,407.41498223033364
9747,1653.0,1938.0,1771.4713077962408
9748,1746.0,0.0,981.2024895207926
9749,1844.0,2483.0,2288.5119674741964
9750,1945.0,2305.0,2286.3524427318866
9751,2048.0,2956.0,2798.5712411281384
9752,2150.0,1855.0,2244.8895054995805
9753,2251.0,2165.0,1782.8434203325758
9754,2349.0,2410.0,1973.3152971653014
9755,2442.0,2132.0,1949.0740692810014
9756,2529.0,2378.0,2234.4261658910923
9757,2608.0,2830.0,2534.0312705803217
9758,2679.0,2349.0,2623.4999341231223
9759,2739.0,2912.0,2635.4618261316054
9760,2789.0,2757.0,2807.531796370422
9761,2826.0,2691.0,2638.2857438565024
9762,2852.0,3016.0,2745.7941744368004
9763,2865.0,2735.0,2784.111841979342
9764,2865.0,3003.0,2793.675499948071
9765,2852.0,2650.0,2719.8219087007838
9766,2826.0,2962.0,2817.0020833484073
9767,2789.0,2889.0,2831.0451531941926
9768,2739.0,2800.0,2870.180273847729
9769,2679.0,795.0,1805.8517486550136
9770,2608.0,2902.0,2592.318475163374
9771,2529.0,2375.0,2633.9857817055936
9772,2442.0,2608.0,2781.672594804565
9773,2349.0,3075.0,2890.1020323353664
9774,2251.0,2401.0,2710.1260445117637
9775,2150.0,1631.0,2143.2741100833905
9776,2048.0,2456.0,2090.403748067065
9777,1945.0,2607.0,2561.4481670372816
9778,1844.0,2694.0,2514.9866664708907
9779,1746.0,1417.0,2127.01055008446
9780,1653.0,1338.0,1402.8147005972016
9781,1566.0,1580.0,1497.4991544035377
9782,1487.0,813.0,1447.5841395638874
9783,1416.0,1041.0,1143.6984512821416
9784,1356.0,1158.0,1136.0925968493975
9785,1306.0,1201.0,1454.6482727670962
9786,1269.0,667.0,1207.661764936359
9787,1243.0,1288.0,1210.3852768644508
9788,1230.0,967.0,1155.441705947379
9789,1230.0,916.0,1053.0608665687118
9790,1243.0,1313.0,1168.620868424355
9791,1269.0,1902.0,1699.83227257296
9792,1306.0,1531.0,1710.1442144062678
9793,1356.0,390.0,939.5754935889645
9794,1416.0,1577.0,1455.1665566340894
9795,1487.0,1828.0,1535.5655699663896
9796,1566.0,1976.0,1997.6220588695858
9797,1653.0,1366.0,1569.6715669387756
9798,1746.0,2030.0,1916.9189909036058
9799,1844.0,1199.0,1519.4878455503358
9800,1945.0,2276.0,1810.3429677717554
9801,2048.0,1907.0,1964.578875160746
9802,2150.0,2676.0,2148.754234446893
9803,2251.0,2312.0,2379.8271477406206
9804,2349.0,2866.0,2533.6655265538934
9805,2442.0,1329.0,1986.48087047861
9806,2529.0,2507.0,1850.3633007972178
9807,2608.0,2514.0,2354.260766176918
9808,2679.0,1912.0,2171.1385376849707
9809,2739.0,2822.0,2378.520995188228
9810,2789.0,2760.0,2643.330223081759
9811,2826.0,2773.0,2863.6648915963897
9812,2852.0,3017.0,2810.6798917467327
9813,2865.0,2798.0,2875.4902534072157
9814,2865.0,2607.0,2483.420833766502
9815,2852.0,3646.0,3387.311587878068
9816,2826.0,2819.0,3130.205355185439
9817,2789.0,3423.0,3036.9192672873132
9818,2739.0,2958.0,3048.6559784294654
9819,2679.0,2316.0,2624.4503502670304
9820,2608.0,3327.0,2977.7493024907544
9821,2529.0,2791.0,3017.7123371852326
9822,2442.0,2353.0,2676.2406967510706
9823,2349.0,2066.0,2155.11977544919
9824,2251.0,2318.0,2335.620267579468
9825,2150.0,1868.0,2207.315396208213
9826,2047.0,2332.0,2328.4696910063853
9827,1945.0,2063.0,2296.6840985154886
9828,1844.0,1978.0,2115.3512559557084
9829,1746.0,1506.0,1922.7523489081493
9830,1653.0,1094.0,1430.8469504759992
9831,1566.0,1260.0,1282.6760628023592
9832,1487.0,1444.0,1456.3442897064267
9833,1416.0,2040.0,1933.255408215183
9834,1356.0,1427.0,1581.7807261031621
9835,1306.0,1662.0,1694.7408134269785
9836,1269.0,1439.0,1559.429901866449
9837,1243.0,1498.0,1539.6062353545533
9838,1230.0,447.0,966.0894086054006
9839,1230.0,1657.0,1321.89903874925
9840,1243.0,679.0,1128.7384951002543
9841,1269.0,0.0,540.1830113675722
9842,1306.0,1335.0,788.2333913993742
9843,1356.0,1212.0,1324.1383487631315
9844,1416.0,1690.0,1708.8555210757027
9845,1487.0,1358.0,1524.8848911635134
9846,1566.0,1768.0,1567.5569274290176
9847,1653.0,2378.0,1886.2961857556775
9848,1746.0,1574.0,1751.8176906464878
9849,1844.0,1512.0,1382.4977426709104
9850,1945.0,2295.0,1723.5700771618854
9851,2048.0,2240.0,2181.585681785775
9852,2150.0,1636.0,1897.0786129959292
9853,2251.0,2200.0,1856.8871815870898
9854,2349.0,2527.0,2208.10591916618
9855,2442.0,2069.0,2303.9273623862255
9856,2529.0,2352.0,2230.4631403198364
9857,2608.0,1940.0,1978.2692447465206
9858,2679.0,2433.0,2124.9667211139313
9859,2739.0,2962.0,2666.9345772574607
9860,2789.0,3844.0,3474.7687781904096
9861,2826.0,2134.0,2737.7596732075176
9862,2852.0,3133.0,2842.788012606838
9863,2865.0,3185.0,2923.4494895808775
9864,2865.0,2847.0,2965.7532349388225
9865,2852.0,2612.0,2647.9021550391963
9866,2826.0,3017.0,2605.173605832286
9867,2789.0,2724.0,2802.156647331592
9868,2739.0,2728.0,2793.840306804659
9869,2679.0,3234.0,3108.298952906513
9870,2608.0,1994.0,2525.2725141452497
9871,2529.0,2906.0,2723.3686283273423
9872,2442.0,1900.0,2269.2855663137057
9873,2349.0,700.0,1477.0831288726451
9874,2251.0,1548.0,1196.6204391257181
9875,2150.0,2579.0,2199.365358553516
9876,2047.0,875.0,2044.4909146802952
9877,1945.0,1651.0,1521.8986210490002
9878,1844.0,1331.0,1575.713505468853
9879,1746.0,2137.0,1923.2510770636793
9880,1653.0,1609.0,2049.0219861113465
9881,1566.0,1670.0,1683.7934686289527
9882,1487.0,1616.0,1443.3164742950974
9883,1416.0,1465.0,1523.9096202633025
9884,1356.0,1804.0,1797.3479240612596
9885,1306.0,732.0,1151.513518200151
9886,1269.0,1104.0,995.1671655355111
9887,1243.0,1823.0,1410.4432659765564
9888,1230.0,879.0,1529.6190857204754
9889,1230.0,1786.0,1456.3400471938512
9890,1243.0,1032.0,1354.2228639000434
9891,1269.0,1370.0,1331.123123048928
9892,1306.0,871.0,1097.7690090948568
9893,1356.0,1085.0,1068.3976296886603
9894,1416.0,1633.0,1284.7462059585132
9895,1487.0,930.0,1288.7870100849311
9896,1566.0,1564.0,1385.0367965121045
9897,1653.0,1781.0,1536.7959981761153
9898,1746.0,2854.0,2393.3913629169356
9899,1844.0,0.0,1325.1481540400155
9900,1945.0,2232.0,1587.286661158089
9901,2048.0,1933.0,1734.6384276829099
9902,2150.0,2277.0,2218.3857846886735
9903,2251.0,2794.0,2468.4347321677337
9904,2349.0,2842.0,2560.133561522036
9905,2442.0,2693.0,2624.2914487504822
9906,2529.0,2772.0,2554.2166279225944
9907,2608.0,3074.0,2898.89218837883
9908,2679.0,2349.0,2263.4062066114147
9909,2739.0,4095.0,3751.778977446338
9910,2789.0,2315.0,2794.343680147753
9911,2826.0,2880.0,2630.144919557416
9912,2852.0,2465.0,2505.30494635154
9913,2865.0,3042.0,2793.9852233163915
9914,2865.0,3206.0,3114.968156850357
9915,2852.0,2968.0,3105.6946224530566
9916,2826.0,3656.0,3321.6655773230605
9917,2789.0,245.0,1838.4927620511594
9918,2739.0,2569.0,1692.5038266818692
9919,2679.0,1980.0,2055.431054108898
9920,2608.0,2628.0,2675.1128385773236
9921,2529.0,2707.0,2729.066358335383
9922,2442.0,2209.0,2553.935449762575
9923,2349.0,2613.0,2522.2609497270396
9924,2251.0,2986.0,2815.4509149775236
9925,2150.0,1697.0,2513.46774853922
9926,2047.0,2160.0,1627.8006909415544
9927,1945.0,2028.0,2027.5110892029836
9928,1844.0,2061.0,2105.5496627733014
9929,1746.0,1397.0,1838.428383851155
9930,1653.0,1184.0,1413.3043998173405
9931,1566.0,1644.0,1483.5480618506463
9932,1487.0,0.0,1028.4254619943001
9933,1416.0,1195.0,942.5508199886191
9934,1356.0,1255.0,1233.2468145268194
9935,1306.0,1445.0,1664.7533589306659
9936,1269.0,1380.0,1570.3974562251235
9937,1243.0,1548.0,1543.7480756196578
9938,1230.0,918.0,1242.8423865557588
9939,1230.0,1577.0,1224.355940101556
9940,1243.0,843.0,1184.2389714563005
9941,1269.0,1171.0,895.7792444230643
9942,1306.0,1201.0,1145.1373703243107
9943,1356.0,418.0,866.0120697955175
9944,1416.0,1484.0,1046.8041166018702
9945,1487.0,1442.0,1452.2098572260838
9946,1566.0,1123.0,1439.6186029210141
9947,1653.0,1531.0,1267.9995623638745
9948,1746.0,1934.0,1696.3133569598683
9949,1844.0,2162.0,1978.635618910254
9950,1945.0,1906.0,1941.7137472585162
9951,2048.0,1592.0,1622.4566793288493
9952,2150.0,1840.0,1471.7875770105034
9953,2251.0,2556.0,2349.1027098933405
9954,2349.0,2829.0,2660.8129202469186
9955,2442.0,2363.0,2454.122458629705
9956,2529.0,2220.0,2141.1815727968906
9957,2608.0,2703.0,2375.163539962778
9958,2679.0,3582.0,3499.4209782614093
9959,2739.0,2931.0,3143.590645719748
9960,2789.0,2868.0,2726.345770146381
9961,2826.0,2236.0,2305.9292744340855
9962,2852.0,2613.0,2437.8721336216486
9963,2865.0,2043.0,2301.2442325482816
9964,2865.0,2833.0,2458.5476945500386
9965,2852.0,2338.0,2531.65196836454
9966,2826.0,3338.0,2948.433054667387
9967,2789.0,2473.0,2946.67343675375
9968,2739.0,2624.0,2635.0803550250275
9969,2679.0,2737.0,2621.783528519564
9970,2608.0,1969.0,2293.190050319471
9971,2529.0,3622.0,2999.4491344002317
9972,2442.0,2511.0,2900.0126172904397
9973,2349.0,1961.0,2394.9368858375055
9974,2251.0,2218.0,1968.834202297377
9975,2150.0,1952.0,2173.4731359726397
9976,2047.0,1815.0,2018.0026108190523
9977,1945.0,2240.0,2124.2988444920898
9978,1844.0,1705.0,2084.5000975472235
9979,1746.0,2248.0,2048.3562480482274
9980,1653.0,1431.0,2034.2302217791253
9981,1566.0,1730.0,1721.182141011851
9982,1487.0,1729.0,1711.3188094515076
9983,1416.0,1170.0,1556.6874455720667
9984,1356.0,1252.0,1298.9815719427445
9985,1306.0,1246.0,1274.8586506281433
9986,1269.0,1314.0,1456.2036189798548
9987,1243.0,1333.0,1410.1320171874804
9988,1230.0,1530.0,1584.010160256229
9989,1230.0,1801.0,1680.9786260370909
9990,1243.0,2111.0,1991.447280312867
9991,1269.0,1337.0,1405.1924634905404
9992,1306.0,1565.0,1491.8955275734684
9993,1356.0,1604.0,1553.9674327377968
9994,1416.0,1450.0,1501.1784638331142
9995,1487.0,1145.0,1283.3060810712536
9996,1566.0,1396.0,1239.4383817546618
9997,1653.0,1194.0,1317.4009265268874
9998,1746.0,1883.0,1648.3054981457915
9999,1844.0,1909.0,1971.3803777983064
10000,1945.0,2419.0,2158.5033704975594
10001,2048.0,1863.0,2071.0905059188817
10002,2150.0,2208.0,1971.125552582731
10003,2251.0,2052.0,1965.8716020280356
10004,2349.0,2480.0,2144.504451822765
10005,2442.0,1645.0,1879.4982916887843
10006,2529.0,2382.0,1957.2448833513718
10007,2608.0,2673.0,2423.2968679614187
10008,2679.0,2232.0,2462.575200534854
10009,2739.0,2518.0,2397.4618705076473
10010,2789.0,3238.0,2805.931889173395
10011,2826.0,3455.0,3289.681682155316
10012,2852.0,3251.0,3247.072747212385
10013,2865.0,2317.0,2570.9766520755875
10014,2865.0,3456.0,3084.1062744964197
10015,2852.0,3080.0,3089.6498097297463
10016,2826.0,3570.0,3351.6137318005913
10017,2789.0,2940.0,3069.431626749806
10018,2739.0,2463.0,2623.0980776830356
10019,2679.0,2635.0,2553.312942384479
10020,2608.0,2207.0,2460.8658779165107
10021,2529.0,2059.0,2285.949303385319
10022,2442.0,2606.0,2319.332383464074
10023,2349.0,1751.0,2368.0766035748
10024,2251.0,3149.0,2916.662633967281
10025,2150.0,2381.0,2768.218867267664
10026,2048.0,1746.0,2250.1470690068913
10027,1945.0,1886.0,1783.6486258379464
10028,1844.0,1407.0,1662.732486231378
10029,1746.0,1467.0,1558.3445454469193
10030,1653.0,2078.0,1822.0308550555983
10031,1566.0,1218.0,1812.018726230156
10032,1487.0,995.0,1232.326835014371
10033,1416.0,1181.0,1275.78740134513
10034,1356.0,0.0,778.5639600219235
10035,1306.0,1448.0,914.5382775109069
10036,1269.0,0.0,801.536011592703
10037,1243.0,0.0,279.57811485877176
10038,1230.0,1400.0,766.1243259500793
10039,1230.0,1702.0,1763.974238242817
10040,1243.0,1616.0,1840.1809751148012
10041,1269.0,1968.0,1703.2992059373832
10042,1306.0,1970.0,1827.9333677133573
10043,1356.0,1467.0,1466.2801943264678
10044,1416.0,1267.0,1260.211238616382
10045,1487.0,1856.0,1651.2918730915687
10046,1566.0,1395.0,1379.367300076847
10047,1653.0,1874.0,1670.4147579402816
10048,1746.0,1772.0,1786.1388541145348
10049,1844.0,1163.0,1505.4826701462537
10050,1945.0,1388.0,1337.2665295770757
10051,2048.0,2136.0,1762.9365791217986
10052,2150.0,2010.0,2077.8990021767636
10053,2251.0,2753.0,2351.513848511991
10054,2349.0,2507.0,2531.3544818959954
10055,2442.0,2146.0,2221.8965041998536
10056,2529.0,2289.0,2153.3812290944556
10057,2608.0,1701.0,1848.464010627067
10058,2679.0,2919.0,2572.8573562000806
10059,2739.0,2375.0,2467.6926513912363
10060,2789.0,1999.0,2253.8369838199246
10061,2826.0,3223.0,2820.722088008187
10062,2852.0,2600.0,2892.9524590067704
10063,2865.0,2416.0,2599.259158319037
10064,2865.0,2188.0,2152.4568746797863
10065,2852.0,3199.0,2621.1707267217735
10066,2826.0,3775.0,3363.2553071925604
10067,2789.0,2628.0,3131.675106546078
10068,2739.0,2356.0,2403.319960746512
10069,2679.0,2567.0,2224.4331599775355
10070,2608.0,2335.0,2534.9022383758306
10071,2529.0,3201.0,2813.7109581044992
10072,2442.0,2861.0,2964.571393347496
10073,2349.0,2402.0,2636.3499722921547
10074,2251.0,2034.0,2273.3567177662067
10075,2150.0,1857.0,2087.06672665294
10076,2047.0,2199.0,2094.0528928086765
10077,1945.0,2206.0,2257.423913048121
10078,1844.0,1579.0,2014.322757520285
10079,1746.0,1224.0,1489.1266320776356
10080,1653.0,1334.0,1470.240460154481
10081,1566.0,1881.0,1818.9957543434448
10082,1487.0,1169.0,1696.4462860483293
10083,1416.0,1793.0,1611.0519029782226
10084,1356.0,1057.0,1429.3127868621032
10085,1306.0,636.0,1037.2521597893146
10086,1269.0,1056.0,959.4269807377538
10087,1243.0,1514.0,1331.47176287778
10088,1230.0,1983.0,1826.1333917673926
10089,1230.0,1365.0,1693.7843521155673
10090,1243.0,1751.0,1612.3585933691136
10091,1269.0,1169.0,1339.3120314960486
10092,1306.0,855.0,1076.973586736715
10093,1356.0,998.0,849.5260773083888
10094,1416.0,1456.0,1182.2867265098496
10095,1487.0,1516.0,1513.5359095957094
10096,1566.0,1521.0,1593.4317425643076
10097,1653.0,1354.0,1510.6808022697642
10098,1746.0,1686.0,1501.604026375381
10099,1844.0,2052.0,1872.786299531448
10100,1945.0,2205.0,2057.988834164181
10101,2048.0,1778.0,1844.214400927019
10102,2150.0,1442.0,1453.9525496414906
10103,2251.0,2854.0,2712.117693358182
10104,2349.0,220.0,1456.7685830145729
10105,2442.0,2336.0,1882.4285574692433
10106,2529.0,2191.0,1995.012734435088
10107,2608.0,2713.0,2612.385723738643
10108,2679.0,3535.0,3108.2446908680004
10109,2739.0,623.0,1975.6341854591947
10110,2789.0,2841.0,1792.0746840208685
10111,2826.0,3211.0,2636.7534150638103
10112,2852.0,3571.0,3609.932774586023
10113,2865.0,2247.0,2541.5297655451564
10114,2865.0,3208.0,2562.7736366985705
10115,2852.0,2980.0,2856.0951777230307
10116,2826.0,2429.0,2757.6621035879207
10117,2789.0,2688.0,2654.1869918546586
10118,2739.0,2692.0,2322.769759080894
10119,2679.0,3464.0,3245.6095295614646
10120,2608.0,2510.0,3045.1160393743967
10121,2529.0,1533.0,2172.2225998391737
10122,2442.0,2336.0,1933.0881611055433
10123,2349.0,1983.0,2247.7500073688284
10124,2251.0,2474.0,2469.043228723285
10125,2150.0,2157.0,2335.4662596436146
10126,2047.0,2205.0,2289.569869560922
10127,1945.0,1729.0,2051.448038155127
10128,1844.0,2059.0,2107.302199921214
10129,1746.0,1407.0,1780.5356107818645
10130,1653.0,1487.0,1449.3052988595261
10131,1566.0,1530.0,1577.109422526693
10132,1487.0,1462.0,1591.7672594999062
10133,1416.0,1829.0,1818.424443066823
10134,1356.0,953.0,1479.7087519083293
10135,1306.0,1255.0,1255.9221851409131
10136,1269.0,1607.0,1427.60969937202
10137,1243.0,1868.0,1871.4531259942864
10138,1230.0,707.0,1321.3810668616345
10139,1230.0,871.0,808.03981306419
10140,1243.0,210.0,525.7256836609881
10141,1269.0,1883.0,1554.0920146905657
10142,1306.0,1374.0,1722.6408323466228
10143,1356.0,1345.0,1456.0225482839232
10144,1416.0,1612.0,1417.4976431793216
10145,1487.0,1607.0,1596.6058806040528
10146,1566.0,1883.0,1814.8137528670961
10147,1653.0,2085.0,1808.4850036482576
10148,1746.0,2223.0,1999.9976888968108
10149,1844.0,1784.0,1720.965798278069
10150,1945.0,2008.0,1856.6917615290802
10151,2048.0,1342.0,1490.3246684521434
10152,2150.0,1528.0,1393.037974457467
10153,2251.0,1853.0,1640.0463170962012
10154,2349.0,2265.0,2134.2274007916626
10155,2442.0,2490.0,2421.3210229505194
10156,2529.0,2410.0,2455.8500776037704
10157,2608.0,2885.0,2620.214876546239
10158,2679.0,2102.0,2353.7154657444894
10159,2739.0,2966.0,2534.061333532897
10160,2789.0,2325.0,2377.6962168316777
10161,2826.0,3057.0,2626.5490596359364
10162,2852.0,2624.0,2668.698013048888
10163,2865.0,2813.0,2688.1990842482865
10164,2865.0,2045.0,2369.812081315553
10165,2852.0,1929.0,1974.4985815609607
10166,2826.0,2921.0,2461.109038978299
10167,2789.0,3010.0,2924.707803517609
10168,2739.0,3503.0,3391.667084660348
10169,2679.0,2370.0,2601.3404554256713
10170,2608.0,2726.0,2573.209195798514
10171,2529.0,1961.0,2228.791368965987
10172,2442.0,2388.0,2238.674529061794
10173,2349.0,2320.0,2270.423360837425
10174,2251.0,2031.0,2173.9260151950057
10175,2150.0,2267.0,2272.6371551572242
10176,2047.0,1928.0,2206.1428420603015
10177,1945.0,2190.0,2311.0267501692156
10178,1844.0,1753.0,1996.8352877069665
10179,1746.0,1493.0,1753.3420278409046
10180,1653.0,1712.0,1611.0082572162057
10181,1566.0,1705.0,1801.4868485163506
10182,1487.0,1774.0,1877.4175788315074
10183,1416.0,2211.0,2040.6564964540141
10184,1356.0,1885.0,2110.8143901014005
10185,1306.0,663.0,1326.6811273813753
10186,1269.0,2228.0,1891.261949330974
10187,1243.0,1234.0,1547.079365485432
10188,1230.0,996.0,1276.8642182086767
10189,1230.0,768.0,856.9425981495498
10190,1243.0,1239.0,1063.7433818650404
10191,1269.0,1886.0,1699.904475605211
10192,1306.0,1575.0,1807.6704257316576
10193,1356.0,1315.0,1538.2308618782856
10194,1416.0,1304.0,1137.4819812653623
10195,1487.0,848.0,1166.8180185567526
10196,1566.0,1674.0,1412.993269734237
10197,1653.0,1998.0,1743.5822725836579
10198,1746.0,1248.0,1592.4599545340432
10199,1844.0,1847.0,1520.7219208114893
10200,1945.0,3940.0,3526.284705327522
10201,2048.0,1452.0,1861.4543361512788
10202,2150.0,2332.0,1860.581262563757
10203,2251.0,1465.0,1470.5785336989757
10204,2349.0,2329.0,1801.3061582746286
10205,2442.0,1827.0,2023.5246736268828
10206,2529.0,2801.0,2348.8504782078753
10207,2608.0,2485.0,2454.3476577191777
10208,2679.0,3033.0,2731.6161246666434
10209,2739.0,2546.0,2923.856760788793
10210,2789.0,2552.0,2374.04895702373
10211,2826.0,2912.0,2621.590367138938
10212,2852.0,3726.0,3190.5484557451896
10213,2865.0,2456.0,2770.058548024933
10214,2865.0,3305.0,2745.330880406352
10215,2852.0,1846.0,2425.073304546284
10216,2826.0,2818.0,2379.8322279633057
10217,2789.0,2460.0,2608.084419513362
10218,2739.0,2749.0,2682.103995044807
10219,2679.0,2182.0,2478.51225681305
10220,2608.0,2933.0,2627.4440579829757
10221,2529.0,2578.0,2899.507869478563
10222,2442.0,2122.0,2395.89836460224
10223,2349.0,2679.0,2494.0953300721276
10224,2251.0,2496.0,2457.496010507461
10225,2150.0,2657.0,2691.8567521466994
10226,2047.0,1951.0,2275.649255709081
10227,1945.0,937.0,1513.4440753930276
10228,1844.0,2211.0,2012.8872049177141
10229,1746.0,1317.0,1795.704191192792
10230,1653.0,1735.0,1812.1182494928341
10231,1566.0,0.0,904.9842759644915
10232,1487.0,1464.0,1000.641189848257
10233,1416.0,1139.0,1443.3395466906522
10234,1356.0,1516.0,1693.3709369260255
10235,1306.0,1784.0,1735.7052340469897
10236,1269.0,1124.0,1382.1387804456265
10237,1243.0,1080.0,1253.7610830980752
10238,1230.0,904.0,930.4500202759965
10239,1230.0,966.0,1042.505316586913
10240,1243.0,1202.0,941.0308890499072
10241,1269.0,3267.0,2864.3145607534752
10242,1306.0,1249.0,1826.9510562468581
10243,1356.0,1453.0,1437.1509403784726
10244,1416.0,1441.0,1228.4385517588491
10245,1487.0,0.0,111.49834782439757
10246,1566.0,1462.0,774.4591251127819
10247,1653.0,1978.0,1579.536388927058
10248,1746.0,1589.0,1905.554583809895
10249,1844.0,1968.0,1774.7319487115506
10250,1945.0,1011.0,1620.6527076845214
10251,2048.0,1906.0,1499.221153078002
10252,2150.0,1960.0,1815.535804265464
10253,2251.0,1972.0,1972.8668933545298
10254,2349.0,1952.0,1702.2008386721473
10255,2442.0,2389.0,2068.201008639642
10256,2529.0,2627.0,2477.3256440057794
10257,2608.0,2954.0,2693.6697848741696
10258,2679.0,2809.0,2776.971946545471
10259,2739.0,2612.0,2442.34311054119
10260,2789.0,2681.0,2552.1931279729065
10261,2826.0,2558.0,2473.508314846718
10262,2852.0,2878.0,2740.834661996065
10263,2865.0,3337.0,3180.092103866132
10264,2865.0,3009.0,3120.0225505278704
10265,2852.0,3050.0,2999.9871303479067
10266,2826.0,3496.0,3345.008249458568
10267,2789.0,3203.0,3283.3995206251875
10268,2739.0,2712.0,2897.848191126038
10269,2679.0,3442.0,3242.2577446860914
10270,2608.0,2037.0,2632.966721696932
10271,2529.0,1930.0,2085.4969658736095
10272,2442.0,1841.0,1915.380334728009
10273,2349.0,2030.0,2096.773140999174
10274,2251.0,2269.0,2371.2507339367135
10275,2150.0,692.0,1540.4959655148045
10276,2048.0,2184.0,1699.5213591395757
10277,1945.0,4095.0,3537.8472373767895
10278,1844.0,1679.0,2149.5085067264777
10279,1746.0,1206.0,1512.2711776169472
10280,1653.0,1576.0,1085.6892688224511
10281,1566.0,1431.0,1500.9978487184508
10282,1487.0,0.0,907.8476880860268
10283,1416.0,1445.0,847.2754985870924
10284,1356.0,1338.0,1291.5640789914385
10285,1306.0,3524.0,2777.590225313914
10286,1269.0,954.0,2547.993000256841
10287,1243.0,1189.0,1150.024160570361
10288,1230.0,1601.0,1100.3920822328605
10289,1230.0,2113.0,1871.6935108168132
10290,1243.0,1435.0,1809.927985768833
10291,1269.0,1203.0,1085.5494727704602
10292,1306.0,1383.0,1240.100887583473
10293,1356.0,1361.0,1350.9428349549441
10294,1416.0,1162.0,1593.126043008308
10295,1487.0,1285.0,1168.4110371961915
10296,1566.0,1935.0,1655.3636082716537
10297,1653.0,948.0,1156.8845033632865
10298,1746.0,1895.0,1562.6630248295128
10299,1844.0,1640.0,1657.418361935857
10300,1945.0,4095.0,3497.143774695335
10301,2047.0,2113.0,2855.202961747981
10302,2150.0,2651.0,2321.361066453191
10303,2251.0,2892.0,2331.567964287681
10304,2349.0,2744.0,2605.4746001222934
10305,2442.0,2294.0,2439.7277878449945
10306,2529.0,1971.0,1845.1533607185215
10307,2608.0,3193.0,2475.9358215143448
10308,2679.0,1082.0,1484.8466832465588
10309,2739.0,2886.0,2362.58410655512
10310,2789.0,3083.0,2789.284712498332
10311,2826.0,2744.0,3096.329102734576
10312,2852.0,3171.0,3012.6239483802287
10313,2865.0,1557.0,2244.9099823438746
10314,2865.0,2876.0,2222.3556624566663
10315,2852.0,2674.0,2568.2573498829674
10316,2826.0,2516.0,2802.7852410666474
10317,2789.0,2026.0,2071.040625464635
10318,2739.0,3062.0,2565.922592323171
10319,2679.0,2733.0,2957.2766239200387
10320,2608.0,2753.0,2839.5022426502096
10321,2529.0,2110.0,2438.6180878352097
10322,2442.0,2145.0,1968.286553218021
10323,2349.0,3203.0,2892.9444252481335
10324,2251.0,3157.0,3214.758628921833
10325,2150.0,2259.0,2609.6287403933893
10326,2048.0,2107.0,2056.71410404439
10327,1945.0,1451.0,1788.94082660896
10328,1844.0,1778.0,1737.565315800314
10329,1746.0,1415.0,1703.9165911398911
10330,1653.0,1931.0,1793.5887644150673
10331,1566.0,2246.0,2171.0481191413473
10332,1487.0,1192.0,1984.0692475976657
10333,1416.0,1348.0,1509.1736144413485
10334,1356.0,1520.0,1441.6938764974009
10335,1306.0,1114.0,1449.3137437953314
10336,1269.0,1159.0,1196.1986823259178
10337,1243.0,1747.0,1481.1805236049904
10338,1230.0,0.0,936.8512539070407
10339,1230.0,1098.0,750.6437342514546
10340,1243.0,1715.0,1452.0989851693676
10341,1269.0,1227.0,1609.9585823133536
10342,1306.0,1234.0,1311.56585859797
10343,1356.0,1521.0,1309.2774860030067
10344,1416.0,1376.0,1399.6591204801455
10345,1487.0,1452.0,1406.6311073420686
10346,1566.0,1608.0,1551.0141703549184
10347,1653.0,1467.0,1323.267335126677
10348,1746.0,1968.0,1837.3064642387976
10349,1844.0,1158.0,1383.183038991568
10350,1945.0,2203.0,2073.2419724508463
10351,2047.0,1402.0,1667.1824154761516
10352,2150.0,1256.0,1387.1118521948417
10353,2251.0,1986.0,1569.909182328747
10354,2349.0,2364.0,2119.0304123001433
10355,2442.0,1741.0,2099.413701620832
10356,2529.0,2776.0,2243.696907925011
10357,2608.0,2308.0,2421.3987794311834
10358,2679.0,2826.0,2476.5935963929264
10359,2739.0,3461.0,3007.7721201802847
10360,2789.0,2845.0,2927.6961332340297
10361,2826.0,3064.0,2740.5997511860132
10362,2852.0,3107.0,2828.9963836317997
10363,2865.0,3658.0,3271.653883691612
10364,2865.0,2938.0,3072.0249985213345
10365,2852.0,3499.0,3153.7171573562973
10366,2826.0,2891.0,2987.860264265926
10367,2789.0,3105.0,2995.2113237679873
10368,2739.0,2282.0,2705.246838767738
10369,2679.0,2584.0,2448.769006582645
10370,2608.0,2658.0,2646.1820258506236
10371,2529.0,2538.0,2724.7252217060104
10372,2442.0,2129.0,2527.836845858444
10373,2349.0,3206.0,2917.0550217224777
10374,2251.0,2806.0,3119.82669637717
10375,2150.0,1399.0,2236.0060088942473
10376,2048.0,4095.0,3510.0754396040907
10377,1945.0,1932.0,2764.3826398022616
10378,1844.0,1891.0,2161.9369300941403
10379,1746.0,1615.0,1590.429251549683
10380,1653.0,1744.0,1737.048912264798
10381,1566.0,1477.0,1750.7766818406424
10382,1487.0,1638.0,1831.721841866438
10383,1416.0,1125.0,1568.5615148306808
10384,1356.0,1050.0,1114.8665583845586
10385,1306.0,1440.0,1623.3223399243354
10386,1269.0,1621.0,1639.0438815746097
10387,1243.0,451.0,1175.0855632287848
10388,1230.0,1582.0,1286.95619881946
10389,1230.0,1067.0,1319.3626719224771
10390,1243.0,2192.0,1852.25764752289
10391,1269.0,1547.0,1845.4456895762949
10392,1306.0,1222.0,1365.0561666692827
10393,1356.0,1379.0,1169.64900471227
10394,1416.0,1063.0,1183.7738317282224
10395,1487.0,1289.0,1261.4956193555468
10396,1566.0,1408.0,1202.9492004572905
10397,1653.0,1849.0,1692.4853682260946
10398,1746.0,1451.0,1610.2535851288076
10399,1844.0,1477.0,1575.1854742104467
10400,1945.0,2523.0,2240.807120418889
10401,2047.0,1932.0,2131.8945497515274
10402,2150.0,2133.0,2012.1439141879198
10403,2251.0,2016.0,1836.3189585145792
10404,2349.0,3132.0,2849.490618614728
10405,2442.0,1842.0,2349.1150143685586
10406,2529.0,1384.0,1597.4038557150288
10407,2608.0,3301.0,2807.3685903321148
10408,2679.0,3608.0,3304.8603130818733
10409,2739.0,3009.0,3442.1953065093803
10410,2789.0,3202.0,2889.6633706279486
10411,2826.0,3040.0,2860.9113845552743
10412,2852.0,2953.0,2836.1875138471937
10413,2865.0,3314.0,3092.721779675774
10414,2865.0,2729.0,2807.3210562840336
10415,2852.0,2671.0,2499.150856561271
10416,2826.0,2971.0,2840.76625742063
10417,2789.0,2964.0,3085.557490587281
10418,2739.0,2773.0,2935.7941592531283
10419,2679.0,3557.0,3382.779387665301
10420,2608.0,2743.0,3131.748637973871
10421,2529.0,1475.0,2183.1749998819887
10422,2442.0,2998.0,2574.2727630850272
10423,2349.0,1913.0,2413.739789954613
10424,2251.0,2402.0,2392.2509323731674
10425,2150.0,2256.0,2341.4413279459204
10426,2048.0,2609.0,2563.4906687153093
10427,1945.0,4095.0,3435.335227367449
10428,1844.0,2053.0,2269.6536236982183
10429,1746.0,2394.0,2293.0649615052826
10430,1653.0,2383.0,2012.4282084404351
10431,1566.0,1228.0,1924.5435585044709
10432,1487.0,1754.0,1530.3884268706581
10433,1416.0,1499.0,1632.4944893517913
10434,1356.0,1303.0,1615.3621760731817
10435,1306.0,1240.0,1479.9350647946264
10436,1269.0,1305.0,1649.5830837845717
10437,1243.0,1442.0,1505.2563229597088
10438,1230.0,1467.0,1621.4355182272675
10439,1230.0,1322.0,1555.7624264154158
10440,1243.0,813.0,1057.8007067735389
10441,1269.0,1598.0,1527.7429801326123
10442,1306.0,898.0,963.8973270377403
10443,1356.0,828.0,960.124483538586
10444,1416.0,1070.0,922.7787675215859
10445,1487.0,3958.0,3799.76919367748
10446,1566.0,1998.0,2560.191946016128
10447,1653.0,2190.0,2158.4034895586783
10448,1746.0,2051.0,1718.550859485376
10449,1844.0,1166.0,1370.8410460825278
10450,1945.0,1434.0,1289.8563927682935
10451,2047.0,1911.0,1484.402802259894
10452,2150.0,2393.0,2079.2669513886594
10453,2251.0,2127.0,2190.650827371124
10454,2349.0,2255.0,2469.18500392289
10455,2442.0,2469.0,2296.3256613381654
10456,2529.0,2473.0,2448.6359437953206
10457,2608.0,2423.0,2388.6836693806194
10458,2679.0,2998.0,2793.249399641436
10459,2739.0,2780.0,2700.3003630892667
10460,2789.0,3691.0,3315.186149756147
10461,2826.0,2881.0,3115.9653380889995
10462,2852.0,3349.0,3007.6419886054205
10463,2865.0,2844.0,2873.932674689983
10464,2865.0,3403.0,3038.5704556626306
10465,2852.0,2808.0,2975.9725366693337
10466,2826.0,2535.0,2612.7573004528103
10467,2789.0,2291.0,2400.5207885037053
10468,2739.0,3208.0,2760.632876356886
10469,2679.0,2533.0,2873.9411961138144
10470,2608.0,2304.0,2533.615139605288
10471,2529.0,2637.0,2527.425484732319
10472,2442.0,2801.0,2753.9822413098955
10473,2349.0,2495.0,2818.794656226184
10474,2251.0,2294.0,2429.67446494529
10475,2150.0,2179.0,2211.991197489592
10476,2048.0,3788.0,3578.4327080870476
10477,1945.0,1946.0,2192.2760368856734
10478,1844.0,2799.0,2499.9061497751995
10479,1746.0,2135.0,2250.3538762329335
10480,1653.0,1296.0,1830.8050547930868
10481,1566.0,2230.0,1859.7455401144011
10482,1487.0,1087.0,1673.396761321855
10483,1416.0,926.0,1250.6674851505525
10484,1356.0,3203.0,2474.71107833527
10485,1306.0,1090.0,2449.674221758177
10486,1269.0,1413.0,1511.3970837430043
10487,1243.0,819.0,1067.6269759356815
10488,1230.0,1061.0,1083.2545608217515
10489,1230.0,1156.0,1169.6377536777227
10490,1243.0,1275.0,1422.3182197299739
10491,1269.0,1209.0,1251.1737703406777
10492,1306.0,0.0,618.7140679952563
10493,1356.0,1839.0,1241.34241402627
10494,1416.0,967.0,1335.1929574728244
10495,1487.0,334.0,871.7805034671511
10496,1566.0,1901.0,1517.2577225800055
10497,1653.0,1384.0,1556.4968964701804
10498,1746.0,1676.0,1666.583343048316
10499,1844.0,1868.0,1665.3186430333599
10500,1945.0,2235.0,1955.5831999529403
10501,2048.0,2470.0,2095.067737250538
10502,2150.0,2250.0,2308.576281415917
10503,2251.0,2434.0,2124.418677959236
10504,2349.0,2239.0,1985.1884195831303
10505,2442.0,2468.0,2299.750841623316
10506,2529.0,3408.0,3152.7092725290445
10507,2608.0,1689.0,1853.3229662674598
10508,2679.0,2184.0,1911.222384675316
10509,2739.0,2649.0,2480.294686101014
10510,2789.0,2782.0,2782.3869792646683
10511,2826.0,2636.0,2743.0954690082367
10512,2852.0,3396.0,3151.7590116498873
10513,2865.0,3590.0,3368.442662387837
10514,2865.0,3360.0,3403.725623849146
10515,2852.0,1997.0,2657.038266168096
10516,2826.0,2807.0,2666.593018045017
10517,2789.0,2204.0,2333.828789689718
10518,2739.0,3401.0,2983.7956503293517
10519,2679.0,2631.0,2996.979236301799
10520,2608.0,2601.0,2691.502924812642
10521,2529.0,2663.0,2681.8661166137654
10522,2442.0,1918.0,2414.553681855321
10523,2349.0,2695.0,2469.5804730611585
10524,2251.0,1618.0,2044.3457085059058
10525,2150.0,3075.0,2509.3055498082517
10526,2048.0,2637.0,2772.567898209318
10527,1945.0,1703.0,2419.5017823733015
10528,1844.0,2059.0,1894.1820942054915
10529,1746.0,1852.0,1923.5075607977155
10530,1653.0,2015.0,2100.4693735768737
10531,1566.0,1491.0,1748.8759195414789
10532,1487.0,1726.0,1742.9653673647274
10533,1416.0,975.0,1349.0366582000706
10534,1356.0,1258.0,1389.7282793866193
10535,1306.0,1527.0,1547.8702006671754
10536,1269.0,510.0,1131.4698321239905
10537,1243.0,550.0,725.5376221632456
10538,1230.0,1101.0,894.632552734978
10539,1230.0,1382.0,1452.9716053815282
10540,1243.0,823.0,1252.4915396610531
10541,1269.0,74.0,555.0046489860741
10542,1306.0,1026.0,601.9148004075137
10543,1356.0,1726.0,1413.7910986642523
10544,1416.0,1153.0,1598.6470600403243
10545,1487.0,1299.0,1156.8160314082825
10546,1566.0,1021.0,974.7208845776502
10547,1653.0,1548.0,1285.1755909923313
10548,1746.0,2006.0,1752.5913909494327
10549,1844.0,1568.0,1694.6950925450155
10550,1945.0,2103.0,1628.7758997636336
10551,2047.0,2019.0,1876.1984338262446
10552,2150.0,2192.0,2100.097244795707
10553,2251.0,2393.0,2130.3687538626205
10554,2349.0,2803.0,2519.1612321798702
10555,2442.0,2510.0,2440.7960937729154
10556,2529.0,1989.0,2113.1763657973897
10557,2608.0,2392.0,2260.773809761137
10558,2679.0,2948.0,2548.6799665145445
10559,2739.0,2040.0,2176.41538441482
10560,2789.0,2808.0,2391.412578848208
10561,2826.0,3911.0,3700.310463636417
10562,2852.0,2718.0,3310.768222330265
10563,2865.0,2853.0,2818.883498690916
10564,2865.0,2661.0,2517.8474755753155
10565,2852.0,3331.0,2881.78157038045
10566,2826.0,3242.0,3206.067137274123
10567,2789.0,2700.0,2973.886218630273
10568,2739.0,2780.0,2577.3718161005263
10569,2679.0,2707.0,2689.491291868441
10570,2608.0,2417.0,2584.55541872512
10571,2529.0,2298.0,2378.241551293372
10572,2442.0,2310.0,2344.537900545505
10573,2349.0,2479.0,2456.169063039657
10574,2251.0,2164.0,2287.5692797314964
10575,2150.0,2401.0,2441.1733431568296
10576,2048.0,1425.0,1963.2264695268043
10577,1945.0,1430.0,1572.5292729787595
10578,1844.0,2316.0,1943.5602302768948
10579,1746.0,1458.0,1633.660745481021
10580,1653.0,1213.0,1525.0261485583069
10581,1566.0,1832.0,1548.5516663166197
10582,1487.0,1588.0,1844.628209219266
10583,1416.0,1416.0,1678.4046959302104
10584,1356.0,1143.0,1359.5479789797034
10585,1306.0,1268.0,1195.2341394913415
10586,1269.0,1241.0,1273.7963031014456
10587,1243.0,612.0,1101.2397685300034
10588,1230.0,671.0,711.3818858879027
10589,1230.0,955.0,836.1776317475383
10590,1243.0,1076.0,1199.335568393232
10591,1269.0,1385.0,1368.856305957269
10592,1306.0,872.0,1179.1427118401934
10593,1356.0,1706.0,1479.5085108220776
10594,1416.0,1158.0,1384.0075688048537
10595,1487.0,2060.0,1667.9246822215268
10596,1566.0,1364.0,1518.0965052569318
10597,1653.0,2025.0,1601.2191973501983
10598,1746.0,1785.0,1730.9912073707517
10599,1844.0,2213.0,1916.3198877209852
10600,1945.0,2813.0,2393.744176396191
10601,2047.0,1732.0,2077.489466034907
10602,2150.0,2472.0,2050.223445107378
10603,2251.0,1875.0,1893.585568479738
10604,2349.0,2569.0,2258.384836455746
10605,2442.0,1760.0,2006.438235175723
10606,2529.0,2532.0,2155.39007879943
10607,2608.0,2203.0,2252.826047224052
10608,2679.0,2650.0,2478.497452329235
10609,2739.0,2651.0,2684.958077118123
10610,2789.0,3751.0,3185.1790544000296
10611,2826.0,2971.0,3279.3208319271284
10612,2852.0,2366.0,2545.840488380095
10613,2865.0,3393.0,2923.3209070351313
10614,2865.0,3882.0,3389.021445938813
10615,2852.0,2936.0,3402.791410653016
10616,2826.0,2622.0,2624.042766407277
10617,2789.0,2175.0,2237.0224044558213
10618,2739.0,3087.0,2637.9704290054024
10619,2679.0,2679.0,3029.6794149670154
10620,2608.0,2493.0,2700.5598707678314
10621,2529.0,2305.0,2347.1865781569254
10622,2442.0,1857.0,2216.3375649391455
10623,2349.0,2607.0,2489.446912796164
10624,2251.0,2793.0,2772.36835530578
10625,2150.0,1691.0,2349.4380506778707
10626,2048.0,1867.0,1787.540903720576
10627,1945.0,2801.0,2372.2191782771934
10628,1844.0,1502.0,1874.3384239460697
10629,1746.0,2312.0,2048.2844003845453
10630,1653.0,1711.0,1913.4368960603733
10631,1566.0,1884.0,1878.9512858736034
10632,1487.0,2375.0,2213.7722624216453
10633,1416.0,1198.0,1892.7714955421484
10634,1356.0,1573.0,1433.87070773556
10635,1306.0,1260.0,1356.8364287409265
10636,1269.0,1077.0,1415.8354414721416
10637,1243.0,1353.0,1259.2927635744675
10638,1230.0,1622.0,1622.556029698909
10639,1230.0,1299.0,1573.467963602604
10640,1243.0,771.0,1143.2540881554644
10641,1269.0,900.0,966.9959638747687
10642,1306.0,885.0,894.4858155674866
10643,1356.0,1716.0,1459.9324818899572
10644,1416.0,1594.0,1673.9071261137565
10645,1487.0,1701.0,1663.2622963446254
10646,1566.0,1335.0,1468.2612081957452
10647,1653.0,1502.0,1408.08049981907
10648,1746.0,1633.0,1494.7510087250407
10649,1844.0,2127.0,1914.610198450093
10650,1945.0,2601.0,2378.6014364257385
10651,2047.0,2179.0,2224.988563273959
10652,2150.0,2083.0,2062.449421069486
10653,2251.0,2862.0,2669.4354508268702
10654,2349.0,2479.0,2539.7709531953037
10655,2442.0,2599.0,2417.804319086443
10656,2529.0,2930.0,2638.5703155126325
10657,2608.0,2567.0,2594.6858566897104
10658,2679.0,2978.0,2718.932079221475
10659,2739.0,2543.0,2681.9118234504076
10660,2789.0,2622.0,2527.7252257488726
10661,2826.0,3174.0,2820.9160378734396
10662,2852.0,3002.0,3090.5954267384677
10663,2865.0,4095.0,3745.8225015164585
10664,2865.0,2738.0,3222.825506333425
10665,2852.0,3055.0,2905.696485554784
10666,2826.0,3034.0,2827.4565960699006
10667,2789.0,3013.0,3018.1184245761087
10668,2739.0,1937.0,2441.5263237184076
10669,2679.0,1391.0,1652.9587921501748
10670,2608.0,2943.0,2257.897875293389
10671,2529.0,2094.0,2637.1474385866013
10672,2442.0,1585.0,2280.8397330352814
10673,2349.0,2971.0,2455.5207233460883
10674,2251.0,1985.0,2573.1156697879214
10675,2150.0,1538.0,2041.9366954345028
10676,2048.0,2263.0,1916.142957063133
10677,1945.0,1735.0,1946.8183387233942
10678,1844.0,1386.0,1613.78310895718
10679,1746.0,1109.0,1364.3235529419107
10680,1653.0,1129.0,1195.9018363109467
10681,1566.0,1720.0,1502.4190105300565
10682,1487.0,1783.0,2003.4622284597162
10683,1416.0,818.0,1432.8384906231074
10684,1356.0,1209.0,1045.1089174892443
10685,1306.0,1562.0,1448.3431296388926
10686,1269.0,1952.0,1867.248237446329
10687,1243.0,1562.0,1763.901704072438
10688,1230.0,1452.0,1430.1310997950081
10689,1230.0,1074.0,1168.7099380097766
10690,1243.0,392.0,781.8243773103536
10691,1269.0,105.0,341.41182692501604
10692,1306.0,1207.0,1001.6312786976976
10693,1356.0,1720.0,1566.8156425731934
10694,1416.0,1296.0,1712.3305929704698
10695,1487.0,4095.0,3773.9390454337154
10696,1566.0,1181.0,2485.2829231768974
10697,1653.0,1476.0,1403.3488493090522
10698,1746.0,2034.0,1294.9012651205164
10699,1844.0,2135.0,1873.416563590976
10700,1945.0,2755.0,2293.224596333774
10701,2047.0,2488.0,2453.722278342805
10702,2150.0,552.0,1491.3253196414507
10703,2251.0,3179.0,2961.035028452343
10704,2349.0,2133.0,2767.8684247676892
10705,2442.0,2311.0,2318.6288523852254
10706,2529.0,3931.0,3272.7470007808142
10707,2608.0,3224.0,3412.03631880652
10708,2679.0,2880.0,3055.0645340173837
10709,2739.0,3016.0,2769.482517355294
10710,2789.0,2756.0,2729.879041283421
10711,2826.0,314.0,1271.7243078632123
10712,2852.0,3847.0,2515.122697404355
10713,2865.0,2543.0,3011.9323548439493
10714,2865.0,2212.0,2723.0860084619812
10715,2852.0,3061.0,2711.371305465045
10716,2826.0,2768.0,2899.468714624071
10717,2789.0,2830.0,2937.2996470702346
10718,2739.0,2075.0,2449.8658957671
10719,2679.0,3033.0,2560.1548809841825
10720,2608.0,3517.0,2888.4528761719353
10721,2529.0,1886.0,2915.1012021850765
10722,2442.0,2641.0,2255.0280587639913
10723,2349.0,2562.0,2394.678352424188
10724,2251.0,2574.0,2745.2319888895317
10725,2150.0,1801.0,2244.657844201419
10726,2048.0,2385.0,2131.1373010478815
10727,1945.0,2235.0,2252.8550483516583
10728,1844.0,2573.0,2593.529242723911
10729,1746.0,1735.0,2314.443107924093
10730,1653.0,2048.0,1868.8319701391438
10731,1566.0,1815.0,1961.7358929418808
10732,1487.0,2060.0,2062.102401136317
10733,1416.0,1462.0,1851.4397926873512
10734,1356.0,1122.0,1321.0521327163037
10735,1306.0,3269.0,2788.498565250191
10736,1269.0,1721.0,2366.084893773325
10737,1243.0,431.0,1343.2933521643245
10738,1230.0,1313.0,728.1978404412577
10739,1230.0,1821.0,1565.2905158218216
10740,1243.0,1135.0,1711.8490058922648
10741,1269.0,845.0,1113.8519693880858
10742,1306.0,1932.0,1346.305425472858
10743,1356.0,1813.0,1860.7663920456466
10744,1416.0,1071.0,1786.8237670668968
10745,1487.0,1109.0,1062.677156854472
10746,1566.0,1316.0,1013.1465473805355
10747,1653.0,2229.0,1853.7571718077832
10748,1746.0,1391.0,1865.0359922087941
10749,1844.0,2137.0,1737.8197132510945
10750,1945.0,2196.0,1949.3299846788047
10751,2048.0,1726.0,2007.4276618628471
10752,2150.0,2536.0,2087.9945577594654
10753,2251.0,2515.0,2286.1754776860844
10754,2349.0,2028.0,2155.7691139510844
10755,2442.0,1755.0,1729.5845980629526
10756,2529.0,2898.0,2397.629598075695
10757,2608.0,3314.0,2970.9663451681604
10758,2679.0,2435.0,2888.6674000702646
10759,2739.0,2572.0,2408.841017620769
10760,2789.0,2475.0,2282.9841731018623
10761,2826.0,3626.0,3337.0669740413423
10762,2852.0,3044.0,3267.579052161472
10763,2865.0,2825.0,2843.3745195257497
10764,2865.0,3181.0,2756.254883095441
10765,2852.0,3258.0,3164.964004712078
10766,2826.0,3343.0,3360.815746119138
10767,2789.0,3075.0,3080.668256554405
10768,2739.0,2690.0,2784.2741245556563
10769,2679.0,2109.0,2312.9190087498355
10770,2608.0,2468.0,2419.2530316024395
10771,2529.0,4095.0,3794.953054161304
10772,2442.0,1768.0,2050.310294140085
10773,2349.0,1723.0,1951.4778686290365
10774,2251.0,1854.0,1717.5161682804637
10775,2150.0,1924.0,2113.006905433672
10776,2047.0,1863.0,2155.7189826825556
10777,1945.0,2088.0,2121.6525117148626
10778,1844.0,1703.0,1958.7090572035495
10779,1746.0,1437.0,1719.1714280904396
10780,1653.0,1620.0,1827.6113885285424
10781,1566.0,1666.0,1647.5330573128722
10782,1487.0,1457.0,1617.124158012709
10783,1416.0,1870.0,1709.0701031876893
10784,1356.0,1245.0,1591.2679962456857
10785,1306.0,3051.0,2946.352552506856
10786,1269.0,1243.0,2116.9002077792557
10787,1243.0,1716.0,1575.2921778935067
10788,1230.0,1284.0,1288.517412142799
10789,1230.0,1880.0,1603.9935403472923
10790,1243.0,1039.0,1487.6867616148656
10791,1269.0,1680.0,1402.7082904832741
10792,1306.0,860.0,1290.8127426939227
10793,1356.0,288.0,663.0661210151286
10794,1416.0,1082.0,939.4107176155708
10795,1487.0,587.0,871.9695031389255
10796,1566.0,1163.0,1127.762898946014
10797,1653.0,1647.0,1426.0988304548127
10798,1746.0,1953.0,1942.215867788925
10799,1844.0,2423.0,2156.7081762082403
10800,1945.0,2507.0,2400.6799666133893
10801,2047.0,1924.0,1999.2611990959513
10802,2150.0,2463.0,2321.033444796865
10803,2251.0,2325.0,2124.9067664278914
10804,2349.0,3203.0,2777.8656371021843
10805,2442.0,2612.0,2670.110774120242
10806,2529.0,2440.0,2414.242809961599
10807,2608.0,2332.0,2225.503552865206
10808,2679.0,2686.0,2463.811923531782
10809,2739.0,2552.0,2621.0139675821974
10810,2789.0,2843.0,2626.9799510455796
10811,2826.0,3300.0,3048.5668703855476
10812,2852.0,2737.0,2959.0152074055723
10813,2865.0,2156.0,2468.5090738931535
10814,2865.0,2938.0,2647.0624359776025
10815,2852.0,4052.0,3698.4135371593575
10816,2826.0,2714.0,3094.2204414774883
10817,2789.0,2100.0,2407.238575749912
10818,2739.0,3531.0,3180.888534780854
10819,2679.0,3142.0,3306.7080731777855
10820,2608.0,2777.0,3145.2588964131824
10821,2529.0,2853.0,2694.5962095304485
10822,2442.0,2818.0,2682.085341219619
10823,2349.0,1404.0,2199.9158108985116
10824,2251.0,2385.0,2135.6993910025867
10825,2150.0,2341.0,2343.844092534302
10826,2048.0,2085.0,2342.4750458205763
10827,1945.0,2085.0,2302.097362103496
10828,1844.0,1727.0,2019.0903427162937
10829,1746.0,0.0,1012.8096801748657
10830,1653.0,1815.0,1453.9586435118858
10831,1566.0,2082.0,2077.869956852067
10832,1487.0,535.0,1528.1238653510372
10833,1416.0,1766.0,1327.7604371835675
10834,1356.0,816.0,1283.97607162345
10835,1306.0,407.0,912.0343367673148
10836,1269.0,1410.0,1011.7577427943689
10837,1243.0,0.0,768.020863693104
10838,1230.0,1524.0,808.4951687499974
10839,1230.0,1231.0,1404.7507383442799
10840,1243.0,1256.0,1515.0705366083464
10841,1269.0,1209.0,1132.959938772755
10842,1306.0,676.0,968.920059625784
10843,1356.0,1086.0,837.8934771196731
10844,1416.0,1052.0,932.5915455230598
10845,1487.0,1277.0,1274.1979579254532
10846,1566.0,1683.0,1352.240026895039
10847,1653.0,2020.0,1878.172369599904
10848,1746.0,2232.0,2087.134449938877
10849,1844.0,1280.0,1567.6877014859683
10850,1945.0,2332.0,2087.780495947143
10851,2048.0,2047.0,1907.6308669932516
10852,2150.0,2214.0,2073.4684965871147
10853,2251.0,2272.0,2063.712478013009
10854,2349.0,1695.0,1835.841045238784
10855,2442.0,2239.0,2065.5556116284456
10856,2529.0,2791.0,2442.2520008225492
10857,2608.0,2859.0,2859.2978822662762
10858,2679.0,2056.0,2309.0001290641267
10859,2739.0,1785.0,1866.8011667376184
10860,2789.0,2319.0,1954.3228652059881
10861,2826.0,3236.0,3077.37633513978
10862,2852.0,2718.0,2992.8838892834583
10863,2865.0,3360.0,3016.4989070767997
10864,2865.0,3264.0,3136.0360301498376
10865,2852.0,2395.0,2793.9026168593336
10866,2826.0,0.0,1179.9606164613097
10867,2789.0,2613.0,1879.0061004498025
10868,2739.0,3145.0,2739.803342949388
10869,2679.0,2477.0,3129.252865245953
10870,2608.0,1799.0,2290.526119798163
10871,2529.0,2977.0,2318.714922459765
10872,2442.0,2262.0,2756.3551442092685
10873,2349.0,2440.0,2550.19504888899
10874,2251.0,2146.0,2163.8826434827442
10875,2150.0,2005.0,1756.6034567336562
10876,2047.0,1696.0,1934.4348016414017
10877,1945.0,2123.0,2091.663197105358
10878,1844.0,1462.0,1869.1310474914737
10879,1746.0,1350.0,1474.8699861008722
10880,1653.0,1668.0,1675.0459094142732
10881,1566.0,1627.0,1763.0620469402027
10882,1487.0,1150.0,1577.9802569627946
10883,1416.0,1675.0,1507.672226307382
10884,1356.0,1124.0,1451.1699416472088
10885,1306.0,932.0,1147.67448683543
10886,1269.0,1473.0,1285.6460278252116
10887,1243.0,1012.0,1269.6046201581937
10888,1230.0,1171.0,1190.7352968662296
10889,1230.0,957.0,1099.283045060127
10890,1243.0,1441.0,1290.4298306325773
10891,1269.0,1165.0,1305.5669163510393
10892,1306.0,764.0,1063.2182493708578
10893,1356.0,669.0,701.5725069121372
10894,1416.0,697.0,663.989390880365
10895,1487.0,2225.0,2107.8342264606003
10896,1566.0,1482.0,1798.67895957941
10897,1653.0,2070.0,1922.5360449204647
10898,1746.0,1968.0,1807.2029225492117
10899,1844.0,1705.0,1776.354223426124
10900,1945.0,1903.0,1679.6547920849482
10901,2048.0,2135.0,1897.9828136052795
10902,2150.0,2553.0,2412.1154254722005
10903,2251.0,3090.0,2832.8372873677813
10904,2349.0,2820.0,2893.3036519810494
10905,2442.0,2944.0,2707.772064709153
10906,2529.0,3504.0,3368.6110003180233
10907,2608.0,2579.0,2703.573924474583
10908,2679.0,3106.0,2749.9452660419497
10909,2739.0,2033.0,2253.1336272875405
10910,2789.0,2580.0,2277.066302877154
10911,2826.0,3007.0,2732.0571181078926
10912,2852.0,3335.0,3281.7898494704373
10913,2865.0,3022.0,3218.763205396733
10914,2865.0,2412.0,2707.736405843412
10915,2852.0,3067.0,2790.2575197691544
10916,2826.0,2907.0,2894.25060001035
10917,2789.0,2602.0,2842.8451100399916
10918,2739.0,2892.0,2621.8433808523723
10919,2679.0,2053.0,2424.2061884046543
10920,2608.0,2142.0,2211.736695939195
10921,2529.0,2680.0,2488.740061490471
10922,2442.0,2675.0,2796.833984002976
10923,2349.0,3073.0,2932.2268973483747
10924,2251.0,2469.0,2675.788582266621
10925,2150.0,2349.0,2461.192917663431
10926,2047.0,1838.0,2052.26102932337
10927,1945.0,1375.0,1683.7842771853532
10928,1844.0,1796.0,1593.0348410961512
10929,1746.0,1706.0,1807.2241383458243
10930,1653.0,2184.0,2166.5803327923336
10931,1566.0,874.0,1682.421066213734
10932,1487.0,1415.0,1401.1964964392107
10933,1416.0,1208.0,1377.3619706406607
10934,1356.0,997.0,1320.834241513224
10935,1306.0,3151.0,2549.261661361068
10936,1269.0,1417.0,2048.4425358672297
10937,1243.0,835.0,1309.884860243531
10938,1230.0,1074.0,796.2033974049472
10939,1230.0,242.0,735.7639769019365
10940,1243.0,1319.0,872.5120195936323
10941,1269.0,1584.0,1471.676726392163
10942,1306.0,1124.0,1488.3801924382633
10943,1356.0,1189.0,1163.533620376414
10944,1416.0,372.0,988.6007519741856
10945,1487.0,2184.0,1590.5542351577337
10946,1566.0,1766.0,1849.6858864510252
10947,1653.0,2016.0,1951.186430376177
10948,1746.0,1943.0,1698.5484400873804
10949,1844.0,1464.0,1589.7844115058203
10950,1945.0,1175.0,1281.3519201903073
10951,2048.0,1991.0,1782.1570746316895
10952,2150.0,2360.0,2089.25939002244
10953,2251.0,2540.0,2297.7982882537954
10954,2349.0,2537.0,2539.970906074998
10955,2442.0,2759.0,2531.905625249089
10956,2529.0,2936.0,2740.7085020083277
10957,2608.0,3095.0,2920.9552018839922
10958,2679.0,2838.0,2754.0405569888553
10959,2739.0,1294.0,1816.7675067665928
10960,2789.0,2848.0,2733.364638989792
10961,2826.0,2796.0,2710.9194197200513
10962,2852.0,3125.0,3124.193491347057
10963,2865.0,3108.0,3083.4868097310737
10964,2865.0,3152.0,3075.1065389534915
10965,2852.0,3170.0,3124.0311686942664
10966,2826.0,3027.0,3083.4437552849618
10967,2789.0,2862.0,2898.0581326050788
10968,2739.0,2509.0,2404.822420069586
10969,2679.0,2103.0,2307.565395556713
10970,2608.0,2283.0,2253.0781100959607
10971,2529.0,1391.0,1958.9867683800862
10972,2442.0,2504.0,2185.414994785356
10973,2349.0,17.0,730.2502480116101
10974,2251.0,2399.0,1758.3514963198447
10975,2150.0,2415.0,2462.5858715239306
10976,2047.0,1662.0,2412.9531077000042
10977,1945.0,1859.0,1859.363314651844
10978,1844.0,1377.0,1518.3878858762268
10979,1746.0,1848.0,1722.62793595804
10980,1653.0,1576.0,1634.7896636821501
10981,1566.0,870.0,1360.667036588314
10982,1487.0,2108.0,1293.8534263554318
10983,1416.0,822.0,1559.0600201248183
10984,1356.0,1526.0,1448.6705254509116
10985,1306.0,1039.0,1225.7688216368074
10986,1269.0,949.0,1142.3016458008826
10987,1243.0,1746.0,1379.6158460600486
10988,1230.0,1900.0,1894.9070173798352
10989,1230.0,1026.0,1556.6350221125906
10990,1243.0,1882.0,1384.084860151541
10991,1269.0,1712.0,1780.16482540321
10992,1306.0,1009.0,1337.0231516203748
10993,1356.0,2229.0,1644.4954038470837
10994,1416.0,1391.0,1644.918588717257
10995,1487.0,1858.0,1651.2145010895058
10996,1566.0,1679.0,1691.3770980078953
10997,1653.0,983.0,1378.918660504511
10998,1746.0,1671.0,1272.4232205601927
10999,1844.0,1289.0,1486.1027433819559
11000,1945.0,2492.0,1999.1890944885838
11001,2048.0,2801.0,2502.009018106525
11002,2150.0,2755.0,2844.417468912735
11003,2251.0,2108.0,2271.3718011409705
11004,2349.0,1945.0,1875.8408517609475
11005,2442.0,2786.0,2306.4391814756764
11006,2529.0,2346.0,2344.768541061212
11007,2608.0,2525.0,2388.738250396297
11008,2679.0,2528.0,2307.072088009052
11009,2739.0,3160.0,2851.5420476330205
11010,2789.0,2815.0,3012.1008003341685
11011,2826.0,2638.0,2740.3085148946593
11012,2852.0,3407.0,3151.2769416216934
11013,2865.0,2277.0,2677.83936807491
11014,2865.0,2091.0,2247.240139161813
11015,2852.0,2409.0,2114.6206428260207
11016,2826.0,2999.0,2779.622055616364
11017,2789.0,2460.0,2808.4146112751805
11018,2739.0,2398.0,2554.2900169242553
11019,2679.0,2818.0,2594.6068088163756
11020,2608.0,3156.0,2993.298656164412
11021,2529.0,2400.0,2862.9480651640565
11022,2442.0,2669.0,2458.6459148657977
11023,2349.0,2676.0,2512.350543025721
11024,2251.0,4095.0,3785.2765566828552
11025,2150.0,2223.0,2451.6756413789117
11026,2047.0,2046.0,2144.256466463523
11027,1945.0,4095.0,3554.363895561882
11028,1844.0,1740.0,2432.8813491120186
11029,1746.0,2134.0,2202.7459949419776
11030,1653.0,1794.0,1730.422305989931
11031,1566.0,1189.0,1656.0859733625966
11032,1487.0,2171.0,1891.06487269134
11033,1416.0,1368.0,2042.847024308993
11034,1356.0,815.0,1322.4377036605963
11035,1306.0,1428.0,1194.7548799623405
11036,1269.0,1062.0,1615.853368507634
11037,1243.0,1975.0,1697.750441343369
11038,1230.0,1375.0,1746.1486728816205
11039,1230.0,1879.0,1729.096457192825
11040,1243.0,1217.0,1450.9534298776298
11041,1269.0,764.0,1102.2827478686086
11042,1306.0,1692.0,1184.546768661776
11043,1356.0,1379.0,1431.8125526951235
11044,1416.0,811.0,1216.7635322581327
11045,1487.0,1955.0,1497.0689541061815
11046,1566.0,1736.0,1878.4497342633163
11047,1653.0,1639.0,1783.1249078420215
11048,1746.0,1956.0,1781.4507261815347
11049,1844.0,1577.0,1639.878652340558
11050,1945.0,2514.0,1935.906311171149
11051,2047.0,1731.0,2029.4318914110258
11052,2150.0,2560.0,2101.208594730995
11053,2251.0,2619.0,2316.2835344653295
11054,2349.0,2864.0,2716.6823170639746
11055,2442.0,2758.0,2674.901440946163
11056,2529.0,4095.0,3661.4687823033414
11057,2608.0,2689.0,3185.063840112481
11058,2679.0,2277.0,2321.0352194185307
11059,2739.0,2687.0,2264.240268660404
11060,2789.0,2745.0,2541.112330830743
11061,2826.0,2481.0,2686.3082080837416
11062,2852.0,2546.0,2529.1233628490854
11063,2865.0,3054.0,2824.901162396207
11064,2865.0,2244.0,2663.518383798938
11065,2852.0,3040.0,2882.986516688742
11066,2826.0,2296.0,2560.78352396347
11067,2789.0,1847.0,2104.562680725283
11068,2739.0,2801.0,2538.5175531427576
11069,2679.0,2553.0,2690.096201381622
11070,2608.0,2778.0,2772.658463597114
11071,2529.0,2766.0,2727.7322604043898
11072,2442.0,2708.0,2788.585508666137
11073,2349.0,2109.0,2356.2427337169556
11074,2251.0,1797.0,2006.997802378164
11075,2150.0,1834.0,1787.2137814274204
11076,2048.0,2250.0,2134.923499346642
11077,1945.0,2293.0,2421.621281295775
11078,1844.0,1447.0,1993.6753378568883
11079,1746.0,2074.0,1887.6091119413143
11080,1653.0,2285.0,2239.3245003703973
11081,1566.0,1320.0,1577.5110710940876
11082,1487.0,461.0,955.3134374308702
11083,1416.0,1616.0,1171.674719240929
11084,1356.0,1811.0,1784.9654395912833
11085,1306.0,716.0,1539.8022675896577
11086,1269.0,1702.0,1349.2979567541197
11087,1243.0,544.0,1059.9570533931221
11088,1230.0,1901.0,1478.321195881018
11089,1230.0,4044.0,2983.2363417819556
11090,1243.0,2723.0,3027.0163861275155
11091,1269.0,1264.0,1834.4232497506894
11092,1306.0,1473.0,1035.5781092623463
11093,1356.0,1164.0,1167.7228262959984
11094,1416.0,292.0,706.0267486688822
11095,1487.0,1691.0,1046.6816056865582
11096,1566.0,1409.0,1452.068911806848
11097,1653.0,2414.0,2209.8258404230946
11098,1746.0,1957.0,2503.493293640595
11099,1844.0,1721.0,1988.6278886714178
11100,1945.0,2344.0,1880.5359762009873
11101,2048.0,2380.0,2221.900487870763
11102,2150.0,2008.0,2083.808659055949
11103,2251.0,2192.0,1787.6637703235847
11104,2349.0,1820.0,1887.2059882277747
11105,2442.0,2533.0,2158.632943655247
11106,2529.0,2747.0,2634.610011654466
11107,2608.0,3256.0,3017.5113054940575
11108,2679.0,3021.0,2992.9386877462703
11109,2739.0,2482.0,2667.506427893624
11110,2789.0,2898.0,2637.4093347862604
11111,2826.0,2619.0,2576.3630689109796
11112,2852.0,2895.0,2707.163842919594
11113,2865.0,2594.0,2579.7866991593046
11114,2865.0,2820.0,2696.61567951485
11115,2852.0,2861.0,2834.413860303504
11116,2826.0,2823.0,2929.0050402081465
11117,2789.0,3400.0,3151.925176370562
11118,2739.0,2950.0,3083.7938246853205
11119,2679.0,2696.0,2841.5027950287554
11120,2608.0,3318.0,3094.683693614223
11121,2529.0,3310.0,3261.16995223806
11122,2442.0,2877.0,3080.0421037760266
11123,2349.0,2628.0,2699.351260260551
11124,2251.0,2524.0,2523.8726410753607
11125,2150.0,2049.0,2318.361104811656
11126,2047.0,2072.0,2209.42645920824
11127,1945.0,1653.0,1953.8396007680253
11128,1844.0,1657.0,1809.0442123948237
11129,1746.0,1327.0,1727.2722003816143
11130,1653.0,2148.0,2014.644746664864
11131,1566.0,1694.0,1913.8995963289
11132,1487.0,1386.0,1752.392329543136
11133,1416.0,992.0,1284.2578414907687
11134,1356.0,1822.0,1623.5956466923556
11135,1306.0,2005.0,1999.4894333589955
11136,1269.0,742.0,1457.145085138113
11137,1243.0,1650.0,1284.400518207023
11138,1230.0,1380.0,1401.8833626775868
11139,1230.0,2243.0,2015.618613841597
11140,1243.0,1352.0,1783.5036582707908
11141,1269.0,1163.0,1250.5438503597231
11142,1306.0,927.0,921.1697846943093
11143,1356.0,1877.0,1463.45822985867
11144,1416.0,817.0,1452.7799427735279
11145,1487.0,2166.0,1555.951108991314
11146,1566.0,1179.0,1614.3110823359075
11147,1653.0,2253.0,1810.0986579594517
11148,1746.0,2056.0,2144.6494177501336
11149,1844.0,1495.0,1742.7538653837448
11150,1945.0,1524.0,1383.2080348491988
11151,2048.0,2329.0,1726.8772156869402
11152,2150.0,1713.0,2046.6486660318803
11153,2251.0,2188.0,1854.4226556951614
11154,2349.0,2969.0,2510.7337723130117
11155,2442.0,2525.0,2620.368003297092
11156,2529.0,2706.0,2631.158904249931
11157,2608.0,2857.0,2597.075824640231
11158,2679.0,3512.0,2989.528687790377
11159,2739.0,2805.0,2938.6814334568126
11160,2789.0,2407.0,2512.0337259637995
11161,2826.0,2650.0,2287.1137168048385
11162,2852.0,3427.0,2943.395195684657
11163,2865.0,3192.0,3362.3722122964273
11164,2865.0,3603.0,3359.78210368013
11165,2852.0,2931.0,3144.717919451513
11166,2826.0,2822.0,2847.534024083308
11167,2789.0,2867.0,2841.384937229906
11168,2739.0,2971.0,2877.627572788249
11169,2679.0,2780.0,2825.0996818434724
11170,2608.0,2311.0,2533.4872036240713
11171,2529.0,2057.0,2296.9036728616493
11172,2442.0,2600.0,2438.5731640800263
11173,2349.0,2194.0,2346.9358302197115
11174,2251.0,2625.0,2559.41407866273
11175,2150.0,2241.0,2394.686256025195
11176,2047.0,1668.0,2077.4713938384302
11177,1945.0,1965.0,1920.718042015012
11178,1844.0,2325.0,2206.160756533526
11179,1746.0,1981.0,2240.5887770106688
11180,1653.0,1284.0,1679.2961652117062
11181,1566.0,1521.0,1481.3751597750434
11182,1487.0,1225.0,1434.3387018427723
11183,1416.0,1528.0,1600.4717325894235
11184,1356.0,1532.0,1637.1481670878343
11185,1306.0,1789.0,1724.891676202288
11186,1269.0,1334.0,1633.0752350033015
11187,1243.0,1526.0,1558.0604664071718
11188,1230.0,1691.0,1637.9073256029442
11189,1230.0,1764.0,1700.8539442921879
11190,1243.0,0.0,684.7886027119841
11191,1269.0,1251.0,1002.7784414235414
11192,1306.0,1493.0,1323.9733444730298
11193,1356.0,996.0,1455.3540162584786
11194,1416.0,1569.0,1400.3922030231806
11195,1487.0,882.0,1162.7527599951466
11196,1566.0,2876.0,2435.46529206692
11197,1653.0,2332.0,2532.8753831780236
11198,1746.0,2087.0,2278.4725661521907
11199,1844.0,2412.0,1843.176402808991
11200,1945.0,1622.0,1791.6009982859894
11201,2048.0,1974.0,1739.9320492193199
11202,2150.0,2144.0,1831.2525993688653
11203,2251.0,2395.0,2232.296583220264
11204,2349.0,2138.0,2115.1676262281985
11205,2442.0,2592.0,2465.6159401532514
11206,2529.0,2532.0,2529.48426239706
11207,2608.0,1804.0,2079.8055336240564
11208,2679.0,2939.0,2539.8819486358716
11209,2739.0,3877.0,3565.107383193842
11210,2789.0,2933.0,3369.076830297581
11211,2826.0,2907.0,2818.6934047976215
11212,2852.0,3141.0,2774.0994543281404
11213,2865.0,2346.0,2616.1594809780827
11214,2865.0,3180.0,2741.9233947966773
11215,2852.0,3657.0,3263.779831682667
11216,2826.0,2838.0,3154.6127416805493
11217,2789.0,2845.0,2863.0658872024155
11218,2739.0,2253.0,2572.12497394742
11219,2679.0,2397.0,2367.6234863481004
11220,2608.0,2370.0,2423.294535882311
11221,2529.0,3152.0,2877.6197309126965
11222,2442.0,2747.0,2937.4835074861385
11223,2349.0,2993.0,2998.33023270774
11224,2251.0,4095.0,3643.068065241961
11225,2150.0,2124.0,2591.0571380251527
11226,2047.0,2132.0,2170.750982549386
11227,1945.0,1420.0,1529.0980567304082
11228,1844.0,1443.0,1507.0951474458507
11229,1746.0,2255.0,1967.753146167384
11230,1653.0,2026.0,2373.6628519715837
11231,1566.0,2029.0,2275.373352841256
11232,1487.0,1242.0,1788.1886881057721
11233,1416.0,1478.0,1687.4724212779058
11234,1356.0,1923.0,1729.2932088403586
11235,1306.0,1021.0,1575.0910859542455
11236,1269.0,1206.0,1157.2824454358251
11237,1243.0,0.0,568.9181649524817
11238,1230.0,1050.0,776.8646317537737
11239,1230.0,1230.0,1273.806826235057
11240,1243.0,1903.0,1824.3049018509353
11241,1269.0,2094.0,2014.8824025894821
11242,1306.0,1545.0,1812.8472387525558
11243,1356.0,1954.0,1759.512687214483
11244,1416.0,1123.0,1341.483430800429
11245,1487.0,943.0,1003.9454195062577
11246,1566.0,1961.0,1424.3371162633807
11247,1653.0,2039.0,1933.56197900816
11248,1746.0,1952.0,2047.9180652516047
11249,1844.0,2403.0,2157.6945386927587
11250,1945.0,1011.0,1687.2629697059626
11251,2048.0,2335.0,2036.1862561280236
11252,2150.0,2083.0,2080.3062165625456
11253,2251.0,2285.0,2162.4815778040997
11254,2349.0,2681.0,2294.735475486432
11255,2442.0,2844.0,2677.8144221814778
11256,2529.0,2474.0,2598.0706430706286
11257,2608.0,2531.0,2386.6267050650417
11258,2679.0,2592.0,2482.536108898674
11259,2739.0,2945.0,2738.1883045972227
11260,2789.0,3046.0,2938.667652521417
11261,2826.0,2449.0,2607.392998301773
11262,2852.0,3096.0,2925.702194724457
11263,2865.0,3009.0,2971.9223902360604
11264,2865.0,3410.0,3245.2699378437437
11265,2852.0,3140.0,3166.1603161037547
11266,2826.0,3050.0,3002.562567129469
11267,2789.0,2576.0,2707.240197003643
11268,2739.0,2726.0,2638.894886217943
11269,2679.0,3172.0,2952.281031630608
11270,2608.0,3131.0,3107.661903658263
11271,2529.0,2115.0,2695.227770091339
11272,2442.0,2541.0,2425.185010618165
11273,2349.0,2551.0,2593.346831268524
11274,2251.0,1477.0,2185.0075135612237
11275,2150.0,2237.0,1993.5449317895238
11276,2047.0,1665.0,1950.7469260799098
11277,1945.0,2338.0,2234.9809876076793
11278,1844.0,1108.0,1884.186822765789
11279,1746.0,1654.0,1622.4474761439599
11280,1653.0,1916.0,1783.1962444636126
11281,1566.0,1197.0,1748.9041435261406
11282,1487.0,1842.0,1705.3663568773516
11283,1416.0,1549.0,1607.6274260690427
11284,1356.0,1701.0,1790.8724205165397
11285,1306.0,1636.0,1656.3567495994848
11286,1269.0,1376.0,1597.8088370791718
11287,1243.0,1548.0,1400.0338495989758
11288,1230.0,987.0,1269.8997318893512
11289,1230.0,1281.0,1248.3412939914967
11290,1243.0,1636.0,1416.069937255673
11291,1269.0,2409.0,2155.557342463593
11292,1306.0,1042.0,1749.1677877361374
11293,1356.0,349.0,750.1041841987335
11294,1416.0,1229.0,727.1098553418199
11295,1487.0,989.0,1131.4548318880836
11296,1566.0,1749.0,1559.2139628238804
11297,1653.0,1847.0,1731.5716158389323
11298,1746.0,1771.0,1815.817866261608
11299,1844.0,2447.0,2108.087635057413
11300,1945.0,2194.0,2328.5026935596175
11301,2048.0,1740.0,1832.5443455040686
11302,2150.0,2152.0,1788.584863704716
11303,2251.0,1806.0,1798.045552493321
11304,2349.0,2397.0,2004.687291838998
11305,2442.0,2429.0,2325.3967125782356
11306,2529.0,2855.0,2616.625737201862
11307,2608.0,2703.0,2674.7665223740473
11308,2679.0,2596.0,2626.1986229262566
11309,2739.0,2345.0,2366.8341661397717
11310,2789.0,2261.0,2153.3825234480364
11311,2826.0,4095.0,3923.674587372411
11312,2852.0,2777.0,3235.973780011178
11313,2865.0,2884.0,2869.956137704633
11314,2865.0,2933.0,2672.733102393087
11315,2852.0,2700.0,2782.8798487437834
11316,2826.0,1585.0,2097.885365543327
11317,2789.0,2827.0,2451.065875709791
11318,2739.0,2690.0,2683.5855501036817
11319,2679.0,1839.0,2398.7949225292273
11320,2608.0,3008.0,2664.170408088095
11321,2529.0,2827.0,2868.6435192942176
11322,2442.0,2472.0,2818.956515615851
11323,2349.0,2954.0,2722.9275928356565
11324,2251.0,1581.0,2202.050906137396
11325,2150.0,2357.0,1921.532310627895
11326,2048.0,2330.0,2311.621844938963
11327,1945.0,2898.0,2747.262365769059
11328,1844.0,2080.0,2440.535907014514
11329,1746.0,1526.0,1916.7309821268746
11330,1653.0,1587.0,1611.391264396137
11331,1566.0,1369.0,1552.5725290916366
11332,1487.0,1365.0,1604.6970053261402
11333,1416.0,1312.0,1366.8576225276777
11334,1356.0,1246.0,1455.484299642561
11335,1306.0,0.0,826.5758364341956
11336,1269.0,1097.0,845.4713452826218
11337,1243.0,1543.0,1431.7075485341402
11338,1230.0,496.0,1232.4078331173732
11339,1230.0,1222.0,987.9707186273002
11340,1243.0,671.0,890.1264648939203
11341,1269.0,1470.0,1223.1189880778184
11342,1306.0,1595.0,1528.1016067769744
11343,1356.0,1141.0,1387.3641060201496
11344,1416.0,1537.0,1160.8963259436766
11345,1487.0,1471.0,1395.9454523057489
11346,1566.0,1238.0,1407.5638914518656
11347,1653.0,1967.0,1450.2373645367454
11348,1746.0,1851.0,1815.205504936304
11349,1844.0,970.0,1338.6942029297106
11350,1945.0,2220.0,1882.141638150112
11351,2047.0,1197.0,1615.8546803476545
11352,2150.0,2010.0,1657.4277777480308
11353,2251.0,2522.0,2136.251918030651
11354,2349.0,2436.0,2435.6633592907547
11355,2442.0,2408.0,2329.8255460854507
11356,2529.0,2333.0,2260.3636674125296
11357,2608.0,2358.0,2237.743887036234
11358,2679.0,2914.0,2652.5925065530078
11359,2739.0,3261.0,3007.1067919094658
11360,2789.0,1958.0,2339.520972181319
11361,2826.0,2573.0,2299.595791591209
11362,2852.0,2929.0,2712.3294941367567
11363,2865.0,3108.0,3053.14579950365
11364,2865.0,2724.0,2893.334060736276
11365,2852.0,3363.0,2962.061210726725
11366,2826.0,2648.0,2879.5961331040553
11367,2789.0,2777.0,2756.746604033129
11368,2739.0,4083.0,3501.9878227208505
11369,2679.0,3306.0,3512.2866203518647
11370,2608.0,2772.0,3040.2647606348623
11371,2529.0,3295.0,2875.1630713115696
11372,2442.0,1964.0,2582.1052017727247
11373,2349.0,1608.0,1873.911283534687
11374,2251.0,2309.0,2004.0055121890675
11375,2150.0,222.0,1390.8302435353344
11376,2048.0,1592.0,1241.8962185461728
11377,1945.0,1949.0,2027.1494620699818
11378,1844.0,1655.0,2250.065208893949
11379,1746.0,1693.0,1922.6727443687807
11380,1653.0,1994.0,1991.1503593144034
11381,1566.0,2355.0,2194.28704379359
11382,1487.0,1977.0,2121.8422577017986
11383,1416.0,1861.0,1955.0150497516156
11384,1356.0,1836.0,1543.184943295487
11385,1306.0,1687.0,1702.9946939237398
11386,1269.0,1386.0,1563.1745619511585
11387,1243.0,1136.0,1255.2571963396672
11388,1230.0,1193.0,1203.0822818068814
11389,1230.0,1434.0,1428.5072235649657
11390,1243.0,1415.0,1540.325129403994
11391,1269.0,696.0,1189.9386225735416
11392,1306.0,978.0,943.6425849525593
11393,1356.0,968.0,1045.3791733048429
11394,1416.0,1353.0,1308.1699687801815
11395,1487.0,1345.0,1402.6666284874786
11396,1566.0,1967.0,1813.789520898483
11397,1653.0,1133.0,1460.1105815609412
11398,1746.0,1828.0,1524.153763006883
11399,1844.0,1944.0,1764.3468118921276
11400,1945.0,1859.0,1794.3823927218295
11401,2047.0,1856.0,1737.9488415169085
11402,2150.0,1828.0,1668.3849342627354
11403,2251.0,2173.0,2043.0563137963834
11404,2349.0,2517.0,2241.8902171351965
11405,2442.0,2110.0,2219.9383168081554
11406,2529.0,2024.0,1919.4446498617906
11407,2608.0,2275.0,2173.8961453399015
11408,2679.0,2826.0,2719.153106909685
11409,2739.0,3374.0,3203.9332894810773
11410,2789.0,3306.0,3217.5636504787435
11411,2826.0,3158.0,3055.720284591365
11412,2852.0,2886.0,2825.333520588912
11413,2865.0,2915.0,2767.3394523343127
11414,2865.0,1622.0,1701.000817779345
11415,2852.0,2707.0,2490.90978613044
11416,2826.0,2571.0,2540.1919013847737
11417,2789.0,937.0,1965.714378122279
11418,2739.0,2749.0,2251.965649637041
11419,2679.0,3170.0,2999.7589341923917
11420,2608.0,2727.0,3260.4279602214224
11421,2529.0,2022.0,2422.7548603364653
11422,2442.0,2347.0,2126.861966247437
11423,2349.0,3159.0,2598.6767487471543
11424,2251.0,2977.0,3124.7453667232808
11425,2150.0,1741.0,2366.4989688781416
11426,2048.0,1650.0,1441.2163137443536
11427,1945.0,1775.0,1723.0633561842712
11428,1844.0,1716.0,1894.47097734609
11429,1746.0,1745.0,1907.3241631758833
11430,1653.0,1559.0,1705.768386340519
11431,1566.0,1994.0,1910.1506156798175
11432,1487.0,1853.0,2135.372100345414
11433,1416.0,1636.0,1943.0122915679294
11434,1356.0,1505.0,1548.3312469968166
11435,1306.0,1253.0,1356.47822076371
11436,1269.0,1558.0,1449.5211644782032
11437,1243.0,1329.0,1466.8991577797033
11438,1230.0,902.0,1206.7304039947835
11439,1230.0,1576.0,1449.2799457163408
11440,1243.0,1067.0,1363.1627849065158
11441,1269.0,383.0,901.7096431789587
11442,1306.0,1219.0,864.1724044986138
11443,1356.0,1176.0,1231.3832270090252
11444,1416.0,1252.0,1357.98643918866
11445,1487.0,1403.0,1391.350165190962
11446,1566.0,1982.0,1677.6905340825965
11447,1653.0,1802.0,1797.83931441484
11448,1746.0,1113.0,1453.867518178691
11449,1844.0,2270.0,2156.218281420979
11450,1945.0,2513.0,2121.9636599302776
11451,2047.0,2296.0,2377.60613877481
11452,2150.0,1827.0,1896.4529366778115
11453,2251.0,2349.0,2075.714318874759
11454,2349.0,1763.0,1921.2318286664715
11455,2442.0,2657.0,2226.6850244694515
11456,2529.0,2440.0,2421.2969077567295
11457,2608.0,2665.0,2446.3020932993295
11458,2679.0,3060.0,2807.4722842325928
11459,2739.0,2400.0,2688.7518394744257
11460,2789.0,2677.0,2500.0079177606813
11461,2826.0,3528.0,2992.9747136162414
11462,2852.0,2976.0,3181.3931988905783
11463,2865.0,2537.0,2644.20696202053
11464,2865.0,2254.0,2277.5108992083206
11465,2852.0,2497.0,2312.878079344825
11466,2826.0,2704.0,2634.263458764539
11467,2789.0,3359.0,3126.27844868005
11468,2739.0,2606.0,2750.949267401163
11469,2679.0,3001.0,2827.280068512309
11470,2608.0,2858.0,2945.514783002438
11471,2529.0,2524.0,2727.524663514264
11472,2442.0,3419.0,3151.9141977232193
11473,2349.0,2410.0,2778.5741732131382
11474,2251.0,2332.0,2401.5264172102234
11475,2150.0,4095.0,3623.6812806277494
11476,2048.0,2077.0,2597.338132197011
11477,1945.0,1732.0,2043.1775398230595
11478,1844.0,1579.0,1537.9041391567969
11479,1746.0,1719.0,1771.4059858885798
11480,1653.0,1876.0,1997.4790550869675
11481,1566.0,1840.0,2105.592237228295
11482,1487.0,1240.0,1687.385520210557
11483,1416.0,1812.0,1664.899306517457
11484,1356.0,1955.0,2192.0945750341325
11485,1306.0,767.0,1309.4960562368606
11486,1269.0,1519.0,1185.0564230305886
11487,1243.0,1494.0,1431.1918758635406
11488,1230.0,1179.0,1490.2634260006732
11489,1230.0,1187.0,1271.415114915318
11490,1243.0,852.0,1057.774231918373
11491,1269.0,1637.0,1447.4658028559727
11492,1306.0,1541.0,1660.8353247071389
11493,1356.0,903.0,1365.5355795024816
11494,1416.0,977.0,858.1905888065902
11495,1487.0,303.0,644.3127106977824
11496,1566.0,1994.0,1653.0562359041467
11497,1653.0,1318.0,1629.7179778236814
11498,1746.0,1740.0,1645.282187774165
11499,1844.0,2149.0,1780.5147971501856
11500,1945.0,1295.0,1607.4430627963795
11501,2048.0,2482.0,1882.9744358811129
11502,2150.0,2337.0,2147.399279711338
11503,2251.0,1792.0,1981.0448209580454
11504,2349.0,2835.0,2021.0762097041816
11505,2442.0,2466.0,2512.8162369040324
11506,2529.0,2794.0,2556.267072966141
11507,2608.0,2403.0,2414.758276047954
11508,2679.0,2225.0,2245.265075323433
11509,2739.0,2424.0,2141.020756852934
11510,2789.0,2861.0,2739.5514472081254
11511,2826.0,2502.0,2678.328399795954
11512,2852.0,3312.0,2977.0597696079294
11513,2865.0,2828.0,3023.7202930137223
11514,2865.0,4095.0,3777.5336500717863
11515,2852.0,3013.0,3419.826833618911
11516,2826.0,2539.0,2703.9016090334394
11517,2789.0,3194.0,2627.774612105114
11518,2739.0,2271.0,2604.546423085595
11519,2679.0,3172.0,2820.8484611008507
11520,2608.0,2580.0,2756.8081585271398
11521,2529.0,2413.0,2668.2210088784577
11522,2442.0,2735.0,2588.8549410164765
11523,2349.0,2837.0,2969.371484035263
11524,2251.0,3223.0,3117.243753237984
11525,2150.0,923.0,2047.3244274445765
11526,2047.0,1983.0,1592.5063711380794
11527,1945.0,2240.0,1989.5369507595922
11528,1844.0,1813.0,2340.6404952031426
11529,1746.0,1955.0,2034.300707057866
11530,1653.0,2816.0,2382.8242677199855
11531,1566.0,1825.0,2409.1051298073344
11532,1487.0,1608.0,1888.9575422072908
11533,1416.0,1206.0,1460.3204123977032
11534,1356.0,1399.0,1200.9123594841165
11535,1306.0,1579.0,1584.0918841456541
11536,1269.0,1232.0,1548.199182540358
11537,1243.0,1868.0,1641.7905936017407
11538,1230.0,1358.0,1672.150743326316
11539,1230.0,1477.0,1663.1089828548374
11540,1243.0,1909.0,1686.2960133193917
11541,1269.0,1150.0,1354.5961778482315
11542,1306.0,940.0,1051.4619305209892
11543,1356.0,1497.0,1153.944283333995
11544,1416.0,1493.0,1537.7976945089963
11545,1487.0,1599.0,1604.9183107643862
11546,1566.0,927.0,1308.7507337529703
11547,1653.0,1893.0,1478.7352607818254
11548,1746.0,2103.0,1954.5493782293058
11549,1844.0,2122.0,2206.751781263295
11550,1945.0,1164.0,1529.3310552129328
11551,2048.0,2393.0,2104.717425414742
11552,2150.0,2005.0,2058.541558196303
11553,2251.0,2060.0,2060.642736835146
11554,2349.0,1802.0,1820.0853093881124
11555,2442.0,2125.0,1790.7827375534193
11556,2529.0,2698.0,2467.3781212709396
11557,2608.0,2864.0,2783.520439295354
11558,2679.0,2302.0,2555.4414540198163
11559,2739.0,3196.0,3111.7850564345226
11560,2789.0,2906.0,2928.173865004019
11561,2826.0,3965.0,3721.94775654898
11562,2852.0,2549.0,2980.521406666199
11563,2865.0,2967.0,2601.5759334487666
11564,2865.0,2532.0,2499.7488871890832
11565,2852.0,2570.0,2560.6313383241936
11566,2826.0,2431.0,2523.375202887634
11567,2789.0,2529.0,2450.0646225400415
11568,2739.0,2570.0,2662.13730089041
11569,2679.0,3061.0,2886.3217056308495
11570,2608.0,2882.0,2988.3999857093145
11571,2529.0,2911.0,2883.6829854986945
11572,2442.0,2293.0,2488.307227970065
11573,2349.0,3505.0,3389.229675022721
11574,2251.0,2161.0,2361.6652012150735
11575,2150.0,1861.0,2070.1095236646092
11576,2048.0,2306.0,1989.619782725008
11577,1945.0,0.0,1227.9659411520872
11578,1844.0,1464.0,1061.1279082871665
11579,1746.0,2066.0,1853.0718409127205
11580,1653.0,1837.0,2360.4611690522515
11581,1566.0,1386.0,1815.7352760375366
11582,1487.0,1240.0,1505.4751683774489
11583,1416.0,1565.0,1489.988924978986
11584,1356.0,2202.0,1942.171325877995
11585,1306.0,900.0,1648.334895557668
11586,1269.0,1298.0,925.7144908588838
11587,1243.0,1274.0,1195.0877551697722
11588,1230.0,1306.0,1457.7531113083376
11589,1230.0,951.0,1232.6202831393591
11590,1243.0,1557.0,1266.5543237670884
11591,1269.0,950.0,1255.7156575867825
11592,1306.0,1210.0,1197.2517735237427
11593,1356.0,1769.0,1578.157620079103
11594,1416.0,920.0,1306.358078797911
11595,1487.0,1090.0,1061.9555690298257
11596,1566.0,2185.0,1580.2585366328212
11597,1653.0,1698.0,1939.406108781453
11598,1746.0,2234.0,1953.6966587041393
11599,1844.0,2025.0,1985.735730514937
11600,1945.0,2619.0,2182.6067473864605
11601,2047.0,2092.0,2178.7098890782936
11602,2150.0,2228.0,2084.6690051189526
11603,2251.0,2981.0,2608.2219062728373
11604,2349.0,2384.0,2465.9956028390666
11605,2442.0,2385.0,2388.928481003423
11606,2529.0,1130.0,1578.3663726907448
11607,2608.0,3239.0,2693.0087498365433
11608,2679.0,2285.0,2666.5929087894924
11609,2739.0,2864.0,2782.398424168957
11610,2789.0,2533.0,2542.814552423594
11611,2826.0,2569.0,2497.7995055953443
11612,2852.0,2866.0,2754.572897853356
11613,2865.0,3187.0,2967.568508717447
11614,2865.0,2613.0,2850.7050297465057
11615,2852.0,2100.0,2097.4068497712246
11616,2826.0,2397.0,2291.9661119592524
11617,2789.0,3011.0,2699.027764043056
11618,2739.0,2963.0,3074.257606257179
11619,2679.0,3016.0,2998.0788432498553
11620,2608.0,1890.0,2396.606677513244
11621,2529.0,2847.0,2567.27353836844
11622,2442.0,3005.0,2921.1311954087582
11623,2349.0,1853.0,2198.6336968211795
11624,2251.0,2120.0,1945.8268955926812
11625,2150.0,1412.0,1689.2243175958372
11626,2048.0,1530.0,1710.0337680832072
11627,1945.0,1815.0,1851.1346829995982
11628,1844.0,1066.0,1664.4523728447653
11629,1746.0,1590.0,1464.9579965339565
11630,1653.0,1869.0,1891.8899228996843
11631,1566.0,0.0,1225.6063466413982
11632,1487.0,2121.0,1489.3775106925686
11633,1416.0,1739.0,1887.5879119607807
11634,1356.0,2268.0,2198.234682790124
11635,1306.0,1693.0,1910.2190152135715
11636,1269.0,777.0,1205.5867081774456
11637,1243.0,915.0,728.8341490794518
11638,1230.0,1250.0,1073.8671520985633
11639,1230.0,812.0,1178.7441397794996
11640,1243.0,2203.0,1736.9228257082113
11641,1269.0,1785.0,2072.532311741377
11642,1306.0,1281.0,1686.045503867249
11643,1356.0,1022.0,1190.9854211035545
11644,1416.0,1707.0,1318.5304180051678
11645,1487.0,1276.0,1398.7144833853897
11646,1566.0,2124.0,1673.087114913397
11647,1653.0,3806.0,3282.0495354693708
11648,1746.0,1947.0,2676.204767453182
11649,1844.0,1894.0,1979.2882912944335
11650,1945.0,1482.0,1381.406734447048
11651,2047.0,0.0,599.831959333373
11652,2150.0,1452.0,848.8565949349249
11653,2251.0,2346.0,1874.3212338187834
11654,2349.0,2528.0,2597.4442976321207
11655,2442.0,3070.0,2902.502736804007
11656,2529.0,2916.0,3118.899583950704
11657,2608.0,3031.0,2848.8109664480858
11658,2679.0,3373.0,2966.6476408368544
11659,2739.0,1872.0,2266.072233775597
11660,2789.0,2402.0,1814.4605652151909
11661,2826.0,3281.0,2776.070931990025
11662,2852.0,3292.0,3306.0610674054738
11663,2865.0,2470.0,2922.079944049795
11664,2865.0,3356.0,3097.9322195096424
11665,2852.0,2729.0,2972.1153135264976
11666,2826.0,2607.0,2767.4477359249017
11667,2789.0,2738.0,2668.4894791011234
11668,2739.0,3113.0,2938.68443271521
11669,2679.0,3059.0,3058.099286862552
11670,2608.0,2433.0,2674.200376733285
11671,2529.0,2361.0,2448.9446008825703
11672,2442.0,2448.0,2340.855607970369
11673,2349.0,2671.0,2706.138680103746
11674,2251.0,156.0,873.1814481905874
11675,2150.0,1799.0,1119.0180144466663
11676,2048.0,1760.0,1796.1636050479078
11677,1945.0,1776.0,2210.878408731061
11678,1844.0,1487.0,1870.6233312160196
11679,1746.0,1633.0,1641.3165603795912
11680,1653.0,1680.0,1788.6137044668387
11681,1566.0,1615.0,1778.90762844555
11682,1487.0,1429.0,1647.54319544571
11683,1416.0,1515.0,1281.0379152912458
11684,1356.0,609.0,1108.040171836248
11685,1306.0,741.0,775.8476764791028
11686,1269.0,2511.0,2025.972044335128
11687,1243.0,729.0,1058.5363221742255
11688,1230.0,344.0,748.6359508763231
11689,1230.0,0.0,102.21487538695044
11690,1243.0,1590.0,1107.0972060856413
11691,1269.0,1667.0,1780.6814390462641
11692,1306.0,420.0,1213.284740486372
11693,1356.0,1684.0,966.426331795433
11694,1416.0,810.0,1084.9880350251442
11695,1487.0,1061.0,1253.2107803067738
11696,1566.0,1313.0,1045.973261068048
11697,1653.0,1667.0,1353.116335089928
11698,1746.0,1407.0,1381.785582024586
11699,1844.0,1011.0,1249.7628802966597
11700,1945.0,1961.0,1492.3219093581838
11701,2047.0,2673.0,2205.976923912426
11702,2150.0,2255.0,2493.7758833883386
11703,2251.0,103.0,1019.530692498459
11704,2349.0,2869.0,2623.884946187318
11705,2442.0,2320.0,2369.042896821752
11706,2529.0,2426.0,2572.3657013369734
11707,2608.0,2932.0,2480.0811337167133
11708,2679.0,2362.0,2364.048932921899
11709,2739.0,2385.0,2336.347629258107
11710,2789.0,2277.0,2295.145850245237
11711,2826.0,3573.0,3131.8660972793323
11712,2852.0,2686.0,2727.5630675858297
11713,2865.0,3202.0,3019.663567797114
11714,2865.0,2719.0,2766.6589864605785
11715,2852.0,1897.0,2271.3577202329425
11716,2826.0,2300.0,2124.088608169189
11717,2789.0,2235.0,2202.7432388062857
11718,2739.0,3200.0,2802.434606805791
11719,2679.0,2001.0,2535.3798980452607
11720,2608.0,2666.0,2558.9407572309838
11721,2529.0,3033.0,2781.435193230226
11722,2442.0,2477.0,2885.029061803909
11723,2349.0,2616.0,2579.84841820099
11724,2251.0,2616.0,2424.3550674519306
11725,2150.0,2234.0,2391.3134144086266
11726,2048.0,1927.0,2056.5713271132354
11727,1945.0,2412.0,2279.012690311084
11728,1844.0,1378.0,1880.0937284101801
11729,1746.0,1913.0,1817.0367011955157
11730,1653.0,2109.0,2110.589776375198
11731,1566.0,0.0,1237.1717332547173
11732,1487.0,1277.0,871.0522101696214
11733,1416.0,1654.0,1514.5272210831824
11734,1356.0,1336.0,1820.2321232125776
11735,1306.0,965.0,1306.512319519522
11736,1269.0,758.0,959.8644813600075
11737,1243.0,1275.0,1050.874563915963
11738,1230.0,650.0,1098.6654768213932
11739,1230.0,381.0,715.5518976932254
11740,1243.0,1104.0,750.9821928305008
11741,1269.0,1533.0,1389.075443232066
11742,1306.0,1664.0,1768.9625846561912
11743,1356.0,1189.0,1432.397313472677
11744,1416.0,1659.0,1354.7659800747997
11745,1487.0,1457.0,1406.3796357248325
11746,1566.0,867.0,1155.6895728176667
11747,1653.0,1766.0,1405.6981315027197
11748,1746.0,1864.0,1613.6319500762283
11749,1844.0,1492.0,1711.3217335983145
11750,1945.0,2580.0,2168.1227838146488
11751,2047.0,1693.0,2038.2326717090912
11752,2150.0,1883.0,1768.0471159812857
11753,2251.0,2724.0,2144.3535495797805
11754,2349.0,2673.0,2571.956898566231
11755,2442.0,2467.0,2425.8547579712263
11756,2529.0,2950.0,2685.937114715964
11757,2608.0,3359.0,2983.8650119942295
11758,2679.0,2986.0,2982.349658270403
11759,2739.0,2559.0,2693.721053963395
11760,2789.0,3332.0,3132.295900055561
11761,2826.0,3216.0,3081.6191783072663
11762,2852.0,3572.0,3400.6124943720442
11763,2865.0,3029.0,3178.0223523075765
11764,2865.0,2868.0,2843.5497512826864
11765,2852.0,3061.0,2902.9901589105016
11766,2826.0,2329.0,2511.486342689252
11767,2789.0,3150.0,2789.3808301362374
11768,2739.0,4095.0,3597.4301441478656
11769,2679.0,2813.0,3165.4026243350477
11770,2608.0,2899.0,2925.347240982477
11771,2529.0,3259.0,2986.011814178485
11772,2442.0,1881.0,2571.505161535494
11773,2349.0,2282.0,2162.5680238552977
11774,2251.0,2291.0,2244.574986365988
11775,2150.0,2068.0,2263.7824404621297
11776,2047.0,1646.0,2063.401554060982
11777,1945.0,1704.0,1955.8185888722523
11778,1844.0,1859.0,1922.5840953881802
11779,1746.0,1672.0,1971.3667477779902
11780,1653.0,1651.0,1899.269064470971
11781,1566.0,1638.0,1664.9212522321072
11782,1487.0,1718.0,1779.7177029219963
11783,1416.0,1175.0,1552.3079098623812
11784,1356.0,1129.0,1239.148958505684
11785,1306.0,992.0,1075.4424526946793
11786,1269.0,0.0,411.91143378779736
11787,1243.0,1582.0,1261.0863291560079
11788,1230.0,679.0,1199.3714914590328
11789,1230.0,1079.0,1157.7524400171246
11790,1243.0,1929.0,1522.522941240852
11791,1269.0,746.0,1421.119893486528
11792,1306.0,807.0,859.4121921829308
11793,1356.0,1657.0,1084.8565728816122
11794,1416.0,1262.0,1438.0726016067265
11795,1487.0,1380.0,1235.4442508737493
11796,1566.0,2178.0,1722.5569331165716
11797,1653.0,1547.0,1721.443665767285
11798,1746.0,1200.0,1354.828931586477
11799,1844.0,1240.0,1183.0542710022357
11800,1945.0,1193.0,1088.4283976122265
11801,2048.0,2098.0,1723.0206980655594
11802,2150.0,2241.0,2185.4203053906185
11803,2251.0,2158.0,2182.1953999879206
11804,2349.0,2620.0,2384.06760660277
11805,2442.0,2698.0,2587.1340423692
11806,2529.0,2291.0,2369.7085538625442
11807,2608.0,3270.0,2864.402566628988
11808,2679.0,3053.0,2872.4842619567635
11809,2739.0,3338.0,3014.464834854998
11810,2789.0,3254.0,3097.2098258217034
11811,2826.0,2498.0,2545.3633872771525
11812,2852.0,1532.0,1899.3102055173777
11813,2865.0,2646.0,2470.5170339524884
11814,2865.0,3365.0,3003.6606077039523
11815,2852.0,3027.0,3283.3189607096942
11816,2826.0,2857.0,3050.582680466395
11817,2789.0,2346.0,2562.523968879369
11818,2739.0,4095.0,3647.1434523244134
11819,2679.0,2835.0,3402.0326317923946
11820,2608.0,1825.0,2355.2135417049963
11821,2529.0,2378.0,1806.2072517125994
11822,2442.0,2455.0,2368.5391800187294
11823,2349.0,1979.0,2489.4526634122353
11824,2251.0,2580.0,2417.9433060928004
11825,2150.0,1847.0,2265.256503057959
11826,2048.0,2074.0,2082.650585278112
11827,1945.0,1051.0,1804.6938815837234
11828,1844.0,1493.0,1445.4765163769475
11829,1746.0,3287.0,2829.50995236342
11830,1653.0,1113.0,1536.0825459995062
11831,1566.0,1418.0,1498.0944788492554
11832,1487.0,1145.0,1112.9096964232028
11833,1416.0,1245.0,1405.5876937515932
11834,1356.0,1248.0,1379.192343620669
11835,1306.0,1500.0,1514.2840086050846
11836,1269.0,1224.0,1356.054968727833
11837,1243.0,1372.0,1343.1090223543824
11838,1230.0,1428.0,1645.794209560842
11839,1230.0,1210.0,1294.4576885417166
11840,1243.0,1275.0,1259.553421824874
11841,1269.0,467.0,833.7015195914462
11842,1306.0,1769.0,1522.708582423447
11843,1356.0,1997.0,1838.855536096274
11844,1416.0,1366.0,1627.9994061077778
11845,1487.0,1172.0,1224.0803027187187
11846,1566.0,1804.0,1377.8851106021752
11847,1653.0,3010.0,2785.9306865977733
11848,1746.0,1324.0,1962.1594693042853
11849,1844.0,1792.0,1498.5939778016138
11850,1945.0,1909.0,1479.2905791754702
11851,2047.0,1278.0,1636.553699128392
11852,2150.0,1606.0,1522.1086804198753
11853,2251.0,2511.0,1981.7911866814632
11854,2349.0,2891.0,2640.9944879976692
11855,2442.0,2230.0,2566.1386106940486
11856,2529.0,2838.0,2592.499366602455
11857,2608.0,2335.0,2321.76489135723
11858,2679.0,2431.0,2311.9953126580976
11859,2739.0,2998.0,2552.1715730310016
11860,2789.0,3587.0,3372.926367023775
11861,2826.0,2996.0,3131.692664121657
11862,2852.0,2850.0,2849.937549709433
11863,2865.0,2560.0,2600.9686903056054
11864,2865.0,2002.0,2185.2482315280317
11865,2852.0,2761.0,2407.169477016196
11866,2826.0,2821.0,2734.9514666483574
11867,2789.0,2727.0,2845.826169587724
11868,2739.0,1531.0,2207.045375794419
11869,2679.0,2479.0,2159.8039020472556
11870,2608.0,2301.0,2425.779640419903
11871,2529.0,1637.0,2157.3277682196144
11872,2442.0,3030.0,2379.072630206678
11873,2349.0,2108.0,2474.298633214562
11874,2251.0,2185.0,2346.3601267432628
11875,2150.0,1905.0,2028.9780983330738
11876,2047.0,2282.0,2165.978732518029
11877,1945.0,2643.0,2391.790747417678
11878,1844.0,2060.0,2247.1168312300847
11879,1746.0,1354.0,1742.1104981879803
11880,1653.0,2345.0,2074.779234737724
11881,1566.0,1484.0,2033.3190703870428
11882,1487.0,1736.0,1759.599934629394
11883,1416.0,1066.0,1395.8354914721415
11884,1356.0,1394.0,1317.3731686812512
11885,1306.0,1166.0,1412.7056861102894
11886,1269.0,863.0,1248.6073115766371
11887,1243.0,1135.0,1139.1626438550597
11888,1230.0,0.0,619.4594369444445
11889,1230.0,1460.0,1005.3173246796473
11890,1243.0,541.0,1031.9947127013181
11891,1269.0,702.0,895.0681294876156
11892,1306.0,1007.0,834.5388062807718
11893,1356.0,904.0,1034.9686587613123
11894,1416.0,1701.0,1389.5690350242976
11895,1487.0,1696.0,1627.8046263534563
11896,1566.0,1769.0,1732.2127210623962
11897,1653.0,1370.0,1291.8247371309824
11898,1746.0,1691.0,1464.993715143216
11899,1844.0,1464.0,1379.7782201131229
11900,1945.0,1727.0,1481.9038740948965
11901,2048.0,1776.0,1638.298069706173
11902,2150.0,1671.0,1620.4379049199
11903,2251.0,2055.0,1888.2078350724778
11904,2349.0,2195.0,2082.462690155282
11905,2442.0,2711.0,2530.748424638477
11906,2529.0,2708.0,2563.679475107054
11907,2608.0,2026.0,2198.886137564976
11908,2679.0,2203.0,1997.3698458778215
11909,2739.0,1669.0,1780.286530223724
11910,2789.0,2080.0,1881.7274646066287
11911,2826.0,3050.0,2775.924849631836
11912,2852.0,3024.0,3032.2806426276447
11913,2865.0,2621.0,2844.5349274248524
11914,2865.0,2972.0,2810.1946627694792
11915,2852.0,4095.0,3575.960676245866
11916,2826.0,2869.0,3035.53205120233
11917,2789.0,2586.0,2616.5912522615026
11918,2739.0,2687.0,2528.343208689863
11919,2679.0,3354.0,2898.5957579907426
11920,2608.0,2617.0,2819.5550473126345
11921,2529.0,2401.0,2575.8512533355943
11922,2442.0,2668.0,2459.0362980652626
11923,2349.0,1433.0,2135.333683047432
11924,2251.0,1671.0,1875.2288751664057
11925,2150.0,1296.0,1537.0618789003559
11926,2047.0,2051.0,1880.9012646713356
11927,1945.0,2521.0,2461.7170815461373
11928,1844.0,1540.0,2303.015790472425
11929,1746.0,2149.0,1982.6664080986002
11930,1653.0,2049.0,2060.2636017732884
11931,1566.0,0.0,1195.4189467809313
11932,1487.0,1372.0,737.481978103212
11933,1416.0,1644.0,1408.9133702400297
11934,1356.0,825.0,1444.9662696055598
11935,1306.0,556.0,877.6823292382841
11936,1269.0,1699.0,1243.6178960709055
11937,1243.0,1395.0,1633.097750997946
11938,1230.0,927.0,1402.3635034789334
11939,1230.0,971.0,990.1204408158474
11940,1243.0,1200.0,886.7473121840451
11941,1269.0,1187.0,1269.4235653488017
11942,1306.0,1465.0,1406.5371645034352
11943,1356.0,1093.0,1203.7260187260674
11944,1416.0,2224.0,1836.0447912674297
11945,1487.0,1502.0,1646.2507428506658
11946,1566.0,832.0,1015.8522402548656
11947,1653.0,2108.0,1771.7990090630658
11948,1746.0,1735.0,1769.4417092642734
11949,1844.0,1693.0,1779.2747818899884
11950,1945.0,937.0,1183.8989990950265
11951,2048.0,1668.0,1268.1505751445375
11952,2150.0,594.0,1076.0376022295645
11953,2251.0,1877.0,1438.8204543378401
11954,2349.0,2564.0,2153.1742550084173
11955,2442.0,2698.0,2598.829626355922
11956,2529.0,2276.0,2518.9821600199202
11957,2608.0,2789.0,2361.33948524256
11958,2679.0,3144.0,2766.421736496079
11959,2739.0,2215.0,2419.4480342721404
11960,2789.0,2779.0,2319.765250471
11961,2826.0,3008.0,2487.353037858439
11962,2852.0,3222.0,3046.2179636718356
11963,2865.0,2891.0,3022.8196397535926
11964,2865.0,2973.0,2861.9090410937088
11965,2852.0,2827.0,2762.702822189358
11966,2826.0,2556.0,2677.5708217669526
11967,2789.0,2206.0,2423.796690850389
11968,2739.0,2852.0,2736.21522901178
11969,2679.0,2978.0,2937.2526974286466
11970,2608.0,3115.0,3157.16319222244
11971,2529.0,2265.0,2746.572325284545
11972,2442.0,2640.0,2513.152788164339
11973,2349.0,2566.0,2583.5951387969158
11974,2251.0,1868.0,2226.22113441532
11975,2150.0,3047.0,2503.932777666575
11976,2047.0,1628.0,2259.2975664762625
11977,1945.0,1717.0,1892.872637086455
11978,1844.0,1775.0,1782.659855013451
11979,1746.0,1899.0,2040.9215192625907
11980,1653.0,1624.0,1895.3018557522155
11981,1566.0,4095.0,3943.827298521019
11982,1487.0,1869.0,2773.89640750268
11983,1416.0,1572.0,1812.33726196081
11984,1356.0,1194.0,1263.6094062723575
11985,1306.0,1673.0,1488.5000004325889
11986,1269.0,1192.0,1514.935802754133
11987,1243.0,1465.0,1452.1971326207718
11988,1230.0,1451.0,1528.4373514957606
11989,1230.0,779.0,1234.900167216583
11990,1243.0,947.0,1292.4795503826056
11991,1269.0,900.0,989.3925671965688
11992,1306.0,1422.0,1288.3957750960187
11993,1356.0,1708.0,1592.892491490295
11994,1416.0,1372.0,1570.495250877762
11995,1487.0,1479.0,1401.089858759547
11996,1566.0,3493.0,3197.6060355123645
11997,1653.0,3997.0,3891.2225109040655
11998,1746.0,1142.0,2398.1293396932924
11999,1844.0,1839.0,1351.7925979140362
12000,1945.0,2398.0,1631.49945425936
12001,2047.0,2321.0,2369.411902716469
12002,2150.0,2057.0,2181.1754351785153
12003,2251.0,2837.0,2261.2630107473315
12004,2349.0,2470.0,2536.3099435370204
