window,action,reward,snr_improvement,threshold_factor
"(0, 9)",[[-0.8712158]],1.1193388391774082,1.99280345737259,0.6287841796875
"(1, 10)",[[-1.]],-14.046275031011053,1.7808706627980335,0.5
"(2, 11)",[[-1.]],-14.118735182527136,1.4517881233092744,0.5
"(3, 12)",[[-1.]],-13.720759622098516,2.5024174401966786,0.5
"(4, 13)",[[-1.]],-14.191972451937463,1.869254493006629,0.5
"(5, 14)",[[-1.]],-13.300745639806502,3.003372952060184,0.5
"(6, 15)",[[1.]],-14.401775069831453,2.339843043069086,2.5
"(7, 16)",[[-1.]],-13.34567343970592,3.725581937494015,0.5
"(8, 17)",[[-1.]],-15.198331865994245,1.1411121444815677,0.5
"(9, 18)",[[-1.]],-13.33039532036712,3.4825840350071537,0.5
"(10, 19)",[[1.]],-13.524863864675334,3.2408494990973864,2.5
"(11, 20)",[[-1.]],-14.05161284476039,2.6346381770084815,0.5
"(12, 21)",[[-1.]],-14.577018507267315,2.052167360439956,0.5
"(13, 22)",[[-1.]],-14.18595247552207,2.2162222511419802,0.5
"(14, 23)",[[-1.]],-13.982178345127664,2.489959631623046,0.5
"(15, 24)",[[-1.]],-14.963151988230509,1.189407240709869,0.5
"(16, 25)",[[-1.]],-13.224337031819662,1.6009089696149168,0.5
"(17, 26)",[[-1.]],-13.503812759880532,1.3025534898163684,0.5
"(18, 27)",[[-1.]],-13.335616116990977,1.8832710226541458,0.5
"(19, 28)",[[1.]],-13.651378207768383,1.734279936267555,2.5
"(20, 29)",[[1.]],-13.843424898076002,1.6951123072809935,2.5
"(21, 30)",[[-1.]],-13.269302947998504,2.0296183462207615,0.5
"(22, 31)",[[-1.]],-13.903785147442743,1.2928187410368697,0.5
"(23, 32)",[[1.]],-13.132372425201009,2.399536638318823,2.5
"(24, 33)",[[-1.]],-15.283621465802621,1.574734408415929,0.5
"(25, 34)",[[1.]],-15.043723486117214,1.9693517877743485,2.5
"(26, 35)",[[1.]],-15.146979288616441,1.791829401081201,2.5
"(27, 36)",[[-1.]],-14.873332090524508,2.137397741413615,0.5
"(28, 37)",[[-1.]],-15.524346152751152,1.331405565605178,0.5
"(29, 38)",[[1.]],-14.904098661480347,2.165828570824952,2.5
"(30, 39)",[[1.]],-14.406423281481214,2.5612136343541456,2.5
"(31, 40)",[[-1.]],-14.324535029736774,2.635188851267146,0.5
"(32, 41)",[[1.]],-14.448278570028247,2.3229782139341335,2.5
"(33, 42)",[[1.]],-13.948823523019838,2.929802243817793,2.5
"(34, 43)",[[-1.]],-10.095819774261702,5.8609579521371415,0.5
"(35, 44)",[[-1.]],-10.632043075660992,5.132612220959894,0.5
"(36, 45)",[[-1.]],-13.035263713120017,1.5112816778746705,0.5
"(37, 46)",[[-1.]],-12.290615317805473,2.5022414925831793,0.5
"(38, 47)",[[-1.]],-13.51924086633083,1.7942615940433004,0.5
"(39, 48)",[[-1.]],-13.385745124294912,1.2148019955813787,0.5
"(40, 49)",[[-1.]],-12.477163701351616,2.368109397502618,0.5
"(41, 50)",[[-1.]],-13.701656081761527,1.1693024924205346,0.5
"(42, 51)",[[-1.]],-12.521789558671754,2.6605436687535775,0.5
"(43, 52)",[[-1.]],-12.859352126994402,2.299021095779258,0.5
"(44, 53)",[[-1.]],-12.639308952310023,2.5633431357874983,0.5
"(45, 54)",[[-1.]],-12.818903669248629,2.2759301559444154,0.5
"(46, 55)",[[-1.]],-13.34462603621664,2.0040989890602887,0.5
"(47, 56)",[[-1.]],-13.940254084289364,1.2591138759725986,0.5
"(48, 57)",[[-1.]],-12.553532083182194,1.9374980170801877,0.5
"(49, 58)",[[-1.]],-12.955337253090123,1.6083724186067236,0.5
"(50, 59)",[[-1.]],-12.873405604931857,1.7133462778276538,0.5
"(51, 60)",[[-1.]],-12.89613446435118,1.7238746936896128,0.5
"(52, 61)",[[-1.]],-13.404707040447526,1.245175572252208,0.5
"(53, 62)",[[-1.]],-13.119640947178906,1.5826070230512137,0.5
"(54, 63)",[[-1.]],-13.324446106621222,1.4503007975818818,0.5
"(55, 64)",[[-1.]],-13.373167272474086,1.682287857939471,0.5
"(56, 65)",[[-1.]],-12.528680897443625,2.6468637164009117,0.5
"(57, 66)",[[-1.]],-12.28330445921173,2.8735047680935963,0.5
"(58, 67)",[[-1.]],-10.949029008750705,4.827957072595179,0.5
"(59, 68)",[[1.]],-11.436375962554717,5.819306938285553,2.5
"(60, 69)",[[-1.]],-13.559395743674623,3.1220023106016477,0.5
"(61, 70)",[[-1.]],-13.983397519401265,2.5523003786470593,0.5
"(62, 71)",[[-1.]],-12.799187470829398,4.030539292930797,0.5
"(63, 72)",[[-1.]],-14.905082822975348,1.5161829700421592,0.5
"(64, 73)",[[-1.]],-13.299231457246957,3.653057263500756,0.5
"(65, 74)",[[-1.]],-15.290539229324107,1.0446872411076118,0.5
"(66, 75)",[[-1.]],-14.03470154084254,2.4775281079501195,0.5
"(67, 76)",[[-1.]],-14.954366254315163,1.353237875424039,0.5
"(68, 77)",[[-1.]],-14.208173967759457,2.474157999189826,0.5
"(69, 78)",[[-1.]],-13.376502702743363,0.8219195575031968,0.5
"(70, 79)",[[1.]],-13.25579676159323,1.3256930765529482,2.5
"(71, 80)",[[0.9998665]],-13.107366231475012,1.342508017042661,2.499866485595703
"(72, 81)",[[-1.]],-12.669458175918747,2.0144661772308616,0.5
"(73, 82)",[[-1.]],-13.107098469323738,1.5189958398800556,0.5
"(74, 83)",[[-1.]],-13.125926152590791,1.686888749763293,0.5
"(75, 84)",[[1.]],-11.544223575550681,5.126461042736064,2.5
"(76, 85)",[[1.]],-13.583773964333515,2.5304433610547523,2.5
"(77, 86)",[[-1.]],-13.624023840895324,2.873208038734756,0.5
"(78, 87)",[[-1.]],-14.080262613115623,2.273486004169893,0.5
"(79, 88)",[[1.]],-11.589996883371274,5.446104572255451,2.5
"(80, 89)",[[1.]],-13.977269464542424,2.4098877958657585,2.5
"(81, 90)",[[-1.]],-13.92050940630842,2.458206934822722,0.5
"(82, 91)",[[-1.]],-14.083922369631642,2.704534897524197,0.5
"(83, 92)",[[-1.]],-14.722434628457027,2.038528278451099,0.5
"(84, 93)",[[-1.]],-14.070498954911669,2.8112559080563013,0.5
"(85, 94)",[[1.]],-14.801796420136972,1.0674680275763206,2.5
"(86, 95)",[[-1.]],-14.233388385536772,1.8117612338467755,0.5
"(87, 96)",[[-1.]],-14.968785548532544,0.48338030848929314,0.5
"(88, 97)",[[-1.]],-13.108317562128423,2.9748068886783106,0.5
"(89, 98)",[[-1.]],-14.453724023575612,1.216125508704696,0.5
"(90, 99)",[[-1.]],-13.58583422592867,2.164400063191408,0.5
"(91, 100)",[[-1.]],-13.805280119159931,1.8617771664610991,0.5
"(92, 101)",[[-1.]],-13.43017294771106,0.8160963882792025,0.5
"(93, 102)",[[-1.]],-10.541327530852934,4.106206442190306,0.5
"(94, 103)",[[-1.]],-12.228102648149642,2.124798918889933,0.5
"(95, 104)",[[-1.]],-11.119950012863614,3.2521724427193988,0.5
"(96, 105)",[[-1.]],-13.297258132459431,0.7721954207782318,0.5
"(97, 106)",[[-1.]],-7.103966132279943,8.568359036365337,0.5
"(98, 107)",[[-1.]],-11.126439374171158,3.090401597763087,0.5
"(99, 108)",[[-1.]],-9.672792930807923,4.724402273500722,0.5
"(100, 109)",[[-1.]],-10.785411343718618,3.1089278656098607,0.5
"(101, 110)",[[-1.]],-13.15895031990372,2.518770614283669,0.5
"(102, 111)",[[-1.]],-12.67935124523266,3.120671715499464,0.5
"(103, 112)",[[-1.]],-14.102850245819592,1.393810507756486,0.5
"(104, 113)",[[-1.]],-13.35192505433851,2.3159924035419923,0.5
"(105, 114)",[[-1.]],-12.96489025144187,2.9809301697578903,0.5
"(106, 115)",[[-1.]],-13.636513122714598,2.2102306229392106,0.5
"(107, 116)",[[-1.]],-14.436409183792199,1.217468433234309,0.5
"(108, 117)",[[-1.]],-13.689218655069904,2.203841394331155,0.5
"(109, 118)",[[-1.]],-14.223750770966078,1.5912160411585141,0.5
"(110, 119)",[[-1.]],-14.796742444718857,1.3303309258691574,0.5
"(111, 120)",[[-1.]],-12.72805937582181,2.674042799878393,0.5
"(112, 121)",[[-1.]],-12.974343480677211,2.2989275348558884,0.5
"(113, 122)",[[-1.]],-13.001704103888542,2.163475954359825,0.5
"(114, 123)",[[-1.]],-11.887359452339734,3.940571476877519,0.5
"(115, 124)",[[-1.]],-14.120907038544484,0.9471939124592552,0.5
"(116, 125)",[[-1.]],-12.945325077492692,3.028545682312407,0.5
"(117, 126)",[[1.]],-14.262653295690095,1.3088238326638155,2.5
"(118, 127)",[[1.]],-13.87433793048475,3.274249572592316,2.5
"(119, 128)",[[-1.]],-14.399416041343663,2.646932839619277,0.5
"(120, 129)",[[-1.]],-14.075967359259504,2.9566683412539376,0.5
"(121, 130)",[[1.]],-13.124769228666686,4.137952751958062,2.5
"(122, 131)",[[1.]],-13.61131071587034,3.5063905835151274,2.5
"(123, 132)",[[-1.]],-14.633192888237927,2.270582343896148,0.5
"(124, 133)",[[1.]],-12.925321504447497,4.537503875621358,2.5
"(125, 134)",[[1.]],-13.230786582719531,4.15892000704747,2.5
"(126, 135)",[[-1.]],-14.361404884709831,2.7071275844342413,0.5
"(127, 136)",[[-1.]],-14.498970003574563,2.594657462202508,0.5
"(128, 137)",[[1.]],-8.903472830607553,7.7168971662376915,2.5
"(129, 138)",[[-1.]],-12.010411587253586,3.7811532403055033,0.5
"(130, 139)",[[-1.]],-10.058937661140334,6.155662388209361,0.5
"(131, 140)",[[-1.]],-11.298986810281283,4.617187645456811,0.5
"(132, 141)",[[-1.]],-10.271685926309877,6.018203223639029,0.5
"(133, 142)",[[-1.]],-10.589824724650173,5.650934498984853,0.5
"(134, 143)",[[-1.]],-7.324377682195883,8.18817040918816,0.5
"(135, 144)",[[-1.]],-4.9572953658306895,11.357465047924412,0.5
"(136, 145)",[[-1.]],-9.610455880340938,5.324703407733761,0.5
"(137, 146)",[[-1.]],-11.583858700125733,2.5879127358600567,0.5
"(138, 147)",[[-1.]],-11.9959681809952,1.8165393329014154,0.5
"(139, 148)",[[-1.]],-11.555716162271446,2.117553401367701,0.5
"(140, 149)",[[-1.]],-12.051368955009082,1.4249684449229143,0.5
"(141, 150)",[[-1.]],-11.987850541864265,1.5618060599600483,0.5
"(142, 151)",[[-1.]],-11.331050084130618,2.440729603634047,0.5
"(143, 152)",[[-1.]],-12.231806840109408,1.2774551477491478,0.5
"(144, 153)",[[-1.]],-12.261646566963426,1.2864793335644258,0.5
"(145, 154)",[[-1.]],-12.958989698333651,-0.0013308479756162228,0.5
"(146, 155)",[[-1.]],-10.934466241405337,3.402699592883664,0.5
"(147, 156)",[[-1.]],-12.363679201565674,1.5045450670752736,0.5
"(148, 157)",[[-1.]],-11.225134642996839,3.086405780718696,0.5
"(149, 158)",[[-1.]],-12.835910721105558,1.3333975582897715,0.5
"(150, 159)",[[-1.]],-10.66049265789397,4.183868310098642,0.5
"(151, 160)",[[-1.]],-11.657806786350838,3.0907627465892347,0.5
"(152, 161)",[[-1.]],-11.813719318423692,2.9045591107556987,0.5
"(153, 162)",[[-1.]],-12.432767953061115,2.297831005439015,0.5
"(154, 163)",[[-1.]],-12.504049939138428,2.1029363291266137,0.5
"(155, 164)",[[-1.]],-12.900751122855239,1.7913355982564738,0.5
"(156, 165)",[[-1.]],-11.420955721334073,3.1227107646278185,0.5
"(157, 166)",[[-1.]],-13.390536561311603,1.734668594640155,0.5
"(158, 167)",[[-1.]],-13.660882851880704,2.0054894049630523,0.5
"(159, 168)",[[1.]],-10.890151989017648,6.082570122331804,2.5
"(160, 169)",[[-1.]],-13.332302267059408,3.188542137058363,0.5
"(161, 170)",[[-1.]],-11.96344650045276,4.881722794493644,0.5
"(162, 171)",[[-1.]],-13.771549117224334,2.582573360768544,0.5
"(163, 172)",[[-1.]],-12.902021281873536,3.618347954616091,0.5
"(164, 173)",[[-1.]],-13.35325468723857,3.163148700935901,0.5
"(165, 174)",[[-1.]],-13.768875143700201,2.9592176108564576,0.5
"(166, 175)",[[-1.]],-8.967180072468249,8.909803426260382,0.5
"(167, 176)",[[1.]],-10.643464185786407,6.588488316017031,2.5
"(168, 177)",[[-1.]],-11.520088554565987,5.525281297448103,0.5
"(169, 178)",[[1.]],-11.69569082541854,4.544017445777069,2.5
"(170, 179)",[[-1.]],-11.889679607848361,4.120571615279861,0.5
"(171, 180)",[[-1.]],-12.371857123261599,3.4792553390484144,0.5
"(172, 181)",[[-1.]],-12.061453836747962,3.856086825790097,0.5
"(173, 182)",[[1.]],-11.31668446626547,5.003304626010971,2.5
"(174, 183)",[[-1.]],-11.734780816331979,4.396721813517228,0.5
"(175, 184)",[[1.]],-9.33268850929544,7.015222080398184,2.5
"(176, 185)",[[1.]],-13.109203683109227,2.341779075139753,2.5
"(177, 186)",[[1.]],-8.957992796841886,7.448750379801126,2.5
"(178, 187)",[[1.]],-12.984665062565558,3.0954960221171195,2.5
"(179, 188)",[[1.]],-15.02252567593694,0.9300166088187867,2.5
"(180, 189)",[[-1.]],-13.148002391618194,3.3652938564655077,0.5
"(181, 190)",[[1.]],-15.342520764090501,0.8448181075462147,2.5
"(182, 191)",[[-1.]],-13.151983179419144,3.6321183029568473,0.5
"(183, 192)",[[1.]],-15.516445191807474,0.7685710690055698,2.5
"(184, 193)",[[1.]],-13.23719500743539,3.6700575693488524,2.5
"(185, 194)",[[-1.]],-15.635629857614232,0.6138532614756986,0.5
"(186, 195)",[[1.]],-13.15315483034081,3.683211351119888,2.5
"(187, 196)",[[1.]],-15.985841933954383,0.24494992908475233,2.5
"(188, 197)",[[-1.]],-13.375416562544768,3.0017264246816,0.5
"(189, 198)",[[-1.]],-14.797356365637565,0.29262556832373754,0.5
"(190, 199)",[[-1.]],-14.011938621963704,0.94009051971776,0.5
"(191, 200)",[[-1.]],-14.187649302947927,0.4131497949619938,0.5
"(192, 201)",[[-1.]],-13.904739276241049,0.7987239446495789,0.5
"(193, 202)",[[-1.]],-13.452583171801365,0.41700591084683936,0.5
"(194, 203)",[[-1.]],-13.412876832911548,0.6676033665077377,0.5
"(195, 204)",[[-1.]],-13.879710313035305,-0.033424581177431634,0.5
"(196, 205)",[[-1.]],-13.37808948070628,0.3113418113996751,0.5
"(197, 206)",[[-1.]],-11.444445901447232,1.9689428793303954,0.5
"(198, 207)",[[-1.]],-10.777993913377594,2.151965241868446,0.5
"(199, 208)",[[-1.]],-12.254904693141023,2.146045609407679,0.5
"(200, 209)",[[-1.]],-12.582716935192689,1.641432377104369,0.5
"(201, 210)",[[-1.]],-12.004911806220841,2.761473958581128,0.5
"(202, 211)",[[-1.]],-12.495013777431822,2.155120978585593,0.5
"(203, 212)",[[-1.]],-11.941487294391028,2.8757101070552658,0.5
"(204, 213)",[[-1.]],-11.760899631663225,2.9612948316773036,0.5
"(205, 214)",[[-1.]],-11.647828974138212,3.3736443352120666,0.5
"(206, 215)",[[-1.]],-14.073931867674325,1.3866477568328541,0.5
"(207, 216)",[[-1.]],-13.644245073317753,2.044924804607378,0.5
"(208, 217)",[[-1.]],-14.092096499991575,1.5424954375013868,0.5
"(209, 218)",[[-1.]],-13.886063550690897,1.1603521597479656,0.5
"(210, 219)",[[-1.]],-14.109668722698368,0.9635852335871462,0.5
"(211, 220)",[[-1.]],-13.746829648223462,1.4890363913227844,0.5
"(212, 221)",[[-1.]],-14.513122457107693,0.7082432759569706,0.5
"(213, 222)",[[-1.]],-14.20040982396171,1.067093300403556,0.5
"(214, 223)",[[-1.]],-14.474493971676564,0.705203727077885,0.5
"(215, 224)",[[-1.]],-13.898004862269982,1.2945996334485983,0.5
"(216, 225)",[[1.]],-12.829243865202042,2.5748915012904554,2.5
"(217, 226)",[[-1.]],-12.25923486453367,3.280181243343531,0.5
"(218, 227)",[[-1.]],-14.474111945735832,0.9002912684696316,0.5
"(219, 228)",[[-1.]],-12.108156486178395,3.8527668226451492,0.5
"(220, 229)",[[1.]],-13.930967686308538,1.532264836788059,2.5
"(221, 230)",[[-1.]],-13.079421890331941,2.468426755334157,0.5
"(222, 231)",[[1.]],-13.16402079896532,3.2115402495463616,2.5
"(223, 232)",[[-1.]],-13.635541512577221,2.588276232714561,0.5
"(224, 233)",[[-1.]],-14.026662616529421,2.1182409248222207,0.5
"(225, 234)",[[0.9972327]],-13.580494016271228,2.6686019922950184,2.497232675552368
"(226, 235)",[[1.]],-13.252075827839182,2.618980617419549,2.5
"(227, 236)",[[1.]],-13.614238148380583,2.157971598460369,2.5
"(228, 237)",[[1.]],-12.397411575611589,3.437705001481868,2.5
"(229, 238)",[[1.]],-13.105531704398418,2.661151858855103,2.5
"(230, 239)",[[1.]],-12.503521357803566,3.556851077014395,2.5
"(231, 240)",[[-1.]],-13.224136837332923,2.749737207062454,0.5
"(232, 241)",[[-1.]],-13.248207379548827,0.37434639349443444,0.5
"(233, 242)",[[-1.]],-7.847186922758883,6.971553208246764,0.5
"(234, 243)",[[-1.]],-12.241366921786215,1.533229017567617,0.5
"(235, 244)",[[-1.]],-10.145608279579685,4.76110102637784,0.5
"(236, 245)",[[1.]],-10.603811220148675,5.900369822855431,2.5
"(237, 246)",[[-1.]],-11.126740472319609,5.203509016486148,0.5
"(238, 247)",[[-1.]],-14.44711653887941,0.9508888431179283,0.5
"(239, 248)",[[-1.]],-12.539067814756251,3.299574746504547,0.5
"(240, 249)",[[-1.]],-14.113490871430248,1.3051477439591377,0.5
"(241, 250)",[[-1.]],-12.05958599164569,4.3650988399634105,0.5
"(242, 251)",[[-1.]],-15.059315368332143,1.7369635122955538,0.5
"(243, 252)",[[-1.]],-12.512011449609046,4.9132101399672745,0.5
"(244, 253)",[[-1.]],-13.696610441940864,3.609980203538827,0.5
"(245, 254)",[[-1.]],-13.203760825676731,4.171317234053589,0.5
"(246, 255)",[[-1.]],-14.341275865555327,2.4188437978067068,0.5
"(247, 256)",[[-1.]],-14.256340583139773,2.5663120637509937,0.5
"(248, 257)",[[-1.]],-14.277263501820313,2.6569644587386936,0.5
"(249, 258)",[[-1.]],-14.117539371934953,2.873710608430615,0.5
"(250, 259)",[[-1.]],-14.597354825455957,2.361876409136869,0.5
"(251, 260)",[[-1.]],-15.260656764017671,1.4472586654292119,0.5
"(252, 261)",[[-1.]],-13.785989627346167,1.799316720983704,0.5
"(253, 262)",[[-1.]],-14.642858888717486,0.8317803025407944,0.5
"(254, 263)",[[-1.]],-13.629279452594853,1.300292468828939,0.5
"(255, 264)",[[-1.]],-14.35194102234385,0.4410535534995006,0.5
"(256, 265)",[[-1.]],-13.948750516970296,0.823120499277394,0.5
"(257, 266)",[[-1.]],-14.444865713829508,0.3151066679545593,0.5
"(258, 267)",[[-1.]],-13.605219480209382,1.3743571851257883,0.5
"(259, 268)",[[-1.]],-13.038669190251026,1.5127549612944513,0.5
"(260, 269)",[[-1.]],-11.95016959755247,2.620226558771016,0.5
"(261, 270)",[[-1.]],-12.531205972304821,1.855533361157736,0.5
"(262, 271)",[[1.]],-12.713323537945072,3.7714445949967708,2.5
"(263, 272)",[[-1.]],-14.325498213795278,1.7370379524525639,0.5
"(264, 273)",[[-1.]],-13.992610057750978,2.2104130383318044,0.5
"(265, 274)",[[-1.]],-14.865146170658795,1.1386354061443758,0.5
"(266, 275)",[[-1.]],-14.562772212523198,1.6356007082877468,0.5
"(267, 276)",[[-1.]],-14.462830727626379,1.7749408079837128,0.5
"(268, 277)",[[-1.]],-14.694481898112135,1.4006303798763309,0.5
"(269, 278)",[[-1.]],-14.046395167191482,2.267593529119482,0.5
"(270, 279)",[[1.]],-13.373102754512331,3.258068785278356,2.5
"(271, 280)",[[-1.]],-13.44508609935535,3.1103254314751236,0.5
"(272, 281)",[[1.]],-11.80956305318061,2.6930335249365704,2.5
"(273, 282)",[[-1.]],-12.204645587110802,2.1995221166216616,0.5
"(274, 283)",[[-1.]],-11.720835000592619,2.8715031557093056,0.5
"(275, 284)",[[1.]],-11.847892146482561,2.722167427232911,2.5
"(276, 285)",[[-1.]],-11.145020091082577,3.333018245181824,0.5
"(277, 286)",[[-1.]],-12.879085331848504,1.8489570074434845,0.5
"(278, 287)",[[-1.]],-12.4621316148479,2.149116260451809,0.5
"(279, 288)",[[-1.]],-12.779840724547432,2.0069585612477443,0.5
"(280, 289)",[[-1.]],-12.979517375336325,1.8946093948780245,0.5
"(281, 290)",[[-1.]],-13.183368720663664,1.5531600188585255,0.5
"(282, 291)",[[-1.]],-13.747587516385204,1.270112760453376,0.5
"(283, 292)",[[-1.]],-13.588788696830939,1.5728245091639153,0.5
"(284, 293)",[[-1.]],-13.48093029875613,1.8698540881769947,0.5
"(285, 294)",[[-1.]],-13.869141381272547,1.341037301056545,0.5
"(286, 295)",[[-1.]],-13.620545269412796,1.609891584228082,0.5
"(287, 296)",[[-1.]],-13.385751413232658,1.6127978659284299,0.5
"(288, 297)",[[-1.]],-13.351911772019085,1.9533279316912004,0.5
"(289, 298)",[[-1.]],-12.661901246733109,2.610484984848684,0.5
"(290, 299)",[[-1.]],-13.435132017217855,1.7336204906380157,0.5
"(291, 300)",[[-1.]],-12.701133372449325,2.5690019532511936,0.5
"(292, 301)",[[-1.]],-13.144053448719411,1.2982803693195564,0.5
"(293, 302)",[[-1.]],-12.936315208125995,2.132204823729893,0.5
"(294, 303)",[[-1.]],-12.482958744154724,2.1706699371129243,0.5
"(295, 304)",[[-1.]],-11.65364695774958,3.4386973697786534,0.5
"(296, 305)",[[-1.]],-13.075812942715066,1.936693307720594,0.5
"(297, 306)",[[-1.]],-12.073245232577491,3.2729016769792807,0.5
"(298, 307)",[[-1.]],-12.425550932845747,2.750591846700157,0.5
"(299, 308)",[[-1.]],-11.239850795722168,5.2338596020336325,0.5
"(300, 309)",[[-1.]],-11.258273748904704,5.164698836357296,0.5
"(301, 310)",[[-1.]],-12.550969239630579,4.633760513433932,0.5
"(302, 311)",[[-1.]],-13.26614221051913,3.8438365795214313,0.5
"(303, 312)",[[-1.]],-12.47725119435836,4.882547016262812,0.5
"(304, 313)",[[-1.]],-13.506713783793206,3.4650466643374074,0.5
"(305, 314)",[[-1.]],-12.412504387718004,4.861996520418778,0.5
"(306, 315)",[[-1.]],-14.402413410022751,2.4188241064649443,0.5
"(307, 316)",[[-1.]],-12.017890509372725,5.35000468014044,0.5
"(308, 317)",[[-1.]],-15.142389721180447,1.4070743259087095,0.5
"(309, 318)",[[-1.]],-12.804352654356,4.025332378698028,0.5
"(310, 319)",[[-1.]],-15.166183256062299,1.0207613244818585,0.5
"(311, 320)",[[-1.]],-12.076485118348913,3.952489520992131,0.5
"(312, 321)",[[1.]],-14.003955412703975,1.8764842031899374,2.5
"(313, 322)",[[-1.]],-12.95241145277163,2.1378588085674934,0.5
"(314, 323)",[[1.]],-14.800270464478963,0.7614484934147612,2.5
"(315, 324)",[[-1.]],-13.916554772615543,2.088988706358572,0.5
"(316, 325)",[[1.]],-11.982823920744854,5.23474185061435,2.5
"(317, 326)",[[1.]],-12.830025917864317,4.158510109918485,2.5
"(318, 327)",[[1.]],-12.312207877139778,4.806551855600645,2.5
"(319, 328)",[[-1.]],-13.163465471070463,3.840698179271925,0.5
"(320, 329)",[[1.]],-12.365666964985747,4.7926512226366675,2.5
"(321, 330)",[[-1.]],-13.383412882887356,3.7497684298792198,0.5
"(322, 331)",[[-1.]],-14.321234770074598,3.2902954661205586,0.5
"(323, 332)",[[-1.]],-13.768342763785796,4.034724714879585,0.5
"(324, 333)",[[1.]],-13.888992171553596,3.4591389398456807,2.5
"(325, 334)",[[-1.]],-13.876040340333667,3.2934751085705978,0.5
"(326, 335)",[[-1.]],-14.569594444442023,1.6282976562385159,0.5
"(327, 336)",[[-1.]],-14.683627203459576,1.444744832749576,0.5
"(328, 337)",[[1.]],-14.377076766272744,1.7710274167405728,2.5
"(329, 338)",[[1.]],-13.322842627803928,3.120040161264069,2.5
"(330, 339)",[[1.]],-14.862600380914138,1.1666430406279913,2.5
"(331, 340)",[[1.]],-13.109498185330038,3.4063244573437146,2.5
"(332, 341)",[[-1.]],-11.910145472367804,3.873319008673562,0.5
"(333, 342)",[[-1.]],-11.89194599265035,4.2860911715091685,0.5
"(334, 343)",[[-1.]],-10.604597990294721,5.802478227920487,0.5
"(335, 344)",[[-1.]],-12.948693959851992,3.1431191254042368,0.5
"(336, 345)",[[-1.]],-10.901934493032341,6.142160566445579,0.5
"(337, 346)",[[-1.]],-11.302830435543916,5.693452075811812,0.5
"(338, 347)",[[-1.]],-10.446885081960442,6.744777792329032,0.5
"(339, 348)",[[-1.]],-11.820757054422174,4.930917952994896,0.5
"(340, 349)",[[-1.]],-9.144871089463322,8.267935526235785,0.5
"(341, 350)",[[-1.]],-11.137664977398938,5.595404519349152,0.5
"(342, 351)",[[-1.]],-11.478055567226582,4.695219967426667,0.5
"(343, 352)",[[-1.]],-12.957207119170045,2.587504907834081,0.5
"(344, 353)",[[-1.]],-13.455547760359467,1.6790490523703916,0.5
"(345, 354)",[[-1.]],-11.06380937234377,3.868484587823895,0.5
"(346, 355)",[[-1.]],-12.889401034945069,0.7473143099279262,0.5
"(347, 356)",[[-1.]],-13.33120133146409,0.09960505469395287,0.5
"(348, 357)",[[-1.]],-12.865787603820204,0.5631537558214923,0.5
"(349, 358)",[[-1.]],-13.924240783923297,0.47401446723550933,0.5
"(350, 359)",[[-1.]],-14.046589352949272,0.45728226919463566,0.5
"(351, 360)",[[-1.]],-13.821244713715743,0.7219946594971525,0.5
"(352, 361)",[[1.]],-14.361311446802828,2.5305847972227564,2.5
"(353, 362)",[[-1.]],-15.08488058649635,1.6796987934600605,0.5
"(354, 363)",[[-1.]],-15.488280300696111,1.1398067085079866,0.5
"(355, 364)",[[-1.]],-14.299210236577027,2.6082888533333595,0.5
"(356, 365)",[[-1.]],-15.702826818567527,0.7336653659257895,0.5
"(357, 366)",[[-1.]],-13.619491057197271,3.379514647231481,0.5
"(358, 367)",[[-1.]],-15.156340737823342,1.5018722614914548,0.5
"(359, 368)",[[-1.]],-13.303859318706985,3.770543721854427,0.5
"(360, 369)",[[1.]],-14.732367388709049,2.203311862710544,2.5
"(361, 370)",[[-1.]],-14.213348385972358,2.8114901140221917,0.5
"(362, 371)",[[-1.]],-14.967830894340512,0.3144804301592057,0.5
"(363, 372)",[[-1.]],-14.233069724067143,1.5560416286401182,0.5
"(364, 373)",[[1.]],-13.961915142132632,2.2368154888579657,2.5
"(365, 374)",[[-1.]],-13.816565212004924,2.3174782894528843,0.5
"(366, 375)",[[1.]],-13.210985348527657,3.01880061953241,2.5
"(367, 376)",[[-1.]],-13.973831222854255,1.9557910703339196,0.5
"(368, 377)",[[1.]],-12.6476471905286,3.6130793814260684,2.5
"(369, 378)",[[-1.]],-14.176586907514952,1.727968468660066,0.5
"(370, 379)",[[1.]],-11.233741466637468,4.44859363152316,2.5
"(371, 380)",[[-1.]],-13.441869698872422,1.6144735821900795,0.5
"(372, 381)",[[1.]],-10.903137334691019,5.547468326534743,2.5
"(373, 382)",[[1.]],-13.904514397234948,1.626413462246191,2.5
"(374, 383)",[[1.]],-13.404053733477491,1.9969653847163986,2.5
"(375, 384)",[[1.]],-14.800575286690854,1.0829936998127305,2.5
"(376, 385)",[[-1.]],-13.89140776356389,2.1646621949573692,0.5
"(377, 386)",[[-1.]],-14.69709861947669,1.4714688725076108,0.5
"(378, 387)",[[1.]],-13.143473727036167,3.682146621026005,2.5
"(379, 388)",[[1.]],-14.895541227462662,1.5061409447169858,2.5
"(380, 389)",[[-1.]],-12.724687282037692,4.3780989938475585,0.5
"(381, 390)",[[-1.]],-15.088224883611332,1.5399579599973992,0.5
"(382, 391)",[[-1.]],-12.618063165182875,5.014346163793573,0.5
"(383, 392)",[[-1.]],-16.272869449728393,0.7254397819404774,0.5
"(384, 393)",[[1.]],-12.576946836749844,5.759563536466357,2.5
"(385, 394)",[[-1.]],-15.508540652659788,1.6895400630638537,0.5
"(386, 395)",[[-1.]],-12.182204588499221,5.918909799518824,0.5
"(387, 396)",[[-1.]],-15.407974962893073,1.75836680269708,0.5
"(388, 397)",[[-1.]],-12.485725844810966,5.610282330882937,0.5
"(389, 398)",[[-1.]],-15.598652349036914,1.6558349405616486,0.5
"(390, 399)",[[-1.]],-12.437830961898133,5.654761477290328,0.5
"(391, 400)",[[1.]],-15.589539056551803,1.8314423751346682,2.5
"(392, 401)",[[-1.]],-15.074877087906906,2.0389351862572394,0.5
"(393, 402)",[[-1.]],-14.349541918225086,2.4865593168921256,0.5
"(394, 403)",[[-1.]],-14.3844656188292,1.7549052831873961,0.5
"(395, 404)",[[-1.]],-15.376417770775555,0.40813365919101763,0.5
"(396, 405)",[[-1.]],-15.358675592247593,0.4405293156173027,0.5
"(397, 406)",[[1.]],-15.166022985618387,0.730018212104298,2.5
"(398, 407)",[[-1.]],-14.213781794457462,0.20437069390353102,0.5
"(399, 408)",[[-1.]],-12.675833570910417,1.8328559707797751,0.5
"(400, 409)",[[-1.]],-14.179951816911831,0.3507593264035087,0.5
"(401, 410)",[[-1.]],-11.888106284328911,3.0990658691477826,0.5
"(402, 411)",[[-1.]],-13.594076793748545,1.4855099299290586,0.5
"(403, 412)",[[-1.]],-12.13371551477854,3.2833432850556896,0.5
"(404, 413)",[[-1.]],-13.147158256606655,3.038815053217691,0.5
"(405, 414)",[[-1.]],-13.47398471893813,2.6095852336012406,0.5
"(406, 415)",[[-1.]],-13.384614615506397,2.83269534984,0.5
"(407, 416)",[[-1.]],-13.398258714774306,2.937918519934021,0.5
"(408, 417)",[[-1.]],-12.287258840872898,4.470624709627115,0.5
"(409, 418)",[[1.]],-12.1886722858059,4.749562557783793,2.5
"(410, 419)",[[-1.]],-12.413979603038587,4.25808393934955,0.5
"(411, 420)",[[-1.]],-13.82744800421355,2.4820966067973416,0.5
"(412, 421)",[[-1.]],-12.97804949177998,3.231778295127988,0.5
"(413, 422)",[[-1.]],-13.181073812649073,2.8549343649101164,0.5
"(414, 423)",[[-1.]],-10.98585557612399,4.3627980168253835,0.5
"(415, 424)",[[-1.]],-11.751368426661422,3.40378432444799,0.5
"(416, 425)",[[-1.]],-10.755930077058766,4.562199420616874,0.5
"(417, 426)",[[1.]],-12.045624110777249,3.136360151624139,2.5
"(418, 427)",[[-1.]],-9.985990550625658,5.944979588911176,0.5
"(419, 428)",[[1.]],-9.469441547109932,6.150902506279387,2.5
"(420, 429)",[[-1.]],-11.173768808476398,4.013293673519755,0.5
"(421, 430)",[[1.]],-10.96844551587186,4.695999496187872,2.5
"(422, 431)",[[-1.]],-8.654100274949187,7.895515280540501,0.5
"(423, 432)",[[-1.]],-12.71407423042311,3.149489800032132,0.5
"(424, 433)",[[-1.]],-11.15723329344029,5.054545891942524,0.5
"(425, 434)",[[1.]],-12.709751647116033,3.1438165266465727,2.5
"(426, 435)",[[1.]],-12.884448357824677,3.1463258949911577,2.5
"(427, 436)",[[-1.]],-13.47102242166554,2.23608344471862,0.5
"(428, 437)",[[-1.]],-13.115706199751921,2.604468436367368,0.5
"(429, 438)",[[-1.]],-15.393519736115035,1.6751066744809,0.5
"(430, 439)",[[1.]],-11.501237580862835,6.94993830640152,2.5
"(431, 440)",[[1.]],-14.68465986628447,2.7195307425013486,2.5
"(432, 441)",[[1.]],-11.113295266608656,7.241812356663116,2.5
"(433, 442)",[[-1.]],-15.065319193302312,2.284729919916805,0.5
"(434, 443)",[[1.]],-10.7512497688618,7.9912351727515265,2.5
"(435, 444)",[[-1.]],-15.624744536421957,1.7204276995724017,0.5
"(436, 445)",[[-1.]],-14.692714886827254,2.840021976892042,0.5
"(437, 446)",[[-1.]],-14.232266294015572,3.5007109267427587,0.5
"(438, 447)",[[1.]],-9.524068645615625,9.34686860434779,2.5
"(439, 448)",[[-1.]],-11.850477228000734,5.02367018872282,0.5
"(440, 449)",[[1.]],-10.594068574461131,5.707456463422496,2.5
"(441, 450)",[[-1.]],-12.827562003923791,3.791621586049718,0.5
"(442, 451)",[[1.]],-12.453163618563941,4.231328071933479,2.5
"(443, 452)",[[-1.]],-12.981340463674355,3.5968971971640453,0.5
"(444, 453)",[[-1.]],-12.02103659720343,4.73418687888709,0.5
"(445, 454)",[[-1.]],-11.675096975818892,5.137666362789256,0.5
"(446, 455)",[[-1.]],-13.2653589607887,3.1666004285279072,0.5
"(447, 456)",[[-1.]],-13.930775496705051,2.051825592606674,0.5
"(448, 457)",[[1.]],-13.259971167904292,2.8758121791711897,2.5
"(449, 458)",[[-1.]],-14.887858563672308,0.8455269663447034,0.5
"(450, 459)",[[-1.]],-14.018104462883747,1.9698379600376956,0.5
"(451, 460)",[[-1.]],-13.988804173511356,0.5036131642019122,0.5
"(452, 461)",[[-1.]],-13.321537452614137,1.5197198747321963,0.5
"(453, 462)",[[1.]],-15.285565777691541,1.6720745976651283,2.5
"(454, 463)",[[-1.]],-14.825026305317158,2.4478848517016,0.5
"(455, 464)",[[-1.]],-15.40531690774494,1.634447383153633,0.5
"(456, 465)",[[-1.]],-14.086789603331578,3.1205146984049303,0.5
"(457, 466)",[[-1.]],-15.027943330097763,1.866048862712148,0.5
"(458, 467)",[[-1.]],-14.106827655659313,3.0275506873089846,0.5
"(459, 468)",[[-1.]],-15.248878310353463,1.5904394879911816,0.5
"(460, 469)",[[-1.]],-14.074121484764909,3.075919968885941,0.5
"(461, 470)",[[-1.]],-15.296617021760971,1.5210623423494578,0.5
"(462, 471)",[[-1.]],-14.721021142100168,2.2703413783281263,0.5
"(463, 472)",[[-1.]],-11.98675464450672,3.343720507081489,0.5
"(464, 473)",[[-1.]],-11.953790817373438,3.0201231887280535,0.5
"(465, 474)",[[-1.]],-9.833462085102953,5.666381962399264,0.5
"(466, 475)",[[1.]],-10.712815598596796,4.56274712469234,2.5
"(467, 476)",[[-1.]],-9.846862281494557,5.4872805810355025,0.5
"(468, 477)",[[-1.]],-12.596460245310102,2.5872352992218026,0.5
"(469, 478)",[[1.]],-9.078652880519774,7.111849039621486,2.5
"(470, 479)",[[1.]],-12.505849572076322,2.804326678200656,2.5
"(471, 480)",[[-1.]],-11.195109843885879,4.4213714667181865,0.5
"(472, 481)",[[-1.]],-13.457541875359826,0.8507052757751623,0.5
"(473, 482)",[[1.]],-9.782738992104042,5.761559036465741,2.5
"(474, 483)",[[-1.]],-12.007614196747497,2.9514438342592015,0.5
"(475, 484)",[[1.]],-9.150721727903985,6.6643618618191685,2.5
"(476, 485)",[[1.]],-12.7421250212468,2.662110404699453,2.5
"(477, 486)",[[1.]],-11.477240438337073,4.253925204937126,2.5
"(478, 487)",[[-1.]],-13.66530569106771,1.2564781766345856,0.5
"(479, 488)",[[-1.]],-12.635243652191951,2.25936173850428,0.5
"(480, 489)",[[-1.]],-12.347821309728195,2.68003769018104,0.5
"(481, 490)",[[1.]],-13.913609632346995,2.044840340202919,2.5
"(482, 491)",[[-1.]],-13.82357368942359,2.1748256443094105,0.5
"(483, 492)",[[1.]],-13.419853566679599,2.6841145790748815,2.5
"(484, 493)",[[-1.]],-13.723105944623978,2.4263364476773246,0.5
"(485, 494)",[[1.]],-13.32623565932858,2.902323702767715,2.5
"(486, 495)",[[-1.]],-12.454093716711045,3.7092685348860535,0.5
"(487, 496)",[[1.]],-12.401275233426505,3.9562157713420945,2.5
"(488, 497)",[[-1.]],-12.743946588349056,3.5415894457971167,0.5
"(489, 498)",[[-1.]],-11.907982144783297,4.770536916683884,0.5
"(490, 499)",[[-1.]],-12.425587093534284,4.318621865806929,0.5
"(491, 500)",[[-1.]],-8.683158935499838,8.180376655428338,0.5
"(492, 501)",[[-1.]],-8.001883300221023,8.965445138602906,0.5
"(493, 502)",[[-1.]],-10.22951847909688,6.001559651059489,0.5
"(494, 503)",[[-1.]],-8.0342358990979,8.5317169871857,0.5
"(495, 504)",[[-1.]],-10.393452847100486,5.53756308053646,0.5
"(496, 505)",[[-1.]],-10.343776080278458,5.565962160788741,0.5
"(497, 506)",[[-1.]],-9.768559161018674,6.368078666934434,0.5
"(498, 507)",[[-1.]],-13.623833470587176,1.7333975032938262,0.5
"(499, 508)",[[-1.]],-12.302410924719986,2.8810668951182947,0.5
"(500, 509)",[[-1.]],-14.436206127959291,1.2390321855125386,0.5
"(501, 510)",[[-1.]],-13.532101941251206,2.364526467551901,0.5
"(502, 511)",[[-1.]],-14.132362595495021,1.6757036381594315,0.5
"(503, 512)",[[-1.]],-13.506722983352988,2.469045704362035,0.5
"(504, 513)",[[-1.]],-14.824283345092349,0.9291800428899926,0.5
"(505, 514)",[[-1.]],-13.715187440042895,2.6858614016475784,0.5
"(506, 515)",[[-1.]],-13.427015818998006,3.1595799714674317,0.5
"(507, 516)",[[-1.]],-13.823425591674566,3.1844232953279743,0.5
"(508, 517)",[[-1.]],-14.267006144443043,2.736538768994489,0.5
"(509, 518)",[[-1.]],-14.541316611965936,2.513334382382604,0.5
"(510, 519)",[[-1.]],-14.40963309885268,1.7178326889046183,0.5
"(511, 520)",[[-1.]],-14.580596333814169,1.415496636196611,0.5
"(512, 521)",[[-1.]],-14.323455849550228,1.6989832969048209,0.5
"(513, 522)",[[-1.]],-13.62419618143957,2.6536144404884503,0.5
"(514, 523)",[[1.]],-14.20239773984725,1.8788728024872459,2.5
"(515, 524)",[[-1.]],-14.64087938430091,1.1101457685446654,0.5
"(516, 525)",[[1.]],-14.982542137405776,0.6879060863428368,2.5
"(517, 526)",[[-1.]],-14.347034404387173,0.3406492772767997,0.5
"(518, 527)",[[1.]],-12.240451181021289,2.69938630434644,2.5
"(519, 528)",[[1.]],-12.757617437863445,1.7717020852932848,2.5
"(520, 529)",[[-1.]],-12.940167936340213,1.5671130150506087,0.5
"(521, 530)",[[1.]],-12.998516305568742,2.436402301753846,2.5
"(522, 531)",[[1.]],-14.099605363401691,1.152782946058485,2.5
"(523, 532)",[[-1.]],-13.059346960259397,2.130792603547196,0.5
"(524, 533)",[[1.]],-13.421311383180994,2.882850609373568,2.5
"(525, 534)",[[1.]],-13.6511606649004,2.5242695901674246,2.5
"(526, 535)",[[-0.9985516]],-13.558197594288544,2.7188667974017946,0.501448392868042
"(527, 536)",[[-1.]],-13.6630297172147,2.645692260717256,0.5
"(528, 537)",[[1.]],-13.19556690325879,3.173398497773105,2.5
"(529, 538)",[[-1.]],-13.849242400264348,2.827821300963115,0.5
"(530, 539)",[[-1.]],-14.647895557408084,1.9502343316070139,0.5
"(531, 540)",[[-1.]],-13.31221361781643,3.2409813551935702,0.5
"(532, 541)",[[-1.]],-15.1299984024704,2.6233442338157773,0.5
"(533, 542)",[[-1.]],-14.424224185486706,3.6239674586495236,0.5
"(534, 543)",[[-1.]],-15.57808238214922,1.6761556140780463,0.5
"(535, 544)",[[-1.]],-12.922148866821374,5.118106063458142,0.5
"(536, 545)",[[-1.]],-15.985925179370897,1.0729628840538048,0.5
"(537, 546)",[[-1.]],-13.035076159212965,4.833092230874737,0.5
"(538, 547)",[[-1.]],-16.15020816036014,0.8740715588913464,0.5
"(539, 548)",[[1.]],-12.785776795609529,4.993323609514558,2.5
"(540, 549)",[[-1.]],-15.942825394543943,1.0457132916410838,0.5
"(541, 550)",[[-1.]],-15.688945626523012,1.4092187299246275,0.5
"(542, 551)",[[-1.]],-13.285281260961739,1.7927527477031386,0.5
"(543, 552)",[[-1.]],-12.235193089811695,3.12507477365312,0.5
"(544, 553)",[[-1.]],-12.20441052690529,3.0450248563595785,0.5
"(545, 554)",[[-1.]],-12.244353725745825,2.9505931871025837,0.5
"(546, 555)",[[-1.]],-11.714938877086018,3.5938397333889025,0.5
"(547, 556)",[[-1.]],-13.254719880330844,1.428811356060816,0.5
"(548, 557)",[[-1.]],-10.948310946957726,4.288931673003244,0.5
"(549, 558)",[[-1.]],-10.962016562941864,4.588665060507353,0.5
"(550, 559)",[[-1.]],-9.292674635061733,6.7046470387308545,0.5
"(551, 560)",[[-1.]],-13.197658826826348,1.9052041180868358,0.5
"(552, 561)",[[-1.]],-11.389046397263552,3.8764202933762846,0.5
"(553, 562)",[[-1.]],-11.971952324842901,3.036150399032323,0.5
"(554, 563)",[[-1.]],-11.450496268103342,3.8232103682542764,0.5
"(555, 564)",[[-1.]],-12.44625968489427,2.3236916328337216,0.5
"(556, 565)",[[-1.]],-12.381110721626383,2.4188472047779968,0.5
"(557, 566)",[[-1.]],-11.489092595466472,3.7510871455574915,0.5
"(558, 567)",[[-1.]],-11.655050273072517,3.4839946093922265,0.5
"(559, 568)",[[-1.]],-11.675566130973296,3.042898735326016,0.5
"(560, 569)",[[-1.]],-12.131050068739167,2.4422994056712035,0.5
"(561, 570)",[[-1.]],-7.883992708762794,6.317260553854748,0.5
"(562, 571)",[[-1.]],-7.4491654716915665,7.63344816350963,0.5
"(563, 572)",[[-1.]],-10.05293507022789,4.358428514688068,0.5
"(564, 573)",[[-1.]],-8.76693954110843,5.746705749822343,0.5
"(565, 574)",[[-1.]],-10.230343457596879,3.9036919662219667,0.5
"(566, 575)",[[-1.]],-10.457166303999394,4.194418412760154,0.5
"(567, 576)",[[-1.]],-12.054687492468917,2.1986408413932104,0.5
"(568, 577)",[[-1.]],-10.745437237206898,3.716252268383471,0.5
"(569, 578)",[[-1.]],-12.453874661549161,1.6733180673615493,0.5
"(570, 579)",[[-1.]],-11.07344287435564,3.2973834045323542,0.5
"(571, 580)",[[1.]],-12.105752653866448,2.314169838296319,2.5
"(572, 581)",[[1.]],-13.103253261354382,0.826753877210713,2.5
"(573, 582)",[[1.]],-12.757941303469137,1.395161213710324,2.5
"(574, 583)",[[1.]],-13.237994654972006,0.7341653247723876,2.5
"(575, 584)",[[1.]],-13.024429118728762,1.0149863256308862,2.5
"(576, 585)",[[1.]],-13.117850893340249,0.3537819956577266,2.5
"(577, 586)",[[-1.]],-14.948075541634504,0.7398622671234083,0.5
"(578, 587)",[[-1.]],-15.256537714995632,0.580577884209994,0.5
"(579, 588)",[[1.]],-14.183307541811082,2.0714906489801397,2.5
"(580, 589)",[[-1.]],-14.946835914076889,1.0388579947602175,0.5
"(581, 590)",[[-1.]],-14.016654290279224,2.1378322366187152,0.5
"(582, 591)",[[-1.]],-15.6061739544617,1.3587438692922884,0.5
"(583, 592)",[[1.]],-13.733635581273234,3.816565734490938,2.5
"(584, 593)",[[-1.]],-15.310563411190728,1.872872673505586,0.5
"(585, 594)",[[1.]],-13.341449742112214,4.302740802080034,2.5
"(586, 595)",[[1.]],-15.370030132542732,1.8185874306162981,2.5
"(587, 596)",[[1.]],-12.031646461147531,5.621155031408572,2.5
"(588, 597)",[[-1.]],-14.564839392090434,2.4543077185631015,0.5
"(589, 598)",[[-1.]],-14.439303021134151,2.5936991021887517,0.5
"(590, 599)",[[-1.]],-15.060961541053109,1.8177965616477527,0.5
"(591, 600)",[[1.]],-11.887469047504988,5.835486806331491,2.5
"(592, 601)",[[-1.]],-12.919271393420788,2.7148822155382497,0.5
"(593, 602)",[[-1.]],-12.809032794009653,2.675552625769937,0.5
"(594, 603)",[[-1.]],-13.20939162145677,1.3662830115493456,0.5
"(595, 604)",[[-1.]],-9.83906647703446,5.4078674942916685,0.5
"(596, 605)",[[-1.]],-12.292885959081694,1.6770693509940244,0.5
"(597, 606)",[[-1.]],-11.38070411127118,2.0313579819386014,0.5
"(598, 607)",[[-1.]],-14.267098358761592,1.3791739789028572,0.5
"(599, 608)",[[-1.]],-13.536886531937114,2.369404038287156,0.5
"(600, 609)",[[-1.]],-13.252732914894397,2.7808934666946605,0.5
"(601, 610)",[[-1.]],-13.315224034982002,3.1418972420602156,0.5
"(602, 611)",[[-1.]],-15.41559092270208,0.8598246160416494,0.5
"(603, 612)",[[-1.]],-13.711803289995535,2.9558743641597047,0.5
"(604, 613)",[[-1.]],-15.957959655052349,0.254615933131058,0.5
"(605, 614)",[[-1.]],-13.617854719570822,3.200561681424091,0.5
"(606, 615)",[[-1.]],-15.879979948357859,0.6222163189903611,0.5
"(607, 616)",[[-1.]],-13.943759884454524,3.231947820700416,0.5
"(608, 617)",[[-1.]],-15.493940045928303,0.24114849979763697,0.5
"(609, 618)",[[-1.]],-15.038471659531167,0.8487587000091494,0.5
"(610, 619)",[[-1.]],-15.401431279780699,0.3275753410523716,0.5
"(611, 620)",[[1.]],-13.63756064141893,1.9746847627337818,2.5
"(612, 621)",[[-1.]],-13.711222145877944,0.9203895423622441,0.5
"(613, 622)",[[-1.]],-13.960745380974169,0.6542734184103907,0.5
"(614, 623)",[[-1.]],-13.573561394614636,1.1443045591374563,0.5
"(615, 624)",[[-1.]],-14.02343507659246,0.7566106782120876,0.5
"(616, 625)",[[-1.]],-13.536956512973894,0.7684379772225753,0.5
"(617, 626)",[[-1.]],-12.432855840394591,1.4599694570729262,0.5
"(618, 627)",[[-1.]],-12.491135731428583,1.6718341007369766,0.5
"(619, 628)",[[-1.]],-13.576075767563815,0.7045152526021532,0.5
"(620, 629)",[[1.]],-12.451147544155658,2.271189615592437,2.5
"(621, 630)",[[-1.]],-12.457768911898008,1.654560668823784,0.5
"(622, 631)",[[1.]],-12.227455224430688,2.1338058064959817,2.5
"(623, 632)",[[-1.]],-12.656107746611497,1.581017221475026,0.5
"(624, 633)",[[-1.]],-12.878639888387621,1.7109525560659158,0.5
"(625, 634)",[[-1.]],-12.777819924254972,1.7776367757551288,0.5
"(626, 635)",[[1.]],-11.954513661606684,2.7570467913937478,2.5
"(627, 636)",[[1.]],-13.250509483172063,1.375034588762734,2.5
"(628, 637)",[[-1.]],-12.037848025690426,2.6669525574482478,0.5
"(629, 638)",[[-1.]],-12.628829856571665,1.6167950767951869,0.5
"(630, 639)",[[-1.]],-13.10193290275726,1.2129942100161557,0.5
"(631, 640)",[[1.]],-11.788539996184213,3.218137373272807,2.5
"(632, 641)",[[1.]],-13.69130054591479,0.6725187644060941,2.5
"(633, 642)",[[-1.]],-13.690050583554413,0.6723464692663406,0.5
"(634, 643)",[[-1.]],-13.200166288061602,1.1007595745226766,0.5
"(635, 644)",[[-1.]],-12.174709900473664,2.5427216444188776,0.5
"(636, 645)",[[-1.]],-12.661087424814594,1.9396848014688395,0.5
"(637, 646)",[[-1.]],-12.270378591070234,2.2445834683198918,0.5
"(638, 647)",[[-1.]],-12.01985570907115,2.476160166486597,0.5
"(639, 648)",[[-1.]],-12.335761359309421,2.098389924250558,0.5
"(640, 649)",[[-1.]],-12.464009472775924,1.607567936891467,0.5
"(641, 650)",[[-1.]],-12.026543241884717,1.6808424459941662,0.5
"(642, 651)",[[-1.]],-12.019826276086631,2.3074012198802265,0.5
"(643, 652)",[[1.]],-12.4551200563415,4.698044532552794,2.5
"(644, 653)",[[-1.]],-15.032309858712624,1.5315893087997416,0.5
"(645, 654)",[[-1.]],-15.049170028459322,1.4769918101362833,0.5
"(646, 655)",[[-1.]],-13.252717564086295,3.798566006619886,0.5
"(647, 656)",[[-1.]],-14.018661419132185,2.790760010983581,0.5
"(648, 657)",[[-1.]],-13.271728861325567,3.674626226319143,0.5
"(649, 658)",[[-1.]],-14.284798385009761,2.4145121568099537,0.5
"(650, 659)",[[-1.]],-13.441673661640161,3.4936999535240325,0.5
"(651, 660)",[[-1.]],-13.912634362258473,2.838348755980622,0.5
"(652, 661)",[[-1.]],-13.591598648284622,3.1219247144761173,0.5
"(653, 662)",[[-1.]],-12.179667604906756,2.6333410641336776,0.5
"(654, 663)",[[-1.]],-13.636216595286669,1.0639366643052384,0.5
"(655, 664)",[[-1.]],-12.738317451204335,2.187182204943813,0.5
"(656, 665)",[[-1.]],-13.420007478745859,0.7245156255656546,0.5
"(657, 666)",[[-1.]],-13.116846115569725,1.08784073517608,0.5
"(658, 667)",[[-1.]],-13.544826264359799,0.6763142966149864,0.5
"(659, 668)",[[-1.]],-13.01933704758405,1.38593816134399,0.5
"(660, 669)",[[-1.]],-13.454321537143722,0.4456447685079574,0.5
"(661, 670)",[[-1.]],-13.130773741678519,1.4900811016633,0.5
"(662, 671)",[[-1.]],-13.739027163018648,0.5804641059675006,0.5
"(663, 672)",[[-1.]],-12.317028489633934,1.7999302276912346,0.5
"(664, 673)",[[-1.]],-11.361246806636794,2.4245574476163867,0.5
"(665, 674)",[[-1.]],-11.654081789704,2.010978758087834,0.5
"(666, 675)",[[-1.]],-11.752726145190113,1.8540186339995195,0.5
"(667, 676)",[[-1.]],-11.889320641787352,1.6476074194002521,0.5
"(668, 677)",[[1.]],-12.202433747239635,2.411516265345412,2.5
"(669, 678)",[[1.]],-13.817505757806636,0.4832541994756241,2.5
"(670, 679)",[[-1.]],-13.12226350509584,1.4692205044444968,0.5
"(671, 680)",[[-1.]],-13.192323363741354,1.0153534939476785,0.5
"(672, 681)",[[-1.]],-13.273099409425395,0.9473270795469233,0.5
"(673, 682)",[[-1.]],-13.69593607422783,0.46558705653016474,0.5
"(674, 683)",[[-1.]],-13.649236748135088,0.6788542390564594,0.5
"(675, 684)",[[-1.]],-13.74178663859583,0.6027281138454477,0.5
"(676, 685)",[[-1.]],-13.669431490303154,0.8277359126931483,0.5
"(677, 686)",[[-1.]],-13.800573342233626,0.7423655035257344,0.5
"(678, 687)",[[-1.]],-14.615170563846412,0.9302818257223944,0.5
"(679, 688)",[[1.]],-11.466640684844553,4.851347708109717,2.5
"(680, 689)",[[1.]],-13.201189765751906,2.511570926319811,2.5
"(681, 690)",[[-1.]],-12.468693525709037,3.463220862219826,0.5
"(682, 691)",[[-1.]],-14.41663798199534,1.0571653912542018,0.5
"(683, 692)",[[1.]],-10.987964171306615,6.146534634210848,2.5
"(684, 693)",[[1.]],-14.787778434786032,1.5466898825980921,2.5
"(685, 694)",[[-1.]],-12.06391478679961,4.995193616291084,0.5
"(686, 695)",[[-1.]],-15.365877575028202,0.6647300550009874,0.5
"(687, 696)",[[1.]],-10.906220078165731,6.31231275838975,2.5
"(688, 697)",[[-1.]],-14.690370276504954,0.5419889476692781,0.5
"(689, 698)",[[-1.]],-11.603231398628832,4.305792374973304,0.5
"(690, 699)",[[-1.]],-14.082603283344945,1.179703625642862,0.5
"(691, 700)",[[-1.]],-11.98739537706444,3.669274631343285,0.5
"(692, 701)",[[-1.]],-13.935295128244926,1.2275017763426348,0.5
"(693, 702)",[[1.]],-12.924273676837036,3.2367387629120685,2.5
"(694, 703)",[[-1.]],-12.033588117876747,4.406305280511807,0.5
"(695, 704)",[[-1.]],-14.168699739154063,1.667098585460355,0.5
"(696, 705)",[[-1.]],-12.020130696697462,4.68879362246885,0.5
"(697, 706)",[[-1.]],-13.811835150254614,2.3689627274782588,0.5
"(698, 707)",[[-1.]],-13.709780019096423,2.5835400840791305,0.5
"(699, 708)",[[-1.]],-12.409732968548882,4.32764447455293,0.5
"(700, 709)",[[-1.]],-13.470873890683174,3.041211716915802,0.5
"(701, 710)",[[-1.]],-12.346103869518561,4.420139147931392,0.5
"(702, 711)",[[-1.]],-14.080540240584304,2.3162768654895043,0.5
"(703, 712)",[[-1.]],-13.140406827280152,3.399463468196828,0.5
"(704, 713)",[[-1.]],-15.048228185769329,1.4034842986551084,0.5
"(705, 714)",[[-1.]],-14.521825692700011,2.0696796870232177,0.5
"(706, 715)",[[-1.]],-15.435684666650111,0.6827847976611388,0.5
"(707, 716)",[[-1.]],-14.207130890014461,2.5295341509291394,0.5
"(708, 717)",[[-1.]],-15.62553974511712,0.610343975262003,0.5
"(709, 718)",[[-1.]],-14.266707740430888,2.206519245816226,0.5
"(710, 719)",[[1.]],-15.700661524422923,0.49144736057116845,2.5
"(711, 720)",[[-1.]],-14.354253648218553,2.1141772103579015,0.5
"(712, 721)",[[-1.]],-15.98685972570404,0.15598951555017493,0.5
"(713, 722)",[[-1.]],-13.8334743646878,2.203345169984974,0.5
"(714, 723)",[[-1.]],-13.519902080287393,1.4874215623049842,0.5
"(715, 724)",[[1.]],-13.437136304064701,1.4934729980607386,2.5
"(716, 725)",[[1.]],-13.325248142783197,1.64304823652434,2.5
"(717, 726)",[[-1.]],-12.737401454620219,0.3618712341559025,0.5
"(718, 727)",[[-1.]],-9.957711338530032,3.6800799998513405,0.5
"(719, 728)",[[-1.]],-12.256353528865189,0.5952866947546802,0.5
"(720, 729)",[[1.]],-11.813844194443355,0.921076061869261,2.5
"(721, 730)",[[1.]],-12.504990914293042,0.04233661637431041,2.5
"(722, 731)",[[-1.]],-12.599362909610191,-0.7990230432740333,0.5
"(723, 732)",[[-1.]],-10.268052028363671,2.190046897383816,0.5
"(724, 733)",[[-1.]],-11.320877037580448,1.6712285456582663,0.5
"(725, 734)",[[1.]],-9.967526938484816,4.344847788328437,2.5
"(726, 735)",[[-1.]],-10.666444327444326,3.410152590181685,0.5
"(727, 736)",[[-1.]],-10.573302170397179,4.645940731002431,0.5
"(728, 737)",[[-1.]],-12.30014866395247,2.562237899435985,0.5
"(729, 738)",[[1.]],-11.000084812893226,4.4264188082582905,2.5
"(730, 739)",[[-1.]],-12.189290653852028,2.7963818640136626,0.5
"(731, 740)",[[-1.]],-10.94802433441315,4.531995946543047,0.5
"(732, 741)",[[-1.]],-12.167513452435502,3.7040475714754013,0.5
"(733, 742)",[[-1.]],-11.976159270321835,4.02961340962144,0.5
"(734, 743)",[[1.]],-12.447276962112308,3.4392609496700413,2.5
"(735, 744)",[[1.]],-13.813252093050496,1.9124598429304385,2.5
"(736, 745)",[[-1.]],-13.724360764648294,2.294300212804181,0.5
"(737, 746)",[[-1.]],-13.288128936733594,2.3687976784993694,0.5
"(738, 747)",[[-1.]],-14.351726063405962,0.9510710205136057,0.5
"(739, 748)",[[-1.]],-13.363135496080798,2.001990322968023,0.5
"(740, 749)",[[-1.]],-14.649521504920306,0.530403958709222,0.5
"(741, 750)",[[-1.]],-13.653393095792408,1.6556290887205005,0.5
"(742, 751)",[[-1.]],-14.165608968372126,1.6444822247346114,0.5
"(743, 752)",[[-1.]],-14.639651656978725,1.0428429864795206,0.5
"(744, 753)",[[-1.]],-13.872759014741664,2.033180439649433,0.5
"(745, 754)",[[-1.]],-12.104861366792296,4.392236199458781,0.5
"(746, 755)",[[-1.]],-12.995891668237343,3.349203376896943,0.5
"(747, 756)",[[-1.]],-13.648234781491524,2.631314906676611,0.5
"(748, 757)",[[-1.]],-13.991373315963402,2.352593234522109,0.5
"(749, 758)",[[-1.]],-13.152208486323786,3.4395395703480034,0.5
"(750, 759)",[[-1.]],-14.709877346029424,1.5296115039726867,0.5
"(751, 760)",[[-1.]],-13.607236341548132,2.989312202048996,0.5
"(752, 761)",[[-1.]],-12.62722955724617,2.888447744020226,0.5
"(753, 762)",[[-1.]],-13.984727528781587,1.6287885558313704,0.5
"(754, 763)",[[-1.]],-13.595525390198434,2.0371377483932527,0.5
"(755, 764)",[[-1.]],-13.744782723578473,1.146986813143787,0.5
"(756, 765)",[[-1.]],-13.997461222819917,0.4839133157026225,0.5
"(757, 766)",[[-1.]],-12.29986428603605,2.5126836641438857,0.5
"(758, 767)",[[-1.]],-13.535997397066232,0.6377494446124246,0.5
"(759, 768)",[[-1.]],-12.816403979209996,1.6095012853729465,0.5
"(760, 769)",[[-1.]],-13.594964634378433,0.5421911532884813,0.5
"(761, 770)",[[-1.]],-13.114144973052303,2.54044900828168,0.5
"(762, 771)",[[-1.]],-14.490674749177339,0.7750695094947488,0.5
"(763, 772)",[[-1.]],-12.182959615199405,3.1310020111771593,0.5
"(764, 773)",[[-1.]],-13.657468099118898,1.12339013441159,0.5
"(765, 774)",[[-1.]],-15.15295449442962,1.541547101419427,0.5
"(766, 775)",[[-1.]],-14.63521495312529,2.108353101695002,0.5
"(767, 776)",[[-1.]],-14.818092777608914,1.8396892459039247,0.5
"(768, 777)",[[1.]],-14.215920792255444,2.707625432918391,2.5
"(769, 778)",[[-1.]],-15.270845925703911,1.3118075186536071,0.5
"(770, 779)",[[-1.]],-15.218705239817092,1.3992681669227451,0.5
"(771, 780)",[[-1.]],-15.358792837267597,1.0799472666273129,0.5
"(772, 781)",[[1.]],-14.22757493844631,2.4623941468739847,2.5
"(773, 782)",[[1.]],-14.236369886530856,2.402159030039755,2.5
"(774, 783)",[[1.]],-14.25342181855332,2.4043630460153427,2.5
"(775, 784)",[[-1.]],-14.264050238105627,0.39636596097296817,0.5
"(776, 785)",[[1.]],-11.810445113730601,3.776010892501386,2.5
"(777, 786)",[[1.]],-14.520265394735352,0.4136970845878718,2.5
"(778, 787)",[[1.]],-12.591378087441646,2.186459200675886,2.5
"(779, 788)",[[-1.]],-15.34006795171366,1.0301337219601843,0.5
"(780, 789)",[[-1.]],-14.686446508430064,1.9449058928127325,0.5
"(781, 790)",[[-1.]],-15.3298692556424,1.1122102243958256,0.5
"(782, 791)",[[1.]],-14.228363285730957,2.562422418832643,2.5
"(783, 792)",[[-1.]],-15.153247774617588,1.3624452064150567,0.5
"(784, 793)",[[-1.]],-14.350619856195912,2.420808877534575,0.5
"(785, 794)",[[-1.]],-15.073810358603028,1.45561237593237,0.5
"(786, 795)",[[1.]],-14.253176030286799,2.3522624904685063,2.5
"(787, 796)",[[-1.]],-15.600672491590645,1.5492994554278217,0.5
"(788, 797)",[[1.]],-14.073454999588822,3.4145357161952026,2.5
"(789, 798)",[[-1.]],-15.825664451074788,0.3978700568603948,0.5
"(790, 799)",[[-1.]],-13.444764800332775,3.400335649183325,0.5
"(791, 800)",[[-1.]],-15.31896894640053,1.039299163921024,0.5
"(792, 801)",[[-1.]],-13.670205172743145,3.1155759510900385,0.5
"(793, 802)",[[-1.]],-15.768040994480954,0.7480756150726604,0.5
"(794, 803)",[[1.]],-13.609175972305698,3.4492061077992098,2.5
"(795, 804)",[[-1.]],-14.89549384157413,2.0360436588730035,0.5
"(796, 805)",[[-1.]],-14.015932703127275,3.0849075678620625,0.5
"(797, 806)",[[-1.]],-13.541481366759081,2.5189164528937145,0.5
"(798, 807)",[[-1.]],-14.903880284064915,0.9670466944439351,0.5
"(799, 808)",[[-1.]],-14.178994096417844,2.1528457740411024,0.5
"(800, 809)",[[-1.]],-14.511107768170202,1.7225579709383148,0.5
"(801, 810)",[[-1.]],-13.883779976956044,2.4414210461102677,0.5
"(802, 811)",[[-1.]],-14.25674052534453,1.8017301250244646,0.5
"(803, 812)",[[-1.]],-13.189091922423655,2.502602342813729,0.5
"(804, 813)",[[-1.]],-14.858786769415774,0.3808045275008922,0.5
"(805, 814)",[[-1.]],-13.626118728251676,1.3919796898731356,0.5
"(806, 815)",[[-1.]],-14.659144079459594,0.4089055218667532,0.5
"(807, 816)",[[-1.]],-13.757358449804114,0.8461634622441707,0.5
"(808, 817)",[[-1.]],-14.037466924913643,1.4641551450959298,0.5
"(809, 818)",[[-1.]],-14.867108482322822,0.3951037671624178,0.5
"(810, 819)",[[1.]],-12.104590545943232,3.9848883059015776,2.5
"(811, 820)",[[1.]],-14.678568613771054,0.6775275658830786,2.5
"(812, 821)",[[-1.]],-14.06039147061437,1.4008264120291631,0.5
"(813, 822)",[[-1.]],-14.627382154106884,0.7041312896083465,0.5
"(814, 823)",[[-1.]],-13.496198177201281,2.136289874398649,0.5
"(815, 824)",[[-1.]],-14.629452737714756,0.704099808930625,0.5
"(816, 825)",[[-1.]],-12.775715884202839,2.6637156869664516,0.5
"(817, 826)",[[1.]],-14.276526711243982,0.6549464767738051,2.5
"(818, 827)",[[1.]],-12.16107473397371,2.2287678872862884,2.5
"(819, 828)",[[-1.]],-13.149283892548354,0.920972471524415,0.5
"(820, 829)",[[1.]],-12.569824489854946,2.068685761206133,2.5
"(821, 830)",[[1.]],-14.881527466727027,1.1680042872441323,2.5
"(822, 831)",[[1.]],-14.812071262073312,1.2518295091007268,2.5
"(823, 832)",[[-1.]],-15.237979481539593,0.7615710379656395,0.5
"(824, 833)",[[1.]],-14.882928898269776,1.247390439497977,2.5
"(825, 834)",[[1.]],-15.066980562689551,1.0544515998205348,2.5
"(826, 835)",[[1.]],-14.878360642927548,1.3767662091329758,2.5
"(827, 836)",[[1.]],-15.074990191240488,1.2148261076862852,2.5
"(828, 837)",[[1.]],-15.000730428199233,1.3624234851156194,2.5
"(829, 838)",[[1.]],-15.727647389939538,0.6164872813514553,2.5
"(830, 839)",[[-1.]],-14.291874762316976,2.1904433767890374,0.5
"(831, 840)",[[-1.]],-12.91431762307875,2.05598599514577,0.5
"(832, 841)",[[-1.]],-13.385536861634138,1.5303590127018172,0.5
"(833, 842)",[[-1.]],-13.037448924459197,1.905888043343582,0.5
"(834, 843)",[[1.]],-13.754280783469305,1.1335529468080097,2.5
"(835, 844)",[[-1.]],-13.431294237978005,1.5366839139123485,0.5
"(836, 845)",[[-1.]],-13.989815074649188,0.8273901613683741,0.5
"(837, 846)",[[-1.]],-13.60115519834281,1.159164864864314,0.5
"(838, 847)",[[-1.]],-14.088916949640446,0.5003829822152284,0.5
"(839, 848)",[[-1.]],-13.628635990059752,1.3370539751378203,0.5
"(840, 849)",[[-1.]],-13.869142180580878,0.8852782720583185,0.5
"(841, 850)",[[-1.]],-12.947481496454264,1.1662118327668196,0.5
"(842, 851)",[[-1.]],-11.54765421364972,2.4841920344756865,0.5
"(843, 852)",[[-1.]],-13.255454996671164,0.9291838831832315,0.5
"(844, 853)",[[-1.]],-10.033885217829793,4.936163709553792,0.5
"(845, 854)",[[-1.]],-12.777103725720117,1.9278221230746002,0.5
"(846, 855)",[[-1.]],-12.646806091289386,2.418364030938063,0.5
"(847, 856)",[[-1.]],-11.897829562026985,3.8822191520216442,0.5
"(848, 857)",[[-1.]],-10.400694047394982,6.1435165365245865,0.5
"(849, 858)",[[-1.]],-13.500451453131824,2.2526202735631067,0.5
"(850, 859)",[[-1.]],-11.768266529067818,4.231169313019626,0.5
"(851, 860)",[[-1.]],-12.48870690254031,3.2108630549639923,0.5
"(852, 861)",[[-1.]],-12.215008203895904,3.677730748641803,0.5
"(853, 862)",[[-1.]],-13.786478632853864,1.5089965503150005,0.5
"(854, 863)",[[-1.]],-13.986878229684539,1.2435699698518565,0.5
"(855, 864)",[[-1.]],-13.644377046396826,2.482544255175398,0.5
"(856, 865)",[[-1.]],-12.511279279102634,3.854955348802452,0.5
"(857, 866)",[[-1.]],-13.833796270287886,1.7303679687406728,0.5
"(858, 867)",[[-1.]],-12.7680078840666,2.980042300071542,0.5
"(859, 868)",[[-1.]],-13.421218001863902,2.2029616170850694,0.5
"(860, 869)",[[-1.]],-13.017352791764251,3.066642713628827,0.5
"(861, 870)",[[1.]],-13.080304272630556,4.883691640100606,2.5
"(862, 871)",[[-1.]],-15.177386345175558,2.235543148969395,0.5
"(863, 872)",[[-1.]],-14.873965195256993,2.733011147389858,0.5
"(864, 873)",[[-1.]],-15.298846643023383,2.2632319416567945,0.5
"(865, 874)",[[1.]],-12.831553733437268,5.109719797443647,2.5
"(866, 875)",[[-1.]],-15.483902665946218,1.8123706925570886,0.5
"(867, 876)",[[1.]],-13.086157028701116,4.840477455822096,2.5
"(868, 877)",[[1.]],-15.347845501598247,1.9392642596847907,2.5
"(869, 878)",[[-1.]],-15.307759856989296,2.0782974937680496,0.5
"(870, 879)",[[-1.]],-15.485188364833752,1.9008247439082488,0.5
"(871, 880)",[[1.]],-10.822352496224177,4.685064738838975,2.5
"(872, 881)",[[1.]],-13.278593820867815,1.529061952770288,2.5
"(873, 882)",[[-1.]],-12.032105996360956,3.0700612990232514,0.5
"(874, 883)",[[1.]],-13.205312357522628,2.052025541720141,2.5
"(875, 884)",[[1.]],-11.010574202385364,4.827938870454535,2.5
"(876, 885)",[[-1.]],-13.136066894770767,2.2170853571554545,0.5
"(877, 886)",[[1.]],-10.505952155507181,5.294010739808517,2.5
"(878, 887)",[[1.]],-13.590826843498112,1.677906248547437,2.5
"(879, 888)",[[-1.]],-10.174600736873927,6.123646609098898,0.5
"(880, 889)",[[-1.]],-13.994624003500414,1.4513466157520334,0.5
"(881, 890)",[[-1.]],-9.825175409410182,6.2056389115469415,0.5
"(882, 891)",[[1.]],-12.047131544903346,3.4078990252745456,2.5
"(883, 892)",[[-1.]],-8.439939709026023,7.912858110733248,0.5
"(884, 893)",[[-1.]],-11.065038223519242,4.16266664385725,0.5
"(885, 894)",[[-1.]],-7.239905687624204,9.082526111884551,0.5
"(886, 895)",[[1.]],-10.987495974156477,4.807275786267036,2.5
"(887, 896)",[[1.]],-13.410780313629878,2.727875826262787,2.5
"(888, 897)",[[-1.]],-11.933787643903472,4.458308455730624,0.5
"(889, 898)",[[-1.]],-13.178590585665475,2.474343728379873,0.5
"(890, 899)",[[-1.]],-11.6330180194576,4.42170778892501,0.5
"(891, 900)",[[-1.]],-13.542010918314688,1.9743603489921195,0.5
"(892, 901)",[[1.]],-12.544471014254965,3.5548523234004037,2.5
"(893, 902)",[[-1.]],-13.607676937674858,2.236716113685098,0.5
"(894, 903)",[[-1.]],-12.566246792076168,3.774001765015086,0.5
"(895, 904)",[[-1.]],-14.530839384421087,1.3881672680972965,0.5
"(896, 905)",[[-1.]],-12.810876865439768,3.3688540256629445,0.5
"(897, 906)",[[-1.]],-13.225638570597365,2.2180357148171073,0.5
"(898, 907)",[[-1.]],-12.666027516110823,2.8868286605653424,0.5
"(899, 908)",[[-1.]],-13.449100584685361,1.8616672027287695,0.5
"(900, 909)",[[-1.]],-12.8028491751479,2.698427798490888,0.5
"(901, 910)",[[-1.]],-14.555318298056289,0.6153020214154612,0.5
"(902, 911)",[[-1.]],-11.623373887258017,4.180159018130119,0.5
"(903, 912)",[[-1.]],-14.432253839982357,0.6731462122731688,0.5
"(904, 913)",[[-1.]],-11.007648144287177,4.4193322940122535,0.5
"(905, 914)",[[-1.]],-13.49633781654414,0.9249910884325416,0.5
"(906, 915)",[[-1.]],-11.30502903660236,4.22728357192744,0.5
"(907, 916)",[[-1.]],-13.051062690622201,2.0605787668863265,0.5
"(908, 917)",[[-1.]],-12.346513593253157,3.3477170170060937,0.5
"(909, 918)",[[-1.]],-12.602461920092907,3.0212106313645464,0.5
"(910, 919)",[[-1.]],-12.100220415904605,3.5885171168555416,0.5
"(911, 920)",[[-1.]],-11.539931421440413,4.296381440440378,0.5
"(912, 921)",[[-1.]],-12.731007084152148,2.231333006939664,0.5
"(913, 922)",[[-1.]],-12.409775007586337,2.590709167064979,0.5
"(914, 923)",[[-1.]],-13.160476118782164,1.9046492612410582,0.5
"(915, 924)",[[-1.]],-11.800288687415152,3.820595873086692,0.5
"(916, 925)",[[-1.]],-13.779687549664104,1.2197975422385205,0.5
"(917, 926)",[[-0.9998966]],-11.194196957905826,4.389532746015959,0.5001034140586853
"(918, 927)",[[-1.]],-13.344078297520523,0.893537474826644,0.5
"(919, 928)",[[-1.]],-8.794680498851351,6.59345727170464,0.5
"(920, 929)",[[-1.]],-12.895530372348,1.6533964130363081,0.5
"(921, 930)",[[-1.]],-10.465737324525389,4.5241758811625985,0.5
"(922, 931)",[[-1.]],-14.942143244316831,1.6542192924823897,0.5
"(923, 932)",[[-1.]],-16.58767668171953,0.626107127726593,0.5
"(924, 933)",[[1.]],-14.607321733155636,3.110684348513961,2.5
"(925, 934)",[[1.]],-16.667838997030838,0.37987018199564737,2.5
"(926, 935)",[[-1.]],-14.709050664929968,2.9156523716650034,0.5
"(927, 936)",[[-1.]],-16.633070040534882,0.4269254541911538,0.5
"(928, 937)",[[1.]],-14.290971484829969,3.3338418135779664,2.5
"(929, 938)",[[-1.]],-16.59174753371497,0.40824575806637586,0.5
"(930, 939)",[[-1.]],-14.372346787656287,3.105234793912506,0.5
"(931, 940)",[[1.]],-15.899546009632946,1.1939242878887208,2.5
"(932, 941)",[[1.]],-12.639490700419252,4.56878637559157,2.5
"(933, 942)",[[-1.]],-11.626471712156237,4.066448684821886,0.5
"(934, 943)",[[-1.]],-10.879073353061635,4.759570529507435,0.5
"(935, 944)",[[-1.]],-14.132601452412056,2.708563243854906,0.5
"(936, 945)",[[-1.]],-14.778759670646274,1.8899364790067192,0.5
"(937, 946)",[[-1.]],-14.978045422580932,1.7217257611901857,0.5
"(938, 947)",[[-1.]],-15.05130937793407,1.7568220912970336,0.5
"(939, 948)",[[1.]],-14.992014725615398,2.6875381061091264,2.5
"(940, 949)",[[-1.]],-15.258514651675469,2.770620081816867,0.5
"(941, 950)",[[-1.]],-14.385767818344915,3.915961239177434,0.5
"(942, 951)",[[-1.]],-14.679806271482027,3.606945942317404,0.5
"(943, 952)",[[-1.]],-15.18506634055539,3.332154189898212,0.5
"(944, 953)",[[-1.]],-16.112614424933426,2.112921149940303,0.5
"(945, 954)",[[1.]],-14.407007407465489,3.76589394933146,2.5
"(946, 955)",[[-1.]],-15.443813437103199,2.470419147206595,0.5
"(947, 956)",[[-1.]],-14.367946503993345,3.8043011313437143,0.5
"(948, 957)",[[-1.]],-15.598707363292554,2.351435296045983,0.5
"(949, 958)",[[-1.]],-16.916953984020356,0.39604216176445917,0.5
"(950, 959)",[[-1.]],-15.306291789459781,1.5551450525627413,0.5
"(951, 960)",[[-1.]],-15.973778414792754,0.9018237695804547,0.5
"(952, 961)",[[1.]],-15.388904137573812,1.5403306274822484,2.5
"(953, 962)",[[-1.]],-13.700694608357235,1.6360875916624948,0.5
"(954, 963)",[[-1.]],-14.74145066145762,0.12400383316250796,0.5
"(955, 964)",[[-1.]],-13.642689219327721,1.618929365996884,0.5
"(956, 965)",[[-1.]],-14.80385647571239,0.07481575825726239,0.5
"(957, 966)",[[-1.]],-13.375252463885037,1.9063478561308074,0.5
"(958, 967)",[[-1.]],-14.67023909619914,0.5353032533857522,0.5
"(959, 968)",[[-1.]],-12.208631612368096,3.7587077774979143,0.5
"(960, 969)",[[1.]],-13.670055061847664,3.5685875669489846,2.5
"(961, 970)",[[-1.]],-15.586246445067578,1.1807253336311998,0.5
"(962, 971)",[[-1.]],-15.448524811534488,1.286170802285671,0.5
"(963, 972)",[[-1.]],-13.80385479563185,3.36118667962754,0.5
"(964, 973)",[[1.]],-12.197487592696268,5.452933025221853,2.5
"(965, 974)",[[-1.]],-14.164903771606074,2.9743538838361783,0.5
"(966, 975)",[[-1.]],-15.136830876766558,1.854465996601757,0.5
"(967, 976)",[[-1.]],-14.470544483222557,2.831821468639882,0.5
"(968, 977)",[[1.]],-13.167456450643815,4.613070557750133,2.5
"(969, 978)",[[-1.]],-15.530767165627218,1.3164452709166312,0.5
"(970, 979)",[[-1.]],-11.218600626740114,3.917063463259602,0.5
"(971, 980)",[[-1.]],-13.820239811977531,0.9927009482653872,0.5
"(972, 981)",[[-1.]],-11.530566170509621,3.7334392064518696,0.5
"(973, 982)",[[1.]],-13.768524337882045,0.9216935277285092,2.5
"(974, 983)",[[1.]],-12.335710103241123,2.548333845542544,2.5
"(975, 984)",[[1.]],-14.001551446157334,0.4665370796710864,2.5
"(976, 985)",[[-1.]],-11.499256845186313,3.340300830553417,0.5
"(977, 986)",[[1.]],-12.477587840562737,1.9295163380170486,2.5
"(978, 987)",[[1.]],-12.952116280158387,1.6197172124504444,2.5
"(979, 988)",[[-1.]],-13.748401199471479,0.5170989822543461,0.5
"(980, 989)",[[-1.]],-12.458581793552115,2.0884173526024163,0.5
"(981, 990)",[[-1.]],-11.390675672560157,3.843175369743573,0.5
"(982, 991)",[[-1.]],-13.240817247597862,1.6292825952542618,0.5
"(983, 992)",[[-1.]],-11.644266914587153,3.640249052978932,0.5
"(984, 993)",[[-1.]],-12.974058883402718,1.9196275051747662,0.5
"(985, 994)",[[-1.]],-11.695597016895377,3.5284027041201984,0.5
"(986, 995)",[[-1.]],-12.899616858061602,2.3737734442001113,0.5
"(987, 996)",[[-1.]],-10.935201894102308,5.110241414811821,0.5
"(988, 997)",[[-1.]],-13.088243166103863,2.372598759154611,0.5
"(989, 998)",[[-1.]],-12.469206256412022,3.05951030646097,0.5
"(990, 999)",[[-1.]],-13.166406348008918,2.0225883959755944,0.5
"(991, 1000)",[[-1.]],-12.31753038154573,2.5501273852703346,0.5
"(992, 1001)",[[-1.]],-11.345206936604178,4.165723045313877,0.5
"(993, 1002)",[[-1.]],-11.305197933426028,4.280073015718312,0.5
"(994, 1003)",[[-1.]],-11.680777157572107,4.143615318142745,0.5
"(995, 1004)",[[-1.]],-12.259925235905872,3.367779483981174,0.5
"(996, 1005)",[[-1.]],-12.402638291763672,3.6115334451205463,0.5
"(997, 1006)",[[-1.]],-13.394091779134685,2.115062621309942,0.5
"(998, 1007)",[[-1.]],-12.510453091837018,3.224526760144034,0.5
"(999, 1008)",[[-1.]],-12.28451934702166,3.762994946344289,0.5
"(1000, 1009)",[[-1.]],-12.635673810442519,3.364792907556163,0.5
"(1001, 1010)",[[-1.]],-12.208279403389207,3.9031918776204026,0.5
"(1002, 1011)",[[-1.]],-13.010003080610163,2.7977001474048997,0.5
"(1003, 1012)",[[-1.]],-13.061452426254418,2.792347211245266,0.5
"(1004, 1013)",[[-1.]],-10.686108592657925,5.6384150482311775,0.5
"(1005, 1014)",[[-1.]],-13.508198564849298,2.2375090948378666,0.5
"(1006, 1015)",[[1.]],-14.224169193308313,2.8840826754664413,2.5
"(1007, 1016)",[[-1.]],-15.65389548611179,1.147501934370382,0.5
"(1008, 1017)",[[-1.]],-14.541473508745643,2.589554872478603,0.5
"(1009, 1018)",[[-1.]],-15.422833278437848,1.3364406647060534,0.5
"(1010, 1019)",[[1.]],-14.342437922871827,2.706322382501172,2.5
"(1011, 1020)",[[-1.]],-14.323004131219879,2.8990846889435975,0.5
"(1012, 1021)",[[-1.]],-15.04815915428367,2.019118193502571,0.5
"(1013, 1022)",[[-1.]],-14.11635512960038,3.11402539763999,0.5
"(1014, 1023)",[[-1.]],-15.202801119833014,1.6603417611593887,0.5
"(1015, 1024)",[[-1.]],-14.963225285714591,2.051240863495199,0.5
"(1016, 1025)",[[1.]],-13.33926165338351,1.951593601294915,2.5
"(1017, 1026)",[[-1.]],-11.242782832540895,4.720529065793771,0.5
"(1018, 1027)",[[1.]],-12.134645769485255,4.809244096665411,2.5
"(1019, 1028)",[[1.]],-12.14833104309582,4.818189778477706,2.5
"(1020, 1029)",[[1.]],-11.806560618636913,5.312751771465807,2.5
"(1021, 1030)",[[-1.]],-11.944824137958477,4.9805994206493835,0.5
"(1022, 1031)",[[-1.]],-13.734740275768845,2.7812979283932293,0.5
"(1023, 1032)",[[-1.]],-11.536672094279082,5.5298230075807275,0.5
"(1024, 1033)",[[-1.]],-15.359610075346543,0.7960411877139872,0.5
"(1025, 1034)",[[-1.]],-11.776352089406332,5.069323930335555,0.5
"(1026, 1035)",[[1.]],-11.162212087621095,5.895831851226735,2.5
"(1027, 1036)",[[-1.]],-10.594394481323764,6.635534594377122,0.5
"(1028, 1037)",[[-1.]],-8.759503105394845,7.010832956593012,0.5
"(1029, 1038)",[[-1.]],-8.678735733398353,6.986840229506667,0.5
"(1030, 1039)",[[-1.]],-12.815514991089433,1.5735741852158327,0.5
"(1031, 1040)",[[1.]],-11.513731434970238,4.938046817292943,2.5
"(1032, 1041)",[[-1.]],-11.471377621602423,5.276402912418617,0.5
"(1033, 1042)",[[-1.]],-10.561787921393845,6.4618155488718,0.5
"(1034, 1043)",[[1.]],-8.844279623236888,9.021161636074428,2.5
"(1035, 1044)",[[1.]],-13.264656873221147,3.492304931725954,2.5
"(1036, 1045)",[[-1.]],-12.604028980444133,4.147835962523022,0.5
"(1037, 1046)",[[-1.]],-13.177291916342066,3.254518321801757,0.5
"(1038, 1047)",[[-1.]],-12.647990639458481,3.9332866459604716,0.5
"(1039, 1048)",[[-1.]],-12.627577825548517,3.9928911845989763,0.5
"(1040, 1049)",[[-1.]],-12.908836315068257,3.6016257231138535,0.5
"(1041, 1050)",[[-1.]],-12.72483591161847,2.9244967940687427,0.5
"(1042, 1051)",[[-1.]],-13.438880656688655,1.6160328282762588,0.5
"(1043, 1052)",[[1.]],-14.094203833203844,2.792434728600691,2.5
"(1044, 1053)",[[-1.]],-15.624873436907041,1.044941519979993,0.5
"(1045, 1054)",[[-1.]],-14.143761419940143,2.8805535830365816,0.5
"(1046, 1055)",[[-1.]],-15.54319521230363,0.9979774710582348,0.5
"(1047, 1056)",[[-1.]],-14.598050747292712,2.172103783816734,0.5
"(1048, 1057)",[[-1.]],-15.224023174016914,1.534860546968977,0.5
"(1049, 1058)",[[1.]],-14.582001122379125,2.201127621038749,2.5
"(1050, 1059)",[[-1.]],-15.47350582444938,1.0447452831142083,0.5
"(1051, 1060)",[[-1.]],-15.17136363813131,1.3461222136473356,0.5
"(1052, 1061)",[[-1.]],-15.419713756698847,0.9871676687997439,0.5
"(1053, 1062)",[[-1.]],-13.949685570939094,0.8601805036349184,0.5
"(1054, 1063)",[[-1.]],-13.452390280814367,0.7263872057290754,0.5
"(1055, 1064)",[[-1.]],-13.430673500669332,0.7243633224528381,0.5
"(1056, 1065)",[[-1.]],-14.530930415980986,0.9772706100422042,0.5
"(1057, 1066)",[[-1.]],-14.938454283169131,0.5820642382671135,0.5
"(1058, 1067)",[[-1.]],-14.629277944358618,0.6964418187958117,0.5
"(1059, 1068)",[[-1.]],-14.45977543691696,0.8849846024461705,0.5
"(1060, 1069)",[[-1.]],-14.387982344131268,1.0353699062488513,0.5
"(1061, 1070)",[[-1.]],-14.170108675858037,1.451806051434465,0.5
"(1062, 1071)",[[-1.]],-13.445265501038707,2.2953505363163025,0.5
"(1063, 1072)",[[1.]],-14.107700346221884,1.6479870505324854,2.5
"(1064, 1073)",[[-1.]],-13.881706307575174,1.9261462478981333,0.5
"(1065, 1074)",[[1.]],-14.271492963098078,1.4681477103405758,2.5
"(1066, 1075)",[[1.]],-12.438538173003513,2.8445664524199827,2.5
"(1067, 1076)",[[-1.]],-12.596010851195913,2.361263997152495,0.5
"(1068, 1077)",[[-1.]],-12.502989829443791,2.4402251661863126,0.5
"(1069, 1078)",[[1.]],-11.803160606461601,3.5543364203952663,2.5
"(1070, 1079)",[[-1.]],-12.452823542532839,2.6693076766794945,0.5
"(1071, 1080)",[[-1.]],-12.096302089194133,2.6407764814946333,0.5
"(1072, 1081)",[[1.]],-12.961323763103572,1.757355828312754,2.5
"(1073, 1082)",[[-1.]],-11.038050033719763,3.757199534336145,0.5
"(1074, 1083)",[[-1.]],-11.935258920118734,2.5142523877715597,0.5
"(1075, 1084)",[[-1.]],-10.570604623532805,4.196152662898898,0.5
"(1076, 1085)",[[-1.]],-9.908607156950763,4.8474183651730165,0.5
"(1077, 1086)",[[-1.]],-13.148951701748757,1.3624699543086152,0.5
"(1078, 1087)",[[-1.]],-11.888556085676054,3.104916466984129,0.5
"(1079, 1088)",[[1.]],-12.727999001032789,1.5276656554280503,2.5
"(1080, 1089)",[[-1.]],-12.20990524126299,3.381861910985833,0.5
"(1081, 1090)",[[-1.]],-12.89617713106287,2.3846080696620255,0.5
"(1082, 1091)",[[-1.]],-12.80043298243167,2.6489135437204965,0.5
"(1083, 1092)",[[-1.]],-14.422610460595815,0.6479586989013466,0.5
"(1084, 1093)",[[-1.]],-13.041686158830927,2.3596076851656314,0.5
"(1085, 1094)",[[-1.]],-14.235830536139975,0.9815619050191096,0.5
"(1086, 1095)",[[-1.]],-12.598525832782594,3.2393078582497523,0.5
"(1087, 1096)",[[-1.]],-12.619817788802042,3.0823613460799315,0.5
"(1088, 1097)",[[-1.]],-12.40053885453905,3.3799069487761635,0.5
"(1089, 1098)",[[-1.]],-12.653856551680965,3.375311664812033,0.5
"(1090, 1099)",[[-1.]],-12.191830019931787,3.325780006798121,0.5
"(1091, 1100)",[[-1.]],-11.675521822604214,4.231405122536961,0.5
"(1092, 1101)",[[-1.]],-11.429286923995194,4.108134739933774,0.5
"(1093, 1102)",[[-1.]],-11.567532414461985,3.84551906916726,0.5
"(1094, 1103)",[[-1.]],-10.777099491976436,4.578843039112787,0.5
"(1095, 1104)",[[1.]],-13.987653915353935,3.0178079552804924,2.5
"(1096, 1105)",[[-1.]],-13.947231433730579,3.6403726027893955,0.5
"(1097, 1106)",[[-1.]],-14.961114746292006,2.307642981238838,0.5
"(1098, 1107)",[[-1.]],-15.669988492237955,1.4405716541278757,0.5
"(1099, 1108)",[[1.]],-14.063433958326023,3.6028482672724937,2.5
"(1100, 1109)",[[-1.]],-16.134018346400733,1.2114903005934003,0.5
"(1101, 1110)",[[-1.]],-14.790976932403323,2.8941447008670416,0.5
"(1102, 1111)",[[-1.]],-16.372734078031144,0.8713529162273339,0.5
"(1103, 1112)",[[-1.]],-14.785759186934076,2.8181520962235425,0.5
"(1104, 1113)",[[-1.]],-15.722884516194497,1.6901965266651047,0.5
"(1105, 1114)",[[1.]],-14.542555842096167,2.438808510992894,2.5
"(1106, 1115)",[[-1.]],-14.945453968821655,0.5350077352153111,0.5
"(1107, 1116)",[[-1.]],-12.750074817612116,3.4910250488994574,0.5
"(1108, 1117)",[[-1.]],-13.79059696309622,2.307507535751668,0.5
"(1109, 1118)",[[-1.]],-12.082125713845333,4.300800539999575,0.5
"(1110, 1119)",[[-1.]],-11.78026952923369,4.135498417136937,0.5
"(1111, 1120)",[[-1.]],-10.893112693393345,6.165810507416982,0.5
"(1112, 1121)",[[-1.]],-10.163887578787275,7.087581675958708,0.5
"(1113, 1122)",[[-1.]],-10.206631953603596,7.198046913217251,0.5
"(1114, 1123)",[[-1.]],-10.894406762975148,6.241084650967512,0.5
"(1115, 1124)",[[-1.]],-9.588532133622449,7.708778155732894,0.5
"(1116, 1125)",[[-1.]],-13.991726338780074,2.1096912894537923,0.5
"(1117, 1126)",[[-1.]],-8.219336072294212,8.918164559775319,0.5
"(1118, 1127)",[[-1.]],-14.556991973057597,0.7678073749784762,0.5
"(1119, 1128)",[[-1.]],-12.276289549448379,3.3621636324014847,0.5
"(1120, 1129)",[[-1.]],-16.461133362638893,0.5401194686393485,0.5
"(1121, 1130)",[[-1.]],-14.89591174024347,2.472965903747669,0.5
"(1122, 1131)",[[1.]],-15.102549065297781,1.9634790048968913,2.5
"(1123, 1132)",[[1.]],-15.203521120614935,1.7075291394598402,2.5
"(1124, 1133)",[[-1.]],-15.881650477524612,0.8288551458580002,0.5
"(1125, 1134)",[[-1.]],-15.36747154935435,2.139975653524317,0.5
"(1126, 1135)",[[-1.]],-16.175529755952432,1.2594073339958731,0.5
"(1127, 1136)",[[1.]],-15.501306286105503,2.0501099921634935,2.5
"(1128, 1137)",[[1.]],-15.893733584900165,1.4446847641759462,2.5
"(1129, 1138)",[[1.]],-15.31158774015306,2.1812397825240453,2.5
"(1130, 1139)",[[-1.]],-15.293365127913674,0.9383196932566324,0.5
"(1131, 1140)",[[1.]],-13.653263821138495,3.056405531806477,2.5
"(1132, 1141)",[[1.]],-14.953188372534907,1.4173629946503885,2.5
"(1133, 1142)",[[-1.]],-13.473772170825313,3.1884561713101114,0.5
"(1134, 1143)",[[1.]],-15.209587828188132,0.9674772788596613,2.5
"(1135, 1144)",[[1.]],-10.485989493397692,5.096958998809514,2.5
"(1136, 1145)",[[-1.]],-13.431948048598375,3.162422354586897,0.5
"(1137, 1146)",[[-1.]],-13.79559954041032,2.7107208072331908,0.5
"(1138, 1147)",[[-1.]],-13.502681375150456,3.1563951431854607,0.5
"(1139, 1148)",[[1.]],-13.816138704771243,2.793325200054241,2.5
"(1140, 1149)",[[-1.]],-14.283538982512017,2.2204223424028298,0.5
"(1141, 1150)",[[-1.]],-14.373160154121422,2.0840289503424323,0.5
"(1142, 1151)",[[-1.]],-15.232981395492981,0.9914459419926107,0.5
"(1143, 1152)",[[-1.]],-14.365435990205775,2.1786795634872043,0.5
"(1144, 1153)",[[-1.]],-15.004671269311254,1.4442382024500962,0.5
"(1145, 1154)",[[-1.]],-15.027263015535867,1.4060903514728462,0.5
"(1146, 1155)",[[-1.]],-13.668250682784457,0.689412483841874,0.5
"(1147, 1156)",[[-1.]],-11.950376475318887,2.965696210654624,0.5
"(1148, 1157)",[[-1.]],-13.83855271060828,0.7444027186587618,0.5
"(1149, 1158)",[[-1.]],-11.671332008647719,3.4785445896639757,0.5
"(1150, 1159)",[[-1.]],-14.321485876593506,0.4122634066858062,0.5
"(1151, 1160)",[[-1.]],-11.15006459345888,4.276072791859185,0.5
"(1152, 1161)",[[-1.]],-14.595929568978743,0.3359592550333943,0.5
"(1153, 1162)",[[-1.]],-6.6173992790844745,10.327852399591933,0.5
"(1154, 1163)",[[-1.]],-13.387255892597347,1.743962344583565,0.5
"(1155, 1164)",[[-1.]],-8.779915756040431,7.60936710742164,0.5
"(1156, 1165)",[[-1.]],-14.261933979807479,0.7343477741973459,0.5
"(1157, 1166)",[[-1.]],-6.799710657071645,10.14726453177449,0.5
"(1158, 1167)",[[-1.]],-12.2668581914591,3.3024801254378566,0.5
"(1159, 1168)",[[-1.]],-5.750054535167605,11.694202179397756,0.5
"(1160, 1169)",[[-1.]],-12.560564290381976,2.9604713321470193,0.5
"(1161, 1170)",[[-1.]],-5.6356254231856795,11.500820975871719,0.5
"(1162, 1171)",[[-1.]],-12.561088897967469,2.474894346003218,0.5
"(1163, 1172)",[[-1.]],-6.65101564788376,9.94507192984879,0.5
"(1164, 1173)",[[-1.]],-8.603467378461039,7.487996785886445,0.5
"(1165, 1174)",[[-1.]],-13.349326361625328,3.8259724217219127,0.5
"(1166, 1175)",[[1.]],-11.354468455747366,6.4210054990661245,2.5
"(1167, 1176)",[[1.]],-14.509817536342865,3.124088041227841,2.5
"(1168, 1177)",[[-1.]],-15.051490851768131,2.378828346723223,0.5
"(1169, 1178)",[[-1.]],-14.753404252558054,2.8403007714641264,0.5
"(1170, 1179)",[[-1.]],-15.561758842860161,1.9461607654357902,0.5
"(1171, 1180)",[[1.]],-14.697616659386565,3.002399969081334,2.5
"(1172, 1181)",[[1.]],-15.490353426237851,1.9740239159867965,2.5
"(1173, 1182)",[[1.]],-14.75359120084625,2.8296021262137394,2.5
"(1174, 1183)",[[1.]],-15.506181114536123,2.0253874068291227,2.5
"(1175, 1184)",[[1.]],-15.089605499492704,1.978301132118661,2.5
"(1176, 1185)",[[-1.]],-16.035686248364154,0.711332341160742,0.5
"(1177, 1186)",[[1.]],-13.435626019143994,2.058892432960091,2.5
"(1178, 1187)",[[-1.]],-14.335835294357365,0.932911469243372,0.5
"(1179, 1188)",[[1.]],-13.434668602519704,1.9977484816420166,2.5
"(1180, 1189)",[[-1.]],-13.910135695987613,1.9982904524432836,0.5
"(1181, 1190)",[[1.]],-13.918698510625493,2.0232742829171038,2.5
"(1182, 1191)",[[-1.]],-14.120027666843956,1.8529380910375437,0.5
"(1183, 1192)",[[-1.]],-12.814484777540121,3.8061666399522336,0.5
"(1184, 1193)",[[-1.]],-13.303946543327058,2.76924853516425,0.5
"(1185, 1194)",[[-1.]],-12.077478732104334,4.2517583191721915,0.5
"(1186, 1195)",[[-1.]],-12.22278989728552,3.9507527305905157,0.5
"(1187, 1196)",[[-1.]],-11.384359310509316,4.805696496666133,0.5
"(1188, 1197)",[[-1.]],-13.583685735353189,1.8745759933979222,0.5
"(1189, 1198)",[[-1.]],-11.133452998094095,4.883267803470835,0.5
"(1190, 1199)",[[-1.]],-13.767211917578944,1.0017987298162936,0.5
"(1191, 1200)",[[-1.]],-12.089981488971555,3.1058248991549533,0.5
"(1192, 1201)",[[-1.]],-13.00036601173969,1.984064785115084,0.5
"(1193, 1202)",[[-1.]],-11.38415422918209,3.1467797343585886,0.5
"(1194, 1203)",[[-1.]],-12.703649319495318,1.5081911026054158,0.5
"(1195, 1204)",[[-1.]],-11.878183155655364,2.585713983544835,0.5
"(1196, 1205)",[[-1.]],-12.34009054182988,1.9478399359923877,0.5
"(1197, 1206)",[[-1.]],-12.118224002268512,2.7203274049838235,0.5
"(1198, 1207)",[[-1.]],-9.697988350841273,5.6570402180879,0.5
"(1199, 1208)",[[-1.]],-12.588098287170517,2.9641801547411593,0.5
"(1200, 1209)",[[-1.]],-13.582597987043412,1.3549779147257386,0.5
"(1201, 1210)",[[-1.]],-11.546594255365408,3.91924188800742,0.5
"(1202, 1211)",[[-1.]],-13.886028294499063,1.8153905014763048,0.5
"(1203, 1212)",[[-1.]],-12.91037922755544,3.0776788987009276,0.5
"(1204, 1213)",[[-1.]],-14.118536815941425,1.5427236799532071,0.5
"(1205, 1214)",[[-1.]],-12.927617365386368,3.160246834326717,0.5
"(1206, 1215)",[[-1.]],-14.195468056905147,1.569954990930773,0.5
"(1207, 1216)",[[-1.]],-14.002664466079484,1.5552898120061016,0.5
"(1208, 1217)",[[-1.]],-14.870145056071808,0.5969988683300826,0.5
"(1209, 1218)",[[-1.]],-14.283383101019275,0.3876571777979869,0.5
"(1210, 1219)",[[-1.]],-13.606550031745922,1.1554050140328158,0.5
"(1211, 1220)",[[-1.]],-13.70227444189104,1.07009477161127,0.5
"(1212, 1221)",[[-1.]],-11.870103630523168,1.2523560672693321,0.5
"(1213, 1222)",[[1.]],-13.966288725823206,2.2262595369739113,2.5
"(1214, 1223)",[[1.]],-16.558176582442012,0.44911242758325187,2.5
"(1215, 1224)",[[-1.]],-15.45108216503245,1.9179037756029018,0.5
"(1216, 1225)",[[1.]],-16.416475360219575,0.7969409297661034,2.5
"(1217, 1226)",[[1.]],-14.736974668174632,2.9403152619170623,2.5
"(1218, 1227)",[[1.]],-16.602257768277507,0.6317995754518035,2.5
"(1219, 1228)",[[1.]],-14.903699243087473,2.8183003096568067,2.5
"(1220, 1229)",[[1.]],-16.701940271904864,0.6529027319049172,2.5
"(1221, 1230)",[[-1.]],-15.753149656199831,2.0078535399939152,0.5
"(1222, 1231)",[[1.]],-16.94322319715952,0.49923477959878504,2.5
"(1223, 1232)",[[-1.]],-14.085323823725146,3.4271952696651926,0.5
"(1224, 1233)",[[-1.]],-13.144737661713286,1.3632135602868214,0.5
"(1225, 1234)",[[1.]],-13.668583858738781,0.6179370110128009,2.5
"(1226, 1235)",[[1.]],-13.647578266008086,0.5526609137937406,2.5
"(1227, 1236)",[[1.]],-13.800244569187516,0.8912926668631318,2.5
"(1228, 1237)",[[1.]],-13.880287083073366,0.7495312433699848,2.5
"(1229, 1238)",[[-1.]],-13.598814282461099,1.1104031670414098,0.5
"(1230, 1239)",[[-1.]],-13.845815521444623,0.73799101487106,0.5
"(1231, 1240)",[[1.]],-13.0469397086507,1.7972141257682104,2.5
"(1232, 1241)",[[-1.]],-13.898581153294895,0.7628548441108904,0.5
"(1233, 1242)",[[-1.]],-13.068904952701306,1.8501566227770212,0.5
"(1234, 1243)",[[-1.]],-13.762546132835256,1.1821758863369851,0.5
"(1235, 1244)",[[-1.]],-11.793129495900311,3.3373188188218244,0.5
"(1236, 1245)",[[-1.]],-12.854274209682885,2.5084151167605686,0.5
"(1237, 1246)",[[-1.]],-11.754835219649621,3.1147306212465544,0.5
"(1238, 1247)",[[-1.]],-12.851773664252036,2.1616233645021907,0.5
"(1239, 1248)",[[-1.]],-13.02104016943373,2.0307709551829323,0.5
"(1240, 1249)",[[-1.]],-12.718253687618123,3.5191066034004876,0.5
"(1241, 1250)",[[-1.]],-13.085234388100709,3.0301674634786337,0.5
"(1242, 1251)",[[-1.]],-13.218002456867048,2.9065764731031916,0.5
"(1243, 1252)",[[-1.]],-13.26361317583828,2.873707390264679,0.5
"(1244, 1253)",[[-1.]],-13.391447606772646,2.7310166198099104,0.5
"(1245, 1254)",[[-1.]],-13.309395538594416,2.826637409691747,0.5
"(1246, 1255)",[[-1.]],-14.197310486156338,1.3629547383631824,0.5
"(1247, 1256)",[[-1.]],-12.671509855145288,3.260699317383839,0.5
"(1248, 1257)",[[-1.]],-13.849097430317526,1.468825211296135,0.5
"(1249, 1258)",[[-1.]],-13.546060005019871,1.8055051477522621,0.5
"(1250, 1259)",[[-1.]],-11.49301882958341,0.9090181663067085,0.5
"(1251, 1260)",[[-1.]],-11.260802766986643,1.2547747304887302,0.5
"(1252, 1261)",[[-1.]],-10.928976056566826,1.345916938630932,0.5
"(1253, 1262)",[[-1.]],-9.658639076557842,4.111946490352722,0.5
"(1254, 1263)",[[-1.]],-12.08780410487863,2.5685302425287873,0.5
"(1255, 1264)",[[-1.]],-14.226020576104414,0.7166481270536487,0.5
"(1256, 1265)",[[-1.]],-12.230087297059917,3.3213686384787238,0.5
"(1257, 1266)",[[-1.]],-14.035719249482531,0.9932730023466725,0.5
"(1258, 1267)",[[-1.]],-12.861957134902378,2.516348147574732,0.5
"(1259, 1268)",[[1.]],-13.810364182871076,1.6886946793620972,2.5
"(1260, 1269)",[[-1.]],-10.879399559913734,5.564438295252771,0.5
"(1261, 1270)",[[-1.]],-14.870140883336841,1.8502401558849293,0.5
"(1262, 1271)",[[-1.]],-14.379131907267043,2.4779809303538407,0.5
"(1263, 1272)",[[-1.]],-14.730542456973948,2.5383768026757565,0.5
"(1264, 1273)",[[-1.]],-13.607617465679736,3.7195993831169485,0.5
"(1265, 1274)",[[-1.]],-14.108024427576266,2.942885260415716,0.5
"(1266, 1275)",[[-1.]],-14.38732660296902,2.520777301791755,0.5
"(1267, 1276)",[[1.]],-13.92460635820419,3.056203551677143,2.5
"(1268, 1277)",[[1.]],-13.916538700250706,3.0841395337302107,2.5
"(1269, 1278)",[[-1.]],-14.41420451306002,2.2574710875629496,0.5
"(1270, 1279)",[[1.]],-13.669978398579945,3.1849168885687806,2.5
"(1271, 1280)",[[-1.]],-14.140955689677188,1.7563935114376168,0.5
"(1272, 1281)",[[1.]],-13.80982861376722,2.2044913818996896,2.5
"(1273, 1282)",[[1.]],-12.67166423969192,2.412389854839917,2.5
"(1274, 1283)",[[1.]],-14.447180088111308,1.0472077944605136,2.5
"(1275, 1284)",[[-1.]],-14.527432954736467,0.7656591758939904,0.5
"(1276, 1285)",[[-1.]],-14.83552748185356,0.419783981042686,0.5
"(1277, 1286)",[[-1.]],-14.844062561685558,0.3002515428212771,0.5
"(1278, 1287)",[[1.]],-13.957106238645434,1.3634228123228187,2.5
"(1279, 1288)",[[-1.]],-14.722312547305613,0.6166576388901444,0.5
"(1280, 1289)",[[1.]],-13.216904752516335,2.5701115518822846,2.5
"(1281, 1290)",[[-1.]],-14.354480204697092,1.2046617356950318,0.5
"(1282, 1291)",[[-1.]],-13.455751081116349,2.6298878530479364,0.5
"(1283, 1292)",[[-1.]],-13.211670156901839,2.852887136584025,0.5
"(1284, 1293)",[[-1.]],-9.304104523492494,6.897161704347095,0.5
"(1285, 1294)",[[-1.]],-11.881871543638539,3.4903594880502276,0.5
"(1286, 1295)",[[-1.]],-10.21074239951425,5.774963385208865,0.5
"(1287, 1296)",[[-1.]],-13.702752009540498,1.5666752973198719,0.5
"(1288, 1297)",[[-1.]],-12.283950925946394,2.8171038745219086,0.5
"(1289, 1298)",[[-1.]],-12.824312678500474,1.5820440786949916,0.5
"(1290, 1299)",[[1.]],-10.946939995553391,4.984106844013262,2.5
"(1291, 1300)",[[-1.]],-13.246223394786753,2.1237533106644655,0.5
"(1292, 1301)",[[-1.]],-13.008595020224167,2.434233140363798,0.5
"(1293, 1302)",[[-1.]],-13.537197476147721,1.7215181504779409,0.5
"(1294, 1303)",[[-1.]],-13.272945492678778,1.890559530651501,0.5
"(1295, 1304)",[[-1.]],-12.91141622041692,2.255036775453627,0.5
"(1296, 1305)",[[-1.]],-11.583980845471068,4.390558696337935,0.5
"(1297, 1306)",[[-1.]],-11.140588372841606,4.781404988067399,0.5
"(1298, 1307)",[[-1.]],-13.090222344301484,2.808425841492646,0.5
"(1299, 1308)",[[-1.]],-10.838248351365948,5.810093226292381,0.5
"(1300, 1309)",[[-1.]],-12.147211815148754,3.7351041007454135,0.5
"(1301, 1310)",[[-1.]],-10.473171764810868,5.868630852559612,0.5
"(1302, 1311)",[[-1.]],-11.725106155022893,4.239271996466673,0.5
"(1303, 1312)",[[-1.]],-12.954032012445735,2.7569913425402373,0.5
"(1304, 1313)",[[-1.]],-11.648528185121224,4.478433186033266,0.5
"(1305, 1314)",[[-1.]],-12.354671000650898,3.538858837031958,0.5
"(1306, 1315)",[[-1.]],-11.13402848959771,4.741880354620012,0.5
"(1307, 1316)",[[-1.]],-10.982496337831348,5.1796914354244095,0.5
"(1308, 1317)",[[-1.]],-13.311271798506127,2.040575037350969,0.5
"(1309, 1318)",[[-1.]],-9.959196534620533,5.7856980790181325,0.5
"(1310, 1319)",[[-1.]],-13.200322004447463,2.07374266329656,0.5
"(1311, 1320)",[[-1.]],-10.860708932602604,5.040994351425155,0.5
"(1312, 1321)",[[-1.]],-11.019387641890672,5.07493608224712,0.5
"(1313, 1322)",[[1.]],-12.36905201944974,5.045104909146675,2.5
"(1314, 1323)",[[-1.]],-9.465948142140553,8.840635535868199,0.5
"(1315, 1324)",[[-1.]],-13.241822621222465,4.178110475944958,0.5
"(1316, 1325)",[[1.]],-9.260658367869109,9.201614082604678,2.5
"(1317, 1326)",[[1.]],-13.019381214285646,4.435744759293035,2.5
"(1318, 1327)",[[-1.]],-9.944179715672744,8.261628643903316,0.5
"(1319, 1328)",[[-1.]],-14.33366670615695,2.8356784633592316,0.5
"(1320, 1329)",[[-1.]],-9.398645736750558,8.896638548589916,0.5
"(1321, 1330)",[[1.]],-12.476514479066413,5.110662748542243,2.5
"(1322, 1331)",[[-1.]],-11.409060159126648,6.342794770149064,0.5
"(1323, 1332)",[[-1.]],-14.630489957683311,0.625246033018021,0.5
"(1324, 1333)",[[-1.]],-13.347120844280019,1.9735114518284007,0.5
"(1325, 1334)",[[-1.]],-14.885908161385656,0.12771707002852217,0.5
"(1326, 1335)",[[1.]],-12.890034631844571,1.403977280354134,2.5
"(1327, 1336)",[[-1.]],-14.021210861021022,0.18528292334739938,0.5
"(1328, 1337)",[[-1.]],-13.652362060880083,1.0747138809120518,0.5
"(1329, 1338)",[[1.]],-13.440485782499746,1.3864923572328145,2.5
"(1330, 1339)",[[1.]],-13.907524422025823,0.7373140710766268,2.5
"(1331, 1340)",[[1.]],-13.608381797730402,1.292461681121539,2.5
"(1332, 1341)",[[-1.]],-13.860681953335984,0.9344427390282721,0.5
"(1333, 1342)",[[-1.]],-14.382096793789108,0.37745213951222034,0.5
"(1334, 1343)",[[1.]],-12.37738208083086,2.93133571509291,2.5
"(1335, 1344)",[[1.]],-13.649266894408491,1.3456900111498893,2.5
"(1336, 1345)",[[-1.]],-12.904682543274566,2.2103385057284406,0.5
"(1337, 1346)",[[-1.]],-13.269747320513282,1.5968518624133559,0.5
"(1338, 1347)",[[-1.]],-10.728938964028522,4.406103707898843,0.5
"(1339, 1348)",[[-1.]],-13.755767395490645,0.732227147326947,0.5
"(1340, 1349)",[[-1.]],-11.154084705625671,3.959633524779747,0.5
"(1341, 1350)",[[-1.]],-12.696012846710618,1.5775551108393913,0.5
"(1342, 1351)",[[-1.]],-12.378254668792541,2.2965801985799246,0.5
"(1343, 1352)",[[-1.]],-11.57416882024033,2.937262635905629,0.5
"(1344, 1353)",[[-1.]],-13.26423769307489,0.9983594737661488,0.5
"(1345, 1354)",[[-1.]],-10.0912003270616,5.042897611009042,0.5
"(1346, 1355)",[[-1.]],-13.484821506750732,0.7254544599706065,0.5
"(1347, 1356)",[[-1.]],-12.092462967567949,2.3517410838423345,0.5
"(1348, 1357)",[[-1.]],-13.321011493464628,1.0510531716709757,0.5
"(1349, 1358)",[[-1.]],-11.337329124933946,3.4327265106494202,0.5
"(1350, 1359)",[[-1.]],-13.192153678209094,1.1107750824507967,0.5
"(1351, 1360)",[[-1.]],-13.37607253290377,1.488154571683559,0.5
"(1352, 1361)",[[1.]],-12.316014208181029,3.721070860495466,2.5
"(1353, 1362)",[[-1.]],-14.840949753721167,0.954805955107819,0.5
"(1354, 1363)",[[-1.]],-13.633286272319497,2.5565800489974464,0.5
"(1355, 1364)",[[-1.]],-15.402283072781705,0.43298045825823017,0.5
"(1356, 1365)",[[-1.]],-11.417297254326687,5.490783459324623,0.5
"(1357, 1366)",[[-1.]],-15.367232756542597,0.554515479226648,0.5
"(1358, 1367)",[[-1.]],-11.109968457950163,5.917279655137438,0.5
"(1359, 1368)",[[-1.]],-15.353496636859685,0.5422822727544396,0.5
"(1360, 1369)",[[-1.]],-10.337783053056908,6.745013172505352,0.5
"(1361, 1370)",[[-1.]],-15.227189771462776,0.26283239752558885,0.5
"(1362, 1371)",[[-1.]],-12.506781056704938,2.583173051628467,0.5
"(1363, 1372)",[[-1.]],-13.695603022323937,0.629347209618242,0.5
"(1364, 1373)",[[-1.]],-13.031158679426559,1.084912164331822,0.5
"(1365, 1374)",[[-1.]],-12.6578440564612,0.7724565593415456,0.5
"(1366, 1375)",[[-1.]],-12.720911576029382,0.7076807643867014,0.5
"(1367, 1376)",[[-1.]],-13.012731385680098,0.34374804605231546,0.5
"(1368, 1377)",[[-1.]],-12.422568773547793,1.0732748336568534,0.5
"(1369, 1378)",[[1.]],-13.136286599974179,0.44079013335558415,2.5
"(1370, 1379)",[[-1.]],-12.197782230863313,1.5281761225458794,0.5
"(1371, 1380)",[[-1.]],-12.525176867966257,0.8434950220081454,0.5
"(1372, 1381)",[[1.]],-11.042680924721783,2.6906341322052185,2.5
"(1373, 1382)",[[-1.]],-10.58553490873413,3.15733021479209,0.5
"(1374, 1383)",[[1.]],-9.546312976600131,5.030688631396885,2.5
"(1375, 1384)",[[1.]],-11.33111621018199,2.785872578739685,2.5
"(1376, 1385)",[[-1.]],-9.5659657400573,5.010888292223793,0.5
"(1377, 1386)",[[1.]],-10.624188338950583,4.016512027270458,2.5
"(1378, 1387)",[[1.]],-13.146414619752418,1.710208986649297,2.5
"(1379, 1388)",[[-1.]],-11.96047346133149,3.4069727161127847,0.5
"(1380, 1389)",[[-1.]],-11.698123829639371,3.9403010186385377,0.5
"(1381, 1390)",[[-1.]],-12.314791551819582,3.1722678423688038,0.5
"(1382, 1391)",[[1.]],-12.157825089255157,3.6650711851163873,2.5
"(1383, 1392)",[[-1.]],-12.09075880668644,3.898337721639681,0.5
"(1384, 1393)",[[-1.]],-11.998217349689348,3.8676778338699016,0.5
"(1385, 1394)",[[-1.]],-9.239633887946312,7.547202141056161,0.5
"(1386, 1395)",[[-1.]],-12.897430209534352,2.9865098998397475,0.5
"(1387, 1396)",[[-1.]],-9.809062528135428,6.824539253780896,0.5
"(1388, 1397)",[[1.]],-11.461868456153388,4.352846186214046,2.5
"(1389, 1398)",[[-1.]],-11.497978307048845,4.915634797911947,0.5
"(1390, 1399)",[[-1.]],-13.411695852447508,2.4349316881700247,0.5
"(1391, 1400)",[[-1.]],-12.306130429096221,4.115875266043092,0.5
"(1392, 1401)",[[-1.]],-13.92357302777455,2.065525474041902,0.5
"(1393, 1402)",[[-1.]],-13.418850321826516,2.777578992840521,0.5
"(1394, 1403)",[[-1.]],-14.623042534530944,1.3105020850302278,0.5
"(1395, 1404)",[[-1.]],-12.641400590594882,3.5125477769378524,0.5
"(1396, 1405)",[[-1.]],-13.751837529243646,2.0729043405628875,0.5
"(1397, 1406)",[[-1.]],-12.520451670387576,3.518365646126165,0.5
"(1398, 1407)",[[-1.]],-14.606058762327628,1.1065174545472694,0.5
"(1399, 1408)",[[-1.]],-12.863575774467618,2.23223360563097,0.5
"(1400, 1409)",[[-1.]],-13.589776736971922,1.461181714018469,0.5
"(1401, 1410)",[[-1.]],-8.815904295352626,7.455692981279348,0.5
"(1402, 1411)",[[-1.]],-12.363223642796555,2.898119052182235,0.5
"(1403, 1412)",[[-1.]],-10.24813526143739,5.387858211230384,0.5
"(1404, 1413)",[[-1.]],-13.301087772652224,1.2078136254271605,0.5
"(1405, 1414)",[[-1.]],-12.035367478295951,2.7711918722029907,0.5
"(1406, 1415)",[[-1.]],-13.188135135827357,1.5326002214737748,0.5
"(1407, 1416)",[[-1.]],-9.503086728664394,6.662784815492053,0.5
"(1408, 1417)",[[-1.]],-10.34660224514662,4.990045597767622,0.5
"(1409, 1418)",[[-1.]],-11.637545598607753,3.5932821596858737,0.5
"(1410, 1419)",[[-1.]],-13.68769340086621,1.4542372906001333,0.5
"(1411, 1420)",[[-1.]],-12.833413478541337,1.990528833897983,0.5
"(1412, 1421)",[[-1.]],-12.624124110035595,2.1422172696463306,0.5
"(1413, 1422)",[[-1.]],-9.91279900867811,5.942506073780045,0.5
"(1414, 1423)",[[-1.]],-14.239633806077325,1.0837947617800125,0.5
"(1415, 1424)",[[-1.]],-14.18104027959691,1.623554323151998,0.5
"(1416, 1425)",[[-1.]],-14.934949445818155,0.5143709863733541,0.5
"(1417, 1426)",[[1.]],-14.176172821509637,0.9416450798260705,2.5
"(1418, 1427)",[[-1.]],-14.735164192886984,0.17146215602639714,0.5
"(1419, 1428)",[[-1.]],-13.890242205737248,1.1515965519338138,0.5
"(1420, 1429)",[[-1.]],-14.509598383641972,0.12372535499744686,0.5
"(1421, 1430)",[[-1.]],-14.513173716095494,0.09658836451216857,0.5
"(1422, 1431)",[[1.]],-14.549857945410448,0.08206262000884834,2.5
"(1423, 1432)",[[1.]],-13.978627319028297,1.4087253352021012,2.5
"(1424, 1433)",[[1.]],-15.387887470713018,0.5275882353203762,2.5
"(1425, 1434)",[[-1.]],-13.61683157783492,2.6078191818767795,0.5
"(1426, 1435)",[[-1.]],-15.589280284624028,0.23558345620060805,0.5
"(1427, 1436)",[[1.]],-12.633065522348963,4.066746761901028,2.5
"(1428, 1437)",[[1.]],-15.396522330057945,0.6534814594743521,2.5
"(1429, 1438)",[[1.]],-12.732025313548416,4.5266570413191145,2.5
"(1430, 1439)",[[1.]],-15.526736001254127,1.0398113660661865,2.5
"(1431, 1440)",[[-1.]],-13.380852734129478,3.9533040911677695,0.5
"(1432, 1441)",[[-1.]],-14.939926748891413,2.2575163399718807,0.5
"(1433, 1442)",[[1.]],-12.854255758194947,5.015842328774383,2.5
"(1434, 1443)",[[1.]],-13.098176161864872,3.9672134287566347,2.5
"(1435, 1444)",[[1.]],-10.778698280566532,6.776081261537018,2.5
"(1436, 1445)",[[-1.]],-12.626490213384528,4.472159709132247,0.5
"(1437, 1446)",[[1.]],-10.483607082922195,7.009882329801025,2.5
"(1438, 1447)",[[-1.]],-13.085565465214614,3.747956403634424,0.5
"(1439, 1448)",[[-1.]],-13.324743163303408,2.773891172834528,0.5
"(1440, 1449)",[[-1.]],-9.852228483987341,7.217944075364059,0.5
"(1441, 1450)",[[-1.]],-13.08220175189896,2.9131441850881803,0.5
"(1442, 1451)",[[-1.]],-11.813649439028282,4.145087011678907,0.5
"(1443, 1452)",[[-1.]],-10.69046809947967,3.6575410347651527,0.5
"(1444, 1453)",[[-1.]],-13.915975825278482,0.3993229058206076,0.5
"(1445, 1454)",[[-1.]],-12.591067887690851,2.0252557258269235,0.5
"(1446, 1455)",[[-1.]],-14.10261308317556,0.17254038227964408,0.5
"(1447, 1456)",[[-1.]],-13.253948247819821,1.3077817022460643,0.5
"(1448, 1457)",[[-1.]],-15.222224675724725,0.5229638915174899,0.5
"(1449, 1458)",[[-1.]],-14.622707131910932,1.457774149706907,0.5
"(1450, 1459)",[[-1.]],-15.284303729414967,0.4052688094224415,0.5
"(1451, 1460)",[[-1.]],-14.645003815508062,1.324756054422096,0.5
"(1452, 1461)",[[-1.]],-15.094731376372932,1.02702678721883,0.5
"(1453, 1462)",[[-1.]],-14.61295643050448,1.3791934192966018,0.5
"(1454, 1463)",[[-1.]],-14.694051255508041,1.6108747004430555,0.5
"(1455, 1464)",[[-1.]],-14.168738484262516,2.2121743893440993,0.5
"(1456, 1465)",[[-1.]],-14.523205372044707,1.7755862088477734,0.5
"(1457, 1466)",[[-1.]],-13.203976048108537,3.4876355276767477,0.5
"(1458, 1467)",[[-1.]],-13.424906315046728,2.549458786073169,0.5
"(1459, 1468)",[[-1.]],-13.877313136603558,1.9291911515643587,0.5
"(1460, 1469)",[[-1.]],-13.748860494276315,3.255916648486634,0.5
"(1461, 1470)",[[1.]],-11.470926969987904,6.198539611316743,2.5
"(1462, 1471)",[[-1.]],-13.282818000136858,3.669241829730378,0.5
"(1463, 1472)",[[-1.]],-10.502201349138385,7.227466311204424,0.5
"(1464, 1473)",[[-1.]],-11.480170315796423,5.430086647274194,0.5
"(1465, 1474)",[[-1.]],-12.899676801467791,3.6314763139963837,0.5
"(1466, 1475)",[[-1.]],-10.87524087261941,6.175406734993828,0.5
"(1467, 1476)",[[1.]],-10.457486928005498,6.625919834669988,2.5
"(1468, 1477)",[[-1.]],-12.718130709953943,3.7960034258947264,0.5
"(1469, 1478)",[[1.]],-10.484979843664158,6.642269671195168,2.5
"(1470, 1479)",[[-1.]],-11.397154483499337,4.06634652446027,0.5
"(1471, 1480)",[[-1.]],-10.277181555258107,4.815712929870603,0.5
"(1472, 1481)",[[-1.]],-12.01881367810358,2.442062674332579,0.5
"(1473, 1482)",[[1.]],-10.802305624365896,3.7053023760706907,2.5
"(1474, 1483)",[[1.]],-14.40737775937511,0.8270777168903845,2.5
"(1475, 1484)",[[1.]],-13.337120752865491,2.057369885599474,2.5
"(1476, 1485)",[[1.]],-14.186007026386175,0.9646503234097352,2.5
"(1477, 1486)",[[1.]],-13.121897334336143,2.3436369485947743,2.5
"(1478, 1487)",[[1.]],-14.13150436562748,1.1001399298598429,2.5
"(1479, 1488)",[[-1.]],-14.316873445294794,0.9053677852706077,0.5
"(1480, 1489)",[[1.]],-14.123296408068871,1.303772424088283,2.5
"(1481, 1490)",[[-1.]],-14.340242824900661,1.2179025469056342,0.5
"(1482, 1491)",[[1.]],-14.42571658208314,1.2961393338879184,2.5
"(1483, 1492)",[[-1.]],-13.578482110943694,2.209638867326653,0.5
"(1484, 1493)",[[-1.]],-10.240658217284098,4.207527287931768,0.5
"(1485, 1494)",[[-1.]],-10.916973389333972,3.621853298937811,0.5
"(1486, 1495)",[[-1.]],-8.6795056384378,6.381496129186816,0.5
"(1487, 1496)",[[-1.]],-11.602300520459043,2.6889664319633173,0.5
"(1488, 1497)",[[-1.]],-11.379218762341226,3.3229283481867675,0.5
"(1489, 1498)",[[-1.]],-7.901380101927639,7.938032181902916,0.5
"(1490, 1499)",[[-1.]],-7.268137666558606,8.834625626953889,0.5
"(1491, 1500)",[[-1.]],-10.798584752455803,4.764923849844688,0.5
"(1492, 1501)",[[-1.]],-11.112202282979018,4.338850940467225,0.5
"(1493, 1502)",[[-1.]],-12.028045032259088,3.370666035830908,0.5
"(1494, 1503)",[[-1.]],-11.843431161677227,3.5426980183668615,0.5
"(1495, 1504)",[[-1.]],-12.554721830437416,2.664771987369477,0.5
"(1496, 1505)",[[-1.]],-11.689579984562403,3.8269137913412514,0.5
"(1497, 1506)",[[-1.]],-13.655615948507155,1.6858812900366065,0.5
"(1498, 1507)",[[-1.]],-12.543306488199253,2.789969701969854,0.5
"(1499, 1508)",[[-1.]],-14.338875927519574,0.47932723320238324,0.5
"(1500, 1509)",[[-1.]],-12.812989230916763,2.3071496871751798,0.5
"(1501, 1510)",[[-1.]],-13.91687259182569,0.6534966948310093,0.5
"(1502, 1511)",[[-1.]],-12.674487663420331,2.2026335517185736,0.5
"(1503, 1512)",[[-1.]],-13.61454921355226,0.7791493312195392,0.5
"(1504, 1513)",[[-1.]],-11.958685945489334,3.260842866791158,0.5
"(1505, 1514)",[[-1.]],-14.556895528224711,1.0256239866775658,0.5
"(1506, 1515)",[[-1.]],-12.897533002516752,2.955218472151623,0.5
"(1507, 1516)",[[-1.]],-11.56872833465395,4.5749438367137945,0.5
"(1508, 1517)",[[-1.]],-11.452107937308245,5.703767239092736,0.5
"(1509, 1518)",[[-1.]],-11.896827652926424,5.096327277613577,0.5
"(1510, 1519)",[[-1.]],-12.940244662452258,3.7584827308150803,0.5
"(1511, 1520)",[[-1.]],-11.56494595586235,5.4492177612600265,0.5
"(1512, 1521)",[[1.]],-10.961970932009288,6.263091963140932,2.5
"(1513, 1522)",[[-1.]],-12.423948603389675,4.3958634678760315,0.5
"(1514, 1523)",[[-1.]],-13.129139462387679,3.4567895332561296,0.5
"(1515, 1524)",[[1.]],-12.30655491732553,3.9845514114973586,2.5
"(1516, 1525)",[[-1.]],-14.442225730896087,1.3093112326509697,0.5
"(1517, 1526)",[[-1.]],-14.803455691990342,0.9969494633579536,0.5
"(1518, 1527)",[[-1.]],-13.637839735009132,1.072681907146844,0.5
"(1519, 1528)",[[1.]],-13.235515631891165,1.6182585762036084,2.5
"(1520, 1529)",[[-1.]],-12.649899140646552,2.3478300895325965,0.5
"(1521, 1530)",[[-1.]],-13.183026965971225,1.2716356615823408,0.5
"(1522, 1531)",[[-1.]],-12.239960519074206,2.048087122638048,0.5
"(1523, 1532)",[[-1.]],-13.625483291238803,0.7001514832709788,0.5
"(1524, 1533)",[[-1.]],-13.158435964664827,1.50701463453629,0.5
"(1525, 1534)",[[1.]],-13.16103402847948,1.4401252754413072,2.5
"(1526, 1535)",[[1.]],-12.804087113575656,1.9076314120357836,2.5
"(1527, 1536)",[[1.]],-13.09502133706347,0.6396513300358464,2.5
"(1528, 1537)",[[1.]],-13.233095988400422,0.6056792079618116,2.5
"(1529, 1538)",[[-1.]],-11.615306820864157,2.8806443814049416,0.5
"(1530, 1539)",[[-1.]],-13.597035307050595,0.6237665423393697,0.5
"(1531, 1540)",[[1.]],-10.537960385236758,4.537437204375289,2.5
"(1532, 1541)",[[1.]],-13.736503714543462,0.5275798707925912,2.5
"(1533, 1542)",[[1.]],-11.976583811692052,3.430049917828697,2.5
"(1534, 1543)",[[-1.]],-13.28407366299688,1.8522215532440338,0.5
"(1535, 1544)",[[-1.]],-11.606271959442221,3.971756526996572,0.5
"(1536, 1545)",[[-1.]],-13.0254268489882,2.1715798257508254,0.5
"(1537, 1546)",[[-1.]],-12.220918055513666,3.189692372139607,0.5
"(1538, 1547)",[[-1.]],-13.282460610723888,1.7126174865812551,0.5
"(1539, 1548)",[[-1.]],-12.254838252153757,2.654696799314875,0.5
"(1540, 1549)",[[-1.]],-11.251477928798979,3.719166722699617,0.5
"(1541, 1550)",[[-1.]],-13.079646693316011,1.4001117632492814,0.5
"(1542, 1551)",[[-1.]],-11.918751123269303,2.9077130862985854,0.5
"(1543, 1552)",[[-1.]],-10.073348176410672,4.336517239882539,0.5
"(1544, 1553)",[[-1.]],-12.512848095083292,0.5907944104432801,0.5
"(1545, 1554)",[[-1.]],-10.215610005421214,3.456551202348873,0.5
"(1546, 1555)",[[-1.]],-10.71553778168334,3.018282530658805,0.5
"(1547, 1556)",[[-1.]],-10.80569634260687,3.081863011434166,0.5
"(1548, 1557)",[[-1.]],-11.99732909756151,1.6894668952265874,0.5
"(1549, 1558)",[[-1.]],-12.87419788312624,0.5708796492650734,0.5
"(1550, 1559)",[[-1.]],-11.773347298456033,1.975659928013716,0.5
"(1551, 1560)",[[-1.]],-10.792491091170907,3.610972130387456,0.5
"(1552, 1561)",[[-1.]],-13.809285374473,0.2414342222786594,0.5
"(1553, 1562)",[[-1.]],-13.14161943711608,0.7595553426237167,0.5
"(1554, 1563)",[[-1.]],-13.383640176017106,0.6133764526210115,0.5
"(1555, 1564)",[[-1.]],-12.798086182943385,1.5145378912520755,0.5
"(1556, 1565)",[[-1.]],-13.847299689901211,0.44444484535346973,0.5
"(1557, 1566)",[[-1.]],-11.99992931176567,2.7527897144559113,0.5
"(1558, 1567)",[[-1.]],-13.23826771900733,1.2451740615773623,0.5
"(1559, 1568)",[[-1.]],-12.582394538273075,2.3343239917051832,0.5
"(1560, 1569)",[[1.]],-11.776004604876906,3.7368796660820323,2.5
"(1561, 1570)",[[-1.]],-10.76334077423545,4.793335902461845,0.5
"(1562, 1571)",[[-1.]],-9.811065418103674,5.707046147115783,0.5
"(1563, 1572)",[[-1.]],-7.866182898408649,8.194993321435838,0.5
"(1564, 1573)",[[-1.]],-9.911564186535509,5.62209281638356,0.5
"(1565, 1574)",[[1.]],-11.525700511710385,3.8832071983476375,2.5
"(1566, 1575)",[[-1.]],-10.367816507883294,5.162936907991607,0.5
"(1567, 1576)",[[-1.]],-11.591284457061924,3.6564891309735508,0.5
"(1568, 1577)",[[1.]],-10.427858073394123,5.056879517977425,2.5
"(1569, 1578)",[[-1.]],-12.328010031591072,2.573233917973191,0.5
"(1570, 1579)",[[-1.]],-14.640537484624842,1.9690644936280428,0.5
"(1571, 1580)",[[-1.]],-14.56120350082175,2.0892130295161913,0.5
"(1572, 1581)",[[-1.]],-15.175377863245243,1.347340041427863,0.5
"(1573, 1582)",[[1.]],-14.382605545844134,2.3464101121542438,2.5
"(1574, 1583)",[[-1.]],-15.088080083901046,1.3590495093606343,0.5
"(1575, 1584)",[[-1.]],-14.95874692171438,1.3512380524825254,0.5
"(1576, 1585)",[[-1.]],-14.823856861921694,1.5438985745545324,0.5
"(1577, 1586)",[[1.]],-13.730935907203829,2.8631278353513396,2.5
"(1578, 1587)",[[1.]],-13.747016586281406,2.74455133570602,2.5
"(1579, 1588)",[[1.]],-13.057012486180769,3.7397788643984846,2.5
"(1580, 1589)",[[-1.]],-10.680713561859655,3.9619986363678112,0.5
"(1581, 1590)",[[-1.]],-9.461601995812279,5.7654776270035555,0.5
"(1582, 1591)",[[-1.]],-8.813873389009807,6.450212328915615,0.5
"(1583, 1592)",[[1.]],-9.543160089516068,5.533397142049219,2.5
"(1584, 1593)",[[-1.]],-8.19469121954639,7.3086246672197,0.5
"(1585, 1594)",[[-1.]],-14.546395879399368,1.6317060265941965,0.5
"(1586, 1595)",[[-1.]],-13.268107324696485,3.300971080244672,0.5
"(1587, 1596)",[[-1.]],-14.580732717876451,1.78679073051328,0.5
"(1588, 1597)",[[-1.]],-13.503065487391005,3.1625584997362166,0.5
"(1589, 1598)",[[-1.]],-14.76373295342339,1.753628946975467,0.5
"(1590, 1599)",[[1.]],-11.87937116084311,5.554308665933691,2.5
"(1591, 1600)",[[-1.]],-15.032716615812362,1.6895238771731282,0.5
"(1592, 1601)",[[-1.]],-11.776986981371765,5.883000906657897,0.5
"(1593, 1602)",[[-1.]],-14.262236110525727,2.7642321737605657,0.5
"(1594, 1603)",[[1.]],-11.240786070234941,6.49503349846859,2.5
"(1595, 1604)",[[-1.]],-12.844549252701112,3.077395583130107,0.5
"(1596, 1605)",[[-1.]],-10.54433105112991,6.022283900205505,0.5
"(1597, 1606)",[[-1.]],-13.26479233773434,2.614616698858022,0.5
"(1598, 1607)",[[-1.]],-13.79814024582179,2.1194885844600506,0.5
"(1599, 1608)",[[-1.]],-13.527894336645025,2.0731145365315022,0.5
"(1600, 1609)",[[-1.]],-13.60208448334444,1.7526994356820325,0.5
"(1601, 1610)",[[-1.]],-12.656294989124566,2.944983345506758,0.5
"(1602, 1611)",[[-1.]],-14.476992162532502,0.6828227385300067,0.5
"(1603, 1612)",[[-1.]],-14.249093017825839,1.1345958663484055,0.5
"(1604, 1613)",[[-1.]],-14.55086428784193,0.8099083017525288,0.5
"(1605, 1614)",[[-1.]],-14.358073577090579,1.1277042492379863,0.5
"(1606, 1615)",[[-1.]],-14.104661003884662,1.2423801173878388,0.5
"(1607, 1616)",[[-1.]],-13.829731244880065,1.449547160496838,0.5
"(1608, 1617)",[[-1.]],-13.866503987644073,1.0583159378909741,0.5
"(1609, 1618)",[[-1.]],-13.950347314304581,0.6562086165077439,0.5
"(1610, 1619)",[[-1.]],-12.94386532513731,1.9910854706078176,0.5
"(1611, 1620)",[[-1.]],-13.841568047466115,0.7708587421538766,0.5
"(1612, 1621)",[[-1.]],-11.99560769398045,2.3918990743296646,0.5
"(1613, 1622)",[[1.]],-13.398447006747112,0.9319179620497984,2.5
"(1614, 1623)",[[-1.]],-11.924443933863891,3.045465594961911,0.5
"(1615, 1624)",[[1.]],-11.635090761853695,5.12651541639571,2.5
"(1616, 1625)",[[1.]],-13.520039445422158,2.838851888800784,2.5
"(1617, 1626)",[[-1.]],-14.031482662649854,2.2270091099796296,0.5
"(1618, 1627)",[[-1.]],-14.825134508909425,1.3126188745792362,0.5
"(1619, 1628)",[[1.]],-12.344806563243093,4.416865363070112,2.5
"(1620, 1629)",[[-1.]],-15.282545161806699,0.7409093878814481,0.5
"(1621, 1630)",[[-1.]],-13.364387769056249,3.931689474177036,0.5
"(1622, 1631)",[[-1.]],-16.67073110709042,1.1246162136975908,0.5
"(1623, 1632)",[[1.]],-16.38232746087461,1.61049794652223,2.5
"(1624, 1633)",[[1.]],-17.03706651479652,0.586577452730622,2.5
"(1625, 1634)",[[-1.]],-15.817985754546024,1.6493888636050533,0.5
"(1626, 1635)",[[-1.]],-16.918076484061963,0.19177697719628561,0.5
"(1627, 1636)",[[0.99987686]],-15.667914500708495,1.746006823841988,2.499876856803894
"(1628, 1637)",[[-1.]],-16.7794315883774,0.4501868391016348,0.5
"(1629, 1638)",[[1.]],-15.74460122178297,1.6632697238188805,2.5
"(1630, 1639)",[[1.]],-16.342698605882568,0.8516600921294195,2.5
"(1631, 1640)",[[1.]],-15.302391827044916,1.9116257834836645,2.5
"(1632, 1641)",[[-1.]],-13.935479071423249,1.3819406672655763,0.5
"(1633, 1642)",[[-1.]],-14.013700226668998,1.2220626311897274,0.5
"(1634, 1643)",[[1.]],-13.719710578367225,1.926282388235503,2.5
"(1635, 1644)",[[1.]],-14.375127720155092,1.0524015532018218,2.5
"(1636, 1645)",[[-1.]],-13.897185810173424,1.4568124204125166,0.5
"(1637, 1646)",[[-1.]],-13.919116153627687,1.2506761262139356,0.5
"(1638, 1647)",[[-1.]],-11.931114414086956,2.445457014204109,0.5
"(1639, 1648)",[[-1.]],-12.285479108535466,1.813276731259549,0.5
"(1640, 1649)",[[1.]],-13.387833666852917,1.4688363592603224,2.5
"(1641, 1650)",[[-1.]],-13.474058194431928,1.1797861990618426,0.5
"(1642, 1651)",[[-1.]],-13.120068291068973,1.6331732150353702,0.5
"(1643, 1652)",[[-1.]],-13.191994165392812,1.4973001803944452,0.5
"(1644, 1653)",[[-1.]],-12.795019894334,1.8619156313359095,0.5
"(1645, 1654)",[[-1.]],-11.954303048095213,3.35584017914052,0.5
"(1646, 1655)",[[-1.]],-14.082777463432555,1.083544727013166,0.5
"(1647, 1656)",[[-1.]],-12.894427014805947,2.570887803722563,0.5
"(1648, 1657)",[[-1.]],-14.095367745566955,1.0030152301889608,0.5
"(1649, 1658)",[[-1.]],-12.952544710853017,2.376004914047563,0.5
"(1650, 1659)",[[-1.]],-13.361268789170568,1.4030967067565072,0.5
"(1651, 1660)",[[-1.]],-13.444225528617068,1.514969526266249,0.5
"(1652, 1661)",[[-1.]],-13.351017481389878,1.4582995561107381,0.5
"(1653, 1662)",[[-1.]],-12.736126592329894,2.2397716589277863,0.5
"(1654, 1663)",[[-1.]],-13.555968776855902,1.1510885454487756,0.5
"(1655, 1664)",[[-1.]],-13.250411808713018,1.0165992240236577,0.5
"(1656, 1665)",[[-1.]],-11.520165807164796,2.9847135531557676,0.5
"(1657, 1666)",[[-1.]],-13.40191356169925,0.6872657877766919,0.5
"(1658, 1667)",[[-1.]],-11.7339242485811,2.774948011138907,0.5
"(1659, 1668)",[[-1.]],-13.261376483706844,1.0080724209548038,0.5
"(1660, 1669)",[[-1.]],-11.340389884728651,3.321259880625334,0.5
"(1661, 1670)",[[-1.]],-12.066133842328453,2.1353524718127836,0.5
"(1662, 1671)",[[-1.]],-12.396701063321443,1.7020122725323041,0.5
"(1663, 1672)",[[-1.]],-11.133502272556626,3.2434709343179478,0.5
"(1664, 1673)",[[-1.]],-12.399226112247241,1.2909498959768584,0.5
"(1665, 1674)",[[-1.]],-11.872561314124722,2.9151922765182476,0.5
"(1666, 1675)",[[-1.]],-12.67536233397075,1.5782892878959203,0.5
"(1667, 1676)",[[1.]],-9.528639364795918,5.779442267934758,2.5
"(1668, 1677)",[[1.]],-13.056169406221509,1.4206242001792582,2.5
"(1669, 1678)",[[-1.]],-9.970949589477524,5.349015950607992,0.5
"(1670, 1679)",[[-1.]],-12.993428534880811,1.2982410507518054,0.5
"(1671, 1680)",[[1.]],-10.57641958621927,4.3102739175913065,2.5
"(1672, 1681)",[[1.]],-14.412267505674006,1.615683170859672,2.5
"(1673, 1682)",[[1.]],-14.088763606572755,1.9806848714546295,2.5
"(1674, 1683)",[[1.]],-14.400822558323059,2.3500610420339036,2.5
"(1675, 1684)",[[1.]],-14.137924976739633,2.5655445317140106,2.5
"(1676, 1685)",[[1.]],-14.866021579948757,1.757549592528087,2.5
"(1677, 1686)",[[1.]],-14.613132458276416,2.0885869027308965,2.5
"(1678, 1687)",[[1.]],-14.897901324994715,1.7700063310089273,2.5
"(1679, 1688)",[[1.]],-14.73970868878814,2.0897098123141715,2.5
"(1680, 1689)",[[1.]],-15.172647100782617,1.8907287048431138,2.5
"(1681, 1690)",[[-1.]],-14.524317485465417,2.800227788571899,0.5
"(1682, 1691)",[[1.]],-14.32974471659543,2.128006499560211,2.5
"(1683, 1692)",[[1.]],-14.99113412992598,1.7748497076444716,2.5
"(1684, 1693)",[[-1.]],-14.165317287502509,1.7739638870896357,0.5
"(1685, 1694)",[[-1.]],-14.761322838147906,1.3608182948444512,0.5
"(1686, 1695)",[[-1.]],-13.734517941723157,2.327971585823777,0.5
"(1687, 1696)",[[-1.]],-13.67574405474596,2.31262634191415,0.5
"(1688, 1697)",[[-1.]],-13.893059666211197,1.9576246236593136,0.5
"(1689, 1698)",[[-1.]],-13.854808382024684,2.052299694267207,0.5
"(1690, 1699)",[[-1.]],-13.769219200141064,2.0605909026501603,0.5
"(1691, 1700)",[[-1.]],-14.608457305623228,0.8908501550272092,0.5
"(1692, 1701)",[[-1.]],-13.832501540831815,1.879806893018916,0.5
"(1693, 1702)",[[-1.]],-14.251163426511726,0.576761904981204,0.5
"(1694, 1703)",[[-1.]],-12.512295225795683,2.69062221165348,0.5
"(1695, 1704)",[[-1.]],-13.58043974802514,0.5972128985286993,0.5
"(1696, 1705)",[[-1.]],-12.81059556734702,1.5355279341565193,0.5
"(1697, 1706)",[[-1.]],-12.66191066974985,0.6700490963491781,0.5
"(1698, 1707)",[[-1.]],-15.024864308297722,0.5195688953278399,0.5
"(1699, 1708)",[[-1.]],-14.575444122253435,1.076744195933026,0.5
"(1700, 1709)",[[-1.]],-15.068658563147531,0.5538746369886383,0.5
"(1701, 1710)",[[-1.]],-14.899129917000494,0.6927310539165124,0.5
"(1702, 1711)",[[1.]],-14.524342297173103,2.454238805094203,2.5
"(1703, 1712)",[[-1.]],-14.750207793700131,2.2452758405870377,0.5
"(1704, 1713)",[[-1.]],-15.60625983265821,1.285167502741892,0.5
"(1705, 1714)",[[-1.]],-15.027627330615235,2.0889513102554798,0.5
"(1706, 1715)",[[1.]],-14.560120815171631,2.9984468082676266,2.5
"(1707, 1716)",[[-1.]],-15.279199155252108,2.079577690161205,0.5
"(1708, 1717)",[[-1.]],-14.307525988110543,2.651124445063692,0.5
"(1709, 1718)",[[-1.]],-15.179708929893968,1.528617896088111,0.5
"(1710, 1719)",[[1.]],-13.427456176199637,3.660834264220332,2.5
"(1711, 1720)",[[-1.]],-14.928516809628666,1.658210947157766,0.5
"(1712, 1721)",[[-1.]],-10.010618868412852,6.374234139008159,0.5
"(1713, 1722)",[[-1.]],-14.214300556468325,1.3383843870496221,0.5
"(1714, 1723)",[[1.]],-10.590254820718407,5.654050642524016,2.5
"(1715, 1724)",[[-1.]],-14.07850851746192,1.2806811511872809,0.5
"(1716, 1725)",[[-1.]],-11.93585706158497,3.3158355419231142,0.5
"(1717, 1726)",[[-1.]],-11.969389653191167,3.3109094794356153,0.5
"(1718, 1727)",[[1.]],-12.282793488982522,2.910569870245837,2.5
"(1719, 1728)",[[1.]],-12.556559229020529,2.7020634949359987,2.5
"(1720, 1729)",[[-1.]],-13.962253065388076,0.696932732876677,0.5
"(1721, 1730)",[[-1.]],-12.484082367372986,2.510533545185117,0.5
"(1722, 1731)",[[-1.]],-14.300618156078425,0.037416287951295146,0.5
"(1723, 1732)",[[1.]],-13.679517751668753,0.06530944638780056,2.5
"(1724, 1733)",[[-1.]],-15.932612706180928,0.5184257635868494,0.5
"(1725, 1734)",[[1.]],-14.437550091934789,2.4765255014931,2.5
"(1726, 1735)",[[-1.]],-16.122525034772835,0.3738878320146162,0.5
"(1727, 1736)",[[1.]],-13.242398807276324,4.006739807630491,2.5
"(1728, 1737)",[[-1.]],-15.132527548636553,1.5660136056983482,0.5
"(1729, 1738)",[[1.]],-12.720934689787033,4.599961168556117,2.5
"(1730, 1739)",[[-1.]],-13.96613233994982,3.019857329044706,0.5
"(1731, 1740)",[[-1.]],-13.692773996931193,3.3810609615106344,0.5
"(1732, 1741)",[[1.]],-11.142775086948012,6.452470647651055,2.5
"(1733, 1742)",[[1.]],-14.05486996389801,3.5763340421308514,2.5
"(1734, 1743)",[[1.]],-8.529501994454492,10.022709103971884,2.5
"(1735, 1744)",[[-1.]],-13.799800300838761,3.432528335676582,0.5
"(1736, 1745)",[[-1.]],-10.380588581895179,7.7854528075209695,0.5
"(1737, 1746)",[[-1.]],-14.069069745661764,3.5504945878423184,0.5
"(1738, 1747)",[[1.]],-12.86142302271969,5.250782586286448,2.5
"(1739, 1748)",[[-1.]],-16.13208293265637,0.8863453637680836,0.5
"(1740, 1749)",[[1.]],-13.038863274352504,5.2223355851734805,2.5
"(1741, 1750)",[[-1.]],-14.288493911794145,3.6121843995983527,0.5
"(1742, 1751)",[[1.]],-13.39692340098309,4.481893281175417,2.5
"(1743, 1752)",[[-1.]],-14.30824119004369,2.40733361066163,0.5
"(1744, 1753)",[[-1.]],-14.150746783689549,2.3703263713193437,0.5
"(1745, 1754)",[[-1.]],-14.397239127587028,2.015409103598234,0.5
"(1746, 1755)",[[-1.]],-14.11204740437688,2.386975600362673,0.5
"(1747, 1756)",[[-1.]],-13.30685454683471,2.665367990306965,0.5
"(1748, 1757)",[[-1.]],-14.728815803203354,0.7966890564941771,0.5
"(1749, 1758)",[[-1.]],-13.097249218481364,2.9561641417005458,0.5
"(1750, 1759)",[[-1.]],-12.87504936845483,1.7641659369851865,0.5
"(1751, 1760)",[[-1.]],-13.569347964820164,1.3475984737679774,0.5
"(1752, 1761)",[[-1.]],-12.546503787818601,2.7044151201862263,0.5
"(1753, 1762)",[[-1.]],-12.410832192568314,2.5785071534088893,0.5
"(1754, 1763)",[[-1.]],-11.140890582326996,4.404046825129278,0.5
"(1755, 1764)",[[-1.]],-14.011248042983306,1.0038224083889737,0.5
"(1756, 1765)",[[-1.]],-11.35410016047699,4.974867639230206,0.5
"(1757, 1766)",[[-1.]],-15.477880296184479,0.5846405842141831,0.5
"(1758, 1767)",[[-1.]],-14.162358610753893,2.281887146918187,0.5
"(1759, 1768)",[[-1.]],-15.689852350980768,0.2667245222800876,0.5
"(1760, 1769)",[[-1.]],-14.103936942595167,2.2316189579518255,0.5
"(1761, 1770)",[[-1.]],-15.577200753818207,0.16073374205092605,0.5
"(1762, 1771)",[[-1.]],-14.772603048599562,1.1056079076492704,0.5
"(1763, 1772)",[[-1.]],-15.548550257034808,0.12119365956334605,0.5
"(1764, 1773)",[[-1.]],-14.6097984863753,1.061755862579492,0.5
"(1765, 1774)",[[1.]],-15.175918777097126,0.24343780274082505,2.5
"(1766, 1775)",[[1.]],-14.176984539512326,1.0827014005059237,2.5
"(1767, 1776)",[[-1.]],-13.179464590749207,-0.3629475295580029,0.5
"(1768, 1777)",[[-1.]],-10.044123110368293,2.742403487968957,0.5
"(1769, 1778)",[[-1.]],-12.123217304064017,0.13828769749659742,0.5
"(1770, 1779)",[[1.]],-9.783914539809487,4.826706876691272,2.5
"(1771, 1780)",[[1.]],-12.883476359299307,0.9636250650197304,2.5
"(1772, 1781)",[[1.]],-13.674488686458771,2.4166543356272765,2.5
"(1773, 1782)",[[-1.]],-12.760464570013607,3.6030709392221087,0.5
"(1774, 1783)",[[-1.]],-13.564544611538846,2.6562311152620133,0.5
"(1775, 1784)",[[1.]],-12.557122161250845,3.9265762780582367,2.5
"(1776, 1785)",[[1.]],-13.5064191155217,2.8523447845023764,2.5
"(1777, 1786)",[[-1.]],-13.772975513499318,2.658961536279703,0.5
"(1778, 1787)",[[1.]],-14.8636049934156,1.974187519665347,2.5
"(1779, 1788)",[[1.]],-13.263889376378302,4.531150034532903,2.5
"(1780, 1789)",[[-1.]],-13.973225051064299,3.403066443588024,0.5
"(1781, 1790)",[[-1.]],-11.786584589492241,6.172493671369914,0.5
"(1782, 1791)",[[-1.]],-13.933788682937346,2.450018532958433,0.5
"(1783, 1792)",[[1.]],-10.07371291989236,7.3120006394919095,2.5
"(1784, 1793)",[[-1.]],-13.814577628926239,2.582060049095814,0.5
"(1785, 1794)",[[-1.]],-13.287992555854144,3.222432222493638,0.5
"(1786, 1795)",[[-1.]],-13.881698188331727,2.4487581375449192,0.5
"(1787, 1796)",[[1.]],-7.468751924863715,10.455742918480171,2.5
"(1788, 1797)",[[-1.]],-14.533090102476425,1.1642726312776457,0.5
"(1789, 1798)",[[-1.]],-12.456843131969825,2.303182492078042,0.5
"(1790, 1799)",[[-1.]],-13.062675660586518,1.5463917638223261,0.5
"(1791, 1800)",[[-1.]],-12.437650100471972,2.3528723791898205,0.5
"(1792, 1801)",[[-1.]],-12.583259858321684,2.5380190568590564,0.5
"(1793, 1802)",[[-1.]],-12.24458566305285,2.9543490441540214,0.5
"(1794, 1803)",[[-1.]],-12.656139554128153,2.31079053098037,0.5
"(1795, 1804)",[[-1.]],-10.866097696840079,4.465158026181783,0.5
"(1796, 1805)",[[-1.]],-11.947448377400141,3.024914772487733,0.5
"(1797, 1806)",[[-1.]],-7.819646940398605,8.377292179957244,0.5
"(1798, 1807)",[[-1.]],-10.28924208044891,5.229157363659809,0.5
"(1799, 1808)",[[-1.]],-12.319798014740067,2.9445066376330047,0.5
"(1800, 1809)",[[-1.]],-8.980785545765524,7.054129501052948,0.5
"(1801, 1810)",[[-1.]],-12.314026806640403,2.7839459128172557,0.5
"(1802, 1811)",[[-1.]],-12.214289785643304,2.815353186670553,0.5
"(1803, 1812)",[[-1.]],-13.755477094331303,1.0465003688234376,0.5
"(1804, 1813)",[[-1.]],-11.69101839738503,3.489270330291596,0.5
"(1805, 1814)",[[-1.]],-12.273587760254772,2.94117427464516,0.5
"(1806, 1815)",[[-1.]],-11.274017559644061,4.34577098781471,0.5
"(1807, 1816)",[[-1.]],-10.684242861961462,5.098146970634605,0.5
"(1808, 1817)",[[-1.]],-13.776887976106691,2.3747319691895754,0.5
"(1809, 1818)",[[-1.]],-14.255063095934851,1.9777267503213576,0.5
"(1810, 1819)",[[-1.]],-14.057520730809395,2.134774147380572,0.5
"(1811, 1820)",[[-1.]],-14.262023489754444,1.739097206293664,0.5
"(1812, 1821)",[[-1.]],-14.673739441016128,1.2614871438721362,0.5
"(1813, 1822)",[[-1.]],-14.260721348833478,1.753213619085093,0.5
"(1814, 1823)",[[-1.]],-14.3722240896603,1.6440821956015839,0.5
"(1815, 1824)",[[1.]],-14.173612638970367,1.9674139375068727,2.5
"(1816, 1825)",[[-1.]],-14.96941075105123,1.0313618372650826,0.5
"(1817, 1826)",[[-1.]],-13.876549457007556,2.3496853638171054,0.5
"(1818, 1827)",[[-1.]],-13.86510801162749,1.889224101162645,0.5
"(1819, 1828)",[[-1.]],-12.735582951750233,3.3093707342676257,0.5
"(1820, 1829)",[[1.]],-13.347577269570788,2.7310809219034837,2.5
"(1821, 1830)",[[-1.]],-12.80907769175803,3.280034656028171,0.5
"(1822, 1831)",[[-1.]],-12.981321887849386,2.9154588209513825,0.5
"(1823, 1832)",[[1.]],-13.853891674613157,1.7672165779754838,2.5
"(1824, 1833)",[[1.]],-12.453254339499969,3.4702916252736618,2.5
"(1825, 1834)",[[1.]],-13.673744564556516,1.5881055800039459,2.5
"(1826, 1835)",[[1.]],-12.210332645820156,3.3517589141366173,2.5
"(1827, 1836)",[[1.]],-14.202025000532455,1.4100174106957493,2.5
"(1828, 1837)",[[-1.]],-9.686264543940835,7.202745750134067,0.5
"(1829, 1838)",[[-1.]],-14.119770604973274,1.7035606192524302,0.5
"(1830, 1839)",[[-1.]],-11.894639966459634,4.092005185285538,0.5
"(1831, 1840)",[[1.]],-13.923169172618096,1.5753786314690164,2.5
"(1832, 1841)",[[-1.]],-13.1008024095256,2.5379998855365162,0.5
"(1833, 1842)",[[-1.]],-14.26270972489717,1.1156577622148767,0.5
"(1834, 1843)",[[-1.]],-13.218176657852252,2.5745063857852255,0.5
"(1835, 1844)",[[-1.]],-14.551505439128091,0.8830751680849502,0.5
"(1836, 1845)",[[1.]],-12.38932437306214,4.885563888550046,2.5
"(1837, 1846)",[[-1.]],-15.174036584634498,1.1067609590462233,0.5
"(1838, 1847)",[[-1.]],-14.538136876568453,1.4309310833852482,0.5
"(1839, 1848)",[[-1.]],-14.782525639345229,1.1137522110713558,0.5
"(1840, 1849)",[[-1.]],-14.892236606076509,0.9669237195125806,0.5
"(1841, 1850)",[[-1.]],-14.225710698034574,1.8497796570611609,0.5
"(1842, 1851)",[[-1.]],-15.554611651353829,1.2947414980508727,0.5
"(1843, 1852)",[[-1.]],-14.368212973299897,2.7656493162966598,0.5
"(1844, 1853)",[[-1.]],-14.749934618368492,2.6351672540824795,0.5
"(1845, 1854)",[[-1.]],-15.383069509089445,1.843524410583643,0.5
"(1846, 1855)",[[-1.]],-15.226954873866566,1.6181162582398354,0.5
"(1847, 1856)",[[-1.]],-14.698245459047554,2.285120954720618,0.5
"(1848, 1857)",[[-1.]],-15.471194807911868,1.5934049299319444,0.5
"(1849, 1858)",[[-1.]],-14.43004605281244,3.032262746061866,0.5
"(1850, 1859)",[[-1.]],-14.81291761610709,2.6660802538767623,0.5
"(1851, 1860)",[[1.]],-12.202799903300853,6.374752451143726,2.5
"(1852, 1861)",[[-1.]],-13.61920019477378,3.646141243279734,0.5
"(1853, 1862)",[[-1.]],-12.252552003279543,5.23795516230528,0.5
"(1854, 1863)",[[-1.]],-12.679683448225099,3.7443893686534118,0.5
"(1855, 1864)",[[-1.]],-12.276441150691491,4.236492605125704,0.5
"(1856, 1865)",[[-1.]],-12.702409807746433,3.6834061341625066,0.5
"(1857, 1866)",[[-1.]],-11.392176206441304,5.479703394346529,0.5
"(1858, 1867)",[[-1.]],-15.007366360659637,0.724213195281596,0.5
"(1859, 1868)",[[-1.]],-14.257863905449174,1.6666749036708701,0.5
"(1860, 1869)",[[-1.]],-14.983932521110804,0.6633629941207406,0.5
"(1861, 1870)",[[-1.]],-13.102893908629722,0.9714876037605151,0.5
"(1862, 1871)",[[-1.]],-13.442427137276223,0.42369343816846694,0.5
"(1863, 1872)",[[-1.]],-12.825691439813813,1.3011522260402266,0.5
"(1864, 1873)",[[-1.]],-13.26998219119639,0.5521101633143317,0.5
"(1865, 1874)",[[-1.]],-12.934953325222471,0.955616444478995,0.5
"(1866, 1875)",[[-1.]],-13.377588301112178,0.3162113147564618,0.5
"(1867, 1876)",[[-1.]],-11.924621621624853,1.3687996199964125,0.5
"(1868, 1877)",[[1.]],-10.038834489882637,4.1272664732951725,2.5
"(1869, 1878)",[[1.]],-12.564300041200317,1.01312336131436,2.5
"(1870, 1879)",[[-1.]],-11.376081368048547,2.5156945750050923,0.5
"(1871, 1880)",[[-1.]],-12.69757631981282,0.9375924961930266,0.5
"(1872, 1881)",[[-1.]],-11.737973943179895,1.9206543736450712,0.5
"(1873, 1882)",[[1.]],-13.149870426016207,0.16467007110537324,2.5
"(1874, 1883)",[[1.]],-12.941699841912241,0.9875300150460546,2.5
"(1875, 1884)",[[-1.]],-12.91358796376317,1.3706832587007973,0.5
"(1876, 1885)",[[-1.]],-12.903801035607946,1.4198374569246948,0.5
"(1877, 1886)",[[1.]],-12.13043228110143,2.64319329126854,2.5
"(1878, 1887)",[[1.]],-13.065271861629958,0.9152553815158893,2.5
"(1879, 1888)",[[-1.]],-11.339385199598917,2.9673181060709055,0.5
"(1880, 1889)",[[1.]],-12.932817681218078,1.394991694335591,2.5
"(1881, 1890)",[[1.]],-12.111095829373664,2.8441720052347588,2.5
"(1882, 1891)",[[-1.]],-13.420269664658997,1.3149342791424914,0.5
"(1883, 1892)",[[-1.]],-13.221047033317681,1.95234196743856,0.5
"(1884, 1893)",[[1.]],-14.12365631960175,0.8514986443214632,2.5
"(1885, 1894)",[[-1.]],-13.221377213732133,1.910211459965769,0.5
"(1886, 1895)",[[-1.]],-13.905404180299819,1.0114295468380874,0.5
"(1887, 1896)",[[-1.]],-14.067060699398331,0.6601979475620574,0.5
"(1888, 1897)",[[1.]],-14.735484609833811,1.3559943794725537,2.5
"(1889, 1898)",[[-1.]],-14.871486458953514,1.3008217943535811,0.5
"(1890, 1899)",[[-1.]],-14.678839539412586,1.3992076269452518,0.5
"(1891, 1900)",[[-1.]],-14.50420543825341,1.5693004979539893,0.5
"(1892, 1901)",[[-1.]],-14.545005964554054,1.5004774310886404,0.5
"(1893, 1902)",[[-1.]],-14.084739679768193,1.8663151200291992,0.5
"(1894, 1903)",[[-1.]],-14.594234218806262,1.0850489710090638,0.5
"(1895, 1904)",[[-1.]],-14.321583935124035,1.667573032460787,0.5
"(1896, 1905)",[[-1.]],-14.155404852799997,1.9201313681893915,0.5
"(1897, 1906)",[[-1.]],-14.739118182981985,1.2588575228496381,0.5
"(1898, 1907)",[[-1.]],-13.429368418432034,1.8085871458497174,0.5
"(1899, 1908)",[[-1.]],-13.85461894759871,1.2614555430997036,0.5
"(1900, 1909)",[[-1.]],-14.717160410739666,1.0271078145226262,0.5
"(1901, 1910)",[[-1.]],-12.528207562154545,3.7051621345892762,0.5
"(1902, 1911)",[[-1.]],-14.288210556368645,1.5290447832274978,0.5
"(1903, 1912)",[[-1.]],-13.811496714035643,2.0992095086108176,0.5
"(1904, 1913)",[[-1.]],-14.259456523154714,1.5877472858538209,0.5
"(1905, 1914)",[[1.]],-14.606815054649983,3.3621723955398064,2.5
"(1906, 1915)",[[-1.]],-15.641382404333061,2.318632052111269,0.5
"(1907, 1916)",[[-1.]],-13.968619202222076,4.534676535004522,0.5
"(1908, 1917)",[[-1.]],-15.423362025737363,2.630244305487988,0.5
"(1909, 1918)",[[1.]],-13.347082329255198,5.304389503218779,2.5
"(1910, 1919)",[[-1.]],-16.427243702319778,1.3287352244698187,0.5
"(1911, 1920)",[[-1.]],-15.552308429102009,2.7962495237944065,0.5
"(1912, 1921)",[[-1.]],-15.206794031447258,3.2846624874078705,0.5
"(1913, 1922)",[[1.]],-14.417402668878998,4.28656161154135,2.5
"(1914, 1923)",[[-1.]],-15.670998863070242,2.5657218475783203,0.5
"(1915, 1924)",[[-1.]],-13.608875782331681,3.5928705537417773,0.5
"(1916, 1925)",[[-1.]],-14.536041590750509,1.8939637812223413,0.5
"(1917, 1926)",[[-1.]],-13.965715365697129,2.1591247529172826,0.5
"(1918, 1927)",[[-1.]],-15.194740539004748,0.8031042053291273,0.5
"(1919, 1928)",[[1.]],-13.307009806406572,3.1515714928802208,2.5
"(1920, 1929)",[[1.]],-14.588476770502822,1.4878025626253937,2.5
"(1921, 1930)",[[-1.]],-9.736947589095598,6.00816138406989,0.5
"(1922, 1931)",[[-1.]],-12.790800776304186,1.8510553580013003,0.5
"(1923, 1932)",[[1.]],-7.610176736187398,8.187386577200563,2.5
"(1924, 1933)",[[-1.]],-13.494053904429665,0.6219638579172582,0.5
"(1925, 1934)",[[1.]],-9.554489498393778,5.615564469675899,2.5
"(1926, 1935)",[[-1.]],-13.063535619547247,1.198282715985016,0.5
"(1927, 1936)",[[-1.]],-8.72679664310428,6.530346333019468,0.5
"(1928, 1937)",[[1.]],-12.18117745735032,2.5201129642675077,2.5
"(1929, 1938)",[[1.]],-14.181789285296594,0.3433921742668691,2.5
"(1930, 1939)",[[-1.]],-13.699346201656596,1.211917479196046,0.5
"(1931, 1940)",[[-1.]],-14.288304582478117,0.5153052940739844,0.5
"(1932, 1941)",[[-1.]],-13.95641306447049,0.9653289763989505,0.5
"(1933, 1942)",[[-1.]],-14.371698560244491,0.43126131795151856,0.5
"(1934, 1943)",[[-1.]],-14.136653098522812,0.7933996794236258,0.5
"(1935, 1944)",[[-1.]],-14.371710279079759,0.33134900498206044,0.5
"(1936, 1945)",[[1.]],-14.108284114614822,1.3477383750975651,2.5
"(1937, 1946)",[[-1.]],-14.671580474305069,0.7387261000295684,0.5
"(1938, 1947)",[[-1.]],-13.437589268767566,1.9350991593974118,0.5
"(1939, 1948)",[[-1.]],-14.082282512514922,0.8538332083782709,0.5
"(1940, 1949)",[[1.]],-10.670418874734409,6.204403939773469,2.5
"(1941, 1950)",[[-1.]],-15.272997453970113,0.6634262439131149,0.5
"(1942, 1951)",[[-1.]],-13.259364659468922,3.2659886111980505,0.5
"(1943, 1952)",[[-1.]],-15.469068938001305,0.5125392662975088,0.5
"(1944, 1953)",[[-1.]],-13.414608524269505,3.0864286600475044,0.5
"(1945, 1954)",[[-1.]],-15.836555662577839,0.27030765874533635,0.5
"(1946, 1955)",[[-1.]],-15.280032463540426,0.9419725345561663,0.5
"(1947, 1956)",[[-1.]],-15.937076239800518,0.55186363877562,0.5
"(1948, 1957)",[[-1.]],-15.371698849184748,1.0127235896253026,0.5
"(1949, 1958)",[[-1.]],-15.726220808950194,0.4193187106127123,0.5
"(1950, 1959)",[[-1.]],-15.20345933248931,0.4117120857665064,0.5
"(1951, 1960)",[[-1.]],-15.125864504030826,0.41668406593543494,0.5
"(1952, 1961)",[[-1.]],-15.034565771471591,0.4767772972548663,0.5
"(1953, 1962)",[[-1.]],-15.174150852305557,0.33267577044172114,0.5
"(1954, 1963)",[[-1.]],-14.88733781759002,0.5976875119577141,0.5
"(1955, 1964)",[[-1.]],-15.065782675367062,0.15731408155113513,0.5
"(1956, 1965)",[[-1.]],-14.62152899314071,0.5043557090838817,0.5
"(1957, 1966)",[[-1.]],-14.058395765452744,0.11307246979766106,0.5
"(1958, 1967)",[[-1.]],-11.779650478115528,3.4128544542730097,0.5
"(1959, 1968)",[[-1.]],-13.866464697356212,0.8417458266978741,0.5
"(1960, 1969)",[[-1.]],-13.404041093558423,1.3284586515474892,0.5
"(1961, 1970)",[[-1.]],-13.091994480189395,1.6003527852487451,0.5
"(1962, 1971)",[[-1.]],-12.127151505477313,3.8861911153438733,0.5
"(1963, 1972)",[[-1.]],-13.271948801448353,2.3613499629772683,0.5
"(1964, 1973)",[[-1.]],-11.11646771013979,4.909117212723039,0.5
"(1965, 1974)",[[1.]],-13.728711985188466,1.6437003501248704,2.5
"(1966, 1975)",[[1.]],-13.349263817042482,2.618085848946288,2.5
"(1967, 1976)",[[-1.]],-13.600315765413928,2.209155568862908,0.5
"(1968, 1977)",[[-1.]],-14.538110982293796,0.8935080745006179,0.5
"(1969, 1978)",[[-1.]],-14.135940586858913,1.5043671389088153,0.5
"(1970, 1979)",[[1.]],-13.555461812065593,2.2080539568415407,2.5
"(1971, 1980)",[[1.]],-14.097518225136332,1.5749396417159804,2.5
"(1972, 1981)",[[-1.]],-14.250107601477024,0.5234661982829572,0.5
"(1973, 1982)",[[-1.]],-14.075025404689361,0.8289127108866463,0.5
"(1974, 1983)",[[-1.]],-13.461959811460252,2.0801509591925633,0.5
"(1975, 1984)",[[-1.]],-14.453856620240478,0.8017226849174399,0.5
"(1976, 1985)",[[1.]],-11.642229376837149,3.1883864207201924,2.5
"(1977, 1986)",[[1.]],-14.463974060663753,1.1977512124692211,2.5
"(1978, 1987)",[[1.]],-15.563115801122613,0.5303985233361281,2.5
"(1979, 1988)",[[1.]],-16.079781917147987,0.31931199428003865,2.5
"(1980, 1989)",[[1.]],-16.078007359759006,0.36400050620516655,2.5
"(1981, 1990)",[[1.]],-16.182421149661028,0.22217091040967674,2.5
"(1982, 1991)",[[-1.]],-15.950917472434234,0.5011518484491315,0.5
"(1983, 1992)",[[1.]],-16.049533223485216,0.7637189330779544,2.5
"(1984, 1993)",[[1.]],-16.24037199445096,0.5001694827869327,2.5
"(1985, 1994)",[[1.]],-15.946771797899336,0.8312481553241478,2.5
"(1986, 1995)",[[-1.]],-16.300893660120696,0.360336959430418,0.5
"(1987, 1996)",[[1.]],-15.693266579449977,0.7384354470287731,2.5
"(1988, 1997)",[[-1.]],-15.012542760389865,1.1118324609155303,0.5
"(1989, 1998)",[[-1.]],-14.025386303765046,1.8593590829263729,0.5
"(1990, 1999)",[[-1.]],-14.36139276903868,1.3151388974072287,0.5
"(1991, 2000)",[[1.]],-14.20870952989973,1.8271576662105158,2.5
"(1992, 2001)",[[-1.]],-13.580177214761626,2.646546614388102,0.5
"(1993, 2002)",[[-1.]],-12.268407323306052,3.209552415807776,0.5
"(1994, 2003)",[[-1.]],-12.82918394483004,2.6099605018863112,0.5
"(1995, 2004)",[[-1.]],-12.51707898073037,2.7759458349767225,0.5
"(1996, 2005)",[[-1.]],-12.311743510873898,3.0395424804006144,0.5
"(1997, 2006)",[[-1.]],-12.387173839417237,2.901890887963903,0.5
"(1998, 2007)",[[-1.]],-11.600827033419309,3.835946286248488,0.5
"(1999, 2008)",[[-1.]],-12.035284271646363,2.835618576948054,0.5
"(2000, 2009)",[[-1.]],-11.120609758427488,4.807166150020075,0.5
"(2001, 2010)",[[1.]],-7.8643705079417785,9.053353327979162,2.5
"(2002, 2011)",[[-1.]],-13.019879394511447,2.671053379187917,0.5
"(2003, 2012)",[[-1.]],-12.224702097466883,3.6357903979486927,0.5
"(2004, 2013)",[[-1.]],-13.200177097087682,2.5452621432827307,0.5
"(2005, 2014)",[[-0.99999297]],-13.686870574639089,2.581314126421862,0.5000070333480835
"(2006, 2015)",[[-1.]],-12.889594951349398,3.6538542091534936,0.5
"(2007, 2016)",[[-1.]],-12.536155749858223,4.113123997913146,0.5
"(2008, 2017)",[[-1.]],-12.717756507510254,4.065227804170492,0.5
"(2009, 2018)",[[-1.]],-12.66293972242755,4.072734670989323,0.5
"(2010, 2019)",[[-1.]],-13.429237541895255,2.5436082178447457,0.5
"(2011, 2020)",[[-1.]],-13.992257262776539,1.2661062349374532,0.5
"(2012, 2021)",[[-1.]],-12.07371361975982,3.6896846809243513,0.5
"(2013, 2022)",[[-1.]],-14.728678289856832,0.4677233972936108,0.5
"(2014, 2023)",[[-1.]],-11.831682551889761,3.7543126572884447,0.5
"(2015, 2024)",[[1.]],-13.750663533911059,0.4556095342042106,2.5
"(2016, 2025)",[[-1.]],-10.582431685850691,4.442975658913948,0.5
"(2017, 2026)",[[-1.]],-13.444187950403062,1.160935682155337,0.5
"(2018, 2027)",[[1.]],-11.398896605592235,3.707603552190779,2.5
"(2019, 2028)",[[-1.]],-13.313030231618946,2.008572183997435,0.5
"(2020, 2029)",[[-1.]],-11.168967705458954,4.492258954461404,0.5
"(2021, 2030)",[[-1.]],-15.480283769054472,1.8395185224470465,0.5
"(2022, 2031)",[[1.]],-15.24986130778828,2.3109857606082667,2.5
"(2023, 2032)",[[-1.]],-15.535453544434791,1.8236274518908697,0.5
"(2024, 2033)",[[-1.]],-14.557550997675351,2.9785765649487512,0.5
"(2025, 2034)",[[-1.]],-14.665280716546533,2.8383040003428492,0.5
"(2026, 2035)",[[-1.]],-14.222140523967314,3.4031399421303945,0.5
"(2027, 2036)",[[-1.]],-14.493328647909673,2.96160531819417,0.5
"(2028, 2037)",[[1.]],-14.033029096826395,3.7228113139719694,2.5
"(2029, 2038)",[[1.]],-15.660820227101986,1.715911195310099,2.5
"(2030, 2039)",[[1.]],-14.994020518020394,2.6165180830900003,2.5
"(2031, 2040)",[[1.]],-14.950936481620735,1.3253649058608792,2.5
"(2032, 2041)",[[-1.]],-14.208665773222956,2.233290698274402,0.5
"(2033, 2042)",[[1.]],-14.853133084793747,1.519891273690945,2.5
"(2034, 2043)",[[-1.]],-14.86865783267898,1.4296161514401176,0.5
"(2035, 2044)",[[1.]],-15.532722011571579,0.4834489073134822,2.5
"(2036, 2045)",[[-1.]],-15.129948020600185,0.8002547959588036,0.5
"(2037, 2046)",[[-1.]],-15.561484361347054,0.303342765588261,0.5
"(2038, 2047)",[[-1.]],-14.964580483434876,0.4721364934019956,0.5
"(2039, 2048)",[[-1.]],-15.518027362070642,1.351548913779843,0.5
"(2040, 2049)",[[-1.]],-15.13112890750313,1.7962598140171373,0.5
"(2041, 2050)",[[-1.]],-15.261090638281779,1.7160008767701775,0.5
"(2042, 2051)",[[-1.]],-15.054560635005066,2.0205595850534532,0.5
"(2043, 2052)",[[-1.]],-15.45038745179388,1.5004908089145292,0.5
"(2044, 2053)",[[-1.]],-15.099422810475879,2.011122775940585,0.5
"(2045, 2054)",[[-1.]],-15.319869240139568,1.71276199919601,0.5
"(2046, 2055)",[[-1.]],-15.20523917334624,1.9002869876766866,0.5
"(2047, 2056)",[[-1.]],-14.200251997824154,3.2629280023367375,0.5
"(2048, 2057)",[[-1.]],-15.513296082498666,1.6117497333506208,0.5
"(2049, 2058)",[[-1.]],-9.094868361159545,6.601950401381277,0.5
"(2050, 2059)",[[-1.]],-12.271764187715819,3.14368130351086,0.5
"(2051, 2060)",[[-1.]],-11.914193413294617,3.536572676804841,0.5
"(2052, 2061)",[[-1.]],-12.606075150563512,2.6626422630679834,0.5
"(2053, 2062)",[[1.]],-13.714335004669323,3.75242711865568,2.5
"(2054, 2063)",[[-1.]],-15.035190568392322,2.103581380233676,0.5
"(2055, 2064)",[[-1.]],-14.600558062914574,2.6819346519940144,0.5
"(2056, 2065)",[[-1.]],-15.016434396453686,2.07766056478391,0.5
"(2057, 2066)",[[1.]],-14.21341310834859,3.204631624445753,2.5
"(2058, 2067)",[[-1.]],-15.103167223373172,2.1412459124501666,0.5
"(2059, 2068)",[[1.]],-14.102503286650984,3.390366601948884,2.5
"(2060, 2069)",[[-1.]],-14.772452166194851,2.1980566403052038,0.5
"(2061, 2070)",[[-1.]],-14.37207159639764,2.686865652830731,0.5
"(2062, 2071)",[[-1.]],-15.139750628236829,1.6623658695563446,0.5
"(2063, 2072)",[[-1.]],-12.135734133480133,1.6254636731462888,0.5
"(2064, 2073)",[[-1.]],-11.993519751456697,1.8391860837831473,0.5
"(2065, 2074)",[[-1.]],-11.750694526852012,1.9931784696569999,0.5
"(2066, 2075)",[[-1.]],-10.710401574119006,3.3006194229520034,0.5
"(2067, 2076)",[[-1.]],-11.501620685049309,2.6206819283756673,0.5
"(2068, 2077)",[[1.]],-10.60377196491456,4.266716893405064,2.5
"(2069, 2078)",[[1.]],-11.69863392342489,2.890887242530436,2.5
"(2070, 2079)",[[-1.]],-10.470841951787492,4.418404889194999,0.5
"(2071, 2080)",[[-1.]],-11.636570343233064,3.0671834253317023,0.5
"(2072, 2081)",[[1.]],-9.721487953642136,5.348696395983993,2.5
"(2073, 2082)",[[-1.]],-10.944491765100478,3.839830931861602,0.5
"(2074, 2083)",[[-1.]],-11.240109693877823,4.369836674374911,0.5
"(2075, 2084)",[[-1.]],-13.892613254361546,1.6070228452215023,0.5
"(2076, 2085)",[[1.]],-10.248782854553331,6.721213615485681,2.5
"(2077, 2086)",[[-1.]],-13.989538621732157,2.0680812324085203,0.5
"(2078, 2087)",[[-1.]],-11.534781601426628,5.040346225655139,0.5
"(2079, 2088)",[[-1.]],-13.849213633009775,2.235938867301021,0.5
"(2080, 2089)",[[-1.]],-12.7347414588978,4.046840640749624,0.5
"(2081, 2090)",[[1.]],-12.855141382868288,3.9609926448242465,2.5
"(2082, 2091)",[[-1.]],-12.213943436252801,4.717513945334272,0.5
"(2083, 2092)",[[1.]],-12.09608117612428,4.830776017406285,2.5
"(2084, 2093)",[[-1.]],-10.944878371759055,6.207749040423767,0.5
"(2085, 2094)",[[1.]],-12.737536065038563,4.311856125538126,2.5
"(2086, 2095)",[[-1.]],-10.550920367811994,6.650456893824077,0.5
"(2087, 2096)",[[-1.]],-11.646480884447682,4.994193715459975,0.5
"(2088, 2097)",[[-1.]],-11.871431652236954,4.753337334176244,0.5
"(2089, 2098)",[[1.]],-13.96600383269193,3.3560008641706496,2.5
"(2090, 2099)",[[-1.]],-14.620833084900353,2.3050745445618546,0.5
"(2091, 2100)",[[-1.]],-14.940244952686182,1.683589135800446,0.5
"(2092, 2101)",[[-1.]],-14.38735466425914,2.1858678462166505,0.5
"(2093, 2102)",[[1.]],-14.71967458340819,1.9084905460020831,2.5
"(2094, 2103)",[[-1.]],-14.266744398831012,2.4864143877305,0.5
"(2095, 2104)",[[-1.]],-14.746154056800117,1.769294715121223,0.5
"(2096, 2105)",[[-1.]],-14.419901057344362,2.0774963967980504,0.5
"(2097, 2106)",[[-1.]],-13.978232507830523,2.61747545637402,0.5
"(2098, 2107)",[[-1.]],-14.23445413565296,2.3040993585559324,0.5
"(2099, 2108)",[[-1.]],-10.922449683385228,4.669824216874941,0.5
"(2100, 2109)",[[-1.]],-12.372340721466244,2.8260206240115586,0.5
"(2101, 2110)",[[-1.]],-11.634949863295656,4.059798347099711,0.5
"(2102, 2111)",[[-1.]],-11.95426970532274,4.02200999013823,0.5
"(2103, 2112)",[[-1.]],-7.710954700209125,9.377414230628354,0.5
"(2104, 2113)",[[-1.]],-11.852440002271178,4.3284235892627265,0.5
"(2105, 2114)",[[-1.]],-10.328719880240616,6.665002576374633,0.5
"(2106, 2115)",[[-1.]],-15.19757607763133,0.51818874545733,0.5
"(2107, 2116)",[[-1.]],-10.764473948055281,6.017608590411324,0.5
"(2108, 2117)",[[-1.]],-14.630970802675163,1.31411125997227,0.5
"(2109, 2118)",[[-1.]],-10.449506681824152,6.509607922071535,0.5
"(2110, 2119)",[[-1.]],-14.138312018120684,1.963120323488491,0.5
"(2111, 2120)",[[-1.]],-10.499631298748582,6.410881516441531,0.5
"(2112, 2121)",[[-1.]],-14.047874176434272,2.145988029053541,0.5
"(2113, 2122)",[[-1.]],-15.648319987486175,0.42847082890370736,0.5
"(2114, 2123)",[[1.]],-12.97175485261629,3.916213239267279,2.5
"(2115, 2124)",[[-1.]],-14.612865723485916,1.0339284016304742,0.5
"(2116, 2125)",[[-1.]],-13.39345500377031,2.6444143534627376,0.5
"(2117, 2126)",[[-1.]],-14.69335598935956,1.0170709213448692,0.5
"(2118, 2127)",[[1.]],-12.906564398218487,3.1317928583443404,2.5
"(2119, 2128)",[[-1.]],-14.454262817388445,1.5471970616861928,0.5
"(2120, 2129)",[[1.]],-11.856291792770387,4.888958320273074,2.5
"(2121, 2130)",[[-1.]],-14.507671333646101,1.8256349980771667,0.5
"(2122, 2131)",[[1.]],-10.260251828744606,7.801609448853695,2.5
"(2123, 2132)",[[-1.]],-11.043196267867948,6.575207282937727,0.5
"(2124, 2133)",[[-1.]],-14.300229946565263,2.458551092088703,0.5
"(2125, 2134)",[[-1.]],-12.3263213165061,5.062768701624542,0.5
"(2126, 2135)",[[1.]],-10.891960221088366,6.769473294418962,2.5
"(2127, 2136)",[[-1.]],-11.093051768952366,6.56252867950959,0.5
"(2128, 2137)",[[1.]],-10.580274306808438,7.220920016143618,2.5
"(2129, 2138)",[[1.]],-12.6879783550532,4.660243774569521,2.5
"(2130, 2139)",[[-1.]],-12.551448712140925,4.747257045119552,0.5
"(2131, 2140)",[[-1.]],-13.237529157987264,3.8232021926502338,0.5
"(2132, 2141)",[[-1.]],-13.11656232799579,2.5316614934101054,0.5
"(2133, 2142)",[[1.]],-12.620620074949924,4.132597666774014,2.5
"(2134, 2143)",[[1.]],-13.268876272032061,3.3674229621945937,2.5
"(2135, 2144)",[[-1.]],-13.119161742708954,3.492729775362248,0.5
"(2136, 2145)",[[1.]],-13.274869788620947,3.2458572825050407,2.5
"(2137, 2146)",[[1.]],-14.432466641018685,1.5986609864934636,2.5
"(2138, 2147)",[[-1.]],-12.884891087174406,3.5693129674784547,0.5
"(2139, 2148)",[[-1.]],-13.805056978730947,1.8165499370538445,0.5
"(2140, 2149)",[[-1.]],-12.876686595177372,3.127305918328048,0.5
"(2141, 2150)",[[-1.]],-14.980539686809472,1.7991088649388018,0.5
"(2142, 2151)",[[-1.]],-15.092837963413766,1.751264244042293,0.5
"(2143, 2152)",[[-1.]],-15.157585930377037,1.2283674115799226,0.5
"(2144, 2153)",[[-1.]],-15.2839183226467,1.2022877223314783,0.5
"(2145, 2154)",[[-1.]],-14.44979966163845,2.286007469641195,0.5
"(2146, 2155)",[[-1.]],-15.145111193025029,1.452456272499905,0.5
"(2147, 2156)",[[-1.]],-14.628698580946546,2.12695834308939,0.5
"(2148, 2157)",[[-1.]],-15.482731093585617,1.0125470838433834,0.5
"(2149, 2158)",[[-1.]],-14.754318241604507,2.044489812749511,0.5
"(2150, 2159)",[[-1.]],-15.986786314609878,0.5492413908004448,0.5
"(2151, 2160)",[[-1.]],-12.914004140633656,2.1423749284511864,0.5
"(2152, 2161)",[[-1.]],-8.963504970936059,6.260770425435155,0.5
"(2153, 2162)",[[-1.]],-10.328194419577862,4.409055569994489,0.5
"(2154, 2163)",[[-1.]],-11.014871456731374,3.0401850900651937,0.5
"(2155, 2164)",[[-1.]],-10.067260061460725,3.8516831323904945,0.5
"(2156, 2165)",[[-1.]],-10.154911049393963,4.227195585348294,0.5
"(2157, 2166)",[[-1.]],-8.758942271257995,5.951950912735509,0.5
"(2158, 2167)",[[-1.]],-8.460777064301324,6.553792352552637,0.5
"(2159, 2168)",[[-1.]],-8.16483327465953,7.004737844308323,0.5
"(2160, 2169)",[[-1.]],-6.938046205833818,8.582491751582676,0.5
"(2161, 2170)",[[1.]],-8.329831714595826,8.354586058511078,2.5
"(2162, 2171)",[[-1.]],-9.228472962222966,7.2648894738085446,0.5
"(2163, 2172)",[[-1.]],-11.720742620281033,4.235835412145327,0.5
"(2164, 2173)",[[-1.]],-9.14126267671324,7.449372941004652,0.5
"(2165, 2174)",[[1.]],-8.401677361231917,8.418028224368012,2.5
"(2166, 2175)",[[-1.]],-9.02256559981991,7.668336722839026,0.5
"(2167, 2176)",[[-1.]],-13.44243161890548,2.36716292829467,0.5
"(2168, 2177)",[[-1.]],-11.865066449914494,4.53042237342239,0.5
"(2169, 2178)",[[-1.]],-15.189026359387116,0.623921583212514,0.5
"(2170, 2179)",[[1.]],-13.180170563573979,3.0345548106667852,2.5
"(2171, 2180)",[[-1.]],-13.990698424131683,1.0746354689389825,0.5
"(2172, 2181)",[[-1.]],-13.243368690396055,1.9473478652341871,0.5
"(2173, 2182)",[[-1.]],-14.759287970230528,2.0214656944183957,0.5
"(2174, 2183)",[[1.]],-13.926464644183124,3.0261102493429046,2.5
"(2175, 2184)",[[1.]],-14.350108082323734,2.3362987726333806,2.5
"(2176, 2185)",[[1.]],-13.872473461610745,2.864956727159841,2.5
"(2177, 2186)",[[-1.]],-14.157735093947247,2.4645373104518846,0.5
"(2178, 2187)",[[1.]],-13.116702498031165,3.8027534771208202,2.5
"(2179, 2188)",[[1.]],-14.91254878236444,1.8709992254909986,2.5
"(2180, 2189)",[[1.]],-14.276281634044256,2.597586734552441,2.5
"(2181, 2190)",[[-1.]],-15.330764623799174,1.2710946793730837,0.5
"(2182, 2191)",[[1.]],-14.283608131217777,2.5728767987458427,2.5
"(2183, 2192)",[[-1.]],-14.671926930081067,1.0232167674888712,0.5
"(2184, 2193)",[[-1.]],-14.43057886056379,1.285398201200202,0.5
"(2185, 2194)",[[-1.]],-14.6824577846274,0.9990819712753565,0.5
"(2186, 2195)",[[-1.]],-14.047303960987449,1.8667435883696717,0.5
"(2187, 2196)",[[-1.]],-14.799427724096295,0.9710115035150251,0.5
"(2188, 2197)",[[-1.]],-13.848736132399722,2.142390691235077,0.5
"(2189, 2198)",[[1.]],-13.453628144470322,2.0791198999535077,2.5
"(2190, 2199)",[[-1.]],-14.562666234552673,1.0108669490399365,0.5
"(2191, 2200)",[[-1.]],-15.311374734176745,0.49699553612561687,0.5
"(2192, 2201)",[[-1.]],-15.064044372761101,0.9329343924038405,0.5
"(2193, 2202)",[[-1.]],-15.307472106443441,0.17538224413374515,0.5
"(2194, 2203)",[[-1.]],-15.326591801032027,0.2355188783560962,0.5
"(2195, 2204)",[[-1.]],-14.803112889751567,0.8466372100934159,0.5
"(2196, 2205)",[[-1.]],-15.248421027140909,0.16551409394271488,0.5
"(2197, 2206)",[[-1.]],-14.457001012199486,0.9468756852617393,0.5
"(2198, 2207)",[[-1.]],-14.91859592915035,0.36298504192203573,0.5
"(2199, 2208)",[[-1.]],-14.888398546294594,0.2766134877998745,0.5
"(2200, 2209)",[[-1.]],-14.758050413330567,0.21323500404530193,0.5
"(2201, 2210)",[[-1.]],-13.487303057387575,1.7367593048388734,0.5
"(2202, 2211)",[[-1.]],-12.857814997913424,2.3676203122244246,0.5
"(2203, 2212)",[[-1.]],-14.480731736790899,0.9608360466820134,0.5
"(2204, 2213)",[[-1.]],-12.787600452492734,2.9416690806525345,0.5
"(2205, 2214)",[[-1.]],-13.317062740691052,3.122365716959422,0.5
"(2206, 2215)",[[-1.]],-13.73271569241403,2.6917934386397686,0.5
"(2207, 2216)",[[-1.]],-13.297356179041191,3.4469528638373497,0.5
"(2208, 2217)",[[-1.]],-13.708311810274028,2.855584334222419,0.5
"(2209, 2218)",[[-1.]],-12.481720495020042,4.144202447128627,0.5
"(2210, 2219)",[[-1.]],-13.170969724580186,3.3322547164227103,0.5
"(2211, 2220)",[[-1.]],-12.081122116470217,4.394415695943486,0.5
"(2212, 2221)",[[-1.]],-14.717978549108775,1.4744118957671386,0.5
"(2213, 2222)",[[-1.]],-13.802010052716886,2.4570512395561916,0.5
"(2214, 2223)",[[1.]],-12.628474787018261,4.524458852144189,2.5
"(2215, 2224)",[[-1.]],-13.639096072093336,2.654039662394375,0.5
"(2216, 2225)",[[-1.]],-13.946024922310045,2.211653270847428,0.5
"(2217, 2226)",[[1.]],-12.882663337718745,3.5013127786924834,2.5
"(2218, 2227)",[[-1.]],-13.862568278342863,2.361421920971784,0.5
"(2219, 2228)",[[1.]],-12.79711780185586,3.703536935669545,2.5
"(2220, 2229)",[[1.]],-11.75899813219844,4.983299347864561,2.5
"(2221, 2230)",[[1.]],-13.339559446500223,3.098988635780172,2.5
"(2222, 2231)",[[-1.]],-13.64678146084564,2.5195175869506414,0.5
"(2223, 2232)",[[-1.]],-12.865352758379808,3.325088151212828,0.5
"(2224, 2233)",[[-1.]],-13.173857713492032,1.1649800506848358,0.5
"(2225, 2234)",[[1.]],-12.488656347039203,2.0975067385133404,2.5
"(2226, 2235)",[[1.]],-11.52015182756529,3.53412970189547,2.5
"(2227, 2236)",[[1.]],-12.841587695751153,1.7304084415408258,2.5
"(2228, 2237)",[[-1.]],-12.4215732631349,1.8543542921053255,0.5
"(2229, 2238)",[[-1.]],-13.54787131488585,0.5484582464864758,0.5
"(2230, 2239)",[[1.]],-12.709532013353558,3.285855675890202,2.5
"(2231, 2240)",[[1.]],-13.78250872969691,1.6734881519694564,2.5
"(2232, 2241)",[[-1.]],-13.190659555754129,2.4651617114313087,0.5
"(2233, 2242)",[[0.91699326]],-13.869465909131529,1.7362781767070423,2.416993260383606
"(2234, 2243)",[[1.]],-12.27296937888171,3.74321396746603,2.5
"(2235, 2244)",[[-1.]],-14.394485242301517,1.1543155149774211,0.5
"(2236, 2245)",[[-1.]],-14.370976635213388,1.2348738014973843,0.5
"(2237, 2246)",[[1.]],-12.751696807843468,3.4293692232524897,2.5
"(2238, 2247)",[[1.]],-14.537034540486518,2.4311250846316206,2.5
"(2239, 2248)",[[-1.]],-14.968081351055671,1.8535861271870102,0.5
"(2240, 2249)",[[-1.]],-15.17253611267187,2.216616676551536,0.5
"(2241, 2250)",[[-1.]],-15.33693808168234,1.9762452122381235,0.5
"(2242, 2251)",[[-1.]],-14.955426352979137,2.339752427022103,0.5
"(2243, 2252)",[[-1.]],-15.14961361125705,2.0378472270091788,0.5
"(2244, 2253)",[[-1.]],-14.955842188956815,2.3101561297512276,0.5
"(2245, 2254)",[[-1.]],-15.395370672030463,1.7969514080191118,0.5
"(2246, 2255)",[[-1.]],-14.495947634581015,2.846051592175156,0.5
"(2247, 2256)",[[-1.]],-15.250963795655604,1.8851516138313142,0.5
"(2248, 2257)",[[-1.]],-13.437021472141256,3.5267863680969747,0.5
"(2249, 2258)",[[-1.]],-14.263342359737548,2.5572122525383243,0.5
"(2250, 2259)",[[-1.]],-14.12402268641166,1.5369012016692913,0.5
"(2251, 2260)",[[-1.]],-11.718350934361931,4.609723909876184,0.5
"(2252, 2261)",[[-1.]],-13.452867888502517,2.4792402894489136,0.5
"(2253, 2262)",[[-1.]],-12.365255466376412,3.798994280215105,0.5
"(2254, 2263)",[[-1.]],-13.15301629576166,2.877520240857992,0.5
"(2255, 2264)",[[-1.]],-9.706352750031074,6.975967664643507,0.5
"(2256, 2265)",[[-1.]],-13.029013871931136,2.1184663401656145,0.5
"(2257, 2266)",[[-1.]],-11.287636929380716,4.257080994119821,0.5
"(2258, 2267)",[[-1.]],-15.474491003273096,0.23020312932126785,0.5
"(2259, 2268)",[[-1.]],-11.418893335569987,5.5006083358582245,0.5
"(2260, 2269)",[[-1.]],-15.404567746787821,0.21722647733708556,0.5
"(2261, 2270)",[[-1.]],-11.447610113681279,5.419853330398093,0.5
"(2262, 2271)",[[-1.]],-15.28308802734894,0.5480342321064846,0.5
"(2263, 2272)",[[-1.]],-13.67882675310595,2.511027621691767,0.5
"(2264, 2273)",[[-1.]],-15.150306404024978,0.6283280503929216,0.5
"(2265, 2274)",[[1.]],-8.898051196144301,8.498956302621782,2.5
"(2266, 2275)",[[1.]],-14.015829549587489,2.1467198826012375,2.5
"(2267, 2276)",[[-1.]],-11.331941575453992,5.4771308211561305,0.5
"(2268, 2277)",[[-1.]],-14.234299198541072,0.801645663055309,0.5
"(2269, 2278)",[[-1.]],-8.581254202114733,7.546833231497569,0.5
"(2270, 2279)",[[1.]],-12.212378334192191,3.006691807831478,2.5
"(2271, 2280)",[[-1.]],-10.27606794704919,4.810154700001288,0.5
"(2272, 2281)",[[1.]],-13.76185566257595,2.103934040137677,2.5
"(2273, 2282)",[[1.]],-14.358677148774406,1.6136770806641536,2.5
"(2274, 2283)",[[-1.]],-14.248664976692675,1.7447905820467557,0.5
"(2275, 2284)",[[1.]],-14.604725034188032,1.3154848823497485,2.5
"(2276, 2285)",[[1.]],-13.892642255586937,2.1284043691316423,2.5
"(2277, 2286)",[[1.]],-14.522880862638122,1.423432779776471,2.5
"(2278, 2287)",[[1.]],-13.843124789700939,2.3879853335491195,2.5
"(2279, 2288)",[[-1.]],-14.354930331617132,1.9177760379498858,0.5
"(2280, 2289)",[[-1.]],-14.518222785990448,2.0261228394725252,0.5
"(2281, 2290)",[[-1.]],-15.083823360106177,1.37809666799307,0.5
"(2282, 2291)",[[-1.]],-13.117116840530535,2.540960614207366,0.5
"(2283, 2292)",[[-1.]],-10.286138816024891,5.84462805692681,0.5
"(2284, 2293)",[[-1.]],-11.80574735837878,3.8492016796499,0.5
"(2285, 2294)",[[-1.]],-10.761337506992586,4.837394818414154,0.5
"(2286, 2295)",[[-1.]],-12.641591234046002,2.38156019052464,0.5
"(2287, 2296)",[[-1.]],-10.628077824952017,4.941255434696512,0.5
"(2288, 2297)",[[-1.]],-12.827438189273318,2.3797702641468277,0.5
"(2289, 2298)",[[-1.]],-11.857267179097349,3.1795206085430117,0.5
"(2290, 2299)",[[-1.]],-10.96649874904805,4.120501247988798,0.5
"(2291, 2300)",[[-1.]],-10.171779502889605,5.203177062529612,0.5
"(2292, 2301)",[[-1.]],-11.466462452059352,3.619862501206528,0.5
"(2293, 2302)",[[-1.]],-8.622208406854984,6.864667632848974,0.5
"(2294, 2303)",[[-1.]],-12.935683832423226,1.4004878097140434,0.5
"(2295, 2304)",[[-1.]],-9.348811722669884,5.753753369125956,0.5
"(2296, 2305)",[[-1.]],-12.056526862445248,2.357951515959506,0.5
"(2297, 2306)",[[-1.]],-8.78750780858489,6.552019953987983,0.5
"(2298, 2307)",[[-1.]],-11.473046071492103,3.153963602386206,0.5
"(2299, 2308)",[[-1.]],-9.626002055912116,5.553893561675892,0.5
"(2300, 2309)",[[-1.]],-11.038691475529225,3.2455178513358653,0.5
"(2301, 2310)",[[-1.]],-10.018870938478857,4.649849468569236,0.5
"(2302, 2311)",[[-1.]],-10.53126985565337,3.970588465714364,0.5
"(2303, 2312)",[[-1.]],-10.539952503418796,4.124990523361806,0.5
"(2304, 2313)",[[-1.]],-9.462448893004094,5.4445299510240375,0.5
"(2305, 2314)",[[-1.]],-11.000994558227479,4.43783903661997,0.5
"(2306, 2315)",[[-1.]],-13.74161939251093,1.2827344384559716,0.5
"(2307, 2316)",[[-1.]],-12.832701498324578,2.3939657619416685,0.5
"(2308, 2317)",[[-1.]],-13.658967106835197,1.1646540864918329,0.5
"(2309, 2318)",[[-1.]],-12.781769757683005,2.5030130096910703,0.5
"(2310, 2319)",[[-1.]],-13.908319794828289,1.5700441708126895,0.5
"(2311, 2320)",[[-1.]],-13.971738606268067,1.5635381191642246,0.5
"(2312, 2321)",[[1.]],-12.78360685663822,3.316260076217386,2.5
"(2313, 2322)",[[-1.]],-14.294544487273397,1.195574728459487,0.5
"(2314, 2323)",[[-1.]],-13.419853218012591,2.30958010089528,0.5
"(2315, 2324)",[[-1.]],-13.604403762140256,1.7201304576997138,0.5
"(2316, 2325)",[[-1.]],-11.450639771543973,4.175972742553707,0.5
"(2317, 2326)",[[1.]],-13.065282911605388,2.6017824194606636,2.5
"(2318, 2327)",[[1.]],-11.546904341314823,4.486733534276516,2.5
"(2319, 2328)",[[-1.]],-13.395590138446178,2.3812377552875468,0.5
"(2320, 2329)",[[-1.]],-15.520805838494384,0.593414001059827,0.5
"(2321, 2330)",[[1.]],-13.338704071707333,3.3940964812030465,2.5
"(2322, 2331)",[[1.]],-15.20947156891964,0.5934102050366761,2.5
"(2323, 2332)",[[-1.]],-12.816765535074445,3.6069536097474444,0.5
"(2324, 2333)",[[-1.]],-15.12509830895099,0.7301005030558958,0.5
"(2325, 2334)",[[1.]],-12.359140095291844,4.289809619922874,2.5
"(2326, 2335)",[[1.]],-15.52164931648964,0.4040561037598138,2.5
"(2327, 2336)",[[1.]],-14.330530592605593,2.216579561121069,2.5
"(2328, 2337)",[[1.]],-15.77983423850496,0.38428912799128234,2.5
"(2329, 2338)",[[1.]],-14.192964842422567,2.3171627828142896,2.5
"(2330, 2339)",[[-1.]],-14.948191316180313,0.7268086532145528,0.5
"(2331, 2340)",[[1.]],-14.500509613708045,1.2682194690157562,2.5
"(2332, 2341)",[[1.]],-15.20287824146251,0.4946677213651105,2.5
"(2333, 2342)",[[1.]],-14.904165682477846,1.0326257840799533,2.5
"(2334, 2343)",[[-1.]],-15.045896185390555,0.8566229862216321,0.5
"(2335, 2344)",[[1.]],-14.707752103599312,1.4209093456678623,2.5
"(2336, 2345)",[[-1.]],-14.487558394718198,1.5469645387155788,0.5
"(2337, 2346)",[[-1.]],-9.365161882514121,6.712945095646129,0.5
"(2338, 2347)",[[-1.]],-12.391198951647754,3.1084884350095567,0.5
"(2339, 2348)",[[-1.]],-10.768871286840643,4.854362101915854,0.5
"(2340, 2349)",[[-1.]],-11.359845688189656,3.9855897678729484,0.5
"(2341, 2350)",[[1.]],-13.654863456100195,3.4557191983774382,2.5
"(2342, 2351)",[[1.]],-16.954498523168095,0.4257506401033453,2.5
"(2343, 2352)",[[-1.]],-15.131785319376966,2.7668544709655656,0.5
"(2344, 2353)",[[-1.]],-16.755267627383624,0.42884435945174904,0.5
"(2345, 2354)",[[-1.]],-16.15303478351377,1.5130088290423522,0.5
"(2346, 2355)",[[-1.]],-16.78587795122891,0.6599050168813028,0.5
"(2347, 2356)",[[1.]],-16.179643557208973,1.4025949100960293,2.5
"(2348, 2357)",[[1.]],-16.720274756365725,0.698621118462909,2.5
"(2349, 2358)",[[-1.]],-16.32129937075636,1.1559254528237073,0.5
"(2350, 2359)",[[-1.]],-16.74802062041148,0.655018568206013,0.5
"(2351, 2360)",[[-1.]],-15.831913689414648,1.3004061566425058,0.5
"(2352, 2361)",[[-1.]],-14.364518771285523,2.0992616266545934,0.5
"(2353, 2362)",[[-1.]],-15.66375810427917,0.4945735554282127,0.5
"(2354, 2363)",[[-1.]],-13.706925377535912,2.939719906895615,0.5
"(2355, 2364)",[[-1.]],-12.768717158211304,0.567186169372107,0.5
"(2356, 2365)",[[-1.]],-10.887444360365189,3.896079418075974,0.5
"(2357, 2366)",[[-1.]],-13.62757553409208,0.42443550871371016,0.5
"(2358, 2367)",[[-1.]],-13.563825834543085,2.3623649549704346,0.5
"(2359, 2368)",[[-1.]],-15.711849851395884,0.16702090976910888,0.5
"(2360, 2369)",[[-1.]],-14.32028412115774,1.9127243088510522,0.5
"(2361, 2370)",[[-1.]],-15.336967314224024,0.4047819599899629,0.5
"(2362, 2371)",[[-1.]],-14.12226365230148,1.9939799596387004,0.5
"(2363, 2372)",[[-1.]],-15.242949090282028,0.5618914149607814,0.5
"(2364, 2373)",[[1.]],-14.31478936860425,1.8024905597086196,2.5
"(2365, 2374)",[[-1.]],-14.820232009694456,1.177098480290752,0.5
"(2366, 2375)",[[1.]],-13.653047856771801,2.717505460867528,2.5
"(2367, 2376)",[[1.]],-14.905310914332908,1.2924661473667243,2.5
"(2368, 2377)",[[-1.]],-12.634033431268364,3.3845718270306406,0.5
"(2369, 2378)",[[1.]],-9.762526109645204,7.468600021279379,2.5
"(2370, 2379)",[[1.]],-15.980213605040817,0.6632222470537048,2.5
"(2371, 2380)",[[-1.]],-12.352700460694603,5.291662099574973,0.5
"(2372, 2381)",[[-1.]],-16.354654881567047,0.5754753185245907,0.5
"(2373, 2382)",[[-1.]],-13.679848214877541,3.969204379257495,0.5
"(2374, 2383)",[[1.]],-16.360614139220917,0.5114036146993746,2.5
"(2375, 2384)",[[-1.]],-14.88616785403886,3.61284517212944,0.5
"(2376, 2385)",[[1.]],-16.040988916978037,2.1015564639343167,2.5
"(2377, 2386)",[[1.]],-14.803072527369244,3.673708626105004,2.5
"(2378, 2387)",[[-1.]],-16.47467084860218,1.5156377241347756,0.5
"(2379, 2388)",[[-1.]],-14.312994946772823,4.002983539657633,0.5
"(2380, 2389)",[[1.]],-14.320692569182995,3.3554065459060802,2.5
"(2381, 2390)",[[1.]],-14.035904783463724,3.691991145209654,2.5
"(2382, 2391)",[[-1.]],-14.185605641625566,3.441392096802111,0.5
"(2383, 2392)",[[-1.]],-15.756371428337896,1.4522518187032953,0.5
"(2384, 2393)",[[1.]],-14.37216007944988,3.196033881240243,2.5
"(2385, 2394)",[[-1.]],-13.485321710344445,2.1408979735763296,0.5
"(2386, 2395)",[[-1.]],-12.249423128182153,3.563949792047252,0.5
"(2387, 2396)",[[-1.]],-12.756128545260621,2.914754712187147,0.5
"(2388, 2397)",[[-1.]],-12.538011174596813,3.110244213543771,0.5
"(2389, 2398)",[[-1.]],-13.525143943169812,1.424979186926615,0.5
"(2390, 2399)",[[-1.]],-13.00435550515761,2.0119162575756846,0.5
"(2391, 2400)",[[-1.]],-13.107661367045633,1.7980935432838336,0.5
"(2392, 2401)",[[-1.]],-13.311185781554194,0.8968462758484321,0.5
"(2393, 2402)",[[-1.]],-11.633748850900844,3.092404891766904,0.5
"(2394, 2403)",[[-1.]],-9.332249938240492,5.867109202544697,0.5
"(2395, 2404)",[[-1.]],-11.57491722636555,2.9766442695583955,0.5
"(2396, 2405)",[[-1.]],-10.11441810816308,5.356881521848791,0.5
"(2397, 2406)",[[-1.]],-10.417114334567769,5.384979746816445,0.5
"(2398, 2407)",[[-1.]],-12.5323304696126,3.0844442152765428,0.5
"(2399, 2408)",[[-1.]],-12.713365857506439,3.0383286474804283,0.5
"(2400, 2409)",[[1.]],-14.683836712014276,2.505261504999128,2.5
"(2401, 2410)",[[-1.]],-14.702090306709351,2.5842996146637898,0.5
"(2402, 2411)",[[-1.]],-14.538341455389588,2.597566724759819,0.5
"(2403, 2412)",[[-1.]],-14.371673569000356,2.669265892945381,0.5
"(2404, 2413)",[[1.]],-14.613165089903477,2.644596634232439,2.5
"(2405, 2414)",[[1.]],-15.349696521919977,1.932604669749816,2.5
"(2406, 2415)",[[-1.]],-14.823753830912187,2.4276574140042726,0.5
"(2407, 2416)",[[-1.]],-15.930226731237646,0.9701007946190643,0.5
"(2408, 2417)",[[1.]],-14.794062877664208,2.390353637929847,2.5
"(2409, 2418)",[[-1.]],-16.134634798369095,0.8001670812730666,0.5
"(2410, 2419)",[[-1.]],-13.784716373954916,2.698405431361266,0.5
"(2411, 2420)",[[-1.]],-15.857551979348,0.20955174635177265,0.5
"(2412, 2421)",[[-1.]],-13.748914251481455,3.082315557106792,0.5
"(2413, 2422)",[[1.]],-15.891358874629308,0.1745519712148038,2.5
"(2414, 2423)",[[-1.]],-13.542902981714839,2.4565958576109157,0.5
"(2415, 2424)",[[-1.]],-14.668876243442604,0.35453141904214647,0.5
"(2416, 2425)",[[-1.]],-14.119712602325889,1.1108934903215655,0.5
"(2417, 2426)",[[-1.]],-14.530554302170017,0.49353869761222313,0.5
"(2418, 2427)",[[-1.]],-12.699939150285735,1.87693410615352,0.5
"(2419, 2428)",[[-1.]],-11.757030528543286,2.258449783797225,0.5
"(2420, 2429)",[[1.]],-12.134794064541516,1.8404290003533852,2.5
"(2421, 2430)",[[-1.]],-11.490878148085919,2.3364771431029254,0.5
"(2422, 2431)",[[1.]],-12.21460027255634,1.4806850856600597,2.5
"(2423, 2432)",[[1.]],-11.232671936127364,2.449998991881781,2.5
"(2424, 2433)",[[1.]],-11.559757587551639,1.9492746357436594,2.5
"(2425, 2434)",[[-1.]],-11.292816824054785,2.365947111581061,0.5
"(2426, 2435)",[[-1.]],-12.091129392476308,1.1797970036939631,0.5
"(2427, 2436)",[[-1.]],-10.823978516966399,3.3926721329847247,0.5
"(2428, 2437)",[[-1.]],-13.271657244815037,1.1337657382335387,0.5
"(2429, 2438)",[[-1.]],-11.253977216915827,3.6219565846468686,0.5
"(2430, 2439)",[[-1.]],-12.869126730148716,2.1090690017282707,0.5
"(2431, 2440)",[[-1.]],-13.742471953214876,1.5240346917071061,0.5
"(2432, 2441)",[[1.]],-12.967652273426376,2.6397622084786754,2.5
"(2433, 2442)",[[-1.]],-13.067067363478387,2.268744513321792,0.5
"(2434, 2443)",[[-1.]],-11.846593044597334,4.0655738331133,0.5
"(2435, 2444)",[[-1.]],-13.108674328391428,2.3199454861699547,0.5
"(2436, 2445)",[[-1.]],-12.424993365203074,3.1895537877919633,0.5
"(2437, 2446)",[[-1.]],-13.555343761596038,1.6344032288923476,0.5
"(2438, 2447)",[[-1.]],-11.60362858916627,3.8770927518284637,0.5
"(2439, 2448)",[[-1.]],-14.199387581587233,0.7337930893457951,0.5
"(2440, 2449)",[[-1.]],-12.856245827528548,2.0549711835564803,0.5
"(2441, 2450)",[[-1.]],-13.275706837702664,1.3396198988935026,0.5
"(2442, 2451)",[[-1.]],-13.565223386644973,0.8843800947423297,0.5
"(2443, 2452)",[[-1.]],-13.31259359749668,1.1995692628374126,0.5
"(2444, 2453)",[[-1.]],-13.403571706411343,0.5442790537725593,0.5
"(2445, 2454)",[[-1.]],-13.12771214710596,1.0279764396270998,0.5
"(2446, 2455)",[[-1.]],-13.213996786233615,1.6251931724329367,0.5
"(2447, 2456)",[[-1.]],-11.585702795280673,3.663374839967876,0.5
"(2448, 2457)",[[-1.]],-11.907311195306354,3.004082384617508,0.5
"(2449, 2458)",[[-0.99080485]],-12.54211192677179,3.312697177387772,0.5091951489448547
"(2450, 2459)",[[-1.]],-11.50007739657208,4.810701181601793,0.5
"(2451, 2460)",[[-1.]],-11.935700006293539,4.100669572793464,0.5
"(2452, 2461)",[[-1.]],-8.721606502052374,8.107434962638987,0.5
"(2453, 2462)",[[1.]],-13.034632370931885,3.191370704443276,2.5
"(2454, 2463)",[[-1.]],-10.290408347427089,6.7992349587930505,0.5
"(2455, 2464)",[[-1.]],-12.979019027361272,3.3062501442013534,0.5
"(2456, 2465)",[[-1.]],-11.382223408670315,5.719094306780011,0.5
"(2457, 2466)",[[-1.]],-13.160853247493447,3.4324884340289064,0.5
"(2458, 2467)",[[-1.]],-12.708910671152015,4.253292070630977,0.5
"(2459, 2468)",[[-1.]],-12.533821376981688,4.3224099142093095,0.5
"(2460, 2469)",[[-1.]],-12.522223064551747,4.287600165018732,0.5
"(2461, 2470)",[[-1.]],-11.887374551472378,5.099366668057721,0.5
"(2462, 2471)",[[-1.]],-12.631675213158339,4.135919992383677,0.5
"(2463, 2472)",[[-1.]],-11.09957357033948,5.8253632794863375,0.5
"(2464, 2473)",[[-1.]],-12.164080948153703,4.460281348987419,0.5
"(2465, 2474)",[[-1.]],-11.753528741316941,4.989637279406159,0.5
"(2466, 2475)",[[1.]],-12.28763231511374,3.292470756637055,2.5
"(2467, 2476)",[[1.]],-13.092102304949668,2.447415902340147,2.5
"(2468, 2477)",[[-1.]],-13.221775642428772,1.8713308204674117,0.5
"(2469, 2478)",[[1.]],-14.932524591037023,0.24264538631152632,2.5
"(2470, 2479)",[[-1.]],-14.059621583131596,0.9015042819828594,0.5
"(2471, 2480)",[[-1.]],-14.269710806521129,0.48682354509923975,0.5
"(2472, 2481)",[[-1.]],-13.631306174088715,1.3281202786335609,0.5
"(2473, 2482)",[[1.]],-14.196824582669292,0.6802126080365554,2.5
"(2474, 2483)",[[-1.]],-13.862421872555414,1.2353055572645566,0.5
"(2475, 2484)",[[-1.]],-14.695467254420866,0.6839731208552529,0.5
"(2476, 2485)",[[-1.]],-13.922593383247605,1.6983371243519318,0.5
"(2477, 2486)",[[1.]],-13.992158137772384,1.1478030110620345,2.5
"(2478, 2487)",[[-1.]],-12.212334471949195,3.158390546671786,0.5
"(2479, 2488)",[[-1.]],-14.457012042860237,1.4305439151437849,0.5
"(2480, 2489)",[[-1.]],-15.23451545418409,0.7679355609609004,0.5
"(2481, 2490)",[[1.]],-13.369771539551829,3.490767435454961,2.5
"(2482, 2491)",[[1.]],-15.324073949821388,0.9442857756107745,2.5
"(2483, 2492)",[[-1.]],-13.668542509721519,3.0531770356889982,0.5
"(2484, 2493)",[[-1.]],-15.055665605264819,1.3716124767434072,0.5
"(2485, 2494)",[[1.]],-13.204394166342123,3.8184974735444976,2.5
"(2486, 2495)",[[1.]],-15.519184410860937,0.8856088030003049,2.5
"(2487, 2496)",[[-1.]],-13.672693328743964,3.2763315005032076,0.5
"(2488, 2497)",[[1.]],-15.386900301803477,1.0863032156067538,2.5
"(2489, 2498)",[[1.]],-12.087243762580094,4.352053657989211,2.5
"(2490, 2499)",[[-1.]],-14.067554258930075,1.6740927905294019,0.5
"(2491, 2500)",[[-1.]],-13.799582581958687,1.3543211859322053,0.5
"(2492, 2501)",[[-1.]],-14.08208168612854,0.9163955034011941,0.5
"(2493, 2502)",[[-1.]],-14.252746079106547,0.680857692787173,0.5
"(2494, 2503)",[[-1.]],-14.593003659380166,1.1063081474865957,0.5
"(2495, 2504)",[[-1.]],-14.868929212580648,0.7824401861934938,0.5
"(2496, 2505)",[[-1.]],-14.42663646532949,1.2887128272213015,0.5
"(2497, 2506)",[[-1.]],-14.987245622801213,0.7189934190120901,0.5
"(2498, 2507)",[[-1.]],-13.760401555597303,2.1960222202500805,0.5
"(2499, 2508)",[[-1.]],-14.371355612888136,0.976426101652276,0.5
"(2500, 2509)",[[-1.]],-14.492704082406267,0.6784268013497137,0.5
"(2501, 2510)",[[-1.]],-13.829691246352285,1.6029837559827698,0.5
"(2502, 2511)",[[-1.]],-14.16838587464824,1.1208527115479807,0.5
"(2503, 2512)",[[-1.]],-13.820714057714929,1.6016599065079422,0.5
"(2504, 2513)",[[-1.]],-12.537905437723223,2.0665104186318004,0.5
"(2505, 2514)",[[-1.]],-10.608885881640003,4.430239985613916,0.5
"(2506, 2515)",[[-1.]],-12.456558294904154,2.406115630066946,0.5
"(2507, 2516)",[[-1.]],-11.043222336456875,3.7785945834647094,0.5
"(2508, 2517)",[[-1.]],-13.636466096571842,0.4127203426156285,0.5
"(2509, 2518)",[[-1.]],-11.812382456208493,2.933633918428196,0.5
"(2510, 2519)",[[-1.]],-15.043815924560802,0.974291472635441,0.5
"(2511, 2520)",[[-1.]],-13.5660828307974,2.6919652754444705,0.5
"(2512, 2521)",[[1.]],-13.121625170881288,3.3711987666704477,2.5
"(2513, 2522)",[[-1.]],-11.795277832134222,5.09745263798683,0.5
"(2514, 2523)",[[-1.]],-15.359868730779647,0.8578143161654559,0.5
"(2515, 2524)",[[-1.]],-13.259865092013396,3.596025801955827,0.5
"(2516, 2525)",[[-1.]],-13.936943794415992,2.605680761550637,0.5
"(2517, 2526)",[[1.]],-13.145446868730895,3.762505221782666,2.5
"(2518, 2527)",[[-1.]],-13.891711301770505,2.7758529440629367,0.5
"(2519, 2528)",[[-1.]],-13.249588902292757,3.556491050849031,0.5
"(2520, 2529)",[[1.]],-14.07152749969855,1.6160579520347937,2.5
"(2521, 2530)",[[1.]],-13.795430066207729,1.7956842694283495,2.5
"(2522, 2531)",[[1.]],-13.571297302803915,3.0084011804381756,2.5
"(2523, 2532)",[[1.]],-14.243910619327796,2.0710340944453343,2.5
"(2524, 2533)",[[-1.]],-14.084189995114995,2.303297896000112,0.5
"(2525, 2534)",[[1.]],-13.09043385134896,3.5395346232448865,2.5
"(2526, 2535)",[[1.]],-13.4058230707592,3.121099710942323,2.5
"(2527, 2536)",[[1.]],-13.217821629074045,3.20903548357175,2.5
"(2528, 2537)",[[1.]],-13.190737577338922,3.364480723269228,2.5
"(2529, 2538)",[[1.]],-13.069167050257494,3.712697391063731,2.5
"(2530, 2539)",[[-1.]],-12.488421869742613,4.734186786959523,0.5
"(2531, 2540)",[[-1.]],-12.89005321474689,4.2381278818117405,0.5
"(2532, 2541)",[[1.]],-10.413294575743793,5.833542150598857,2.5
"(2533, 2542)",[[-1.]],-10.560186686124768,5.952851701657821,0.5
"(2534, 2543)",[[-1.]],-11.12654432985271,5.193795278129125,0.5
"(2535, 2544)",[[-1.]],-10.91704579028016,5.398671942840247,0.5
"(2536, 2545)",[[-1.]],-10.729651742377278,5.686821747621112,0.5
"(2537, 2546)",[[-1.]],-9.389769080150423,6.9970171205306855,0.5
"(2538, 2547)",[[-1.]],-10.443504554900139,5.609687276280447,0.5
"(2539, 2548)",[[-1.]],-9.917864692294646,5.996573922633917,0.5
"(2540, 2549)",[[-1.]],-12.826427643435183,1.8181583867094613,0.5
"(2541, 2550)",[[-1.]],-8.276604494551831,8.075902465403054,0.5
"(2542, 2551)",[[-1.]],-12.474967883668825,2.7448092962642647,0.5
"(2543, 2552)",[[-1.]],-10.681054069115095,4.411351130710802,0.5
"(2544, 2553)",[[-1.]],-10.034234673205585,5.111097191769845,0.5
"(2545, 2554)",[[-1.]],-12.267325227304045,3.8726304734004398,0.5
"(2546, 2555)",[[-1.]],-14.259025224594891,1.5680353365540451,0.5
"(2547, 2556)",[[-1.]],-12.658273409686444,3.651597937066569,0.5
"(2548, 2557)",[[-1.]],-13.874691492906258,2.2577150345036614,0.5
"(2549, 2558)",[[-1.]],-12.486998876388768,4.0491927371424214,0.5
"(2550, 2559)",[[-1.]],-13.993524172662745,2.3337853601187195,0.5
"(2551, 2560)",[[-1.]],-14.39434411998791,1.7970155000852355,0.5
"(2552, 2561)",[[-1.]],-14.69079612567786,1.4739122480027937,0.5
"(2553, 2562)",[[-1.]],-14.375430415004072,2.0503062520955844,0.5
"(2554, 2563)",[[-1.]],-15.214189808698809,1.2504781902403934,0.5
"(2555, 2564)",[[-1.]],-13.42053028100709,2.512674531300533,0.5
"(2556, 2565)",[[-1.]],-12.968420585140812,2.789389165487483,0.5
"(2557, 2566)",[[-1.]],-13.605466788994772,1.9776460885201352,0.5
"(2558, 2567)",[[-1.]],-13.677842670535075,1.4440480706860193,0.5
"(2559, 2568)",[[-1.]],-13.37469075548315,1.8658970279775815,0.5
"(2560, 2569)",[[1.]],-13.90974250264902,1.4603229867095546,2.5
"(2561, 2570)",[[-1.]],-10.882088065225783,5.410791159784729,0.5
"(2562, 2571)",[[-1.]],-12.225290254632048,3.754042317239522,0.5
"(2563, 2572)",[[-1.]],-12.749175072694591,3.17359773176093,0.5
"(2564, 2573)",[[-1.]],-13.779546731301524,1.6858939784485347,0.5
"(2565, 2574)",[[-1.]],-12.354846721770981,3.456686596330808,0.5
"(2566, 2575)",[[-1.]],-13.478540905955965,1.966841039319279,0.5
"(2567, 2576)",[[-1.]],-12.308768381314337,3.393849729050846,0.5
"(2568, 2577)",[[-1.]],-12.656563948058873,3.209388616561016,0.5
"(2569, 2578)",[[-1.]],-12.128145649463756,3.7506771172672124,0.5
"(2570, 2579)",[[1.]],-11.624255730007501,3.714803700287529,2.5
"(2571, 2580)",[[1.]],-11.704646486028754,3.1652305105364924,2.5
"(2572, 2581)",[[1.]],-12.4025308267352,2.2362687031442974,2.5
"(2573, 2582)",[[1.]],-11.204348386470473,3.7331132741836157,2.5
"(2574, 2583)",[[-1.]],-10.300524251445689,4.045697161338399,0.5
"(2575, 2584)",[[-1.]],-11.645992298898983,3.7727917199243706,0.5
"(2576, 2585)",[[-1.]],-13.270939283414496,1.9568395946776054,0.5
"(2577, 2586)",[[1.]],-13.355395190850114,1.957047503018586,2.5
"(2578, 2587)",[[1.]],-13.963031298772778,1.2933870195467918,2.5
"(2579, 2588)",[[-1.]],-13.329051382975196,1.9517492933985636,0.5
"(2580, 2589)",[[-1.]],-14.140178265939962,1.3380280398047777,0.5
"(2581, 2590)",[[-1.]],-12.908504203721712,2.887591754290062,0.5
"(2582, 2591)",[[1.]],-13.995596666799674,1.7039114285715087,2.5
"(2583, 2592)",[[-1.]],-13.223183745951637,2.4674812353998306,0.5
"(2584, 2593)",[[1.]],-13.391656352776407,2.5918665944754817,2.5
"(2585, 2594)",[[-1.]],-12.329910276334267,3.615568444896148,0.5
"(2586, 2595)",[[1.]],-11.206381166123759,6.1937174482088775,2.5
"(2587, 2596)",[[-1.]],-14.878966652847213,1.9824040217304297,0.5
"(2588, 2597)",[[-1.]],-12.68941892062742,4.4713460764852515,0.5
"(2589, 2598)",[[-1.]],-14.741798210627154,1.7573875793344813,0.5
"(2590, 2599)",[[-1.]],-13.210549130850266,3.4434328747636718,0.5
"(2591, 2600)",[[-1.]],-14.500657730598396,1.8671410690947594,0.5
"(2592, 2601)",[[-1.]],-13.843522600047944,2.6301056203374173,0.5
"(2593, 2602)",[[-1.]],-15.228374852074321,0.9317966918170519,0.5
"(2594, 2603)",[[1.]],-13.335456106210955,3.216129321892021,2.5
"(2595, 2604)",[[-1.]],-15.56631768463882,0.3316546821578843,0.5
"(2596, 2605)",[[-1.]],-12.87486418447908,2.297867369937258,0.5
"(2597, 2606)",[[-1.]],-13.337874831315318,1.408578323851902,0.5
"(2598, 2607)",[[-1.]],-12.812238314853595,2.096788430722274,0.5
"(2599, 2608)",[[-1.]],-13.417952246686,1.2178192091014068,0.5
"(2600, 2609)",[[-1.]],-12.803709780084068,1.983508499105806,0.5
"(2601, 2610)",[[-1.]],-12.28625585053355,2.51129235739624,0.5
"(2602, 2611)",[[-1.]],-9.848453240314944,5.148474507460833,0.5
"(2603, 2612)",[[-1.]],-10.358518431600189,4.442818917119496,0.5
"(2604, 2613)",[[-1.]],-10.02962800173848,4.552189332382483,0.5
"(2605, 2614)",[[-1.]],-10.119393996973994,4.611616097042948,0.5
"(2606, 2615)",[[-1.]],-11.28952095320478,3.1354753005062577,0.5
"(2607, 2616)",[[-1.]],-11.305255481438838,2.9769393302947833,0.5
"(2608, 2617)",[[-1.]],-9.620492185357298,6.129057642070961,0.5
"(2609, 2618)",[[-1.]],-12.339366732357997,2.7323208443511824,0.5
"(2610, 2619)",[[-1.]],-12.030476362447562,3.092253559963357,0.5
"(2611, 2620)",[[-1.]],-13.379218367240258,1.8949185468333027,0.5
"(2612, 2621)",[[-1.]],-13.31323662847264,2.042770329285368,0.5
"(2613, 2622)",[[1.]],-13.326925985246266,2.2021782401686387,2.5
"(2614, 2623)",[[-1.]],-12.599884386206742,3.126998036325487,0.5
"(2615, 2624)",[[-1.]],-12.187697976405012,3.574419137460504,0.5
"(2616, 2625)",[[-1.]],-12.875113342288738,2.8906251948367583,0.5
"(2617, 2626)",[[-1.]],-13.69030430962193,2.618785543355296,0.5
"(2618, 2627)",[[-1.]],-15.261850251987013,0.6760736866584391,0.5
"(2619, 2628)",[[1.]],-13.083009943154504,3.244080343760931,2.5
"(2620, 2629)",[[1.]],-14.883694770730743,0.9656710911030846,2.5
"(2621, 2630)",[[-1.]],-13.723802310368894,2.2538965012838137,0.5
"(2622, 2631)",[[-1.]],-15.260322845379436,0.4433537492915196,0.5
"(2623, 2632)",[[1.]],-14.380496838111991,1.5291983408206455,2.5
"(2624, 2633)",[[1.]],-15.469936476672132,0.12536091515083925,2.5
"(2625, 2634)",[[1.]],-14.926685903583548,0.7777632830694188,2.5
"(2626, 2635)",[[1.]],-15.414970306696816,0.1273159702586213,2.5
"(2627, 2636)",[[-1.]],-14.791732105283698,1.1561100824608612,0.5
"(2628, 2637)",[[-1.]],-15.489696538855616,0.3100534698317219,0.5
"(2629, 2638)",[[0.9999919]],-14.876627011944626,1.1477735310358348,2.4999918937683105
"(2630, 2639)",[[1.]],-15.520521569470125,0.32251604233147724,2.5
"(2631, 2640)",[[-1.]],-14.963329531496935,1.0764356167186078,0.5
"(2632, 2641)",[[-1.]],-15.491570551540255,0.305246665141615,0.5
"(2633, 2642)",[[-1.]],-13.834688737832534,2.3844965066538686,0.5
"(2634, 2643)",[[1.]],-14.538107617932207,1.545590267914644,2.5
"(2635, 2644)",[[1.]],-13.97552508947857,2.2448504636966318,2.5
"(2636, 2645)",[[1.]],-14.530789630570778,1.5562912420422563,2.5
"(2637, 2646)",[[-1.]],-12.867555381686962,2.9118418466837213,0.5
"(2638, 2647)",[[-1.]],-12.615512473818441,2.8878346163308795,0.5
"(2639, 2648)",[[-1.]],-13.340802374072688,1.8619959335561944,0.5
"(2640, 2649)",[[-1.]],-12.208063627252889,3.13453955939573,0.5
"(2641, 2650)",[[-1.]],-12.843725513848604,2.27805294782873,0.5
"(2642, 2651)",[[-1.]],-11.987943741030644,3.279887591776845,0.5
"(2643, 2652)",[[-1.]],-11.82621998395907,2.590289780174336,0.5
"(2644, 2653)",[[-1.]],-11.417294087465411,2.712687736248789,0.5
"(2645, 2654)",[[-1.]],-11.048626536517494,3.1107559408502823,0.5
"(2646, 2655)",[[-1.]],-10.436069185596507,3.8051295173561037,0.5
"(2647, 2656)",[[-1.]],-10.881690685850513,2.9238339574186334,0.5
"(2648, 2657)",[[-1.]],-11.51317921878963,2.5405621030572583,0.5
"(2649, 2658)",[[-1.]],-11.039459928857772,3.1957477025316656,0.5
"(2650, 2659)",[[-1.]],-13.433949038449558,1.128764901276142,0.5
"(2651, 2660)",[[-1.]],-14.010156574916277,0.5546232591241633,0.5
"(2652, 2661)",[[-1.]],-14.208481510627944,1.124689289590421,0.5
"(2653, 2662)",[[-1.]],-13.956262046600663,1.4444973356066768,0.5
"(2654, 2663)",[[-1.]],-14.32417333246796,1.8267756355522415,0.5
"(2655, 2664)",[[-1.]],-14.095607499206833,2.1249271865838395,0.5
"(2656, 2665)",[[-1.]],-14.400267785482445,1.8519941392927173,0.5
"(2657, 2666)",[[1.]],-14.480746811516859,1.8845751382702307,2.5
"(2658, 2667)",[[-1.]],-14.945526505704661,1.395253592271489,0.5
"(2659, 2668)",[[-1.]],-14.888853133488785,1.5101677868081538,0.5
"(2660, 2669)",[[-1.]],-15.597330261575216,0.601480952356205,0.5
"(2661, 2670)",[[-1.]],-14.5238936029258,1.9260885485267174,0.5
"(2662, 2671)",[[-1.]],-15.222214531169824,0.48943437097067743,0.5
"(2663, 2672)",[[-1.]],-14.457804614219773,1.4546252099410406,0.5
"(2664, 2673)",[[-1.]],-14.460664538061733,0.6589932184987468,0.5
"(2665, 2674)",[[-1.]],-13.863969542705432,1.5229984278776598,0.5
"(2666, 2675)",[[-1.]],-14.161735894410103,1.1331843737494687,0.5
"(2667, 2676)",[[-1.]],-13.845788181706435,1.310421293275951,0.5
"(2668, 2677)",[[1.]],-12.917563561375792,2.1739886121666956,2.5
"(2669, 2678)",[[-1.]],-14.067079558563186,0.8574168501142392,0.5
"(2670, 2679)",[[-1.]],-12.145804041206771,2.668223352431635,0.5
"(2671, 2680)",[[-1.]],-13.794001813928343,0.6451392107110152,0.5
"(2672, 2681)",[[-1.]],-12.273757251808737,2.5802096406220407,0.5
"(2673, 2682)",[[1.]],-13.98930946182616,0.4763581745980634,2.5
"(2674, 2683)",[[1.]],-12.55251951193637,1.5562224926127897,2.5
"(2675, 2684)",[[-1.]],-16.128137632583098,0.5250255043378083,0.5
"(2676, 2685)",[[-1.]],-15.590899590234523,1.1864815297937845,0.5
"(2677, 2686)",[[-1.]],-15.866709392919674,0.8192910982482076,0.5
"(2678, 2687)",[[1.]],-13.857240660408475,3.327735173311578,2.5
"(2679, 2688)",[[-1.]],-16.189357056770348,0.4311983933794723,0.5
"(2680, 2689)",[[-1.]],-15.08664351875505,2.0174259753596866,0.5
"(2681, 2690)",[[-1.]],-16.32899140032169,0.4420946511517192,0.5
"(2682, 2691)",[[1.]],-14.289035350397915,3.0423172909105585,2.5
"(2683, 2692)",[[-1.]],-14.334787592260573,2.868087403804214,0.5
"(2684, 2693)",[[1.]],-14.162895803080007,3.023810837220423,2.5
"(2685, 2694)",[[-1.]],-13.021256181927743,1.996389252880352,0.5
"(2686, 2695)",[[-1.]],-13.59704229921489,1.5630882279251903,0.5
"(2687, 2696)",[[-1.]],-12.92436560352589,2.4461305109437443,0.5
"(2688, 2697)",[[-1.]],-13.65586155400837,1.8681486072958489,0.5
"(2689, 2698)",[[-1.]],-13.447625474750279,1.9970502025015797,0.5
"(2690, 2699)",[[-1.]],-12.163277472445618,2.9282376578876157,0.5
"(2691, 2700)",[[-1.]],-14.133446662079761,0.8481626169064658,0.5
"(2692, 2701)",[[-1.]],-11.075223458401366,4.987225785519794,0.5
"(2693, 2702)",[[-1.]],-13.346821020712248,2.493128520164131,0.5
"(2694, 2703)",[[-1.]],-10.119980543810843,6.531303314449595,0.5
"(2695, 2704)",[[-1.]],-13.821610570734622,1.987575564283187,0.5
"(2696, 2705)",[[-1.]],-11.864213264030447,4.455557511946205,0.5
"(2697, 2706)",[[-1.]],-13.766706666893732,2.1228910485155623,0.5
"(2698, 2707)",[[-1.]],-12.502664094411513,3.0500719580962663,0.5
"(2699, 2708)",[[-1.]],-11.312314705607298,4.83231497408695,0.5
"(2700, 2709)",[[-1.]],-13.703904235327492,2.168171917919791,0.5
"(2701, 2710)",[[-1.]],-11.683993471385628,4.483752313249557,0.5
"(2702, 2711)",[[-1.]],-14.203296750694793,0.9432170883319984,0.5
"(2703, 2712)",[[-1.]],-12.750332045953924,2.529869865070399,0.5
"(2704, 2713)",[[-1.]],-14.033784439779883,1.1573077021032319,0.5
"(2705, 2714)",[[-1.]],-13.484788346429701,1.955790872360648,0.5
"(2706, 2715)",[[-1.]],-14.366583755884792,0.8677775602979132,0.5
"(2707, 2716)",[[-1.]],-13.758623381839742,1.3966837253738156,0.5
"(2708, 2717)",[[-1.]],-14.100715886646144,1.0157858240204867,0.5
"(2709, 2718)",[[-1.]],-12.84415739183509,2.447133090091711,0.5
"(2710, 2719)",[[-1.]],-12.160057004813169,3.026924479152708,0.5
"(2711, 2720)",[[-1.]],-13.134809689417116,2.6161926560101776,0.5
"(2712, 2721)",[[-1.]],-12.639381882194616,3.309445501063937,0.5
"(2713, 2722)",[[1.]],-13.726904316078034,1.7845770379890347,2.5
"(2714, 2723)",[[-1.]],-12.24168151164474,3.334426081765642,0.5
"(2715, 2724)",[[-1.]],-13.10805707363712,2.966286676656349,0.5
"(2716, 2725)",[[-1.]],-14.0514690159291,1.7896232063050075,0.5
"(2717, 2726)",[[1.]],-12.962143922001339,3.0910052177052982,2.5
"(2718, 2727)",[[1.]],-13.75489212121915,1.9868483130797863,2.5
"(2719, 2728)",[[-1.]],-12.930295647343481,3.024342623534565,0.5
"(2720, 2729)",[[-1.]],-14.490196332700366,1.2341333020522605,0.5
"(2721, 2730)",[[-1.]],-14.027842760636544,1.66673400590461,0.5
"(2722, 2731)",[[1.]],-14.500676007062903,1.0107321336519401,2.5
"(2723, 2732)",[[-1.]],-13.670396218623981,1.8024201211873603,0.5
"(2724, 2733)",[[-1.]],-14.275227622752967,1.0688623243470392,0.5
"(2725, 2734)",[[1.]],-12.886174658606876,1.9313014761360563,2.5
"(2726, 2735)",[[1.]],-13.863108571872433,0.7126120789875792,2.5
"(2727, 2736)",[[-1.]],-14.35839810885174,1.426881413124578,0.5
"(2728, 2737)",[[-1.]],-14.140469946928592,1.7330638541057528,0.5
"(2729, 2738)",[[1.]],-12.909745738072354,3.1801783712634126,2.5
"(2730, 2739)",[[1.]],-13.918990303053656,1.8772804595996817,2.5
"(2731, 2740)",[[-1.]],-14.438205690966399,1.037644599060851,0.5
"(2732, 2741)",[[1.]],-13.802823146834074,2.0420847664679496,2.5
"(2733, 2742)",[[-1.]],-13.17496041171722,2.9058847993201056,0.5
"(2734, 2743)",[[-1.]],-14.364931017039488,1.5685985612280007,0.5
"(2735, 2744)",[[-1.]],-13.19802579250319,2.983427648505308,0.5
"(2736, 2745)",[[1.]],-14.800557829851739,1.101457074704455,2.5
"(2737, 2746)",[[-1.]],-12.396430770520652,2.8268052758760422,0.5
"(2738, 2747)",[[-1.]],-13.387390958062651,1.6815359690716836,0.5
"(2739, 2748)",[[-1.]],-12.128506021877527,3.3481181773740083,0.5
"(2740, 2749)",[[-1.]],-13.313563830947734,1.974928438552526,0.5
"(2741, 2750)",[[-1.]],-12.080401132598016,3.587692247193914,0.5
"(2742, 2751)",[[-1.]],-13.627590854200298,1.3510731722229075,0.5
"(2743, 2752)",[[-1.]],-12.499278101864546,2.406839728418735,0.5
"(2744, 2753)",[[-1.]],-13.672255202627337,2.0959903100720148,0.5
"(2745, 2754)",[[1.]],-10.206770420688057,6.672203171209517,2.5
"(2746, 2755)",[[-1.]],-12.68290491531688,3.49767794166808,0.5
"(2747, 2756)",[[1.]],-12.94464767017369,4.755084969148173,2.5
"(2748, 2757)",[[-1.]],-14.506012138006671,2.9030957160250566,0.5
"(2749, 2758)",[[-1.]],-13.600214810572776,4.050233561150996,0.5
"(2750, 2759)",[[-1.]],-14.920321561928528,2.3704643607519458,0.5
"(2751, 2760)",[[-1.]],-13.92457442794775,3.6318500199359285,0.5
"(2752, 2761)",[[-1.]],-15.022660637432187,2.2977487764355917,0.5
"(2753, 2762)",[[1.]],-13.133477897433268,4.586114736608552,2.5
"(2754, 2763)",[[-1.]],-15.174063713973233,1.5685672838089708,0.5
"(2755, 2764)",[[-1.]],-13.398151705075282,3.67528546308991,0.5
"(2756, 2765)",[[-1.]],-15.135741306201506,1.4242023799237575,0.5
"(2757, 2766)",[[-1.]],-11.43970111806332,3.7876488975241998,0.5
"(2758, 2767)",[[-1.]],-11.95539189787081,3.263467949925989,0.5
"(2759, 2768)",[[-1.]],-10.841101109114083,4.741773303816874,0.5
"(2760, 2769)",[[-1.]],-9.326635886186931,6.057267039763289,0.5
"(2761, 2770)",[[-1.]],-11.917854864743125,2.6928359047274704,0.5
"(2762, 2771)",[[1.]],-13.131209354512125,2.083868734964163,2.5
"(2763, 2772)",[[-1.]],-12.104003220503712,3.417331325235722,0.5
"(2764, 2773)",[[-1.]],-12.940401315300342,2.2654166874330706,0.5
"(2765, 2774)",[[1.]],-10.10556409653167,5.902490094950053,2.5
"(2766, 2775)",[[1.]],-13.47317682420973,1.5685391634193202,2.5
"(2767, 2776)",[[-1.]],-11.93804029983416,3.5252276943651104,0.5
"(2768, 2777)",[[1.]],-13.792289251259497,1.3154369409958058,2.5
"(2769, 2778)",[[-1.]],-12.223342783570356,3.2142845613204223,0.5
"(2770, 2779)",[[-1.]],-14.08220521542325,0.8649461878718423,0.5
"(2771, 2780)",[[-1.]],-11.581149399918349,3.878505346307861,0.5
"(2772, 2781)",[[1.]],-13.07945147508418,1.017155903565527,2.5
"(2773, 2782)",[[-1.]],-12.345118992274982,3.8708980290557875,0.5
"(2774, 2783)",[[-1.]],-13.390360756826137,2.6232474937370966,0.5
"(2775, 2784)",[[-1.]],-13.614590076276166,2.2097636536425327,0.5
"(2776, 2785)",[[1.]],-13.327743614164527,2.6047613320590397,2.5
"(2777, 2786)",[[-1.]],-12.815232436754624,3.29277053174385,0.5
"(2778, 2787)",[[-1.]],-13.629888067714406,2.1598441298524396,0.5
"(2779, 2788)",[[-1.]],-14.843631039395532,2.545665741446429,0.5
"(2780, 2789)",[[1.]],-14.967326960330475,2.477338911443791,2.5
"(2781, 2790)",[[-1.]],-15.456102573303177,3.019458855248029,0.5
"(2782, 2791)",[[1.]],-15.601693162770706,2.8903822244900996,2.5
"(2783, 2792)",[[-1.]],-16.490091775781046,1.6478123901311403,0.5
"(2784, 2793)",[[-1.]],-15.913352462847488,2.442099605749691,0.5
"(2785, 2794)",[[-1.]],-16.351809102340475,1.8295731577072927,0.5
"(2786, 2795)",[[1.]],-15.443139641164041,3.0231152327421764,2.5
"(2787, 2796)",[[-1.]],-17.215673781067444,0.6731733538694527,0.5
"(2788, 2797)",[[1.]],-15.232597007892629,3.1986369623984117,2.5
"(2789, 2798)",[[-1.]],-16.67394011687837,0.5429361608330519,0.5
"(2790, 2799)",[[1.]],-14.384197269364066,3.460189370877992,2.5
"(2791, 2800)",[[-1.]],-11.432016998137588,2.0150498471987746,0.5
"(2792, 2801)",[[-1.]],-11.612489480088161,1.8066872344285265,0.5
"(2793, 2802)",[[-1.]],-11.373119715172454,2.4576428723344783,0.5
"(2794, 2803)",[[-1.]],-13.709254703162054,1.594684179281268,0.5
"(2795, 2804)",[[-1.]],-14.356356673212385,0.8617350983180199,0.5
"(2796, 2805)",[[-1.]],-13.614101390498275,1.851369792329809,0.5
"(2797, 2806)",[[1.]],-15.93221331685605,1.3632027411098484,2.5
"(2798, 2807)",[[-1.]],-14.734554555019189,2.958785932798561,0.5
"(2799, 2808)",[[-1.]],-16.011412540953973,1.3358453230572476,0.5
"(2800, 2809)",[[-1.]],-15.635365822841386,1.809484167259905,0.5
"(2801, 2810)",[[1.]],-15.80116857350852,1.7143651947339205,2.5
"(2802, 2811)",[[-1.]],-15.322307587327378,2.3663882488321537,0.5
"(2803, 2812)",[[1.]],-15.817082875473073,1.6825206623703703,2.5
"(2804, 2813)",[[-1.]],-15.223578318490947,2.0251209708413302,0.5
"(2805, 2814)",[[0.9995297]],-14.618012116609307,2.655882203579747,2.499529719352722
"(2806, 2815)",[[-1.]],-15.224127072445434,2.0242539539148012,0.5
"(2807, 2816)",[[-1.]],-13.17942067525929,2.5525114955661934,0.5
"(2808, 2817)",[[-1.]],-12.726728039649824,2.527349166844431,0.5
"(2809, 2818)",[[1.]],-12.544542740127214,4.35758518407672,2.5
"(2810, 2819)",[[-1.]],-14.383024654604071,2.0994780529792685,0.5
"(2811, 2820)",[[-1.]],-13.177245633285638,3.7194021647085993,0.5
"(2812, 2821)",[[-1.]],-13.488499259722326,3.3922060562842606,0.5
"(2813, 2822)",[[-1.]],-12.11618020966303,5.000154898895348,0.5
"(2814, 2823)",[[-1.]],-13.323133395475304,3.524895561114892,0.5
"(2815, 2824)",[[-1.]],-12.190272957218495,4.920262656458625,0.5
"(2816, 2825)",[[-1.]],-14.90451427973454,1.346221553156962,0.5
"(2817, 2826)",[[1.]],-13.326606703371654,3.4042059096018704,2.5
"(2818, 2827)",[[-1.]],-14.492237202626956,1.795817681846712,0.5
"(2819, 2828)",[[1.]],-11.393680673697395,2.784725485756745,2.5
"(2820, 2829)",[[-1.]],-12.58729572831719,1.633877919573905,0.5
"(2821, 2830)",[[-1.]],-9.926978138242898,4.179633159591873,0.5
"(2822, 2831)",[[1.]],-13.03277735622895,3.1356476729965514,2.5
"(2823, 2832)",[[1.]],-13.98071478122209,1.9073641633006986,2.5
"(2824, 2833)",[[-1.]],-13.739963830506138,2.5081143156416292,0.5
"(2825, 2834)",[[1.]],-13.523190477188061,2.857958995639766,2.5
"(2826, 2835)",[[1.]],-13.06945912226137,3.5066569149691436,2.5
"(2827, 2836)",[[1.]],-13.547685914436514,2.9709488846342875,2.5
"(2828, 2837)",[[-1.]],-13.37162616136516,3.188659136499405,0.5
"(2829, 2838)",[[-1.]],-14.758546072367267,1.507507036369593,0.5
"(2830, 2839)",[[-1.]],-15.017860233941333,2.474328811539854,0.5
"(2831, 2840)",[[-1.]],-15.225012981152652,2.2471101162983276,0.5
"(2832, 2841)",[[1.]],-14.333568293372236,2.556471991441996,2.5
"(2833, 2842)",[[-1.]],-13.884485995450607,3.4096057956943877,0.5
"(2834, 2843)",[[-1.]],-15.561435138411044,1.6589619377193348,0.5
"(2835, 2844)",[[-1.]],-14.5908487082662,2.829812422979545,0.5
"(2836, 2845)",[[1.]],-15.847952041127026,1.3285625580763707,2.5
"(2837, 2846)",[[-1.]],-14.681460376238066,2.8633179116404444,0.5
"(2838, 2847)",[[-1.]],-15.770959792076495,1.5401455350650357,0.5
"(2839, 2848)",[[-1.]],-14.85476964825129,2.756341050106867,0.5
"(2840, 2849)",[[-1.]],-15.11733570697122,1.3604966932537526,0.5
"(2841, 2850)",[[-1.]],-13.249300271806549,3.760976463284676,0.5
"(2842, 2851)",[[-1.]],-15.444036727090083,1.0433062805278137,0.5
"(2843, 2852)",[[-1.]],-12.747550544006723,3.8826896005476073,0.5
"(2844, 2853)",[[-1.]],-12.309947746428234,3.098796267376576,0.5
"(2845, 2854)",[[1.]],-8.955351694761852,8.422918041652995,2.5
"(2846, 2855)",[[-1.]],-10.366438508201986,6.850735962675168,0.5
"(2847, 2856)",[[-1.]],-11.20591173248391,6.017938186068061,0.5
"(2848, 2857)",[[-1.]],-10.543678354603381,6.893165430484196,0.5
"(2849, 2858)",[[-1.]],-11.941934650943471,4.935445195684615,0.5
"(2850, 2859)",[[-1.]],-9.75873089353695,7.671873902581456,0.5
"(2851, 2860)",[[-1.]],-12.185128412950068,4.7690834790705825,0.5
"(2852, 2861)",[[-1.]],-12.678267800891463,4.556494060381167,0.5
"(2853, 2862)",[[-1.]],-10.913345499851133,6.731168307371748,0.5
"(2854, 2863)",[[-1.]],-13.900081573280561,2.7227409224523687,0.5
"(2855, 2864)",[[-1.]],-12.517130355692887,4.0186411956285255,0.5
"(2856, 2865)",[[1.]],-13.05311533473349,3.060311973683419,2.5
"(2857, 2866)",[[-1.]],-9.576769768694767,7.130303494603492,0.5
"(2858, 2867)",[[-1.]],-13.705164600069821,2.0464720006205734,0.5
"(2859, 2868)",[[-1.]],-10.887202643994222,5.140515534344335,0.5
"(2860, 2869)",[[-1.]],-12.805920953445773,2.9550385431084827,0.5
"(2861, 2870)",[[-1.]],-10.547755597902933,5.650786402799749,0.5
"(2862, 2871)",[[-1.]],-10.476262069773894,4.956858986058872,0.5
"(2863, 2872)",[[-1.]],-10.395988905438294,4.967718060983508,0.5
"(2864, 2873)",[[-1.]],-9.863350034018934,5.855027705893846,0.5
"(2865, 2874)",[[-1.]],-11.49764547695494,3.7901576039284635,0.5
"(2866, 2875)",[[-1.]],-9.515036198123786,6.085845057492648,0.5
"(2867, 2876)",[[-1.]],-12.100907288784173,2.5442530612752705,0.5
"(2868, 2877)",[[1.]],-10.80383477485857,4.14442576150374,2.5
"(2869, 2878)",[[-1.]],-12.079748131462724,2.5639686334653575,0.5
"(2870, 2879)",[[-1.]],-10.742257358586832,4.059082320956591,0.5
"(2871, 2880)",[[-1.]],-11.852832950517989,2.6824851141504134,0.5
"(2872, 2881)",[[-1.]],-10.483667695958351,4.098110844349712,0.5
"(2873, 2882)",[[1.]],-12.996056455742622,1.4527658849141645,2.5
"(2874, 2883)",[[-1.]],-11.211578361876176,3.48448180072252,0.5
"(2875, 2884)",[[-1.]],-11.346641174470436,3.2885042057459533,0.5
"(2876, 2885)",[[1.]],-9.111899349732388,6.463628879640252,2.5
"(2877, 2886)",[[1.]],-12.386661224017333,2.3640036011343337,2.5
"(2878, 2887)",[[-1.]],-8.038023379740729,7.1059901264315215,0.5
"(2879, 2888)",[[-1.]],-13.055963360477815,0.9454386352919695,0.5
"(2880, 2889)",[[-1.]],-10.543733890347834,4.2166529338006065,0.5
"(2881, 2890)",[[-1.]],-13.717449421880628,0.4865396490838947,0.5
"(2882, 2891)",[[-1.]],-10.840940933842074,4.743749320197599,0.5
"(2883, 2892)",[[-1.]],-13.597192462696757,0.759500839347961,0.5
"(2884, 2893)",[[-1.]],-12.88273115865821,1.6239463584584755,0.5
"(2885, 2894)",[[-1.]],-12.850891094308299,1.6706486286662443,0.5
"(2886, 2895)",[[-1.]],-12.567876814067567,1.6816070484170087,0.5
"(2887, 2896)",[[-1.]],-12.11229578642213,2.3025376220667635,0.5
"(2888, 2897)",[[-1.]],-13.169025382300008,1.0471345702723678,0.5
"(2889, 2898)",[[-1.]],-11.824431508132976,2.5523337021457024,0.5
"(2890, 2899)",[[-1.]],-13.022653831973596,1.7533833287472813,0.5
"(2891, 2900)",[[-1.]],-11.741868010202172,3.277723904473616,0.5
"(2892, 2901)",[[-1.]],-10.4631960944277,4.78567248452342,0.5
"(2893, 2902)",[[-1.]],-12.250869998422885,2.595731495554096,0.5
"(2894, 2903)",[[-1.]],-12.514952356825093,2.4936319958793405,0.5
"(2895, 2904)",[[-1.]],-12.49439329221631,2.634282435315347,0.5
"(2896, 2905)",[[-1.]],-14.222838939124419,0.41734027432359433,0.5
"(2897, 2906)",[[-1.]],-13.302197172016834,1.8023223671962043,0.5
"(2898, 2907)",[[-1.]],-13.141190701490908,2.1503130718761057,0.5
"(2899, 2908)",[[-1.]],-12.947302648420816,2.4064096202033127,0.5
"(2900, 2909)",[[-1.]],-13.394594852436033,1.3787641273031284,0.5
"(2901, 2910)",[[-1.]],-13.33757087827761,1.7163772471957337,0.5
"(2902, 2911)",[[-1.]],-15.072177521168975,0.5756633360231085,0.5
"(2903, 2912)",[[1.]],-11.047766568854772,7.990726681744736,2.5
"(2904, 2913)",[[-1.]],-15.385784788205534,2.5806303356750444,0.5
"(2905, 2914)",[[-1.]],-16.075429703007252,1.671516680532811,0.5
"(2906, 2915)",[[-1.]],-15.878193582351694,1.9382099677147746,0.5
"(2907, 2916)",[[1.]],-11.632250186701535,7.322933555219381,2.5
"(2908, 2917)",[[-1.]],-15.793577277175705,1.9609791949329036,0.5
"(2909, 2918)",[[-1.]],-16.61171029026652,0.9522901137469528,0.5
"(2910, 2919)",[[-1.]],-15.867282895920551,1.884571558163973,0.5
"(2911, 2920)",[[-1.]],-14.950176812915727,3.0009047034843093,0.5
"(2912, 2921)",[[-1.]],-15.574342002288416,1.916940863426026,0.5
"(2913, 2922)",[[-1.]],-12.621384388851652,1.3843555352004984,0.5
"(2914, 2923)",[[-1.]],-14.018514064724789,1.3804819530403378,0.5
"(2915, 2924)",[[-1.]],-14.672733129382081,0.8246216139941254,0.5
"(2916, 2925)",[[-1.]],-14.679796055031463,1.040624491550922,0.5
"(2917, 2926)",[[1.]],-14.652643040534851,0.9956467659586092,2.5
"(2918, 2927)",[[-1.]],-14.690686842931807,0.8202395291094238,0.5
"(2919, 2928)",[[-1.]],-15.35788690819962,1.9444616828882353,0.5
"(2920, 2929)",[[-1.]],-15.023201889415247,2.324858151794192,0.5
"(2921, 2930)",[[1.]],-13.82534226503466,3.7004412363496524,2.5
"(2922, 2931)",[[-1.]],-15.369931317414572,1.7183726951271758,0.5
"(2923, 2932)",[[1.]],-13.662787118040335,3.8366653121813155,2.5
"(2924, 2933)",[[1.]],-13.712515774864071,3.5085817854159425,2.5
"(2925, 2934)",[[-1.]],-14.559639980413316,3.5775638348311265,0.5
"(2926, 2935)",[[1.]],-14.532905055176123,3.659874270466351,2.5
"(2927, 2936)",[[1.]],-13.883149430427888,4.263262259421438,2.5
"(2928, 2937)",[[1.]],-14.28414676929063,3.7745950275206246,2.5
"(2929, 2938)",[[-1.]],-15.750193946433832,1.0550806173693292,0.5
"(2930, 2939)",[[-1.]],-15.586877185259397,1.2087780856069124,0.5
"(2931, 2940)",[[1.]],-13.564217610079158,3.8156644323434934,2.5
"(2932, 2941)",[[-0.9999998]],-14.417030279883548,2.752175995521399,0.5000001788139343
"(2933, 2942)",[[-1.]],-14.718126550059404,2.286233353722891,0.5
"(2934, 2943)",[[1.]],-13.711845089993016,3.5501795069532234,2.5
"(2935, 2944)",[[-1.]],-11.319275863605178,3.2956917365744687,0.5
"(2936, 2945)",[[-1.]],-9.339795040682969,5.847885568779715,0.5
"(2937, 2946)",[[-1.]],-8.98936243459603,6.397541561353725,0.5
"(2938, 2947)",[[-1.]],-9.386725529798056,5.716231727318428,0.5
"(2939, 2948)",[[-1.]],-8.242664112881624,7.128783322115254,0.5
"(2940, 2949)",[[-1.]],-8.415010572131948,6.978652510949155,0.5
"(2941, 2950)",[[-1.]],-12.534492669064534,2.225747358186508,0.5
"(2942, 2951)",[[-1.]],-13.794919853829143,0.8321438858454133,0.5
"(2943, 2952)",[[1.]],-12.084794464307087,3.5699062271626065,2.5
"(2944, 2953)",[[1.]],-15.719101112338054,0.26968182986874645,2.5
"(2945, 2954)",[[-1.]],-13.955596185360658,2.529425290315457,0.5
"(2946, 2955)",[[-1.]],-15.762118036550465,0.12398194023089815,0.5
"(2947, 2956)",[[-1.]],-14.622190875878687,1.5713895008369363,0.5
"(2948, 2957)",[[-1.]],-15.638774674351644,0.27180256146551685,0.5
"(2949, 2958)",[[-1.]],-14.477989140283242,1.734222494678205,0.5
"(2950, 2959)",[[-1.]],-15.548252061190142,0.3395110124145422,0.5
"(2951, 2960)",[[-1.]],-14.866322112828781,0.8701736848062644,0.5
"(2952, 2961)",[[-1.]],-14.970364186976896,0.49752566258478126,0.5
"(2953, 2962)",[[-1.]],-14.180782187861343,1.125059655121314,0.5
"(2954, 2963)",[[-1.]],-11.826572843540038,1.326618452967395,0.5
"(2955, 2964)",[[-1.]],-11.65504545409652,2.976450625338522,0.5
"(2956, 2965)",[[-1.]],-10.976088194741319,4.144880523854219,0.5
"(2957, 2966)",[[-1.]],-11.956703597543333,2.707977757698952,0.5
"(2958, 2967)",[[-1.]],-10.165835985221552,5.588370199128256,0.5
"(2959, 2968)",[[-1.]],-10.53274064276132,5.421431658608917,0.5
"(2960, 2969)",[[-1.]],-9.062208873771336,7.2011931885361165,0.5
"(2961, 2970)",[[-1.]],-13.18300193327535,2.0158609503379594,0.5
"(2962, 2971)",[[-1.]],-9.548979480202869,6.7248143205337065,0.5
"(2963, 2972)",[[-1.]],-8.852221442558898,7.5333087200244435,0.5
"(2964, 2973)",[[-1.]],-10.349651404316559,5.695313467659211,0.5
"(2965, 2974)",[[-1.]],-9.437537301003864,6.304837883883433,0.5
"(2966, 2975)",[[-1.]],-11.541821592129015,3.387775837031345,0.5
"(2967, 2976)",[[-1.]],-12.267662649273165,3.6090547081000928,0.5
"(2968, 2977)",[[-1.]],-13.205266677898926,2.236538715777453,0.5
"(2969, 2978)",[[-1.]],-12.854172971773526,2.2762888655697147,0.5
"(2970, 2979)",[[1.]],-12.89840795714892,2.2352495928041147,2.5
"(2971, 2980)",[[-1.]],-12.742569565116954,2.8618812220503074,0.5
"(2972, 2981)",[[-1.]],-13.748607550330672,1.679006354861734,0.5
"(2973, 2982)",[[1.]],-12.712439929017924,2.9420439231575664,2.5
"(2974, 2983)",[[1.]],-13.714952991342084,1.6148471707802532,2.5
"(2975, 2984)",[[1.]],-12.977729602737385,2.614053568346641,2.5
"(2976, 2985)",[[1.]],-13.67500455856652,1.7514082368258599,2.5
"(2977, 2986)",[[-1.]],-13.471295789187005,2.9141351797923907,0.5
"(2978, 2987)",[[1.]],-12.661919510888374,4.06034012566796,2.5
"(2979, 2988)",[[1.]],-12.294147275876915,4.379290920146506,2.5
"(2980, 2989)",[[1.]],-13.198116801804863,3.2869488939392717,2.5
"(2981, 2990)",[[-1.]],-13.726025886998205,2.512872485940745,0.5
"(2982, 2991)",[[-1.]],-14.555534212515958,1.453241621359684,0.5
"(2983, 2992)",[[1.]],-12.395798089974702,4.924483277087042,2.5
"(2984, 2993)",[[1.]],-14.673816489812594,2.2528120320466822,2.5
"(2985, 2994)",[[-1.]],-13.678174068714691,3.373192183038408,0.5
"(2986, 2995)",[[1.]],-13.681102400259363,3.8035711133181636,2.5
"(2987, 2996)",[[-1.]],-13.907382628526785,2.8393979511156022,0.5
"(2988, 2997)",[[-1.]],-14.678481035084685,1.5760858568955731,0.5
"(2989, 2998)",[[-1.]],-13.483356528304748,2.9811957919990846,0.5
"(2990, 2999)",[[-1.]],-14.887360030981355,1.1482994780418068,0.5
"(2991, 3000)",[[-1.]],-13.856062333696702,2.3274260092440784,0.5
"(2992, 3001)",[[-1.]],-14.500578541382612,2.020190895828021,0.5
"(2993, 3002)",[[-1.]],-13.943642169613272,2.174462694511279,0.5
"(2994, 3003)",[[-1.]],-14.608465447321036,1.1365158005192129,0.5
"(2995, 3004)",[[-1.]],-13.792726245559036,2.186584034839063,0.5
"(2996, 3005)",[[-1.]],-14.55466201602173,0.444129002886843,0.5
"(2997, 3006)",[[-1.]],-13.68274244050218,1.6475585283234473,0.5
"(2998, 3007)",[[-1.]],-14.142811694693494,1.134017047351655,0.5
"(2999, 3008)",[[-1.]],-14.167357643787144,1.3820065229570275,0.5
"(3000, 3009)",[[-1.]],-14.782836189982454,0.7859509238336191,0.5
"(3001, 3010)",[[-1.]],-13.987856034882372,1.6890134955559724,0.5
"(3002, 3011)",[[-1.]],-12.61306543546323,1.8784876521865783,0.5
"(3003, 3012)",[[-1.]],-13.59898992894363,1.0874149861878024,0.5
"(3004, 3013)",[[-1.]],-12.692504980204014,2.160124394577494,0.5
"(3005, 3014)",[[-1.]],-13.495272196420611,1.1882306282986157,0.5
"(3006, 3015)",[[-1.]],-12.669863806646683,1.9162401455915017,0.5
"(3007, 3016)",[[-1.]],-13.048793578944075,1.4122796948377712,0.5
"(3008, 3017)",[[-1.]],-12.759260701743287,1.7772400594046687,0.5
"(3009, 3018)",[[-1.]],-13.146571080979127,1.580387062644835,0.5
"(3010, 3019)",[[-1.]],-13.515855731456256,1.3447028393729568,0.5
"(3011, 3020)",[[-1.]],-13.225814524512977,2.0024250169425564,0.5
"(3012, 3021)",[[-1.]],-13.527055311815591,1.4721888629840194,0.5
"(3013, 3022)",[[1.]],-12.073817686731191,3.070056592296787,2.5
"(3014, 3023)",[[-1.]],-13.036943522132901,1.9489304341206548,0.5
"(3015, 3024)",[[-1.]],-13.056808926777688,2.2132421739843586,0.5
"(3016, 3025)",[[-1.]],-13.512723561632502,1.6970112274382565,0.5
"(3017, 3026)",[[1.]],-12.887842815103166,2.4775822615809986,2.5
"(3018, 3027)",[[1.]],-14.246526303288894,0.9854668094183499,2.5
"(3019, 3028)",[[-1.]],-11.66931511922654,4.007217561316722,0.5
"(3020, 3029)",[[-1.]],-12.183195530708254,3.13682980667798,0.5
"(3021, 3030)",[[1.]],-12.312510698163255,2.9500972159179106,2.5
"(3022, 3031)",[[-1.]],-13.209269160941677,1.7379391419850414,0.5
"(3023, 3032)",[[1.]],-11.21571747910103,4.158677620107316,2.5
"(3024, 3033)",[[-1.]],-12.984357814190057,2.145928338036743,0.5
"(3025, 3034)",[[-1.]],-12.136811813516424,3.176503491825315,0.5
"(3026, 3035)",[[-1.]],-12.752676257866847,2.511294625674738,0.5
"(3027, 3036)",[[1.]],-11.278661838388091,4.204133436480021,2.5
"(3028, 3037)",[[-1.]],-10.452479851561598,4.802666401474577,0.5
"(3029, 3038)",[[-1.]],-12.829531890998169,2.1152696579247934,0.5
"(3030, 3039)",[[1.]],-10.506761017463354,5.016530294758891,2.5
"(3031, 3040)",[[1.]],-12.475470865252584,2.3653347002069633,2.5
"(3032, 3041)",[[-1.]],-15.205699137751006,1.7454953172146075,0.5
"(3033, 3042)",[[-1.]],-15.477795888440296,1.3905591678746898,0.5
"(3034, 3043)",[[-1.]],-13.823242812447827,3.4600891386937587,0.5
"(3035, 3044)",[[-1.]],-15.791622463025814,2.064277605728856,0.5
"(3036, 3045)",[[-1.]],-14.850772478883957,3.239589044661658,0.5
"(3037, 3046)",[[-1.]],-15.911879122553014,2.0348654121863636,0.5
"(3038, 3047)",[[-1.]],-14.956351716850282,3.2946625380986405,0.5
"(3039, 3048)",[[-1.]],-16.488007347528768,1.426283827165731,0.5
"(3040, 3049)",[[-1.]],-15.39280606264165,3.007933133893997,0.5
"(3041, 3050)",[[-1.]],-15.723399383977755,2.5151359086718252,0.5
"(3042, 3051)",[[1.]],-14.619887673848213,3.1052913686592873,2.5
"(3043, 3052)",[[-1.]],-15.842490211592029,1.5607134966150813,0.5
"(3044, 3053)",[[-1.]],-15.088247976071179,2.4991255048197942,0.5
"(3045, 3054)",[[-1.]],-15.081584264726969,1.088686453759676,0.5
"(3046, 3055)",[[-1.]],-13.46790203818803,3.0824545678944,0.5
"(3047, 3056)",[[-1.]],-15.04166067691742,1.1668351429119745,0.5
"(3048, 3057)",[[-1.]],-13.84322250689086,2.628365543445451,0.5
"(3049, 3058)",[[-1.]],-15.317331240021597,0.6712858783193525,0.5
"(3050, 3059)",[[1.]],-14.11437336117685,2.85773155893809,2.5
"(3051, 3060)",[[-1.]],-14.547549391043678,2.389668357151926,0.5
"(3052, 3061)",[[-1.]],-14.592018970732845,2.37258663599847,0.5
"(3053, 3062)",[[-1.]],-14.267346960067615,2.908462423574825,0.5
"(3054, 3063)",[[-1.]],-14.465070875824264,2.5923565549194976,0.5
"(3055, 3064)",[[-1.]],-11.811050368759735,4.415136786858296,0.5
"(3056, 3065)",[[-1.]],-13.500529423269663,2.3350534399702614,0.5
"(3057, 3066)",[[-1.]],-11.348868638590076,5.1670070274771795,0.5
"(3058, 3067)",[[-1.]],-13.06886760828661,2.8997623880012817,0.5
"(3059, 3068)",[[1.]],-14.136937885402759,2.7981014846293384,2.5
"(3060, 3069)",[[-1.]],-14.230987626998518,2.147365885659763,0.5
"(3061, 3070)",[[-1.]],-14.254840560465482,2.2900583639873258,0.5
"(3062, 3071)",[[-1.]],-15.953881615151477,0.623715389644639,0.5
"(3063, 3072)",[[-1.]],-14.049595875121314,3.0064535070242826,0.5
"(3064, 3073)",[[1.]],-14.898009349526433,1.8742253856955724,2.5
"(3065, 3074)",[[-1.]],-13.879508572881804,3.2056505277199374,0.5
"(3066, 3075)",[[-1.]],-15.874957809677351,0.628525294746904,0.5
"(3067, 3076)",[[-1.]],-14.07842018339298,2.9186256567474143,0.5
"(3068, 3077)",[[-1.]],-15.792099408344567,0.6656539494179174,0.5
"(3069, 3078)",[[-1.]],-13.214024700833704,2.012199747712261,0.5
"(3070, 3079)",[[1.]],-13.225536964684306,2.0175271278630067,2.5
"(3071, 3080)",[[1.]],-10.786993355575921,4.931694734061033,2.5
"(3072, 3081)",[[1.]],-10.611170179416487,3.5890700134364586,2.5
"(3073, 3082)",[[-1.]],-10.508434450764778,3.619305594301192,0.5
"(3074, 3083)",[[-1.]],-10.68279160862092,3.7432962523061377,0.5
"(3075, 3084)",[[0.99973285]],-7.920591024411381,6.894452404534228,2.4997328519821167
"(3076, 3085)",[[1.]],-12.931715498914837,2.8733987466059308,2.5
"(3077, 3086)",[[-1.]],-14.18798572915939,1.4554857482141443,0.5
"(3078, 3087)",[[1.]],-11.961087962086502,4.587434411286653,2.5
"(3079, 3088)",[[-1.]],-14.484370750508313,1.4802707280419796,0.5
"(3080, 3089)",[[0.97631335]],-12.381347115417105,4.1999442948879375,2.476313352584839
"(3081, 3090)",[[-1.]],-13.305780063314426,3.0936363305065644,0.5
"(3082, 3091)",[[1.]],-12.463520360398656,4.058778926018587,2.5
"(3083, 3092)",[[-1.]],-13.383944394615668,3.060028304095388,0.5
"(3084, 3093)",[[-1.]],-12.075098908904794,5.249059042225194,0.5
"(3085, 3094)",[[-1.]],-13.258988204098749,3.719277197483848,0.5
"(3086, 3095)",[[-1.]],-14.417347428137225,1.4898391046569426,0.5
"(3087, 3096)",[[1.]],-14.470766361394357,2.5540412283311973,2.5
"(3088, 3097)",[[-1.]],-13.480592149042723,3.6481079086266863,0.5
"(3089, 3098)",[[-1.]],-13.48297986433997,3.5527081036711756,0.5
"(3090, 3099)",[[-1.]],-13.126092238106486,3.973841431229154,0.5
"(3091, 3100)",[[1.]],-13.818682555762237,3.148091446322695,2.5
"(3092, 3101)",[[-1.]],-13.54122270487941,3.5299951173852033,0.5
"(3093, 3102)",[[1.]],-14.145874161697094,2.6786876102678203,2.5
"(3094, 3103)",[[-1.]],-14.840556561004458,1.169941356258315,0.5
"(3095, 3104)",[[1.]],-13.36377256532075,3.1239403038464175,2.5
"(3096, 3105)",[[-1.]],-14.939136004578309,1.1960813245239166,0.5
"(3097, 3106)",[[-1.]],-12.242991323480346,3.05167867809714,0.5
"(3098, 3107)",[[-1.]],-13.505698881773995,1.2094130306660258,0.5
"(3099, 3108)",[[-1.]],-12.669266678852471,2.112127464644864,0.5
"(3100, 3109)",[[-1.]],-13.353724454954266,1.2111792130308956,0.5
"(3101, 3110)",[[-1.]],-12.04350466364968,2.62903187312747,0.5
"(3102, 3111)",[[-1.]],-13.165342388632048,1.7000017928473738,0.5
"(3103, 3112)",[[-1.]],-13.518971865037255,1.1090365039755987,0.5
"(3104, 3113)",[[-1.]],-12.570959486819493,2.787846008393519,0.5
"(3105, 3114)",[[-1.]],-13.158034790948504,1.6168265074817576,0.5
"(3106, 3115)",[[-1.]],-13.681802077224253,1.1030330102572172,0.5
"(3107, 3116)",[[-1.]],-13.580474224333846,1.2716116345401396,0.5
"(3108, 3117)",[[-1.]],-13.549974820539411,1.4770909890963928,0.5
"(3109, 3118)",[[-1.]],-12.81915283361118,2.803417604523883,0.5
"(3110, 3119)",[[-1.]],-12.4904434127349,3.198998759902043,0.5
"(3111, 3120)",[[-1.]],-12.837851682746583,2.7292665605973134,0.5
"(3112, 3121)",[[-1.]],-12.543174539895954,2.719470992024906,0.5
"(3113, 3122)",[[1.]],-12.343052634874041,3.5081227858629553,2.5
"(3114, 3123)",[[-1.]],-11.292104956535502,4.652582317146813,0.5
"(3115, 3124)",[[-1.]],-13.220110845559487,2.341584386532567,0.5
"(3116, 3125)",[[1.]],-10.954243099799026,5.300002259829423,2.5
"(3117, 3126)",[[-1.]],-12.741637497972125,2.961383618260335,0.5
"(3118, 3127)",[[1.]],-10.12968363042046,6.267008891146208,2.5
"(3119, 3128)",[[-1.]],-14.431702751541547,0.579744461218036,0.5
"(3120, 3129)",[[-1.]],-12.172759811958556,3.431800151773908,0.5
"(3121, 3130)",[[-1.]],-14.467671113928871,0.7604562497544674,0.5
"(3122, 3131)",[[-1.]],-12.611437778749387,3.0805317375879397,0.5
"(3123, 3132)",[[1.]],-14.223510720206518,1.8752743730604706,2.5
"(3124, 3133)",[[1.]],-14.515908134631664,1.5727285230501344,2.5
"(3125, 3134)",[[-1.]],-14.788169244206046,1.2767662908713842,0.5
"(3126, 3135)",[[1.]],-15.09459251622776,0.7933114314814667,2.5
"(3127, 3136)",[[-1.]],-15.432631461044917,0.557379932763844,0.5
"(3128, 3137)",[[-1.]],-15.35354005662327,0.9215298510999652,0.5
"(3129, 3138)",[[1.]],-13.992030063636744,2.655835805301326,2.5
"(3130, 3139)",[[1.]],-15.461653987142196,0.7969329430227123,2.5
"(3131, 3140)",[[-1.]],-14.231354022499637,2.479337905021289,0.5
"(3132, 3141)",[[-1.]],-15.724796167721982,0.6266551168153853,0.5
"(3133, 3142)",[[-1.]],-14.08926571700645,1.3003160512294354,0.5
"(3134, 3143)",[[1.]],-14.498121845401862,1.1309660026289325,2.5
"(3135, 3144)",[[1.]],-14.669967625198606,0.9671502247010508,2.5
"(3136, 3145)",[[-1.]],-14.81988476600025,0.6674146485006407,0.5
"(3137, 3146)",[[-1.]],-13.718920190621217,1.6852463842708953,0.5
"(3138, 3147)",[[1.]],-12.586945828077138,2.749340764745833,2.5
"(3139, 3148)",[[-1.]],-14.045678296616899,0.9897628941962093,0.5
"(3140, 3149)",[[-1.]],-12.501873241564827,2.904877609923002,0.5
"(3141, 3150)",[[-1.]],-14.006050534415177,0.9837215788450564,0.5
"(3142, 3151)",[[-1.]],-12.736632010417678,2.8330390234241136,0.5
"(3143, 3152)",[[-1.]],-13.703928223552985,1.9069700758557904,0.5
"(3144, 3153)",[[-1.]],-11.827391257268172,3.720705524231356,0.5
"(3145, 3154)",[[-1.]],-12.977224963674633,2.3654447009740824,0.5
"(3146, 3155)",[[-1.]],-11.717613601175731,3.8875856660051014,0.5
"(3147, 3156)",[[-1.]],-12.204221335996793,3.4119171769715084,0.5
"(3148, 3157)",[[-1.]],-10.529964714253698,5.258887009511566,0.5
"(3149, 3158)",[[-1.]],-12.68293579661059,2.7154550770135195,0.5
"(3150, 3159)",[[-1.]],-10.803452414137455,5.0490041107712855,0.5
"(3151, 3160)",[[-1.]],-13.7232818981998,1.4346010211127638,0.5
"(3152, 3161)",[[-1.]],-10.160310850618586,5.3804236947805855,0.5
"(3153, 3162)",[[-1.]],-13.102130549349102,1.1709425673852287,0.5
"(3154, 3163)",[[-1.]],-7.963303414255359,7.666771091775942,0.5
"(3155, 3164)",[[-1.]],-13.484860686832194,1.4353223940958593,0.5
"(3156, 3165)",[[1.]],-12.207039378868913,6.197949221166397,2.5
"(3157, 3166)",[[-1.]],-15.040642227280467,2.640416167614841,0.5
"(3158, 3167)",[[-1.]],-15.898057156584066,1.5910309667335785,0.5
"(3159, 3168)",[[-1.]],-14.265965075862516,3.713850384154906,0.5
"(3160, 3169)",[[-1.]],-16.310923826664936,1.133433666150486,0.5
"(3161, 3170)",[[-1.]],-14.062148822324126,3.9606272077470965,0.5
"(3162, 3171)",[[-1.]],-15.653625399990267,1.9194977436864988,0.5
"(3163, 3172)",[[-1.]],-13.964743224426217,4.033013293771676,0.5
"(3164, 3173)",[[-1.]],-15.6850309642329,1.87667387409053,0.5
"(3165, 3174)",[[-1.]],-14.270886590061343,3.6358198210972166,0.5
"(3166, 3175)",[[-1.]],-11.286227981050645,3.496371256566775,0.5
"(3167, 3176)",[[1.]],-11.412425738395823,4.45494240352024,2.5
"(3168, 3177)",[[-1.]],-13.727953566773378,1.479375592550122,0.5
"(3169, 3178)",[[-1.]],-11.940243184988066,3.9641809810900863,0.5
"(3170, 3179)",[[-1.]],-14.774948817556213,1.2775177626813772,0.5
"(3171, 3180)",[[-1.]],-13.518741056474248,2.8344253722983552,0.5
"(3172, 3181)",[[1.]],-13.145787648588618,3.295134377847617,2.5
"(3173, 3182)",[[1.]],-13.72915315069646,2.513386912573875,2.5
"(3174, 3183)",[[-1.]],-13.783958042448631,3.2022571751271123,0.5
"(3175, 3184)",[[1.]],-13.532633875851223,3.693787678737001,2.5
"(3176, 3185)",[[-1.]],-13.219549790869607,3.9585847574995086,0.5
"(3177, 3186)",[[1.]],-12.228192256861329,4.783309977868929,2.5
"(3178, 3187)",[[-1.]],-12.620451166662793,4.27912425047068,0.5
"(3179, 3188)",[[1.]],-12.631183885425557,4.237005471045821,2.5
"(3180, 3189)",[[-1.]],-12.511391465490858,3.717904306802195,0.5
"(3181, 3190)",[[-1.]],-13.656946368197232,2.302540566556253,0.5
"(3182, 3191)",[[1.]],-12.102308450276613,4.2969211231819155,2.5
"(3183, 3192)",[[1.]],-11.105043253324702,5.632023412623357,2.5
"(3184, 3193)",[[-1.]],-12.053061166043669,3.643230626785611,0.5
"(3185, 3194)",[[-1.]],-12.373308147618681,2.9592821419851365,0.5
"(3186, 3195)",[[-1.]],-13.641095000286654,3.359180656181983,0.5
"(3187, 3196)",[[-1.]],-14.765458661976488,1.991422955881494,0.5
"(3188, 3197)",[[-1.]],-13.640526660256292,3.4340287593766323,0.5
"(3189, 3198)",[[-1.]],-14.566036076125162,2.3079542996274682,0.5
"(3190, 3199)",[[-1.]],-15.527560164817219,1.4915335170310247,0.5
"(3191, 3200)",[[-1.]],-14.876698897397176,2.4037120603085738,0.5
"(3192, 3201)",[[-1.]],-15.41764665337711,1.764249733518767,0.5
"(3193, 3202)",[[-1.]],-14.881568760883173,2.4210647144693613,0.5
"(3194, 3203)",[[-1.]],-15.064851798492304,2.0531762774090767,0.5
"(3195, 3204)",[[1.]],-15.13882433159941,1.9249195068441596,2.5
"(3196, 3205)",[[-1.]],-13.854071826666448,1.8880558881117118,0.5
"(3197, 3206)",[[-1.]],-13.642219250802388,2.0060325381722457,0.5
"(3198, 3207)",[[-1.]],-13.509174306162356,2.173850646679666,0.5
"(3199, 3208)",[[-1.]],-12.849669499057905,2.956171978004283,0.5
"(3200, 3209)",[[-1.]],-11.626089087553316,3.4631385101470116,0.5
"(3201, 3210)",[[-1.]],-11.863220282314693,3.3218536929258278,0.5
"(3202, 3211)",[[-1.]],-13.449101209062977,0.9911307688340614,0.5
"(3203, 3212)",[[-1.]],-13.41718141001965,0.4090805410281284,0.5
"(3204, 3213)",[[-1.]],-13.988222906949112,0.7110846563518329,0.5
"(3205, 3214)",[[-1.]],-15.061748453825734,0.1721868226547194,0.5
"(3206, 3215)",[[-1.]],-14.891355664835189,0.21076446213158206,0.5
"(3207, 3216)",[[-1.]],-15.016191600305355,0.09421078927719151,0.5
"(3208, 3217)",[[-1.]],-14.65196158650892,0.6014750240355937,0.5
"(3209, 3218)",[[-1.]],-15.151986826226787,0.1371836265791515,0.5
"(3210, 3219)",[[-1.]],-14.94691803320886,0.4606990555131567,0.5
"(3211, 3220)",[[-1.]],-14.94169376835117,0.3249024687883093,0.5
"(3212, 3221)",[[-1.]],-14.249602217925345,1.3558924723335721,0.5
"(3213, 3222)",[[-1.]],-14.7290246862825,0.5708260065386028,0.5
"(3214, 3223)",[[-1.]],-12.996130182209276,2.4195364170878584,0.5
"(3215, 3224)",[[-1.]],-13.500925622834208,1.089358149047733,0.5
"(3216, 3225)",[[-1.]],-12.535831818863532,2.274501177391727,0.5
"(3217, 3226)",[[-1.]],-12.606173393501217,1.9843244122292276,0.5
"(3218, 3227)",[[-1.]],-13.241681064462087,1.000127304160113,0.5
"(3219, 3228)",[[1.]],-11.50764692207771,3.0873752642008796,2.5
"(3220, 3229)",[[-1.]],-11.559687977395587,2.983024876068555,0.5
"(3221, 3230)",[[1.]],-11.731015433352157,2.6774458916496044,2.5
"(3222, 3231)",[[1.]],-12.250003634181251,1.6192403071570496,2.5
"(3223, 3232)",[[1.]],-12.70208314110611,1.3166117779212136,2.5
"(3224, 3233)",[[-1.]],-11.736774815853982,2.8501591309314254,0.5
"(3225, 3234)",[[-1.]],-13.475486907643296,0.9556586377090852,0.5
"(3226, 3235)",[[-1.]],-11.635068447876758,3.1071577358397313,0.5
"(3227, 3236)",[[-1.]],-13.522749447798944,1.2727584712927626,0.5
"(3228, 3237)",[[-1.]],-11.9673048557084,3.2496844982351334,0.5
"(3229, 3238)",[[-1.]],-13.607781438212076,2.087600644708788,0.5
"(3230, 3239)",[[-1.]],-13.419491124418721,2.4888862666734752,0.5
"(3231, 3240)",[[1.]],-13.449580940916173,2.3161141081398355,2.5
"(3232, 3241)",[[-1.]],-12.55501935030011,3.290032115298029,0.5
"(3233, 3242)",[[-1.]],-13.408350728817359,2.0451906329659852,0.5
"(3234, 3243)",[[1.]],-11.955543337949935,3.87323955211542,2.5
"(3235, 3244)",[[-1.]],-12.788819764763627,2.7071636316568792,0.5
"(3236, 3245)",[[1.]],-10.864760683543018,5.162052846645146,2.5
"(3237, 3246)",[[-1.]],-12.379248306653828,3.073093779150721,0.5
"(3238, 3247)",[[-1.]],-11.77618683665979,3.7591515668332054,0.5
"(3239, 3248)",[[-1.]],-11.128636498056576,2.5140499426760883,0.5
"(3240, 3249)",[[-1.]],-14.695646370957597,1.646083306401291,0.5
"(3241, 3250)",[[-1.]],-13.521943403948972,3.232549355728122,0.5
"(3242, 3251)",[[-1.]],-14.996894811884204,1.4063814897802418,0.5
"(3243, 3252)",[[-1.]],-14.38841235806747,2.2869389583282214,0.5
"(3244, 3253)",[[-1.]],-15.476435207204089,1.2384813945665254,0.5
"(3245, 3254)",[[-1.]],-14.217453853790424,2.9790388138938155,0.5
"(3246, 3255)",[[-1.]],-15.015113215652079,1.9545450743801833,0.5
"(3247, 3256)",[[-1.]],-14.671195747305017,2.4045487950833646,0.5
"(3248, 3257)",[[-1.]],-14.980772199810874,2.1482842670356774,0.5
"(3249, 3258)",[[-1.]],-13.367189966565158,4.44852368009156,0.5
"(3250, 3259)",[[-1.]],-13.657265066055245,2.9621466435355686,0.5
"(3251, 3260)",[[-1.]],-13.047871677183414,3.675896638236095,0.5
"(3252, 3261)",[[-1.]],-12.896487969669387,3.955245981138029,0.5
"(3253, 3262)",[[-1.]],-12.371143706681016,4.716628240327207,0.5
"(3254, 3263)",[[-1.]],-12.987066190403263,3.72949873973527,0.5
"(3255, 3264)",[[-1.]],-12.276869040201472,4.1502370886047935,0.5
"(3256, 3265)",[[1.]],-9.994408368198174,7.335273691638374,2.5
"(3257, 3266)",[[-1.]],-13.051469730584502,3.7440326920075346,0.5
"(3258, 3267)",[[-1.]],-10.249805245954215,7.465354933294318,0.5
"(3259, 3268)",[[-1.]],-12.411276675248759,3.3070563340836365,0.5
"(3260, 3269)",[[-1.]],-7.58540153436753,9.516519352905803,0.5
"(3261, 3270)",[[-1.]],-11.888997897647783,3.9452630574896226,0.5
"(3262, 3271)",[[-1.]],-9.11436510206553,7.086713613543889,0.5
"(3263, 3272)",[[1.]],-14.264404661003773,3.027728196056497,2.5
"(3264, 3273)",[[-1.]],-14.343326591302281,2.906468052406627,0.5
"(3265, 3274)",[[-1.]],-15.55170047104968,1.4486907535962885,0.5
"(3266, 3275)",[[1.]],-14.830194613110773,2.2257636309549156,2.5
"(3267, 3276)",[[1.]],-14.523820942485143,2.764748523672573,2.5
"(3268, 3277)",[[1.]],-14.81129086634772,2.4404525615703463,2.5
"(3269, 3278)",[[1.]],-14.6649775246091,2.7810709681694163,2.5
"(3270, 3279)",[[1.]],-14.957999993371171,2.4787950329533768,2.5
"(3271, 3280)",[[-1.]],-15.249651475536707,2.2162360534498147,0.5
"(3272, 3281)",[[-1.]],-14.91098585161903,2.6425245875707972,0.5
"(3273, 3282)",[[-1.]],-13.197226534353733,2.3311238563425007,0.5
"(3274, 3283)",[[-1.]],-13.242951418296906,2.121509748785133,0.5
"(3275, 3284)",[[1.]],-12.721544180214737,2.9506967169617386,2.5
"(3276, 3285)",[[1.]],-13.590924570559602,1.9732460464193124,2.5
"(3277, 3286)",[[-1.]],-12.998982473305865,2.335655679290632,0.5
"(3278, 3287)",[[1.]],-13.183560790130443,2.421540737154091,2.5
"(3279, 3288)",[[1.]],-12.51568660214136,2.8695729284752662,2.5
"(3280, 3289)",[[1.]],-13.444980408225687,1.6958052777339923,2.5
"(3281, 3290)",[[-1.]],-12.744456266445674,2.624155745377852,0.5
"(3282, 3291)",[[1.]],-11.68925932277284,5.011936407305339,2.5
"(3283, 3292)",[[-1.]],-12.54011221290132,3.937342766946756,0.5
"(3284, 3293)",[[-1.]],-12.535058704823092,4.000668080925968,0.5
"(3285, 3294)",[[-1.]],-13.128362503595365,3.0005870048927203,0.5
"(3286, 3295)",[[1.]],-10.77599830705697,5.821682062675402,2.5
"(3287, 3296)",[[-1.]],-13.301946300128733,2.648362818936544,0.5
"(3288, 3297)",[[1.]],-10.907977750186626,5.49833497663893,2.5
"(3289, 3298)",[[-1.]],-13.364872820165443,2.4106478022460056,0.5
"(3290, 3299)",[[-1.]],-11.838172065233326,4.305149047535998,0.5
"(3291, 3300)",[[-1.]],-13.810702112094253,1.831438089194446,0.5
"(3292, 3301)",[[-1.]],-9.58454468292039,6.094269639229793,0.5
"(3293, 3302)",[[-1.]],-11.773717972372218,3.346250110937927,0.5
"(3294, 3303)",[[-1.]],-9.778349387322159,6.039603392726001,0.5
"(3295, 3304)",[[-1.]],-11.09314764968589,4.315743840868562,0.5
"(3296, 3305)",[[-1.]],-10.285677756220478,5.227902955833223,0.5
"(3297, 3306)",[[-1.]],-12.015083635416714,3.0247793457317815,0.5
"(3298, 3307)",[[-1.]],-10.873260751599723,4.435289495209222,0.5
"(3299, 3308)",[[-1.]],-11.85760009757624,3.253593560159686,0.5
"(3300, 3309)",[[-1.]],-8.800685771717252,7.248068728347402,0.5
"(3301, 3310)",[[-1.]],-8.23456172987259,8.116965381837584,0.5
"(3302, 3311)",[[-1.]],-10.824091816567568,4.310177694903135,0.5
"(3303, 3312)",[[-1.]],-9.553534230659018,5.9084552449263015,0.5
"(3304, 3313)",[[-1.]],-11.278692670201018,3.5156118230718434,0.5
"(3305, 3314)",[[-1.]],-10.642330301585316,4.5390112632892645,0.5
"(3306, 3315)",[[-1.]],-11.449476937477549,3.5836584837887457,0.5
"(3307, 3316)",[[-1.]],-11.84493267693642,3.0674063615362535,0.5
"(3308, 3317)",[[-1.]],-12.58461384333967,2.0489949212035548,0.5
"(3309, 3318)",[[-1.]],-12.7748900648277,1.704300362211555,0.5
"(3310, 3319)",[[1.]],-12.280619428256998,2.177838935527884,2.5
"(3311, 3320)",[[-1.]],-12.25317350231943,1.6155100574725978,0.5
"(3312, 3321)",[[-1.]],-12.098973000566227,1.7869998532535867,0.5
"(3313, 3322)",[[-1.]],-11.11092515271516,2.8897802106052595,0.5
"(3314, 3323)",[[-1.]],-12.587984689351925,1.0155494647948586,0.5
"(3315, 3324)",[[1.]],-10.921600590978308,2.810482847010192,2.5
"(3316, 3325)",[[-1.]],-11.335748128807738,3.013653241753868,0.5
"(3317, 3326)",[[-1.]],-13.277461416590501,1.2180240766832249,0.5
"(3318, 3327)",[[-1.]],-12.535791439872698,2.0531257201698523,0.5
"(3319, 3328)",[[1.]],-13.284507921840063,1.2201668515456632,2.5
"(3320, 3329)",[[-1.]],-12.295819015359058,2.0719812891742713,0.5
"(3321, 3330)",[[-1.]],-13.34646793785354,1.06724960650115,0.5
"(3322, 3331)",[[1.]],-11.009475193524926,4.4131562826291795,2.5
"(3323, 3332)",[[-0.99999005]],-12.143894130804762,3.0641115017270693,0.5000099539756775
"(3324, 3333)",[[-1.]],-11.458832138118893,3.915812757939621,0.5
"(3325, 3334)",[[1.]],-12.892190302871239,2.0201980794021175,2.5
"(3326, 3335)",[[1.]],-9.708505613125457,5.666338114194016,2.5
"(3327, 3336)",[[-1.]],-8.43131043161055,6.7303204159428365,0.5
"(3328, 3337)",[[-1.]],-12.116352188771728,2.3898962702292863,0.5
"(3329, 3338)",[[-1.]],-7.684091392249459,7.718571590706478,0.5
"(3330, 3339)",[[-1.]],-11.461974668863558,3.65328782390778,0.5
"(3331, 3340)",[[-1.]],-13.202325689198133,1.8052581647468973,0.5
"(3332, 3341)",[[1.]],-11.001255960242814,4.112530475229121,2.5
"(3333, 3342)",[[-1.]],-13.168235832700224,1.3109313990892577,0.5
"(3334, 3343)",[[-1.]],-11.226038295504178,3.9723416339975213,0.5
"(3335, 3344)",[[-1.]],-12.779146772055457,1.961096115717643,0.5
"(3336, 3345)",[[-1.]],-11.02995002149002,4.360938729022784,0.5
"(3337, 3346)",[[-1.]],-12.237127454613073,2.797744014871352,0.5
"(3338, 3347)",[[-1.]],-11.338361513913823,4.561907193490724,0.5
"(3339, 3348)",[[-1.]],-11.423003846556448,4.510922994653068,0.5
"(3340, 3349)",[[-1.]],-10.055246189551644,5.894171727726434,0.5
"(3341, 3350)",[[-1.]],-9.346230303045036,6.4722985027143665,0.5
"(3342, 3351)",[[-1.]],-11.499563593628602,3.9623409945943653,0.5
"(3343, 3352)",[[-1.]],-9.633841928746405,6.287788831000912,0.5
"(3344, 3353)",[[-1.]],-10.721535520467008,4.921468469439766,0.5
"(3345, 3354)",[[-1.]],-11.70143031870639,3.862525978827451,0.5
"(3346, 3355)",[[-1.]],-13.092360556217464,1.9374481926001366,0.5
"(3347, 3356)",[[-1.]],-12.479849359119061,2.6683461479102775,0.5
"(3348, 3357)",[[-1.]],-11.560717439657695,2.777150636829635,0.5
"(3349, 3358)",[[-1.]],-11.755542363703155,2.7596973788424997,0.5
"(3350, 3359)",[[-1.]],-13.415226795670183,1.3817299761764268,0.5
"(3351, 3360)",[[-1.]],-14.31145175596035,0.6896744460823783,0.5
"(3352, 3361)",[[-1.]],-13.727881050998139,1.2886385571710086,0.5
"(3353, 3362)",[[-1.]],-13.736011136171857,1.3531134007497236,0.5
"(3354, 3363)",[[-1.]],-14.10371499014836,0.9175211788095154,0.5
"(3355, 3364)",[[-1.]],-13.593152603558291,1.2615390314502974,0.5
"(3356, 3365)",[[-1.]],-12.423259661414587,3.1931601277260206,0.5
"(3357, 3366)",[[-1.]],-13.720229103117457,1.6260514303687152,0.5
"(3358, 3367)",[[-1.]],-14.196732288958058,0.9278163481941348,0.5
"(3359, 3368)",[[-1.]],-14.294756592517546,0.9554087053633911,0.5
"(3360, 3369)",[[-1.]],-12.733062819806369,2.6088644575453763,0.5
"(3361, 3370)",[[-1.]],-14.695253893853225,1.7508428462794328,0.5
"(3362, 3371)",[[1.]],-11.158355135183552,6.558175574294296,2.5
"(3363, 3372)",[[-1.]],-14.23382100112263,2.499117824259949,0.5
"(3364, 3373)",[[-1.]],-15.572393977725383,0.8841958969776513,0.5
"(3365, 3374)",[[-1.]],-14.779497192347803,2.0390783089814235,0.5
"(3366, 3375)",[[-1.]],-16.38643487796556,0.9102362876876384,0.5
"(3367, 3376)",[[-1.]],-15.462606291892504,2.064849407649737,0.5
"(3368, 3377)",[[1.]],-14.301568729799426,3.298097171260066,2.5
"(3369, 3378)",[[-1.]],-14.262412184608921,3.260277133779409,0.5
"(3370, 3379)",[[-1.]],-16.009099579896475,1.3111916447109806,0.5
"(3371, 3380)",[[1.]],-13.733748098861557,4.2238707810347424,2.5
"(3372, 3381)",[[1.]],-15.539696502137144,1.7117090553626308,2.5
"(3373, 3382)",[[-1.]],-13.586686911377,4.138973957082538,0.5
"(3374, 3383)",[[1.]],-14.62430728085114,3.1467417992703286,2.5
"(3375, 3384)",[[1.]],-13.404073814397439,4.637915338791579,2.5
"(3376, 3385)",[[-1.]],-13.91631117936992,3.3341372931676876,0.5
"(3377, 3386)",[[1.]],-12.178367956308385,5.7564089382203,2.5
"(3378, 3387)",[[1.]],-14.179087911132616,3.2858190454827447,2.5
"(3379, 3388)",[[1.]],-12.326303793993986,5.69956947579229,2.5
"(3380, 3389)",[[-1.]],-13.522314050830783,4.359861249873436,0.5
"(3381, 3390)",[[1.]],-13.337328599074166,3.424501395445459,2.5
"(3382, 3391)",[[-1.]],-11.833992059457366,5.6573034133652795,0.5
"(3383, 3392)",[[-1.]],-14.326824309827654,2.4425511870715866,0.5
"(3384, 3393)",[[-1.]],-9.24302774619905,7.622992601214637,0.5
"(3385, 3394)",[[-1.]],-12.266502713101557,3.799372913096393,0.5
"(3386, 3395)",[[-1.]],-9.469085803904568,7.288155103439241,0.5
"(3387, 3396)",[[-1.]],-12.650848994772073,1.9797390597210622,0.5
"(3388, 3397)",[[-1.]],-8.63002796132584,6.896300265091124,0.5
"(3389, 3398)",[[-1.]],-10.40407522965725,5.510323169529869,0.5
"(3390, 3399)",[[-1.]],-12.39682995657264,2.639855117465986,0.5
"(3391, 3400)",[[-1.]],-12.388392531353066,2.87422602657438,0.5
"(3392, 3401)",[[-1.]],-13.05837716085913,2.025707648387538,0.5
"(3393, 3402)",[[-1.]],-13.69956219870369,1.7901116128427095,0.5
"(3394, 3403)",[[-1.]],-12.309330642266945,3.750803780511001,0.5
"(3395, 3404)",[[-1.]],-12.94485261857307,2.8304653356619607,0.5
"(3396, 3405)",[[-1.]],-12.93980641885262,2.901945049079586,0.5
"(3397, 3406)",[[-1.]],-13.021582599861016,2.8743008808601047,0.5
"(3398, 3407)",[[-1.]],-13.67579608489722,2.0156568810278586,0.5
"(3399, 3408)",[[-1.]],-11.24492829978103,4.701830706365696,0.5
"(3400, 3409)",[[-1.]],-10.737513253617546,5.30091502233558,0.5
"(3401, 3410)",[[-1.]],-9.986722266609602,5.989924540206019,0.5
"(3402, 3411)",[[-1.]],-8.55576436969007,7.968947347373597,0.5
"(3403, 3412)",[[-1.]],-10.491509274110957,4.953997578318205,0.5
"(3404, 3413)",[[-1.]],-12.273966352031792,1.9823443337781477,0.5
"(3405, 3414)",[[-1.]],-10.756279585866485,4.3504539875210355,0.5
"(3406, 3415)",[[-1.]],-13.27320163932132,1.4883788791198675,0.5
"(3407, 3416)",[[-1.]],-10.635606948282225,4.828175587259597,0.5
"(3408, 3417)",[[1.]],-12.481248371311867,3.647221112302791,2.5
"(3409, 3418)",[[-1.]],-12.764577425709831,4.379420468324991,0.5
"(3410, 3419)",[[-1.]],-15.892992265696192,0.9165962295084444,0.5
"(3411, 3420)",[[-1.]],-13.045058457364258,4.6112271326758005,0.5
"(3412, 3421)",[[1.]],-14.933186207883798,1.9513617916879564,2.5
"(3413, 3422)",[[-1.]],-11.99448401836477,5.699785036067887,0.5
"(3414, 3423)",[[-1.]],-15.67244646271155,1.0419908081833995,0.5
"(3415, 3424)",[[-1.]],-12.377260962450073,5.343317159321128,0.5
"(3416, 3425)",[[1.]],-15.054198700812455,1.9416527029479944,2.5
"(3417, 3426)",[[-1.]],-12.407041944828581,5.124347025231739,0.5
"(3418, 3427)",[[1.]],-15.409066568029163,0.9233407433148688,2.5
"(3419, 3428)",[[-1.]],-12.788127074080712,3.4747014682299486,0.5
"(3420, 3429)",[[-1.]],-11.150058525323374,4.509205662956797,0.5
"(3421, 3430)",[[1.]],-11.463833412086192,4.22375261421837,2.5
"(3422, 3431)",[[1.]],-10.95375179327564,4.622658380577549,2.5
"(3423, 3432)",[[-1.]],-10.70284880935317,4.73794292299687,0.5
"(3424, 3433)",[[1.]],-9.942916850793711,5.972474260964876,2.5
"(3425, 3434)",[[-1.]],-12.258259973907538,1.9086749911939442,0.5
"(3426, 3435)",[[-1.]],-12.094574764416365,2.4273288442965644,0.5
"(3427, 3436)",[[-1.]],-8.571559752053812,6.858007280493037,0.5
"(3428, 3437)",[[1.]],-12.112528469262834,2.562430934243995,2.5
"(3429, 3438)",[[1.]],-10.451408657750695,4.7319856856432345,2.5
"(3430, 3439)",[[1.]],-14.005866204419592,1.732596865630267,2.5
"(3431, 3440)",[[-1.]],-12.183396474998814,3.948578288779526,0.5
"(3432, 3441)",[[-1.]],-14.770536980630363,0.9191572113300825,0.5
"(3433, 3442)",[[1.]],-11.283459222884149,5.470446188551473,2.5
"(3434, 3443)",[[1.]],-15.01688501451209,0.7546950264398742,2.5
"(3435, 3444)",[[1.]],-12.947285578436073,3.574863666318709,2.5
"(3436, 3445)",[[-1.]],-15.249225458294784,0.8538866554984335,0.5
"(3437, 3446)",[[-1.]],-12.994332550363668,3.6109679448547025,0.5
"(3438, 3447)",[[-1.]],-15.473148685314776,1.3095857895285867,0.5
"(3439, 3448)",[[-1.]],-12.472242425403739,5.222260715348442,0.5
"(3440, 3449)",[[-1.]],-15.073582564589953,1.7904731581503377,0.5
"(3441, 3450)",[[1.]],-12.606400447926932,4.827222342506129,2.5
"(3442, 3451)",[[-1.]],-14.161724842160346,2.850503232794553,0.5
"(3443, 3452)",[[-1.]],-15.277877059146947,1.372821836683447,0.5
"(3444, 3453)",[[-1.]],-15.00367068130634,1.692264501337819,0.5
"(3445, 3454)",[[-1.]],-14.479755241381115,2.330679825049504,0.5
"(3446, 3455)",[[-1.]],-14.667268826171686,2.056958088589777,0.5
"(3447, 3456)",[[-1.]],-15.34214294868822,1.162253024714353,0.5
"(3448, 3457)",[[-1.]],-12.45668175992265,2.9369648069921563,0.5
"(3449, 3458)",[[-1.]],-11.769376481660373,3.19877742944891,0.5
"(3450, 3459)",[[-1.]],-12.160673954940512,1.4347713653279008,0.5
"(3451, 3460)",[[-1.]],-11.323436286614063,2.397401449135046,0.5
"(3452, 3461)",[[-1.]],-11.922120264862397,1.4878679310618637,0.5
"(3453, 3462)",[[-1.]],-13.27115577290121,1.5091484851929025,0.5
"(3454, 3463)",[[-1.]],-12.820843706660861,2.3048095626640226,0.5
"(3455, 3464)",[[-1.]],-14.329217273984158,1.603293044902891,0.5
"(3456, 3465)",[[-1.]],-12.268996183578595,4.224413368437737,0.5
"(3457, 3466)",[[-1.]],-13.964302130966717,2.2242697363041373,0.5
"(3458, 3467)",[[-1.]],-14.169312111819861,2.0127566631379654,0.5
"(3459, 3468)",[[-1.]],-13.849552462882707,3.2591736583896136,0.5
"(3460, 3469)",[[-1.]],-11.911521842423097,5.784509226529634,0.5
"(3461, 3470)",[[-1.]],-13.253373231613192,4.067444282586056,0.5
"(3462, 3471)",[[-1.]],-10.588707025435836,7.60905156746532,0.5
"(3463, 3472)",[[-1.]],-12.597467345718721,4.810758138196551,0.5
"(3464, 3473)",[[1.]],-10.7289222647192,7.044595197592116,2.5
"(3465, 3474)",[[-1.]],-12.212025934624922,4.670554621332657,0.5
"(3466, 3475)",[[1.]],-9.038798105556326,8.549839880931966,2.5
"(3467, 3476)",[[-1.]],-13.290302915537811,3.190228239111411,0.5
"(3468, 3477)",[[-1.]],-12.972322400266792,3.616529443085419,0.5
"(3469, 3478)",[[-1.]],-13.720366016372726,1.715575004903446,0.5
"(3470, 3479)",[[-1.]],-14.481596508989586,0.25532745052359473,0.5
"(3471, 3480)",[[1.]],-13.660944916685098,1.22119142448466,2.5
"(3472, 3481)",[[-1.]],-15.520149259300325,0.2861240299467589,0.5
"(3473, 3482)",[[-1.]],-16.6409630864684,0.35439140372147904,0.5
"(3474, 3483)",[[-1.]],-16.47745281331221,0.6055000156216348,0.5
"(3475, 3484)",[[1.]],-16.622462045416917,0.32755664382994354,2.5
"(3476, 3485)",[[1.]],-16.019355849526594,1.3018623043943114,2.5
"(3477, 3486)",[[-1.]],-16.599328407375623,0.5158280477868367,0.5
"(3478, 3487)",[[1.]],-16.1995073972255,1.2173152124603703,2.5
"(3479, 3488)",[[1.]],-16.20060499681254,1.207890362539859,2.5
"(3480, 3489)",[[1.]],-16.17094725021934,1.2259374771289488,2.5
"(3481, 3490)",[[1.]],-16.191283556702864,1.1608373369579592,2.5
"(3482, 3491)",[[1.]],-15.755027572662957,1.359575638746192,2.5
"(3483, 3492)",[[1.]],-14.239365846216694,2.2945140400536053,2.5
"(3484, 3493)",[[1.]],-14.346405394669857,2.9332569180558314,2.5
"(3485, 3494)",[[-1.]],-15.341663557162274,1.812859334128503,0.5
"(3486, 3495)",[[-1.]],-14.894966761918244,1.757190353250425,0.5
"(3487, 3496)",[[-1.]],-14.31581042672017,2.355180621489117,0.5
"(3488, 3497)",[[-1.]],-14.773944902836977,1.0001247134500488,0.5
"(3489, 3498)",[[-1.]],-14.850786900805483,0.7974356840910026,0.5
"(3490, 3499)",[[-1.]],-14.104392125924429,1.730261278588646,0.5
"(3491, 3500)",[[-1.]],-14.211503888076,1.5875645327442633,0.5
"(3492, 3501)",[[-1.]],-13.714373235194119,2.1870095929461346,0.5
"(3493, 3502)",[[-1.]],-13.757318492520545,2.4004859919803803,0.5
"(3494, 3503)",[[-1.]],-11.69874514633513,4.033610024825931,0.5
"(3495, 3504)",[[-1.]],-12.7472654851167,2.831169777894379,0.5
"(3496, 3505)",[[-1.]],-3.9443955013495335,14.167727844781396,0.5
"(3497, 3506)",[[-1.]],-13.773721384211273,1.815872089582772,0.5
"(3498, 3507)",[[-1.]],-4.910300197718873,13.019733779387497,0.5
"(3499, 3508)",[[-1.]],-13.200096174173865,2.586428714698325,0.5
"(3500, 3509)",[[-1.]],-8.265521492388208,8.766634987211258,0.5
"(3501, 3510)",[[-1.]],-13.933220519576775,1.6547805828844098,0.5
"(3502, 3511)",[[1.]],-10.076773473859859,7.207231746910093,2.5
"(3503, 3512)",[[-1.]],-14.885307498504392,1.0283570289330584,0.5
"(3504, 3513)",[[-1.]],-12.812066220108775,3.638945065368617,0.5
"(3505, 3514)",[[-1.]],-15.161236624539622,0.5074039744589331,0.5
"(3506, 3515)",[[-1.]],-14.149239448819529,1.8319053657352278,0.5
"(3507, 3516)",[[1.]],-13.461144519904076,3.2519278862195513,2.5
"(3508, 3517)",[[1.]],-15.29301772315271,1.1959040851614837,2.5
"(3509, 3518)",[[-1.]],-14.18309130647984,2.551870006022737,0.5
"(3510, 3519)",[[-1.]],-15.253431741831985,1.105544439567824,0.5
"(3511, 3520)",[[-1.]],-13.784694751669221,2.9732024411304856,0.5
"(3512, 3521)",[[-1.]],-15.327435685600046,0.44472950425257274,0.5
"(3513, 3522)",[[-1.]],-10.651981807133065,6.151320776387028,0.5
"(3514, 3523)",[[-1.]],-15.265515430285312,0.4016727371385418,0.5
"(3515, 3524)",[[-1.]],-10.262197603000468,6.714404505250075,0.5
"(3516, 3525)",[[-1.]],-15.18784037097075,0.12205059894338177,0.5
"(3517, 3526)",[[-1.]],-11.328578116153468,3.5774184492492473,0.5
"(3518, 3527)",[[-1.]],-12.792692744483116,0.6057029566557368,0.5
"(3519, 3528)",[[1.]],-10.985073327940494,3.1727929664962318,2.5
"(3520, 3529)",[[-1.]],-12.216712211938827,1.7050856487061878,0.5
"(3521, 3530)",[[-1.]],-12.678317295695543,1.0389830006809007,0.5
"(3522, 3531)",[[-1.]],-12.365316882048589,1.3872185926231175,0.5
"(3523, 3532)",[[1.]],-12.310252825409364,2.753260570455371,2.5
"(3524, 3533)",[[-1.]],-11.736332712941806,3.502111472864666,0.5
"(3525, 3534)",[[-1.]],-12.412310013201715,2.6131581233727097,0.5
"(3526, 3535)",[[1.]],-11.556191445469013,4.065694518331512,2.5
"(3527, 3536)",[[1.]],-12.331465173577069,3.085751077785174,2.5
"(3528, 3537)",[[-1.]],-12.173000047244763,3.288657758574768,0.5
"(3529, 3538)",[[1.]],-12.0530278620225,3.3729736195456166,2.5
"(3530, 3539)",[[-1.]],-12.734420582924999,2.540349790651174,0.5
"(3531, 3540)",[[-1.]],-12.993792174918877,2.7625955000306543,0.5
"(3532, 3541)",[[-1.]],-11.269898993590335,5.168930355100322,0.5
"(3533, 3542)",[[-1.]],-13.092203711886498,2.048868755759784,0.5
"(3534, 3543)",[[-1.]],-10.988559975449887,4.8919821738585725,0.5
"(3535, 3544)",[[-1.]],-13.225139806378005,2.176064385907587,0.5
"(3536, 3545)",[[-1.]],-11.84243583108685,3.5293062269245503,0.5
"(3537, 3546)",[[-1.]],-12.373974926706241,2.6987467622849213,0.5
"(3538, 3547)",[[-1.]],-10.595896183236075,4.843894550582711,0.5
"(3539, 3548)",[[1.]],-13.319938807401119,3.3206894180222175,2.5
"(3540, 3549)",[[-1.]],-13.100561376425206,3.4907434947501645,0.5
"(3541, 3550)",[[-1.]],-13.20842631658001,3.084354097423823,0.5
"(3542, 3551)",[[-1.]],-12.809490260066159,3.587893259975143,0.5
"(3543, 3552)",[[-1.]],-13.632165692367861,3.758964430854424,0.5
"(3544, 3553)",[[-1.]],-13.74558839609204,3.5926592434949507,0.5
"(3545, 3554)",[[-1.]],-13.832452713529277,3.555232588142575,0.5
"(3546, 3555)",[[-1.]],-14.879499335699167,2.5809777288088043,0.5
"(3547, 3556)",[[-1.]],-13.223584842525602,4.6266507408759345,0.5
"(3548, 3557)",[[-1.]],-14.867702307045915,2.618009699942255,0.5
"(3549, 3558)",[[1.]],-14.868071124796616,3.6414977025943447,2.5
"(3550, 3559)",[[1.]],-16.258110375032913,1.9689105201197847,2.5
"(3551, 3560)",[[-1.]],-15.45262764562727,2.9548049643861276,0.5
"(3552, 3561)",[[1.]],-16.386345368167074,1.599329764237421,2.5
"(3553, 3562)",[[-1.]],-15.829667851802085,1.594389266523871,0.5
"(3554, 3563)",[[-1.]],-16.27777220909067,0.9760848026841629,0.5
"(3555, 3564)",[[-1.]],-15.752982886287088,1.6196752294024055,0.5
"(3556, 3565)",[[-1.]],-16.134777239812536,0.9462310674332635,0.5
"(3557, 3566)",[[-1.]],-16.40001657363837,0.5047614324158047,0.5
"(3558, 3567)",[[-1.]],-16.012982113525993,0.9169228559963596,0.5
"(3559, 3568)",[[-1.]],-11.757187055184316,3.1137815825537345,0.5
"(3560, 3569)",[[-1.]],-13.353915489162349,1.4246601220772561,0.5
"(3561, 3570)",[[-1.]],-10.929013408701806,4.4454697877348615,0.5
"(3562, 3571)",[[-1.]],-13.30296144042226,2.853483508787983,0.5
"(3563, 3572)",[[-1.]],-13.857773308618045,2.20769022706312,0.5
"(3564, 3573)",[[-1.]],-13.196038881668063,2.7720322700346696,0.5
"(3565, 3574)",[[1.]],-13.333199958575157,2.4251136884891906,2.5
"(3566, 3575)",[[-1.]],-12.552911168536646,4.3467774285977825,0.5
"(3567, 3576)",[[-1.]],-14.5597988178898,1.9831140535670606,0.5
"(3568, 3577)",[[1.]],-12.825818528683355,3.9740999778917114,2.5
"(3569, 3578)",[[1.]],-14.874668682401365,1.4559518468484516,2.5
"(3570, 3579)",[[-1.]],-12.648484963068539,4.096294791927519,0.5
"(3571, 3580)",[[1.]],-14.859687225114014,1.3744274455389611,2.5
"(3572, 3581)",[[-1.]],-12.31077277517911,4.49180687381538,0.5
"(3573, 3582)",[[1.]],-14.77102948782112,1.4547480938758817,2.5
"(3574, 3583)",[[1.]],-12.178169337583677,4.649543807103768,2.5
"(3575, 3584)",[[1.]],-14.501213689867402,1.739943501340818,2.5
"(3576, 3585)",[[1.]],-13.670767295352336,2.7751360847613977,2.5
"(3577, 3586)",[[-1.]],-13.751010627100012,2.591660522878465,0.5
"(3578, 3587)",[[-1.]],-14.308107021326737,1.9394523240282142,0.5
"(3579, 3588)",[[1.]],-14.157382566321413,2.0883274659281703,2.5
"(3580, 3589)",[[-1.]],-14.811784839440929,1.3440576800882402,0.5
"(3581, 3590)",[[1.]],-14.420862515938808,1.7883248451677645,2.5
"(3582, 3591)",[[1.]],-14.829343381961936,1.3482247429204381,2.5
"(3583, 3592)",[[-1.]],-14.367283849755312,2.0041200153068752,0.5
"(3584, 3593)",[[-1.]],-15.175228291373216,1.1530653749583095,0.5
"(3585, 3594)",[[-1.]],-13.89192946752629,2.655850046693696,0.5
"(3586, 3595)",[[-1.]],-13.892675074242101,1.7464916881224308,0.5
"(3587, 3596)",[[-1.]],-13.972221953744699,1.6975740144407077,0.5
"(3588, 3597)",[[1.]],-13.585642811382513,2.1353250160164414,2.5
"(3589, 3598)",[[-1.]],-14.919218793347108,0.4622632129311661,0.5
"(3590, 3599)",[[-1.]],-12.061762390383594,4.004467509113425,0.5
"(3591, 3600)",[[1.]],-14.062464950707332,3.212716832771237,2.5
"(3592, 3601)",[[-1.]],-14.631189841816342,2.5228874924248084,0.5
"(3593, 3602)",[[-1.]],-15.6586162859726,1.101130909524616,0.5
"(3594, 3603)",[[-1.]],-14.866903578179333,2.0383642065140526,0.5
"(3595, 3604)",[[-1.]],-15.482283285958989,1.2093469833274426,0.5
"(3596, 3605)",[[-1.]],-14.53353714519471,2.2142372838984183,0.5
"(3597, 3606)",[[-1.]],-13.857099217677423,3.0208468179105683,0.5
"(3598, 3607)",[[-1.]],-14.65378378699986,2.0472076254307137,0.5
"(3599, 3608)",[[-1.]],-14.812510965517612,1.8129102187002015,0.5
"(3600, 3609)",[[-1.]],-14.776703741305802,1.807092709232485,0.5
"(3601, 3610)",[[-1.]],-12.325584018387525,2.7009918427262356,0.5
"(3602, 3611)",[[-1.]],-13.162665986833607,1.1282259572242097,0.5
"(3603, 3612)",[[1.]],-13.88342317059791,1.472077670963527,2.5
"(3604, 3613)",[[-1.]],-14.749364801803683,0.46805286904386634,0.5
"(3605, 3614)",[[-1.]],-14.278861194382209,1.1594462511468073,0.5
"(3606, 3615)",[[-1.]],-12.41490418776069,3.5037774055278454,0.5
"(3607, 3616)",[[-1.]],-13.826212044510052,1.3341986112685333,0.5
"(3608, 3617)",[[-1.]],-11.433749661302178,4.415622464830577,0.5
"(3609, 3618)",[[-1.]],-13.841208868736752,1.399637682009999,0.5
"(3610, 3619)",[[-1.]],-11.209856597719188,4.64454305574051,0.5
"(3611, 3620)",[[-1.]],-12.290265440522608,3.3212681737046736,0.5
"(3612, 3621)",[[-1.]],-10.22861445527372,5.830173648702765,0.5
"(3613, 3622)",[[-1.]],-7.221195447951013,8.198679103992525,0.5
"(3614, 3623)",[[-1.]],-7.175465368024365,8.286742543501656,0.5
"(3615, 3624)",[[-1.]],-12.919405563838017,3.7319026796347536,0.5
"(3616, 3625)",[[-1.]],-12.859790790405704,3.7662203226922486,0.5
"(3617, 3626)",[[1.]],-12.136182305322711,4.628520552824504,2.5
"(3618, 3627)",[[-1.]],-13.746480387688989,2.4892736838196843,0.5
"(3619, 3628)",[[-1.]],-13.331963634410524,3.0504118762784103,0.5
"(3620, 3629)",[[-1.]],-14.019062178162669,2.1769520257321826,0.5
"(3621, 3630)",[[1.]],-12.323813506787275,4.406295498559684,2.5
"(3622, 3631)",[[1.]],-13.994140139656054,2.2707384021068453,2.5
"(3623, 3632)",[[1.]],-12.63685015349512,3.892663863411899,2.5
"(3624, 3633)",[[1.]],-14.071398204202985,2.1179278152541237,2.5
"(3625, 3634)",[[1.]],-12.502087926273871,3.750683544190885,2.5
"(3626, 3635)",[[-1.]],-13.585489879206158,2.4013410934604806,0.5
"(3627, 3636)",[[-1.]],-13.276533805450882,3.0862764839763237,0.5
"(3628, 3637)",[[1.]],-11.191050930423224,5.977818165073472,2.5
"(3629, 3638)",[[1.]],-14.290150715630903,2.578674196888925,2.5
"(3630, 3639)",[[-1.]],-12.369625223098684,4.984258641744026,0.5
"(3631, 3640)",[[-1.]],-14.56028638559557,2.131502136006624,0.5
"(3632, 3641)",[[1.]],-12.122758089243058,5.53346188226688,2.5
"(3633, 3642)",[[1.]],-15.739286167718094,1.519740802799606,2.5
"(3634, 3643)",[[-1.]],-14.163957679060518,3.594319548904893,0.5
"(3635, 3644)",[[-1.]],-16.21910590567543,0.36507770310674914,0.5
"(3636, 3645)",[[1.]],-13.562441013961815,3.6433651115041306,2.5
"(3637, 3646)",[[1.]],-16.160952287614585,0.22950856332433478,2.5
"(3638, 3647)",[[-1.]],-13.803392879164363,2.9586646011706543,0.5
"(3639, 3648)",[[1.]],-15.627356779569842,0.081404576862667,2.5
"(3640, 3649)",[[-1.]],-14.417572515469088,1.4888113705850117,0.5
"(3641, 3650)",[[-1.]],-15.479487683047468,0.1642753484990891,0.5
"(3642, 3651)",[[-1.]],-13.478110184908394,1.9645049914342358,0.5
"(3643, 3652)",[[-1.]],-15.323106216716653,0.7825966172272523,0.5
"(3644, 3653)",[[-1.]],-14.783191780408941,1.4553962985113547,0.5
"(3645, 3654)",[[-1.]],-15.418473962358716,0.7483627780225213,0.5
"(3646, 3655)",[[-1.]],-14.639772538614274,1.7345838191410579,0.5
"(3647, 3656)",[[-1.]],-15.756853854808293,0.4690327076868197,0.5
"(3648, 3657)",[[-1.]],-14.925289597933215,1.5720665194208863,0.5
"(3649, 3658)",[[-1.]],-14.908170965134186,2.054172894637425,0.5
"(3650, 3659)",[[-1.]],-15.310735878447302,1.5841987834825986,0.5
"(3651, 3660)",[[-1.]],-14.753880757533166,2.4349014873707198,0.5
"(3652, 3661)",[[-1.]],-15.428370746415897,1.6097604104954062,0.5
"(3653, 3662)",[[-1.]],-13.672092798315006,2.322821495569377,0.5
"(3654, 3663)",[[-1.]],-14.712924354073989,1.005733614063404,0.5
"(3655, 3664)",[[-1.]],-12.87772499748244,3.14854611235552,0.5
"(3656, 3665)",[[-1.]],-13.85116169298846,2.0819211008468574,0.5
"(3657, 3666)",[[-1.]],-13.913275560848618,2.0875182484356927,0.5
"(3658, 3667)",[[-1.]],-14.883705844480554,1.2265538569634042,0.5
"(3659, 3668)",[[-1.]],-13.689036374302354,1.4266086560844187,0.5
"(3660, 3669)",[[-1.]],-14.62781308977139,0.3736238000643617,0.5
"(3661, 3670)",[[-1.]],-14.052223190946401,0.8145160713826947,0.5
"(3662, 3671)",[[-1.]],-13.958672981943721,1.060105977501042,0.5
"(3663, 3672)",[[1.]],-13.494972721425789,1.7811409170963373,2.5
"(3664, 3673)",[[-1.]],-13.792700123075754,1.334830899026045,0.5
"(3665, 3674)",[[-1.]],-13.395181907615905,1.8553334152481096,0.5
"(3666, 3675)",[[-1.]],-13.202509918050172,1.850757300282364,0.5
"(3667, 3676)",[[-1.]],-13.249513947959217,1.9752775902521957,0.5
"(3668, 3677)",[[1.]],-8.932307248610977,7.338509325925585,2.5
"(3669, 3678)",[[1.]],-12.231122862911576,3.3701604459101695,2.5
"(3670, 3679)",[[-1.]],-13.048904192060546,2.3616120792720423,0.5
"(3671, 3680)",[[-1.]],-13.869277604480418,1.3153286818654735,0.5
"(3672, 3681)",[[1.]],-13.261644378833646,2.2421039749733023,2.5
"(3673, 3682)",[[1.]],-14.303949173991555,1.014914667792544,2.5
"(3674, 3683)",[[-1.]],-12.532598438063744,3.537009733795669,0.5
"(3675, 3684)",[[-1.]],-13.356346438030242,2.5801573874013553,0.5
"(3676, 3685)",[[1.]],-12.238261464393792,4.061198853637393,2.5
"(3677, 3686)",[[-1.]],-13.965608049954325,2.087788848277679,0.5
"(3678, 3687)",[[-1.]],-14.330100362281632,1.492795148023399,0.5
"(3679, 3688)",[[-1.]],-13.53109966211214,2.7154006356139,0.5
"(3680, 3689)",[[-1.]],-13.460411951536583,2.8290459338287626,0.5
"(3681, 3690)",[[-1.]],-13.82275565648148,2.3581367689697803,0.5
"(3682, 3691)",[[-1.]],-12.701033191478151,3.4479639041690024,0.5
"(3683, 3692)",[[-1.]],-12.739486488217535,3.7630891193839178,0.5
"(3684, 3693)",[[-1.]],-13.654449829231474,2.463715405846674,0.5
"(3685, 3694)",[[-1.]],-13.846615358689634,2.1107149600479964,0.5
"(3686, 3695)",[[1.]],-13.673571647533013,2.3320164277149313,2.5
"(3687, 3696)",[[-1.]],-13.173838832479483,3.069604959277858,0.5
"(3688, 3697)",[[-1.]],-13.488446346357742,2.6143407732984354,0.5
"(3689, 3698)",[[-1.]],-13.526232312490903,2.28136518221503,0.5
"(3690, 3699)",[[-1.]],-13.418429981437733,2.498231822840898,0.5
"(3691, 3700)",[[-1.]],-12.35935055686028,3.907349718594693,0.5
"(3692, 3701)",[[-1.]],-14.568611933568526,1.031772187883064,0.5
"(3693, 3702)",[[-1.]],-12.184794115699273,2.4974710526482884,0.5
"(3694, 3703)",[[-1.]],-13.559657874699472,0.7848729962750678,0.5
"(3695, 3704)",[[-1.]],-12.411298317487649,2.285961260064086,0.5
"(3696, 3705)",[[-1.]],-13.602687921599625,1.1574978019139799,0.5
"(3697, 3706)",[[-1.]],-9.456703506770868,5.273287019418714,0.5
"(3698, 3707)",[[-1.]],-13.053510415498451,0.9228625825543695,0.5
"(3699, 3708)",[[-1.]],-11.156294023675901,3.2183795722169,0.5
"(3700, 3709)",[[1.]],-15.229010599292453,2.34551381754493,2.5
"(3701, 3710)",[[-1.]],-15.42953605188469,2.109578464215554,0.5
"(3702, 3711)",[[-1.]],-16.38906022485269,0.7945423003739727,0.5
"(3703, 3712)",[[-1.]],-15.630761636647117,1.716583199999162,0.5
"(3704, 3713)",[[1.]],-15.175232456888153,2.28508827542794,2.5
"(3705, 3714)",[[-1.]],-15.5787453026757,1.7886833043388162,0.5
"(3706, 3715)",[[1.]],-15.047118706003914,2.422426967426336,2.5
"(3707, 3716)",[[-1.]],-16.283640407471605,0.8356061573579634,0.5
"(3708, 3717)",[[1.]],-15.0848947560988,2.214942301465719,2.5
"(3709, 3718)",[[1.]],-16.376254758673717,1.5201710236706205,2.5
"(3710, 3719)",[[-1.]],-15.639307059277973,1.4650547592657084,0.5
"(3711, 3720)",[[-1.]],-16.46710125274688,0.5047718560807013,0.5
"(3712, 3721)",[[-1.]],-15.76666636698866,1.4506317722484727,0.5
"(3713, 3722)",[[-1.]],-16.634637964820723,0.39146959399886505,0.5
"(3714, 3723)",[[1.]],-15.477911780726604,1.8444521520482695,2.5
"(3715, 3724)",[[1.]],-15.39925820245134,1.9461966168492637,2.5
"(3716, 3725)",[[1.]],-15.624361023850163,1.680879234857077,2.5
"(3717, 3726)",[[-1.]],-16.55869315173092,0.5198229847006584,0.5
"(3718, 3727)",[[-1.]],-16.0465706916023,1.2013646064444963,0.5
"(3719, 3728)",[[-1.]],-13.669826548775152,0.2554542552461996,0.5
"(3720, 3729)",[[1.]],-12.173339169405322,2.2232422485114043,2.5
"(3721, 3730)",[[1.]],-13.927216324590667,0.12495226386921487,2.5
"(3722, 3731)",[[1.]],-13.893789719183278,1.4499032529219988,2.5
"(3723, 3732)",[[-1.]],-14.385804099577415,0.7990008233449473,0.5
"(3724, 3733)",[[-1.]],-14.548596408660638,0.5862451063013179,0.5
"(3725, 3734)",[[1.]],-14.351978309323139,0.8526339524602609,2.5
"(3726, 3735)",[[1.]],-14.36370252195606,0.8034967275921616,2.5
"(3727, 3736)",[[-1.]],-14.273860893512994,0.9870657265279288,0.5
"(3728, 3737)",[[1.]],-14.298192229246649,1.071684360897045,2.5
"(3729, 3738)",[[-1.]],-14.551700230210818,0.8692644111240586,0.5
"(3730, 3739)",[[-1.]],-14.020314961455567,1.602468436411277,0.5
"(3731, 3740)",[[-1.]],-14.617964146748488,0.712396801891078,0.5
"(3732, 3741)",[[-1.]],-11.546737252973918,2.908431798641555,0.5
"(3733, 3742)",[[-1.]],-12.842139520235762,0.9618436355674582,0.5
"(3734, 3743)",[[-1.]],-8.263652005972197,6.374420501514123,0.5
"(3735, 3744)",[[-1.]],-11.367516075522719,1.4231394002444056,0.5
"(3736, 3745)",[[-1.]],-11.308385835121959,2.268327205788651,0.5
"(3737, 3746)",[[-1.]],-13.518853954502598,0.4977558873511114,0.5
"(3738, 3747)",[[-1.]],-13.047441476910619,1.0460970733459085,0.5
"(3739, 3748)",[[-1.]],-13.668179387071715,0.5332430877607148,0.5
"(3740, 3749)",[[-1.]],-14.375869012583273,0.18069450852601499,0.5
"(3741, 3750)",[[-1.]],-14.188126033186382,0.6941874059381306,0.5
"(3742, 3751)",[[-1.]],-14.594876579753205,0.3195289857323793,0.5
"(3743, 3752)",[[1.]],-11.943244330912687,4.233494013337575,2.5
"(3744, 3753)",[[-1.]],-14.499724169253183,1.081112714906487,0.5
"(3745, 3754)",[[-1.]],-12.922730838028953,3.025742980007811,0.5
"(3746, 3755)",[[-1.]],-13.489218384080383,2.2557123276514623,0.5
"(3747, 3756)",[[-1.]],-8.898237120276809,7.645053140875115,0.5
"(3748, 3757)",[[-1.]],-12.772551273133924,2.784565529077506,0.5
"(3749, 3758)",[[-1.]],-9.173917088658534,7.431908250868313,0.5
"(3750, 3759)",[[-1.]],-12.757891333221997,2.6886159942571624,0.5
"(3751, 3760)",[[-1.]],-13.590135500628392,1.4446263225842575,0.5
"(3752, 3761)",[[-1.]],-12.140840380072026,3.086790359294728,0.5
"(3753, 3762)",[[-1.]],-13.423918451120725,0.7037008765085808,0.5
"(3754, 3763)",[[-1.]],-13.331813283679384,0.9156560637020306,0.5
"(3755, 3764)",[[-1.]],-13.132519754016071,1.2166510559564436,0.5
"(3756, 3765)",[[-1.]],-13.560641059458815,0.7051859328704317,0.5
"(3757, 3766)",[[-1.]],-13.278744349150099,1.2723389516165327,0.5
"(3758, 3767)",[[1.]],-13.0177165651585,2.820558229740225,2.5
"(3759, 3768)",[[-1.]],-12.540726051862443,3.76505483908716,0.5
"(3760, 3769)",[[-1.]],-13.628440721183884,2.4108587621151845,0.5
"(3761, 3770)",[[-1.]],-10.959953992779704,5.690966607544103,0.5
"(3762, 3771)",[[-1.]],-13.602839184858905,2.2073353843508983,0.5
"(3763, 3772)",[[-1.]],-10.722747494695865,6.012198235509416,0.5
"(3764, 3773)",[[-1.]],-13.058912959313144,3.073035333456888,0.5
"(3765, 3774)",[[-1.]],-10.159529623656987,6.669903878870173,0.5
"(3766, 3775)",[[-1.]],-14.04538001266529,1.9135173590701307,0.5
"(3767, 3776)",[[-1.]],-11.02853089044796,5.65310178559824,0.5
"(3768, 3777)",[[1.]],-12.561290817666569,2.833424766748818,2.5
"(3769, 3778)",[[-1.]],-11.853710529860896,3.1651977512048397,0.5
"(3770, 3779)",[[-1.]],-12.295523064854798,2.540170468272205,0.5
"(3771, 3780)",[[-1.]],-11.660060476217934,3.340695556565084,0.5
"(3772, 3781)",[[-1.]],-12.620301556072699,2.450167059996895,0.5
"(3773, 3782)",[[-1.]],-12.463889397098022,2.5773889980084057,0.5
"(3774, 3783)",[[1.]],-11.818138091718675,2.96299717960742,2.5
"(3775, 3784)",[[1.]],-12.847653741909276,1.5972168062608159,2.5
"(3776, 3785)",[[1.]],-11.559180959165356,2.9920711498627597,2.5
"(3777, 3786)",[[1.]],-12.855269377544273,1.3693299059043973,2.5
"(3778, 3787)",[[1.]],-11.761733183721004,2.8602237972110878,2.5
"(3779, 3788)",[[1.]],-12.668486250463328,1.8097042290176137,2.5
"(3780, 3789)",[[-1.]],-11.938520235710111,2.6620083519098365,0.5
"(3781, 3790)",[[1.]],-12.503410337551795,2.0138904785684506,2.5
"(3782, 3791)",[[1.]],-11.480591587317099,3.7721444956049712,2.5
"(3783, 3792)",[[-1.]],-13.19370492313981,1.4864171205896888,0.5
"(3784, 3793)",[[-1.]],-12.225105592313424,2.5565006873202663,0.5
"(3785, 3794)",[[-1.]],-15.404011202184334,0.8453301494750729,0.5
"(3786, 3795)",[[-1.]],-14.93125678649789,1.4527771271453807,0.5
"(3787, 3796)",[[1.]],-14.75022479787638,2.0436431320260757,2.5
"(3788, 3797)",[[-1.]],-14.926954986200515,1.8694044552403088,0.5
"(3789, 3798)",[[-1.]],-14.655219837531204,2.1600767570443544,0.5
"(3790, 3799)",[[-1.]],-15.069255169822805,1.6633613356549892,0.5
"(3791, 3800)",[[-1.]],-14.78331552128867,2.0774363325148233,0.5
"(3792, 3801)",[[-1.]],-14.95974159483707,1.6988851931115931,0.5
"(3793, 3802)",[[-1.]],-14.429826796921587,2.591882550686405,0.5
"(3794, 3803)",[[-1.]],-15.144587287511118,1.6211704406051606,0.5
"(3795, 3804)",[[-1.]],-13.974497287078332,1.5471286824131685,0.5
"(3796, 3805)",[[-1.]],-13.63989149787475,1.897938884684903,0.5
"(3797, 3806)",[[-1.]],-14.368681740201776,0.34333340713181393,0.5
"(3798, 3807)",[[-1.]],-14.319319322798052,0.41561847364013005,0.5
"(3799, 3808)",[[-1.]],-14.037770564168799,0.8107044724180277,0.5
"(3800, 3809)",[[-1.]],-14.464160863103453,0.19348366459856337,0.5
"(3801, 3810)",[[-1.]],-14.13644668937087,1.2463715959494461,0.5
"(3802, 3811)",[[-1.]],-15.079219739996173,0.17814156847717477,0.5
"(3803, 3812)",[[1.]],-14.309935091168517,3.4505401398985054,2.5
"(3804, 3813)",[[-1.]],-14.855264776256988,2.7702916733844383,0.5
"(3805, 3814)",[[-1.]],-15.091434274677408,2.5510022650646444,0.5
"(3806, 3815)",[[-1.]],-15.739823006661247,1.6939553020536309,0.5
"(3807, 3816)",[[-1.]],-15.10175749566811,2.5207952689087705,0.5
"(3808, 3817)",[[-1.]],-15.930505224068165,1.453673582785111,0.5
"(3809, 3818)",[[1.]],-13.887893332468577,4.079379688233724,2.5
"(3810, 3819)",[[-1.]],-15.94627960080277,1.395931615502512,0.5
"(3811, 3820)",[[1.]],-13.873350361402622,4.017326712541374,2.5
"(3812, 3821)",[[-1.]],-15.85316506109791,1.5792427587659539,0.5
"(3813, 3822)",[[-1.]],-13.21417217349268,2.731686609787781,0.5
"(3814, 3823)",[[-1.]],-13.600588511490088,2.1411663256664077,0.5
"(3815, 3824)",[[1.]],-13.471122024945899,1.2257406162433817,2.5
"(3816, 3825)",[[-1.]],-12.916655530798762,2.412748382851767,0.5
"(3817, 3826)",[[-1.]],-13.135611468577064,2.1614664006430324,0.5
"(3818, 3827)",[[-1.]],-13.331998006760198,1.866282907869719,0.5
"(3819, 3828)",[[1.]],-13.03652590411433,2.1532705403094354,2.5
"(3820, 3829)",[[-1.]],-12.28850420538644,2.9148099692451694,0.5
"(3821, 3830)",[[1.]],-11.746153709642938,2.7271144049968647,2.5
"(3822, 3831)",[[-1.]],-11.091464437206799,3.08076680979201,0.5
"(3823, 3832)",[[-1.]],-10.266775672831226,4.51444882412256,0.5
"(3824, 3833)",[[-1.]],-10.216702311372304,4.543597218997892,0.5
"(3825, 3834)",[[1.]],-11.848262539448259,4.433378511650135,2.5
"(3826, 3835)",[[1.]],-14.798485296936136,0.6599699006087327,2.5
"(3827, 3836)",[[-1.]],-13.151513554374779,2.76262293702184,0.5
"(3828, 3837)",[[1.]],-14.052512340344489,1.878174554736427,2.5
"(3829, 3838)",[[1.]],-13.268335927402951,2.8671171269673774,2.5
"(3830, 3839)",[[-1.]],-14.059816760188726,1.9822038138987246,0.5
"(3831, 3840)",[[-1.]],-13.146732342969297,3.152481587255309,0.5
"(3832, 3841)",[[1.]],-13.987362066168972,2.330439313693164,2.5
"(3833, 3842)",[[-1.]],-14.405530484212607,1.9612870295644216,0.5
"(3834, 3843)",[[-1.]],-14.332166459384764,2.8398119687177115,0.5
"(3835, 3844)",[[-1.]],-15.451503315966619,0.8596625906533975,0.5
"(3836, 3845)",[[-1.]],-14.598357872608824,1.909950430580837,0.5
"(3837, 3846)",[[1.]],-15.56458615392304,0.7559777053127705,2.5
"(3838, 3847)",[[-1.]],-14.461345883305867,2.092599028643595,0.5
"(3839, 3848)",[[-1.]],-15.718406643216296,0.5706902903053228,0.5
"(3840, 3849)",[[-1.]],-15.136941631644786,1.4169625961019685,0.5
"(3841, 3850)",[[-1.]],-15.710688538740039,0.7796502824535718,0.5
"(3842, 3851)",[[-1.]],-14.64242808318782,2.157219956223999,0.5
"(3843, 3852)",[[-1.]],-15.307076816635927,1.3730450828858807,0.5
"(3844, 3853)",[[-1.]],-13.896317137707197,1.5094602187170771,0.5
"(3845, 3854)",[[-1.]],-12.526206119870187,2.6893126398566984,0.5
"(3846, 3855)",[[-1.]],-10.179334825164004,5.984960339439677,0.5
"(3847, 3856)",[[-1.]],-12.786760409440731,2.8029680730193967,0.5
"(3848, 3857)",[[-1.]],-9.541920226504013,6.8176472306263065,0.5
"(3849, 3858)",[[-1.]],-13.857873380928254,1.461660052021239,0.5
"(3850, 3859)",[[-1.]],-8.77857671634379,7.652946875352367,0.5
"(3851, 3860)",[[-1.]],-13.743124628809763,1.4631978614005963,0.5
"(3852, 3861)",[[-1.]],-11.353926066490926,4.5442522840721224,0.5
"(3853, 3862)",[[-1.]],-14.521513290301272,0.40651986734783563,0.5
"(3854, 3863)",[[-1.]],-11.994738871712698,3.8320735455688713,0.5
"(3855, 3864)",[[-1.]],-14.176292182783774,0.9710908076339031,0.5
"(3856, 3865)",[[-1.]],-13.09144933314663,1.8257931257385387,0.5
"(3857, 3866)",[[-1.]],-13.668072276157012,1.2022764254705756,0.5
"(3858, 3867)",[[-1.]],-13.4793600842736,1.1254547083074193,0.5
"(3859, 3868)",[[-1.]],-13.056501710771505,1.5640444256934494,0.5
"(3860, 3869)",[[-1.]],-13.679044454826977,0.9126589267007041,0.5
"(3861, 3870)",[[-1.]],-12.848106825686752,1.6784228782939863,0.5
"(3862, 3871)",[[-1.]],-12.569851536086722,1.7620989924494346,0.5
"(3863, 3872)",[[-1.]],-12.20182390784652,2.247364864893502,0.5
"(3864, 3873)",[[-1.]],-11.335208273599317,2.417838415919274,0.5
"(3865, 3874)",[[-1.]],-14.96293634481711,1.4848861974871959,0.5
"(3866, 3875)",[[-1.]],-13.682820699732861,3.0054647402825836,0.5
"(3867, 3876)",[[1.]],-12.664681587563848,4.156388711014625,2.5
"(3868, 3877)",[[-1.]],-14.120400050302697,3.73668665003631,0.5
"(3869, 3878)",[[-1.]],-15.205818712357734,2.3535428232710203,0.5
"(3870, 3879)",[[1.]],-13.494083788195095,4.3717692631238725,2.5
"(3871, 3880)",[[1.]],-14.758436789455144,2.769312290721106,2.5
"(3872, 3881)",[[-1.]],-13.545139852119808,4.255656163849267,0.5
"(3873, 3882)",[[1.]],-14.789972704553398,2.6500529527942387,2.5
"(3874, 3883)",[[1.]],-13.947134341672484,3.710813733282814,2.5
"(3875, 3884)",[[1.]],-15.052364936634778,1.687249187131174,2.5
"(3876, 3885)",[[1.]],-13.820889353066889,3.2079667847724656,2.5
"(3877, 3886)",[[1.]],-14.892854869321948,1.8959402328486226,2.5
"(3878, 3887)",[[-1.]],-13.31015513421368,1.226438130107594,0.5
"(3879, 3888)",[[-1.]],-13.363569896806824,1.22877983819836,0.5
"(3880, 3889)",[[-1.]],-13.485202381957134,1.046552694226916,0.5
"(3881, 3890)",[[-1.]],-12.891192908555812,0.9799146067761537,0.5
"(3882, 3891)",[[-1.]],-12.8459631144915,0.9152416045374494,0.5
"(3883, 3892)",[[-1.]],-12.645559286609375,1.5853756078359904,0.5
"(3884, 3893)",[[1.]],-4.969541676946756,11.751555948659131,2.5
"(3885, 3894)",[[-1.]],-11.6618438112105,2.9507270559696064,0.5
"(3886, 3895)",[[-1.]],-12.551872111921027,2.062150809460869,0.5
"(3887, 3896)",[[-1.]],-13.641747321701335,1.2399115444915623,0.5
"(3888, 3897)",[[-1.]],-13.852968949473974,1.1916045303158018,0.5
"(3889, 3898)",[[-1.]],-13.177546199916781,1.8986915563444775,0.5
"(3890, 3899)",[[-1.]],-13.782459324294475,1.104980909009175,0.5
"(3891, 3900)",[[-1.]],-13.68390961259392,1.3373090128109855,0.5
"(3892, 3901)",[[-1.]],-14.05203808225375,0.8442017661095065,0.5
"(3893, 3902)",[[-1.]],-13.882667926365192,0.8170499996074092,0.5
"(3894, 3903)",[[-1.]],-14.137263063483898,0.774055481968908,0.5
"(3895, 3904)",[[-1.]],-15.208058757137293,0.24951083623443893,0.5
"(3896, 3905)",[[-1.]],-13.24004013904654,2.591594081906347,0.5
"(3897, 3906)",[[-1.]],-13.066668093234899,2.9832095099448015,0.5
"(3898, 3907)",[[-1.]],-10.844559496282315,6.452936184402141,0.5
"(3899, 3908)",[[-1.]],-12.241621791556192,4.844604440667995,0.5
"(3900, 3909)",[[-1.]],-12.233455622190354,4.990973010020433,0.5
"(3901, 3910)",[[-1.]],-11.487826188376625,5.90155356347573,0.5
"(3902, 3911)",[[-1.]],-11.878447225485361,5.417739086291824,0.5
"(3903, 3912)",[[-1.]],-10.809850678543388,6.653435668117057,0.5
"(3904, 3913)",[[-1.]],-11.931672651722165,4.984809327359434,0.5
"(3905, 3914)",[[1.]],-13.032259389072642,4.298680368643021,2.5
"(3906, 3915)",[[-1.]],-14.49542320698106,2.591293194864278,0.5
"(3907, 3916)",[[-1.]],-13.218815944692942,3.942615876988013,0.5
"(3908, 3917)",[[-1.]],-15.04199275744344,1.272618001128647,0.5
"(3909, 3918)",[[-1.]],-12.493044206256673,4.686401470028926,0.5
"(3910, 3919)",[[-1.]],-14.824654626749252,1.5709313237216147,0.5
"(3911, 3920)",[[-1.]],-12.347173165180845,4.72000662887182,0.5
"(3912, 3921)",[[-1.]],-14.944547212602721,1.308154067508207,0.5
"(3913, 3922)",[[-1.]],-12.550834159328808,4.433948540143817,0.5
"(3914, 3923)",[[-1.]],-14.89326519155395,1.3999754386322891,0.5
"(3915, 3924)",[[-1.]],-14.10841620389765,0.6054128331686215,0.5
"(3916, 3925)",[[-1.]],-12.010000399456677,2.454487770681922,0.5
"(3917, 3926)",[[-1.]],-13.726727907285042,0.6822219824133811,0.5
"(3918, 3927)",[[1.]],-11.055789815813958,4.010773508358323,2.5
"(3919, 3928)",[[1.]],-13.069329482900994,0.7454842386809695,2.5
"(3920, 3929)",[[-1.]],-11.646255558973023,2.826500524685258,0.5
"(3921, 3930)",[[1.]],-12.11835237815955,2.322285966533329,2.5
"(3922, 3931)",[[-1.]],-12.70020164111824,3.5317042813559567,0.5
"(3923, 3932)",[[-1.]],-13.639256836685353,2.4040311231548817,0.5
"(3924, 3933)",[[1.]],-12.27962766189133,4.051236153538074,2.5
"(3925, 3934)",[[1.]],-13.605960916046202,2.342915595710794,2.5
"(3926, 3935)",[[-1.]],-12.145353933273443,4.186509135957209,0.5
"(3927, 3936)",[[-1.]],-13.203746193682957,2.679238883489141,0.5
"(3928, 3937)",[[-1.]],-13.6464458605436,2.2198917633999056,0.5
"(3929, 3938)",[[1.]],-12.322497790164096,4.111371449552204,2.5
"(3930, 3939)",[[1.]],-13.308779315337219,2.7369111196485783,2.5
"(3931, 3940)",[[1.]],-13.165793895015952,2.89858538946922,2.5
"(3932, 3941)",[[-1.]],-12.413952452774337,2.4221172289536597,0.5
"(3933, 3942)",[[-1.]],-9.755864765618622,5.889678289726028,0.5
"(3934, 3943)",[[-1.]],-12.92736406015181,1.893401544189656,0.5
"(3935, 3944)",[[-1.]],-9.890639647596679,5.656028759708878,0.5
"(3936, 3945)",[[-1.]],-12.41460929003741,2.525235524184655,0.5
"(3937, 3946)",[[-1.]],-11.642439008739657,3.697952403222059,0.5
"(3938, 3947)",[[-1.]],-13.517609942090717,1.052610120710277,0.5
"(3939, 3948)",[[-1.]],-12.031439376532635,2.748031152996308,0.5
"(3940, 3949)",[[-1.]],-13.003589250770801,1.8927607134790385,0.5
"(3941, 3950)",[[1.]],-14.940756786874125,1.1227577061712388,2.5
"(3942, 3951)",[[-1.]],-14.298352153906906,1.8718875938449369,0.5
"(3943, 3952)",[[-1.]],-14.769247832888475,1.581731604134749,0.5
"(3944, 3953)",[[-1.]],-14.408168673392435,2.032077609864487,0.5
"(3945, 3954)",[[-1.]],-14.373316662228488,2.2108223493824717,0.5
"(3946, 3955)",[[1.]],-14.14215279518915,2.7585484101455187,2.5
"(3947, 3956)",[[1.]],-15.696909208308082,1.048073855938945,2.5
"(3948, 3957)",[[-1.]],-13.882697129329747,3.2537636769781475,0.5
"(3949, 3958)",[[-1.]],-15.264656567857964,1.392674044040735,0.5
"(3950, 3959)",[[-1.]],-13.599538387340989,3.3987770754693756,0.5
"(3951, 3960)",[[-1.]],-14.019566083555365,2.2309486813153914,0.5
"(3952, 3961)",[[-1.]],-12.507027303564028,4.174697701523797,0.5
"(3953, 3962)",[[-1.]],-14.528691612387135,1.270899819198556,0.5
"(3954, 3963)",[[-1.]],-14.524858296355172,1.3272376100383436,0.5
"(3955, 3964)",[[-1.]],-14.890594407006088,0.6787034907575009,0.5
"(3956, 3965)",[[-1.]],-12.391852535946766,3.3724128909161184,0.5
"(3957, 3966)",[[-1.]],-11.624860971554936,3.3284494304488597,0.5
"(3958, 3967)",[[-1.]],-12.272108930799009,1.8884028408603157,0.5
"(3959, 3968)",[[-1.]],-12.113849712467832,1.7052482162541303,0.5
"(3960, 3969)",[[1.]],-12.339660588033075,2.121503292409603,2.5
"(3961, 3970)",[[1.]],-13.678287353867082,0.9169744007939116,2.5
"(3962, 3971)",[[-1.]],-13.811681507584746,0.6308255862126124,0.5
"(3963, 3972)",[[-1.]],-14.055128857429468,0.3593600847999632,0.5
"(3964, 3973)",[[-1.]],-13.462410765389782,0.6472820097475775,0.5
"(3965, 3974)",[[1.]],-13.709644669449164,0.4561925568704872,2.5
"(3966, 3975)",[[1.]],-13.797567706711423,0.48967062300269504,2.5
"(3967, 3976)",[[-1.]],-14.262758558912102,0.09502973584329766,0.5
"(3968, 3977)",[[-1.]],-13.77368177861009,0.6566788172822307,0.5
"(3969, 3978)",[[-1.]],-14.244028364033129,0.13779037181884135,0.5
"(3970, 3979)",[[-1.]],-13.097618733069577,1.2157681021813609,0.5
"(3971, 3980)",[[1.]],-12.390733329015978,1.4268939112090955,2.5
"(3972, 3981)",[[1.]],-13.136285266795594,1.7964564378275067,2.5
"(3973, 3982)",[[1.]],-14.330388372163801,0.5875492573632553,2.5
"(3974, 3983)",[[-1.]],-14.037291346159464,1.023552882572563,0.5
"(3975, 3984)",[[1.]],-14.560720677166746,0.36105761349777055,2.5
"(3976, 3985)",[[-1.]],-13.889685711298743,1.1101256625915212,0.5
"(3977, 3986)",[[-1.]],-14.385279130021376,0.4152867042231385,0.5
"(3978, 3987)",[[1.]],-13.386525446565283,1.927401579060131,2.5
"(3979, 3988)",[[1.]],-14.703733654005452,0.4004570377777821,2.5
"(3980, 3989)",[[-1.]],-13.111497102587455,3.001153049198976,0.5
"(3981, 3990)",[[-1.]],-14.932749576966094,0.7437502157393876,0.5
"(3982, 3991)",[[-1.]],-13.688267400991469,1.5510193402891659,0.5
"(3983, 3992)",[[-1.]],-13.373648386829595,1.543739269149114,0.5
"(3984, 3993)",[[-1.]],-12.967562803440945,1.9786576125508866,0.5
"(3985, 3994)",[[-1.]],-14.32633927640156,1.9354824247562092,0.5
"(3986, 3995)",[[-1.]],-13.246756320257507,3.3050213299065927,0.5
"(3987, 3996)",[[-1.]],-14.38788168388081,1.9574217573199606,0.5
"(3988, 3997)",[[-1.]],-12.160555362288758,4.719094871868365,0.5
"(3989, 3998)",[[-1.]],-13.203274704339798,3.4266238685197603,0.5
"(3990, 3999)",[[-1.]],-12.584864105194837,3.961092947571464,0.5
"(3991, 4000)",[[-1.]],-13.768990433249176,3.2538168863925128,0.5
"(3992, 4001)",[[-1.]],-13.539954771801664,3.5246381185871307,0.5
"(3993, 4002)",[[-1.]],-13.323591335262936,3.923205837789177,0.5
"(3994, 4003)",[[1.]],-13.307757270475888,4.044271355997754,2.5
"(3995, 4004)",[[-1.]],-12.651329302498425,3.8539382233475497,0.5
"(3996, 4005)",[[-1.]],-13.530210088973405,2.7907183401572926,0.5
"(3997, 4006)",[[-1.]],-13.438313724090468,2.894246963555636,0.5
"(3998, 4007)",[[-1.]],-14.309311621055356,1.7947296338051366,0.5
"(3999, 4008)",[[-1.]],-13.911008387468625,2.351090244678513,0.5
"(4000, 4009)",[[1.]],-12.831961105980017,3.897707946262676,2.5
"(4001, 4010)",[[-1.]],-10.669681460810295,4.655532896622752,0.5
"(4002, 4011)",[[-1.]],-10.771101334341383,4.497630600367007,0.5
"(4003, 4012)",[[-1.]],-11.217895244545742,3.7616275006514748,0.5
"(4004, 4013)",[[-1.]],-13.826127904920448,0.9322127161655374,0.5
"(4005, 4014)",[[-1.]],-12.194337457253548,3.012858803728246,0.5
"(4006, 4015)",[[-1.]],-13.692391876767458,1.0797905214122885,0.5
"(4007, 4016)",[[-1.]],-11.779829931451268,3.6083739329610793,0.5
"(4008, 4017)",[[-1.]],-13.41877441309584,1.6623993828592454,0.5
"(4009, 4018)",[[-1.]],-10.929990678460133,5.214546982577591,0.5
"(4010, 4019)",[[-1.]],-12.05388735088671,3.522684456490179,0.5
"(4011, 4020)",[[-1.]],-12.664361697710376,2.694566875017731,0.5
"(4012, 4021)",[[-1.]],-9.858560826094015,6.5059428698183694,0.5
"(4013, 4022)",[[1.]],-12.257777010799652,4.332700335018377,2.5
"(4014, 4023)",[[1.]],-11.674357141261689,4.761295201242945,2.5
"(4015, 4024)",[[-1.]],-11.872729337180113,4.584841383071254,0.5
"(4016, 4025)",[[-1.]],-12.143032686791415,4.264846346173792,0.5
"(4017, 4026)",[[-1.]],-11.273130498994986,5.295214014179049,0.5
"(4018, 4027)",[[1.]],-13.003083302418057,3.2498160466078367,2.5
"(4019, 4028)",[[-1.]],-11.741155646926012,4.730462944985193,0.5
"(4020, 4029)",[[-1.]],-13.980928921988674,1.919943413269559,0.5
"(4021, 4030)",[[-1.]],-12.110195190458022,4.196241278114966,0.5
"(4022, 4031)",[[-1.]],-14.70026931705936,0.8509121863732148,0.5
"(4023, 4032)",[[1.]],-13.61155917509119,2.4600446465915393,2.5
"(4024, 4033)",[[-1.]],-14.62367884672883,1.128052793601091,0.5
"(4025, 4034)",[[-1.]],-14.42680503298464,1.3970870542466844,0.5
"(4026, 4035)",[[-1.]],-14.788837670832613,1.5377712983996883,0.5
"(4027, 4036)",[[1.]],-13.584104776703814,3.0379442283924227,2.5
"(4028, 4037)",[[1.]],-14.213725253459655,2.0798944947267675,2.5
"(4029, 4038)",[[1.]],-13.182842149437663,3.4402996506198154,2.5
"(4030, 4039)",[[1.]],-14.10796916037155,2.3569777177869042,2.5
"(4031, 4040)",[[-1.]],-14.469984543776327,2.0549663108026515,0.5
"(4032, 4041)",[[-1.]],-14.57284294929498,1.9718843022995234,0.5
"(4033, 4042)",[[-1.]],-12.678993720706316,2.9594250703701928,0.5
"(4034, 4043)",[[-1.]],-11.825584628329624,3.9304066299356464,0.5
"(4035, 4044)",[[-1.]],-13.31742587299633,2.1513355644579484,0.5
"(4036, 4045)",[[-1.]],-11.314425171984485,3.9677079989123083,0.5
"(4037, 4046)",[[-1.]],-12.745551472247666,2.528074723931031,0.5
"(4038, 4047)",[[-1.]],-12.993337203750976,2.204081898300686,0.5
"(4039, 4048)",[[-1.]],-13.598932086712491,1.2768115799053685,0.5
"(4040, 4049)",[[-1.]],-12.115385181108657,3.0691825779402926,0.5
"(4041, 4050)",[[-1.]],-13.158537350755248,1.6935838847961584,0.5
"(4042, 4051)",[[1.]],-11.465033034699067,4.35283559136834,2.5
"(4043, 4052)",[[-1.]],-12.030762877891299,3.5750487253299106,0.5
"(4044, 4053)",[[-1.]],-10.27880167294206,5.8014052898882085,0.5
"(4045, 4054)",[[-1.]],-11.746747453110094,3.842506490015012,0.5
"(4046, 4055)",[[-1.]],-8.9967130811489,7.220620762577838,0.5
"(4047, 4056)",[[-1.]],-6.25264048655729,10.657934253411554,0.5
"(4048, 4057)",[[-1.]],-8.914478152208332,7.322648573607548,0.5
"(4049, 4058)",[[1.]],-14.457566615764277,2.6810317604816216,2.5
"(4050, 4059)",[[-1.]],-14.564698797408667,2.7078912481349136,0.5
"(4051, 4060)",[[-1.]],-14.71022059700535,2.449102709605283,0.5
"(4052, 4061)",[[-1.]],-14.866195920473983,2.072696038763455,0.5
"(4053, 4062)",[[-1.]],-15.048352344720731,1.6732603317175343,0.5
"(4054, 4063)",[[-1.]],-15.026681869299198,1.7811982005600235,0.5
"(4055, 4064)",[[-1.]],-15.027306832021315,1.7450814825039984,0.5
"(4056, 4065)",[[-1.]],-15.114460652304759,1.5923397080782777,0.5
"(4057, 4066)",[[-1.]],-14.370662050242075,2.5337754122167535,0.5
"(4058, 4067)",[[-1.]],-15.093896466692112,1.602754677439302,0.5
"(4059, 4068)",[[-1.]],-10.094481490341673,5.729120402839797,0.5
"(4060, 4069)",[[-1.]],-10.609702960182522,5.180446610709819,0.5
"(4061, 4070)",[[-1.]],-10.627964017050754,5.13311548871398,0.5
"(4062, 4071)",[[-1.]],-10.431957269508294,5.383219538340757,0.5
"(4063, 4072)",[[1.]],-14.367593611166889,1.299368540171109,2.5
"(4064, 4073)",[[-1.]],-13.169053822363322,2.6208730915473026,0.5
"(4065, 4074)",[[1.]],-14.880601640390653,1.5201352151702192,2.5
"(4066, 4075)",[[-1.]],-14.255924276463354,2.2302168492433943,0.5
"(4067, 4076)",[[-1.]],-15.126740723055821,1.0683604103988031,0.5
"(4068, 4077)",[[-1.]],-15.140060709868266,1.3145012602732358,0.5
"(4069, 4078)",[[1.]],-14.850364641398222,1.740535947695232,2.5
"(4070, 4079)",[[1.]],-14.779070054884356,1.839599159565397,2.5
"(4071, 4080)",[[-1.]],-14.830256228764823,1.8724532304429786,0.5
"(4072, 4081)",[[-1.]],-14.548256763482312,2.269731593637685,0.5
"(4073, 4082)",[[1.]],-14.04987610646666,2.731843246060915,2.5
"(4074, 4083)",[[-1.]],-12.568436877638907,4.602552136313774,0.5
"(4075, 4084)",[[-1.]],-11.338120004627932,4.983587422111661,0.5
"(4076, 4085)",[[1.]],-7.183825379357685,10.216476948029158,2.5
"(4077, 4086)",[[1.]],-9.733487146090136,7.099363252887635,2.5
"(4078, 4087)",[[-1.]],-12.113271144323296,4.516910168608591,0.5
"(4079, 4088)",[[-1.]],-15.991913560201443,1.2342066562211134,0.5
"(4080, 4089)",[[-1.]],-17.135792918385828,0.8386306658201788,0.5
"(4081, 4090)",[[1.]],-16.60197379432489,1.6346789104556034,2.5
"(4082, 4091)",[[1.]],-17.497281981750728,0.5291000307192215,2.5
"(4083, 4092)",[[-1.]],-16.720235383575996,1.3988162681052467,0.5
"(4084, 4093)",[[-1.]],-17.658754049792154,0.21290198523184511,0.5
"(4085, 4094)",[[1.]],-16.551935462281573,1.630094675952633,2.5
"(4086, 4095)",[[1.]],-17.666192630822348,0.2644903814190137,2.5
"(4087, 4096)",[[-1.]],-16.777688071230898,1.3826385662797267,0.5
"(4088, 4097)",[[1.]],-17.50703229351636,0.2841373977623993,2.5
"(4089, 4098)",[[1.]],-14.96330929158767,2.836928132987506,2.5
"(4090, 4099)",[[-1.]],-15.167047552987537,0.7293696170413089,0.5
"(4091, 4100)",[[-1.]],-14.102250598421241,2.058814535911651,0.5
"(4092, 4101)",[[-1.]],-14.494762507750245,0.8806695281299071,0.5
"(4093, 4102)",[[-1.]],-13.598905400895532,1.9786153587077138,0.5
"(4094, 4103)",[[-1.]],-14.582946381118868,0.5796705803441,0.5
"(4095, 4104)",[[-1.]],-13.682995325277927,1.6691719274314956,0.5
"(4096, 4105)",[[-1.]],-14.494843643909507,0.17602819691826177,0.5
"(4097, 4106)",[[-1.]],-12.593785010861371,3.307101745265573,0.5
"(4098, 4107)",[[-1.]],-14.899238400148153,0.43711042233942266,0.5
"(4099, 4108)",[[-1.]],-12.862008765349186,2.3079801716185457,0.5
"(4100, 4109)",[[-1.]],-13.953672112616529,0.9191634410826026,0.5
"(4101, 4110)",[[-1.]],-12.739988024446948,2.4390817087231156,0.5
"(4102, 4111)",[[-1.]],-13.063124828710771,2.1915894540545153,0.5
"(4103, 4112)",[[-1.]],-12.988108403903142,2.289477047344832,0.5
"(4104, 4113)",[[-1.]],-13.738915142561652,1.375095327062244,0.5
"(4105, 4114)",[[-1.]],-13.229081644113503,3.0385847994938295,0.5
"(4106, 4115)",[[-1.]],-15.596980325503095,0.602951499495946,0.5
"(4107, 4116)",[[-1.]],-12.892023668748593,3.682117386873921,0.5
"(4108, 4117)",[[1.]],-15.441437971893995,0.7012361050761236,2.5
"(4109, 4118)",[[-1.]],-12.334664029266412,4.471993490472716,0.5
"(4110, 4119)",[[-1.]],-15.662425189100642,0.47215113043296775,0.5
"(4111, 4120)",[[-1.]],-12.546007060806833,4.346350509420709,0.5
"(4112, 4121)",[[1.]],-15.769242484414809,0.17288310639724358,2.5
"(4113, 4122)",[[1.]],-13.857459670905131,2.637632577248704,2.5
"(4114, 4123)",[[1.]],-15.992846509533667,0.6282773969159692,2.5
"(4115, 4124)",[[-1.]],-13.156533201159819,3.857544972489782,0.5
"(4116, 4125)",[[-1.]],-15.823222281059776,0.4091431398290091,0.5
"(4117, 4126)",[[-1.]],-14.280784590649398,2.3062772342542672,0.5
"(4118, 4127)",[[-1.]],-15.788751282087977,0.3330910533895821,0.5
"(4119, 4128)",[[1.]],-14.24398375567349,2.4310362958767016,2.5
"(4120, 4129)",[[-1.]],-15.212657869849147,1.1497274681111556,0.5
"(4121, 4130)",[[-1.]],-14.189642243176962,2.4518706235937007,0.5
"(4122, 4131)",[[1.]],-15.218837973471347,1.082597816774232,2.5
"(4123, 4132)",[[1.]],-13.207106555083778,3.3470805939549457,2.5
"(4124, 4133)",[[1.]],-13.311942898965452,1.5791316198944099,2.5
"(4125, 4134)",[[1.]],-12.62140488384886,3.2179441512172975,2.5
"(4126, 4135)",[[1.]],-15.010823871144455,0.4723516518591975,2.5
"(4127, 4136)",[[-1.]],-14.22154202091608,1.5308236196231046,0.5
"(4128, 4137)",[[1.]],-15.0994409707754,0.2978770273620661,2.5
"(4129, 4138)",[[1.]],-14.558027980650989,1.0106266168006073,2.5
"(4130, 4139)",[[-1.]],-14.946774843887992,0.6484054641107821,0.5
"(4131, 4140)",[[1.]],-14.107295384686,2.161327801511421,2.5
"(4132, 4141)",[[-1.]],-15.360645570536208,0.7063882076078016,0.5
"(4133, 4142)",[[-1.]],-14.204775479896984,2.506347108242804,0.5
"(4134, 4143)",[[-1.]],-14.923851525255673,1.6287012728977857,0.5
"(4135, 4144)",[[-1.]],-12.679025260654956,3.9600974456216687,0.5
"(4136, 4145)",[[-1.]],-11.811746095706749,4.596183479373696,0.5
"(4137, 4146)",[[-1.]],-12.079237540005657,4.39565531905717,0.5
"(4138, 4147)",[[-1.]],-9.214610088176613,8.770734502825569,0.5
"(4139, 4148)",[[-1.]],-13.601239152366542,3.0695793328478533,0.5
"(4140, 4149)",[[-1.]],-11.149453297051494,6.146524941017985,0.5
"(4141, 4150)",[[-1.]],-13.718374853322116,2.7072082645582842,0.5
"(4142, 4151)",[[-1.]],-13.986662645141772,2.4002448922808064,0.5
"(4143, 4152)",[[-1.]],-13.444628012108923,2.7472075790156616,0.5
"(4144, 4153)",[[-1.]],-14.248917726206066,1.67975308373817,0.5
"(4145, 4154)",[[-1.]],-14.163870536685652,1.7237347227555233,0.5
"(4146, 4155)",[[-1.]],-14.98014660442266,0.9548903609812918,0.5
"(4147, 4156)",[[-1.]],-15.117788917707502,0.70436890397864,0.5
"(4148, 4157)",[[-1.]],-13.52583006467431,0.29303068071644134,0.5
"(4149, 4158)",[[-1.]],-12.677810183369925,1.2197639109619516,0.5
"(4150, 4159)",[[-1.]],-13.3842849820229,0.3167116490819275,0.5
"(4151, 4160)",[[-1.]],-12.437832178776926,1.2545188379631753,0.5
"(4152, 4161)",[[-1.]],-12.503496527710901,1.645390312296783,0.5
"(4153, 4162)",[[-1.]],-12.047807342698142,2.3202925820805724,0.5
"(4154, 4163)",[[-1.]],-10.875431527771106,3.974098712005194,0.5
"(4155, 4164)",[[-1.]],-11.84974957012565,2.7579947102841693,0.5
"(4156, 4165)",[[-1.]],-12.08675614239994,2.885512557812824,0.5
"(4157, 4166)",[[-1.]],-9.71351754736625,5.886773074833215,0.5
"(4158, 4167)",[[1.]],-12.967439454038075,2.5336830418074214,2.5
"(4159, 4168)",[[-1.]],-13.631211300931017,1.7981756765252932,0.5
"(4160, 4169)",[[-1.]],-14.139988990299015,1.261934910047243,0.5
"(4161, 4170)",[[-1.]],-13.73926012161117,1.8228470543345452,0.5
"(4162, 4171)",[[-1.]],-14.064971857765368,1.328262840169538,0.5
"(4163, 4172)",[[-1.]],-14.24532769284026,1.0698793662072639,0.5
"(4164, 4173)",[[1.]],-13.724190879504677,1.8959939809062405,2.5
"(4165, 4174)",[[-1.]],-13.853628417626487,2.1603619255803963,0.5
"(4166, 4175)",[[1.]],-13.083059241964946,3.1196512941066334,2.5
"(4167, 4176)",[[-1.]],-12.857834944470193,4.0444133073848025,0.5
"(4168, 4177)",[[-1.]],-11.519469496565547,5.416855961817632,0.5
"(4169, 4178)",[[-1.]],-13.240700136270487,4.849040204779499,0.5
"(4170, 4179)",[[1.]],-14.685862218732224,3.147211302590022,2.5
"(4171, 4180)",[[-1.]],-13.899586728579315,3.9755997228848043,0.5
"(4172, 4181)",[[1.]],-14.360740405630034,3.2354450385396625,2.5
"(4173, 4182)",[[-1.]],-13.865132962231938,3.779939198849502,0.5
"(4174, 4183)",[[1.]],-14.326440337696571,3.1371700999995102,2.5
"(4175, 4184)",[[-1.]],-14.431994123152716,2.9088633593389037,0.5
"(4176, 4185)",[[1.]],-14.790078410820543,2.319687377103736,2.5
"(4177, 4186)",[[1.]],-13.623161721250826,3.4838669084489142,2.5
"(4178, 4187)",[[1.]],-15.126848189778206,1.6145429913615592,2.5
"(4179, 4188)",[[-1.]],-10.947003862883864,3.7330107154003045,0.5
"(4180, 4189)",[[-1.]],-11.792225710204855,2.345922943129148,0.5
"(4181, 4190)",[[-1.]],-11.562088826944853,2.801999012575159,0.5
"(4182, 4191)",[[-1.]],-12.061934143386718,2.4287732808352445,0.5
"(4183, 4192)",[[-1.]],-11.87334694102327,2.6309716150323563,0.5
"(4184, 4193)",[[-1.]],-11.464423781001686,2.3576286818428205,0.5
"(4185, 4194)",[[1.]],-13.321997530705069,0.9603543187370924,2.5
"(4186, 4195)",[[-1.]],-11.801600412667414,2.8072063819323976,0.5
"(4187, 4196)",[[-1.]],-13.22985080792636,2.261468343922143,0.5
"(4188, 4197)",[[1.]],-14.282201936692294,1.5224332327120589,2.5
"(4189, 4198)",[[-1.]],-14.497414189951556,1.2087248808231923,0.5
"(4190, 4199)",[[-1.]],-14.697177664898492,0.7269020918247602,0.5
"(4191, 4200)",[[-1.]],-14.392535311230022,1.053823741973769,0.5
"(4192, 4201)",[[-1.]],-14.915314324316924,0.24860604716750068,0.5
"(4193, 4202)",[[-1.]],-14.379149665682977,0.9024440515717451,0.5
"(4194, 4203)",[[-1.]],-14.971010159314464,0.38320078689412895,0.5
"(4195, 4204)",[[-1.]],-13.406018853475508,2.0712436044485685,0.5
"(4196, 4205)",[[-1.]],-14.74116844926653,0.379696879826799,0.5
"(4197, 4206)",[[-1.]],-13.274299565799678,1.5434847346495904,0.5
"(4198, 4207)",[[-1.]],-12.345103830140038,2.3701038068441704,0.5
"(4199, 4208)",[[-1.]],-13.337914270118327,1.3515707818379816,0.5
"(4200, 4209)",[[-1.]],-12.745941029299901,2.120590908328534,0.5
"(4201, 4210)",[[-1.]],-13.192195748894134,1.28971316939057,0.5
"(4202, 4211)",[[-1.]],-12.071972856794382,2.680181405143106,0.5
"(4203, 4212)",[[-1.]],-13.097931640927197,1.4903974699687232,0.5
"(4204, 4213)",[[-1.]],-12.360472700434375,2.877549079957113,0.5
"(4205, 4214)",[[-1.]],-13.360395762265759,1.7121634457917807,0.5
"(4206, 4215)",[[-1.]],-12.750277330155743,2.877957084399874,0.5
"(4207, 4216)",[[-1.]],-13.311814873618173,2.074883327354776,0.5
"(4208, 4217)",[[-1.]],-12.62226364291976,2.7616813050816305,0.5
"(4209, 4218)",[[-1.]],-12.862901075078392,2.378287627338768,0.5
"(4210, 4219)",[[-1.]],-12.670241944180477,2.6256904645374775,0.5
"(4211, 4220)",[[-1.]],-12.838598836685783,2.554759072350631,0.5
"(4212, 4221)",[[1.]],-11.137283465387888,4.690657007475295,2.5
"(4213, 4222)",[[-1.]],-10.74602817443705,5.084755654773591,0.5
"(4214, 4223)",[[-1.]],-13.489526845492364,2.133970019583561,0.5
"(4215, 4224)",[[-1.]],-13.994212522944734,1.5635732439376095,0.5
"(4216, 4225)",[[1.]],-12.475672573187092,3.026504818016555,2.5
"(4217, 4226)",[[1.]],-14.324657283544703,0.955211271389226,2.5
"(4218, 4227)",[[-1.]],-13.105037425704516,2.43331736314612,0.5
"(4219, 4228)",[[-1.]],-14.631821236020743,0.4543089207859854,0.5
"(4220, 4229)",[[-1.]],-13.696816948671996,1.8514044026974474,0.5
"(4221, 4230)",[[1.]],-14.510243804732426,0.7559723450683862,2.5
"(4222, 4231)",[[1.]],-14.192109480551421,2.3303474976118004,2.5
"(4223, 4232)",[[1.]],-15.607758343307705,0.6160798497266278,2.5
"(4224, 4233)",[[-1.]],-14.354091458233686,1.8104999149075915,0.5
"(4225, 4234)",[[1.]],-15.111919548125751,0.904507585230558,2.5
"(4226, 4235)",[[-1.]],-14.34079987828871,2.08959290469482,0.5
"(4227, 4236)",[[-1.]],-15.224592572864683,0.9341178772914471,0.5
"(4228, 4237)",[[1.]],-14.29268134012079,2.149869148542761,2.5
"(4229, 4238)",[[1.]],-15.096052221190362,1.241830826179105,2.5
"(4230, 4239)",[[-1.]],-13.960389919784417,2.9632183941454606,0.5
"(4231, 4240)",[[-1.]],-15.255586308172912,1.392320354934756,0.5
"(4232, 4241)",[[-1.]],-10.764368800837076,5.680608614690071,0.5
"(4233, 4242)",[[1.]],-12.287722996539744,3.700443462563916,2.5
"(4234, 4243)",[[-1.]],-13.318435693447846,3.9376511119358817,0.5
"(4235, 4244)",[[1.]],-11.807192667387314,5.817245229040796,2.5
"(4236, 4245)",[[-1.]],-13.388470050320464,4.0921369180627565,0.5
"(4237, 4246)",[[-1.]],-11.268321525097223,6.753687686394062,0.5
"(4238, 4247)",[[-1.]],-13.329723548677483,4.151894097635263,0.5
"(4239, 4248)",[[-1.]],-11.545976593906966,6.356939012304259,0.5
"(4240, 4249)",[[-1.]],-13.812379349255226,3.3857961376460954,0.5
"(4241, 4250)",[[1.]],-12.460765344627351,5.506997233406074,2.5
"(4242, 4251)",[[-1.]],-14.748805083410263,2.6343864507737482,0.5
"(4243, 4252)",[[-1.]],-13.109780272982299,4.615063796935131,0.5
"(4244, 4253)",[[-1.]],-13.564028879967891,2.3671498777423725,0.5
"(4245, 4254)",[[-1.]],-13.373640710233339,2.5227999858295007,0.5
"(4246, 4255)",[[-1.]],-13.42220821069139,2.1899116771529314,0.5
"(4247, 4256)",[[-1.]],-13.997830409090472,1.488600322064995,0.5
"(4248, 4257)",[[-1.]],-13.814716380388111,1.6339056937920464,0.5
"(4249, 4258)",[[-1.]],-14.296005689761138,1.1758424591455992,0.5
"(4250, 4259)",[[-1.]],-13.809429424154386,1.8271452599489137,0.5
"(4251, 4260)",[[-1.]],-12.549481087177906,1.9252189418668557,0.5
"(4252, 4261)",[[-1.]],-11.20384618686665,3.6977646002821274,0.5
"(4253, 4262)",[[-1.]],-13.631240821315657,0.49059242923600266,0.5
"(4254, 4263)",[[-1.]],-12.163771370903214,1.950813731913037,0.5
"(4255, 4264)",[[-1.]],-12.348443279879964,1.6918433985323134,0.5
"(4256, 4265)",[[-1.]],-12.373973849610552,2.430418545258078,0.5
"(4257, 4266)",[[-1.]],-11.274597667806747,3.6128322781860263,0.5
"(4258, 4267)",[[-1.]],-12.930616695578115,1.5872813783927207,0.5
"(4259, 4268)",[[-1.]],-11.876242758047853,3.144894988269641,0.5
"(4260, 4269)",[[-1.]],-11.273773164413894,3.84401620985345,0.5
"(4261, 4270)",[[-1.]],-12.30985031220631,2.311344555851452,0.5
"(4262, 4271)",[[-1.]],-9.419843575768832,6.2641642542101295,0.5
"(4263, 4272)",[[-1.]],-11.884474190206385,3.0319081130898304,0.5
"(4264, 4273)",[[-1.]],-9.715306495158655,5.647403824242744,0.5
"(4265, 4274)",[[-1.]],-11.69886166380711,3.155256615575471,0.5
"(4266, 4275)",[[-1.]],-10.161293117255724,4.251920728282116,0.5
"(4267, 4276)",[[-1.]],-9.576439244725933,5.044393344290047,0.5
"(4268, 4277)",[[-1.]],-10.523498663893967,4.117113264340901,0.5
"(4269, 4278)",[[-1.]],-12.720603828912742,2.2827933662419397,0.5
"(4270, 4279)",[[-1.]],-13.35375040466412,1.5078933251490483,0.5
"(4271, 4280)",[[-1.]],-14.073857061389754,1.0310393769725508,0.5
"(4272, 4281)",[[1.]],-14.12013981671992,0.8246673154525865,2.5
"(4273, 4282)",[[-1.]],-13.857678827810272,1.170800433407754,0.5
"(4274, 4283)",[[-1.]],-14.240220232716926,0.9579242698962709,0.5
"(4275, 4284)",[[-1.]],-14.454942003345375,0.7542217570189713,0.5
"(4276, 4285)",[[1.]],-13.970875354039343,1.2845139328235113,2.5
"(4277, 4286)",[[1.]],-14.629305874640371,0.3821827331398122,2.5
"(4278, 4287)",[[1.]],-13.646393481865049,1.5599969523103336,2.5
"(4279, 4288)",[[1.]],-13.931280614920675,1.751161928093202,2.5
"(4280, 4289)",[[1.]],-13.994812584861227,1.6571491552733733,2.5
"(4281, 4290)",[[-1.]],-14.736493829780752,0.5065492113120822,0.5
"(4282, 4291)",[[-1.]],-14.52189678448709,0.7562310575629123,0.5
"(4283, 4292)",[[-1.]],-14.655103429115652,0.6068363810618802,0.5
"(4284, 4293)",[[-1.]],-14.136732832394829,1.0433651408150109,0.5
"(4285, 4294)",[[-1.]],-14.022615301954065,1.2190351937888835,0.5
"(4286, 4295)",[[-1.]],-14.29121688424202,0.8676147760314574,0.5
"(4287, 4296)",[[-1.]],-14.788500392856104,0.33000602236487886,0.5
"(4288, 4297)",[[1.]],-15.606186712927641,0.8837533052985975,2.5
"(4289, 4298)",[[-1.]],-14.780493920435974,1.3991451408731983,0.5
"(4290, 4299)",[[-1.]],-15.029686593325579,0.971824526577084,0.5
"(4291, 4300)",[[-1.]],-14.075941736210991,2.1702999541079,0.5
"(4292, 4301)",[[-1.]],-15.02139524697653,1.0185927469050018,0.5
"(4293, 4302)",[[-1.]],-13.829502840684917,2.4527793706124825,0.5
"(4294, 4303)",[[1.]],-13.551787175222724,3.6771740063536598,2.5
"(4295, 4304)",[[-1.]],-14.425617584887574,2.5786241824118417,0.5
"(4296, 4305)",[[-1.]],-14.609454356062644,2.4159522815355388,0.5
"(4297, 4306)",[[-1.]],-14.381398728379054,2.7147043331850575,0.5
"(4298, 4307)",[[-1.]],-13.479014493638127,3.2662055577188305,0.5
"(4299, 4308)",[[-1.]],-14.618005413423173,1.8488041143914273,0.5
"(4300, 4309)",[[-1.]],-13.27549568151705,3.5135237197999167,0.5
"(4301, 4310)",[[-1.]],-14.850614711999329,1.5068581930266678,0.5
"(4302, 4311)",[[-1.]],-14.508951682060808,1.7896092868385516,0.5
"(4303, 4312)",[[-1.]],-14.718940531891668,1.4417395398224464,0.5
"(4304, 4313)",[[-1.]],-13.781501365959574,1.216647723668249,0.5
"(4305, 4314)",[[-1.]],-11.470077494410633,4.443363359797978,0.5
"(4306, 4315)",[[-1.]],-14.873350868515963,0.5566692939161193,0.5
"(4307, 4316)",[[-1.]],-13.155963908094872,2.682021223033214,0.5
"(4308, 4317)",[[-1.]],-14.97408157261298,1.1163559719104672,0.5
"(4309, 4318)",[[-1.]],-13.092252845042138,3.5457418186563494,0.5
"(4310, 4319)",[[-1.]],-14.492868571400622,1.75785250914649,0.5
"(4311, 4320)",[[-1.]],-12.700960037435268,3.9825593655056277,0.5
"(4312, 4321)",[[-1.]],-14.576034880880393,1.6347355623846092,0.5
"(4313, 4322)",[[0.9205971]],-12.382780379914639,4.287886235122787,2.4205970764160156
"(4314, 4323)",[[-1.]],-14.778754753949517,1.2645683646958457,0.5
"(4315, 4324)",[[1.]],-12.660155665960897,4.995119447299075,2.5
"(4316, 4325)",[[-1.]],-14.363668150309966,3.152164313683718,0.5
"(4317, 4326)",[[1.]],-11.119878219676943,7.400389681311035,2.5
"(4318, 4327)",[[1.]],-8.78701309926273,10.001271891985821,2.5
"(4319, 4328)",[[1.]],-11.247273430316524,6.930723727974099,2.5
"(4320, 4329)",[[1.]],-8.916043888768353,9.99286708334667,2.5
"(4321, 4330)",[[1.]],-11.35608512720816,6.9808240366611924,2.5
"(4322, 4331)",[[1.]],-11.153133262479276,7.577425799835812,2.5
"(4323, 4332)",[[1.]],-11.94111758513369,6.628165366214823,2.5
"(4324, 4333)",[[-1.]],-11.714106590705804,6.975226531667278,0.5
"(4325, 4334)",[[1.]],-11.176306834508472,7.26008206681213,2.5
"(4326, 4335)",[[0.8268813]],-11.830300841536767,6.200035649021994,2.3268812894821167
"(4327, 4336)",[[-1.]],-12.948138385134634,4.678265381425611,0.5
"(4328, 4337)",[[1.]],-11.903535733977094,6.081313364086153,2.5
"(4329, 4338)",[[-1.]],-14.29927098004914,3.0936450183594424,0.5
"(4330, 4339)",[[-1.]],-11.703353784826428,6.358829479718697,0.5
"(4331, 4340)",[[-1.]],-15.401865290132111,2.4684056537168204,0.5
"(4332, 4341)",[[-1.]],-13.833738132281402,3.968299731020866,0.5
"(4333, 4342)",[[1.]],-14.164432135422397,3.5753193460612547,2.5
"(4334, 4343)",[[-1.]],-14.445054282351038,3.1449387704486567,0.5
"(4335, 4344)",[[-1.]],-15.491744407273337,1.3261598322780284,0.5
"(4336, 4345)",[[1.]],-15.049884963937526,1.9164471027371288,2.5
"(4337, 4346)",[[-1.]],-15.678996116153485,1.108280423192939,0.5
"(4338, 4347)",[[-1.]],-15.040870648916053,1.864806681455982,0.5
"(4339, 4348)",[[-1.]],-15.603394246656832,1.1518092076257798,0.5
"(4340, 4349)",[[1.]],-15.168196547916963,1.6682463618163768,2.5
"(4341, 4350)",[[1.]],-12.659694787923433,2.856776416375185,2.5
"(4342, 4351)",[[-1.]],-14.380722455409014,1.7440724837097275,0.5
"(4343, 4352)",[[-1.]],-12.360113352430133,4.175168757373269,0.5
"(4344, 4353)",[[-1.]],-13.823764551911806,2.457121734197015,0.5
"(4345, 4354)",[[-1.]],-14.183433229373868,2.2965978431701757,0.5
"(4346, 4355)",[[-1.]],-13.871881576901831,2.5567327867044884,0.5
"(4347, 4356)",[[-1.]],-14.50542695067834,1.6745242485192602,0.5
"(4348, 4357)",[[-1.]],-13.87187037800149,2.4902599329932116,0.5
"(4349, 4358)",[[1.]],-13.601656415286229,2.8067765271717366,2.5
"(4350, 4359)",[[-1.]],-12.676037853418494,4.049647118861367,0.5
"(4351, 4360)",[[-1.]],-14.836708991786221,1.146616671230836,0.5
"(4352, 4361)",[[-1.]],-12.754008291160346,2.0394841109048727,0.5
"(4353, 4362)",[[-1.]],-13.531924616395985,1.6071032117859012,0.5
"(4354, 4363)",[[-1.]],-12.616311792342408,2.6423425828834866,0.5
"(4355, 4364)",[[-1.]],-13.161839312515625,1.5624740882836896,0.5
"(4356, 4365)",[[-1.]],-11.603828504517667,3.6093094981102816,0.5
"(4357, 4366)",[[-1.]],-13.316806317819651,1.5393829175529206,0.5
"(4358, 4367)",[[-1.]],-11.551582128295092,3.567955173655964,0.5
"(4359, 4368)",[[-1.]],-13.199140979429057,1.3564473148323835,0.5
"(4360, 4369)",[[-1.]],-12.18084584691081,3.0652540223460214,0.5
"(4361, 4370)",[[-1.]],-12.097139326556636,3.100300368204458,0.5
"(4362, 4371)",[[-1.]],-12.658744542050913,2.3447662113995946,0.5
"(4363, 4372)",[[-1.]],-12.280521998596903,1.8925353520707482,0.5
"(4364, 4373)",[[-1.]],-9.98024684529557,4.665219717678124,0.5
"(4365, 4374)",[[-1.]],-14.403699362351254,1.9212106109621097,0.5
"(4366, 4375)",[[-1.]],-16.498944062818378,0.5633470333033053,0.5
"(4367, 4376)",[[1.]],-14.529303071503406,3.1211284103522274,2.5
"(4368, 4377)",[[1.]],-16.452656191950204,0.44573864727041546,2.5
"(4369, 4378)",[[-1.]],-14.977914461153569,2.2445121406482116,0.5
"(4370, 4379)",[[-1.]],-16.433170523294017,0.46119722790265527,0.5
"(4371, 4380)",[[1.]],-14.64158824263504,2.69287345640166,2.5
"(4372, 4381)",[[1.]],-16.50557290275697,0.47916238654499566,2.5
"(4373, 4382)",[[0.98254037]],-14.994590306287009,2.335270367429864,2.4825403690338135
"(4374, 4383)",[[1.]],-16.29999704598792,0.7311617180170993,2.5
"(4375, 4384)",[[1.]],-13.577179084507739,3.651060645311725,2.5
"(4376, 4385)",[[-1.]],-14.433032079735687,0.9995872480633405,0.5
"(4377, 4386)",[[-1.]],-14.300234797608619,1.1578222720314724,0.5
"(4378, 4387)",[[-1.]],-14.673720372417085,0.8144239662003123,0.5
"(4379, 4388)",[[-1.]],-14.207263545675445,1.4031402950209415,0.5
"(4380, 4389)",[[1.]],-14.082672171215538,1.0327643837199787,2.5
"(4381, 4390)",[[-1.]],-12.799926916620311,2.403516008755002,0.5
"(4382, 4391)",[[-1.]],-12.740058946416278,1.2330557793863335,0.5
"(4383, 4392)",[[-1.]],-13.293170719920862,0.6285419971715704,0.5
"(4384, 4393)",[[1.]],-13.375830715354304,1.7719102184132645,2.5
"(4385, 4394)",[[-1.]],-13.078868221490643,2.054795239161823,0.5
"(4386, 4395)",[[-1.]],-13.77720326396848,1.1184783090153392,0.5
"(4387, 4396)",[[-1.]],-13.799431912438978,1.7524851789357143,0.5
"(4388, 4397)",[[-1.]],-14.957501631231347,0.4720849662096658,0.5
"(4389, 4398)",[[-1.]],-14.06308662962126,1.787828882138637,0.5
"(4390, 4399)",[[-1.]],-14.16266304482269,1.631043729335838,0.5
"(4391, 4400)",[[-1.]],-14.106561358262397,1.7398460837345944,0.5
"(4392, 4401)",[[1.]],-14.43278697779547,1.7734533047008139,2.5
"(4393, 4402)",[[-1.]],-14.860177215821457,1.4042797045652335,0.5
"(4394, 4403)",[[-1.]],-15.104906804990579,0.8105156350057232,0.5
"(4395, 4404)",[[-1.]],-15.318426296729882,0.35931903881427374,0.5
"(4396, 4405)",[[-1.]],-15.26727379961764,0.42153814689444324,0.5
"(4397, 4406)",[[-1.]],-14.710170527704085,0.3140683133603126,0.5
"(4398, 4407)",[[-1.]],-13.90804000248983,1.2438430422176499,0.5
"(4399, 4408)",[[-1.]],-13.638019593994125,1.1120869695409255,0.5
"(4400, 4409)",[[-1.]],-13.620645558057268,1.4222928798007626,0.5
"(4401, 4410)",[[-1.]],-12.78010378486,2.5164785185220033,0.5
"(4402, 4411)",[[-1.]],-11.754716908682518,3.103998466644711,0.5
"(4403, 4412)",[[-1.]],-10.767553846985528,4.266444321281746,0.5
"(4404, 4413)",[[-1.]],-11.378023481388837,3.9091285578887636,0.5
"(4405, 4414)",[[-1.]],-10.661971322463197,4.75061418773122,0.5
"(4406, 4415)",[[-1.]],-11.430668150564125,3.770500341209825,0.5
"(4407, 4416)",[[-1.]],-11.29942508686508,3.8784280286831034,0.5
"(4408, 4417)",[[-1.]],-11.028626073284721,3.8070083753456245,0.5
"(4409, 4418)",[[-1.]],-12.529106739984652,3.9914821339286863,0.5
"(4410, 4419)",[[-1.]],-14.132331544870334,1.7677962362598123,0.5
"(4411, 4420)",[[1.]],-13.06147365039268,3.099093957394418,2.5
"(4412, 4421)",[[-1.]],-14.19770351421026,1.5554165675262048,0.5
"(4413, 4422)",[[-1.]],-14.253621448143996,1.4790722075853147,0.5
"(4414, 4423)",[[-1.]],-13.75877714946473,1.9259905712505674,0.5
"(4415, 4424)",[[-1.]],-14.167788114196757,1.4237730010678895,0.5
"(4416, 4425)",[[1.]],-12.869883575055347,3.0418263854420946,2.5
"(4417, 4426)",[[1.]],-13.38474501734362,2.4896146165100994,2.5
"(4418, 4427)",[[-1.]],-14.325638025118588,1.3899547281069147,0.5
"(4419, 4428)",[[1.]],-12.899184047516677,2.3173440228242246,2.5
"(4420, 4429)",[[-1.]],-13.096770979441192,2.4881556292904765,0.5
"(4421, 4430)",[[-1.]],-13.214198046120227,2.273710048078101,0.5
"(4422, 4431)",[[1.]],-9.403641863800926,7.002453218349316,2.5
"(4423, 4432)",[[1.]],-12.841342498161175,2.974102112466042,2.5
"(4424, 4433)",[[-1.]],-8.743456270324069,9.221316379171368,0.5
"(4425, 4434)",[[-1.]],-13.167155757988132,3.77868408899967,0.5
"(4426, 4435)",[[-1.]],-10.198290276575165,7.454043249299852,0.5
"(4427, 4436)",[[1.]],-13.499615856240792,3.729652151938833,2.5
"(4428, 4437)",[[-1.]],-11.978824414182608,5.54155522507558,0.5
"(4429, 4438)",[[1.]],-13.850418950636874,2.928256492471272,2.5
"(4430, 4439)",[[1.]],-10.792210568485745,6.668456205019394,2.5
"(4431, 4440)",[[1.]],-13.129213469924395,3.746626855842747,2.5
"(4432, 4441)",[[-1.]],-12.448480021250987,4.530810053099168,0.5
"(4433, 4442)",[[1.]],-13.650486516669332,2.9819977878794077,2.5
"(4434, 4443)",[[-1.]],-12.219830049592316,3.8963998992374638,0.5
"(4435, 4444)",[[-1.]],-13.79524984002024,1.8735044954428108,0.5
"(4436, 4445)",[[-1.]],-13.73519429821118,2.2641480478546807,0.5
"(4437, 4446)",[[-1.]],-10.999451961649422,4.210261196549801,0.5
"(4438, 4447)",[[-1.]],-12.69030556571062,2.9584633498857187,0.5
"(4439, 4448)",[[-1.]],-11.744499513597349,4.1376277183749846,0.5
"(4440, 4449)",[[-1.]],-12.522588755654732,2.983473898704796,0.5
"(4441, 4450)",[[-1.]],-11.809703200873289,3.862478590686793,0.5
"(4442, 4451)",[[-1.]],-12.759303848019352,2.602890232262437,0.5
"(4443, 4452)",[[-1.]],-12.493532672309637,2.8229990912551646,0.5
"(4444, 4453)",[[-1.]],-12.989563347749376,2.297594443395681,0.5
"(4445, 4454)",[[-1.]],-13.953494469922727,1.3063685319272071,0.5
"(4446, 4455)",[[-1.]],-13.097827428359986,1.9999963111040469,0.5
"(4447, 4456)",[[-1.]],-14.259853226252211,2.094859421866488,0.5
"(4448, 4457)",[[-1.]],-14.62036117105699,1.3744040560996815,0.5
"(4449, 4458)",[[-1.]],-14.565280617804262,1.5127258103694174,0.5
"(4450, 4459)",[[-1.]],-14.695052971101006,1.4481904402591805,0.5
"(4451, 4460)",[[-1.]],-15.35580841072299,0.8150322525506049,0.5
"(4452, 4461)",[[-1.]],-14.136159371852656,2.5029168644307696,0.5
"(4453, 4462)",[[-1.]],-14.19713301252379,2.4152485227391516,0.5
"(4454, 4463)",[[-1.]],-14.851469910040743,1.6379385165788278,0.5
"(4455, 4464)",[[-1.]],-14.37522571816732,2.370996067834577,0.5
"(4456, 4465)",[[-1.]],-15.131191050132228,1.5496416838792477,0.5
"(4457, 4466)",[[1.]],-12.33057454671341,3.9270005856623644,2.5
"(4458, 4467)",[[1.]],-14.21452190034148,2.059532099470667,2.5
"(4459, 4468)",[[-1.]],-15.046553699564353,1.027533001123425,0.5
"(4460, 4469)",[[-1.]],-14.515690935418652,1.747628346056631,0.5
"(4461, 4470)",[[-1.]],-14.603498432166854,1.3559236239361585,0.5
"(4462, 4471)",[[-1.]],-15.099067486548646,0.6362856407346573,0.5
"(4463, 4472)",[[-1.]],-14.863236404564416,0.8810351908800644,0.5
"(4464, 4473)",[[1.]],-15.227010825846317,0.6153365730286708,2.5
"(4465, 4474)",[[-1.]],-14.908636770063769,0.9952739276541234,0.5
"(4466, 4475)",[[-1.]],-15.460975141741606,0.30848340191704615,0.5
"(4467, 4476)",[[-1.]],-15.066452942820092,0.5152760561897267,0.5
"(4468, 4477)",[[-1.]],-14.638507031791283,0.39932063730563705,0.5
"(4469, 4478)",[[-1.]],-13.411332387754946,1.4146931503717006,0.5
"(4470, 4479)",[[-1.]],-13.176428991124093,1.44936402559523,0.5
"(4471, 4480)",[[-1.]],-12.169455208999263,2.6006657969438614,0.5
"(4472, 4481)",[[-1.]],-13.139843669100964,1.485268461323841,0.5
"(4473, 4482)",[[-1.]],-12.269292424487801,3.1139507404411564,0.5
"(4474, 4483)",[[-1.]],-13.246129076503387,1.3969613682456519,0.5
"(4475, 4484)",[[1.]],-12.79675783115852,2.2366794384809907,2.5
"(4476, 4485)",[[1.]],-13.944931246815292,0.8900688373004009,2.5
"(4477, 4486)",[[-1.]],-13.395279203702069,1.6222431074488668,0.5
"(4478, 4487)",[[-1.]],-14.094065572733589,0.7219810275483489,0.5
"(4479, 4488)",[[1.]],-12.7430431766959,2.449066470551063,2.5
"(4480, 4489)",[[-0.9999941]],-13.60455076048105,0.896239441522809,0.5000059008598328
"(4481, 4490)",[[1.]],-13.201070105427515,1.388038255149679,2.5
"(4482, 4491)",[[1.]],-13.537472696934424,0.9802715120783496,2.5
"(4483, 4492)",[[-1.]],-12.788889679284253,1.3554092495779528,0.5
"(4484, 4493)",[[-1.]],-13.236998098129575,0.9968101170490495,0.5
"(4485, 4494)",[[-1.]],-12.349086279053589,1.3932635866956176,0.5
"(4486, 4495)",[[-1.]],-10.533247333133769,2.9447990015295247,0.5
"(4487, 4496)",[[-1.]],-11.228996366170467,2.5631712184033635,0.5
"(4488, 4497)",[[-1.]],-11.563792567176254,2.1459320736447864,0.5
"(4489, 4498)",[[1.]],-12.887483344718014,2.8899956564972946,2.5
"(4490, 4499)",[[-1.]],-14.764150766766756,0.46736066260499953,0.5
"(4491, 4500)",[[-1.]],-13.454025825660471,2.1499114041158247,0.5
"(4492, 4501)",[[-1.]],-13.015179988145178,2.639441865899853,0.5
"(4493, 4502)",[[1.]],-13.162249000761914,2.7974221011622173,2.5
"(4494, 4503)",[[-1.]],-13.950861429525325,1.7853437249726642,0.5
"(4495, 4504)",[[-1.]],-14.128599113392822,1.7267736602106485,0.5
"(4496, 4505)",[[1.]],-14.846606163323967,2.0642268599933224,2.5
"(4497, 4506)",[[-1.]],-14.048766853281483,2.944328705193172,0.5
"(4498, 4507)",[[-1.]],-14.934250301192478,2.963874491885216,0.5
"(4499, 4508)",[[-1.]],-16.256494655273002,1.1995090962283133,0.5
"(4500, 4509)",[[-1.]],-14.765288719159575,3.0013538842752645,0.5
"(4501, 4510)",[[-1.]],-15.091995910907034,2.4657774368857,0.5
"(4502, 4511)",[[-1.]],-14.772074235996746,2.859629228066236,0.5
"(4503, 4512)",[[-1.]],-14.328228649740115,3.347737637286185,0.5
"(4504, 4513)",[[-1.]],-14.797811301368432,2.6826972349679803,0.5
"(4505, 4514)",[[-1.]],-13.987889436156685,3.6773811666532215,0.5
"(4506, 4515)",[[-1.]],-14.210934782562825,2.894538278186255,0.5
"(4507, 4516)",[[-1.]],-14.3898821177607,2.495729018768884,0.5
"(4508, 4517)",[[-1.]],-9.013432697651435,6.413811782216836,0.5
"(4509, 4518)",[[-1.]],-9.684210099654386,5.528055587603017,0.5
"(4510, 4519)",[[-1.]],-11.228249763444309,3.597398251626725,0.5
"(4511, 4520)",[[-1.]],-11.142784702964152,3.358036273133525,0.5
"(4512, 4521)",[[-1.]],-9.536498458135187,5.391982842153723,0.5
"(4513, 4522)",[[-1.]],-11.217980815842997,3.0084901575161034,0.5
"(4514, 4523)",[[-1.]],-10.018897361518983,4.460143846946345,0.5
"(4515, 4524)",[[-1.]],-11.217174188885515,2.9022540628091456,0.5
"(4516, 4525)",[[-1.]],-9.347108216648868,4.566026416303039,0.5
"(4517, 4526)",[[-1.]],-11.59933756581757,2.1620855974292468,0.5
"(4518, 4527)",[[-1.]],-13.27555310335393,1.5753114818378897,0.5
"(4519, 4528)",[[-1.]],-12.909660581031336,2.0105112149936843,0.5
"(4520, 4529)",[[-1.]],-13.492346309980517,0.9633054604900764,0.5
"(4521, 4530)",[[1.]],-12.9347245373213,1.6366475394982345,2.5
"(4522, 4531)",[[-1.]],-13.823998523780945,0.4881466304067601,0.5
"(4523, 4532)",[[-1.]],-13.635404920385646,0.7715924066014122,0.5
"(4524, 4533)",[[1.]],-13.349253388894928,1.3866585814705878,2.5
"(4525, 4534)",[[-1.]],-12.91134048874778,2.124300939006062,0.5
"(4526, 4535)",[[1.]],-11.91019016665585,3.6374709090967166,2.5
"(4527, 4536)",[[1.]],-12.193564762904268,3.2722613332171733,2.5
"(4528, 4537)",[[-1.]],-11.808367562332881,2.8509958798106325,0.5
"(4529, 4538)",[[-1.]],-11.755433058033518,2.993658880910999,0.5
"(4530, 4539)",[[1.]],-9.297737702773416,6.302553658855608,2.5
"(4531, 4540)",[[-1.]],-10.888821085339345,4.461095556044823,0.5
"(4532, 4541)",[[-1.]],-10.51050902900186,5.1321424038187455,0.5
"(4533, 4542)",[[-1.]],-14.550643827374198,2.134708616257323,0.5
"(4534, 4543)",[[1.]],-14.166824819107353,2.4771825247616013,2.5
"(4535, 4544)",[[-1.]],-15.311367477853054,1.2387776155925163,0.5
"(4536, 4545)",[[-1.]],-14.396503245593259,2.3533152608070536,0.5
"(4537, 4546)",[[-1.]],-14.668974587052414,1.9497628842777122,0.5
"(4538, 4547)",[[-1.]],-14.45571766792959,2.189366150829126,0.5
"(4539, 4548)",[[-1.]],-14.723861619146856,1.8679892507958442,0.5
"(4540, 4549)",[[-1.]],-14.510727910724796,2.080897809816891,0.5
"(4541, 4550)",[[-1.]],-14.612744614235783,2.005104541172333,0.5
"(4542, 4551)",[[1.]],-14.269505158210979,2.3683448556539926,2.5
"(4543, 4552)",[[1.]],-14.0892243823208,2.3840522664420494,2.5
"(4544, 4553)",[[-1.]],-15.105108461128193,2.042754810416281,0.5
"(4545, 4554)",[[-1.]],-13.33145621436253,4.186603102439494,0.5
"(4546, 4555)",[[-1.]],-14.774833058787697,2.554974097661016,0.5
"(4547, 4556)",[[1.]],-13.462222652451075,4.168711050885973,2.5
"(4548, 4557)",[[-1.]],-15.249001660957951,1.9461462548488129,0.5
"(4549, 4558)",[[-1.]],-14.528079162065714,2.851690948353051,0.5
"(4550, 4559)",[[-1.]],-15.294064650884863,1.919401171815009,0.5
"(4551, 4560)",[[-1.]],-13.746605309521842,3.8738171339866962,0.5
"(4552, 4561)",[[-1.]],-15.346737406041322,1.9475381812459212,0.5
"(4553, 4562)",[[-1.]],-15.703248165187803,1.1140306389779155,0.5
"(4554, 4563)",[[1.]],-11.125981339058171,6.115757807373804,2.5
"(4555, 4564)",[[-1.]],-13.779342839932447,2.9803152596349882,0.5
"(4556, 4565)",[[-1.]],-14.543734768072339,1.5251744902817812,0.5
"(4557, 4566)",[[-1.]],-13.382406429052526,2.987776102067537,0.5
"(4558, 4567)",[[1.]],-11.577129455096992,5.5246868929043025,2.5
"(4559, 4568)",[[-1.]],-14.34343173060777,2.0541674936888477,0.5
"(4560, 4569)",[[-1.]],-14.29392449281792,2.1815545928593547,0.5
"(4561, 4570)",[[-1.]],-14.1067119446926,2.3047272870308326,0.5
"(4562, 4571)",[[-1.]],-14.879337503120471,1.4187047679706222,0.5
"(4563, 4572)",[[-1.]],-14.132851685794183,1.9545357194663744,0.5
"(4564, 4573)",[[1.]],-13.334944307891945,2.1134041646692197,2.5
"(4565, 4574)",[[-1.]],-13.176330275508048,2.1254407540193547,0.5
"(4566, 4575)",[[1.]],-13.254348278749521,2.6013070339576547,2.5
"(4567, 4576)",[[-1.]],-13.107850321123664,2.8524655169263866,0.5
"(4568, 4577)",[[-1.]],-12.406866198448352,3.360658203120394,0.5
"(4569, 4578)",[[-1.]],-12.172661608897476,3.5430688269739328,0.5
"(4570, 4579)",[[1.]],-10.781782256347885,5.082090882308433,2.5
"(4571, 4580)",[[-1.]],-10.749377131454521,5.127268235223514,0.5
"(4572, 4581)",[[-1.]],-11.21227729234285,4.3410696328255725,0.5
"(4573, 4582)",[[-1.]],-12.320805655568444,3.04227225175544,0.5
"(4574, 4583)",[[1.]],-9.867680570247229,5.779839111022376,2.5
"(4575, 4584)",[[-1.]],-12.058976832212615,2.9746508557203857,0.5
"(4576, 4585)",[[1.]],-9.621464503651149,4.662214762177133,2.5
"(4577, 4586)",[[1.]],-12.740706656448365,1.39058448555868,2.5
"(4578, 4587)",[[-1.]],-13.603956976178875,3.0283946696807202,0.5
"(4579, 4588)",[[-1.]],-14.662462257829185,1.8637852203952878,0.5
"(4580, 4589)",[[1.]],-11.38584163656178,6.062169062964242,2.5
"(4581, 4590)",[[1.]],-14.091132529311363,2.6293986558871856,2.5
"(4582, 4591)",[[-1.]],-13.439392382289714,3.528186041570738,0.5
"(4583, 4592)",[[-1.]],-14.217625660899182,2.5896126563753956,0.5
"(4584, 4593)",[[-1.]],-14.225737933423607,2.557791638726802,0.5
"(4585, 4594)",[[-0.8789824]],-14.28966606658319,2.4644408814015417,0.621017575263977
"(4586, 4595)",[[-1.]],-14.189148470083094,2.6129836371090587,0.5
"(4587, 4596)",[[-1.]],-14.99998074451194,1.4952642605886801,0.5
"(4588, 4597)",[[-1.]],-9.357465160389639,6.4548932149321665,0.5
"(4589, 4598)",[[-1.]],-11.33558257418063,3.9430186683123907,0.5
"(4590, 4599)",[[-1.]],-9.928072917461153,5.455135657005815,0.5
"(4591, 4600)",[[-1.]],-11.024739909290071,3.9445471819735474,0.5
"(4592, 4601)",[[-1.]],-9.62565548572083,5.703143513731863,0.5
"(4593, 4602)",[[-1.]],-10.95395982652776,3.893323785220119,0.5
"(4594, 4603)",[[-1.]],-10.287920909465228,4.817062199803312,0.5
"(4595, 4604)",[[-1.]],-12.288473897312238,2.7630050625333045,0.5
"(4596, 4605)",[[-1.]],-13.274849075920839,1.6553008914745533,0.5
"(4597, 4606)",[[-1.]],-14.188348054595908,0.05879534132089148,0.5
"(4598, 4607)",[[-1.]],-13.318477551851105,2.010171267779562,0.5
"(4599, 4608)",[[-1.]],-14.323129957253741,0.7071030780150949,0.5
"(4600, 4609)",[[-1.]],-14.375313836837806,0.6913370933120966,0.5
"(4601, 4610)",[[-1.]],-14.299410315849824,1.0790447243760255,0.5
"(4602, 4611)",[[-1.]],-15.001459613382945,0.33798842980877986,0.5
"(4603, 4612)",[[-1.]],-14.4983892992343,1.0292777842218115,0.5
"(4604, 4613)",[[-1.]],-14.444299043231645,1.0772860272194897,0.5
"(4605, 4614)",[[-1.]],-14.259180866600511,1.0082008842612744,0.5
"(4606, 4615)",[[1.]],-13.95893849370425,2.3837507170935055,2.5
"(4607, 4616)",[[-1.]],-14.799472759163175,1.3178333026546927,0.5
"(4608, 4617)",[[-1.]],-14.744881734596188,1.2370760069058928,0.5
"(4609, 4618)",[[-1.]],-14.512119497115739,1.6208154672775255,0.5
"(4610, 4619)",[[-1.]],-14.542583142465443,1.5350160560145536,0.5
"(4611, 4620)",[[-1.]],-13.935847674879296,2.1254178374110406,0.5
"(4612, 4621)",[[-1.]],-14.509210173124796,1.367011017745238,0.5
"(4613, 4622)",[[-1.]],-13.797777423114157,2.228173633279262,0.5
"(4614, 4623)",[[-1.]],-14.332685236240996,1.6049405134813153,0.5
"(4615, 4624)",[[-1.]],-14.336653629712389,1.509271465345682,0.5
"(4616, 4625)",[[-1.]],-10.295808935530303,4.027977056592192,0.5
"(4617, 4626)",[[1.]],-8.517994046620993,6.453198211115076,2.5
"(4618, 4627)",[[-1.]],-10.4941419095475,4.81488284146522,0.5
"(4619, 4628)",[[1.]],-7.941929265908989,8.858591121296186,2.5
"(4620, 4629)",[[1.]],-10.826565347927017,5.192467344765165,2.5
"(4621, 4630)",[[-1.]],-10.462859838442311,5.8000725900485435,0.5
"(4622, 4631)",[[-1.]],-10.250493504195333,6.130422784749822,0.5
"(4623, 4632)",[[1.]],-6.659791329913457,10.652173363207726,2.5
"(4624, 4633)",[[-1.]],-10.73965486302195,5.452719214657405,0.5
"(4625, 4634)",[[1.]],-5.91606068428518,11.505379160627902,2.5
"(4626, 4635)",[[1.]],-10.713463898861555,5.477211209889649,2.5
"(4627, 4636)",[[1.]],-7.177487599518524,10.012047164562174,2.5
"(4628, 4637)",[[-1.]],-12.19482787054611,3.2531398913968363,0.5
"(4629, 4638)",[[-1.]],-11.783556947506066,2.2501681010368344,0.5
"(4630, 4639)",[[1.]],-9.155228917320862,7.548496132413666,2.5
"(4631, 4640)",[[1.]],-15.571173756104557,0.13376876555624584,2.5
"(4632, 4641)",[[-1.]],-14.029884429364902,2.0396501902895157,0.5
"(4633, 4642)",[[1.]],-15.368294468593414,0.5723069217986394,2.5
"(4634, 4643)",[[-1.]],-14.254028913770204,1.9277221385061711,0.5
"(4635, 4644)",[[1.]],-15.358336640429513,0.7509549996225156,2.5
"(4636, 4645)",[[1.]],-14.554687182422079,1.8089252556454607,2.5
"(4637, 4646)",[[1.]],-15.796102179578924,1.1006169009514037,2.5
"(4638, 4647)",[[-1.]],-14.865992367964639,2.240874498471709,0.5
"(4639, 4648)",[[-1.]],-15.926391621458235,0.805733312219929,0.5
"(4640, 4649)",[[-1.]],-15.294166913548661,1.4033974694114653,0.5
"(4641, 4650)",[[-1.]],-14.296143517960461,2.332725616812807,0.5
"(4642, 4651)",[[-1.]],-14.201319808312663,2.3039323324770127,0.5
"(4643, 4652)",[[-1.]],-14.674301221255963,1.605385389202958,0.5
"(4644, 4653)",[[-1.]],-14.058410548998372,2.338923412108148,0.5
"(4645, 4654)",[[-1.]],-14.170360185623009,2.2956530083886193,0.5
"(4646, 4655)",[[-1.]],-13.842781864894306,2.7114732708149933,0.5
"(4647, 4656)",[[-1.]],-13.820259586485502,1.8375362973280698,0.5
"(4648, 4657)",[[-1.]],-13.441414547274155,2.387985436907627,0.5
"(4649, 4658)",[[-1.]],-12.896748765050958,3.066139962911837,0.5
"(4650, 4659)",[[-1.]],-14.200685775803734,1.2911079402123917,0.5
"(4651, 4660)",[[-1.]],-12.821357093499492,2.878773831929628,0.5
"(4652, 4661)",[[-1.]],-13.931770457841194,1.5060777704576864,0.5
"(4653, 4662)",[[-1.]],-13.078740786749467,3.0705998448072442,0.5
"(4654, 4663)",[[1.]],-11.416204834331166,6.084736177117284,2.5
"(4655, 4664)",[[-1.]],-12.402099444119466,4.641718892320229,0.5
"(4656, 4665)",[[-1.]],-14.280186841554071,2.297078431726149,0.5
"(4657, 4666)",[[-1.]],-12.166380468756447,4.890805016230825,0.5
"(4658, 4667)",[[-1.]],-13.873757216295594,2.8550839390968843,0.5
"(4659, 4668)",[[-1.]],-12.173424640603875,5.012840072979888,0.5
"(4660, 4669)",[[-1.]],-13.760273224459388,2.9464872428290523,0.5
"(4661, 4670)",[[-1.]],-13.07607564794035,3.963950479263074,0.5
"(4662, 4671)",[[-1.]],-14.266580620511384,2.440311656043212,0.5
"(4663, 4672)",[[-1.]],-14.92154538411008,1.1186302161042114,0.5
"(4664, 4673)",[[-1.]],-13.053207880681871,1.5061406520946186,0.5
"(4665, 4674)",[[-1.]],-13.219638539319233,1.3791075876975825,0.5
"(4666, 4675)",[[1.]],-13.271214871420517,1.5091784326784499,2.5
"(4667, 4676)",[[-1.]],-13.458177157107341,1.2131196151530226,0.5
"(4668, 4677)",[[-1.]],-12.869156479418255,1.9344263585505352,0.5
"(4669, 4678)",[[1.]],-13.415857095950022,1.25273950021894,2.5
"(4670, 4679)",[[-1.]],-12.66907962704754,1.8291656005907022,0.5
"(4671, 4680)",[[-1.]],-12.516271940677605,1.8796203062380101,0.5
"(4672, 4681)",[[1.]],-11.240430549370606,3.563042522338769,2.5
"(4673, 4682)",[[-1.]],-11.620318226364564,2.673349852127096,0.5
"(4674, 4683)",[[-1.]],-11.662251444255078,2.6283444155187574,0.5
"(4675, 4684)",[[1.]],-12.228321484050255,2.873100424263683,2.5
"(4676, 4685)",[[1.]],-11.35754702029567,3.6751143743978023,2.5
"(4677, 4686)",[[-1.]],-12.198503395095056,2.7990581594444794,0.5
"(4678, 4687)",[[-1.]],-13.961209868713421,1.2686357396376806,0.5
"(4679, 4688)",[[1.]],-11.780728656578685,4.026619201256512,2.5
"(4680, 4689)",[[1.]],-13.869375237351354,1.4390775257269475,2.5
"(4681, 4690)",[[-1.]],-13.042020062593682,2.405495604770435,0.5
"(4682, 4691)",[[-1.]],-14.221876590545849,1.0585471318329613,0.5
"(4683, 4692)",[[-1.]],-13.384472188703963,2.2635024502289465,0.5
"(4684, 4693)",[[-1.]],-13.958952368247731,1.5167619828695589,0.5
"(4685, 4694)",[[1.]],-13.275752208157442,3.2851522301657115,2.5
"(4686, 4695)",[[-1.]],-14.821333309788841,1.3620459109903695,0.5
"(4687, 4696)",[[-1.]],-13.260976251038066,3.30245049572218,0.5
"(4688, 4697)",[[-1.]],-13.188413868479202,3.059524517320437,0.5
"(4689, 4698)",[[1.]],-12.489529669162948,3.9518386427507206,2.5
"(4690, 4699)",[[-1.]],-12.525714734677553,3.9479063344940393,0.5
"(4691, 4700)",[[-1.]],-12.798641679101047,3.5569923795149307,0.5
"(4692, 4701)",[[-1.]],-12.731262897693039,3.561581494472618,0.5
"(4693, 4702)",[[-1.]],-13.109298072791534,3.1783453837670166,0.5
"(4694, 4703)",[[-1.]],-13.643658649851407,2.565590084926402,0.5
"(4695, 4704)",[[-1.]],-13.501357262738601,1.551203611257007,0.5
"(4696, 4705)",[[-1.]],-11.841272565121315,3.5852611180874696,0.5
"(4697, 4706)",[[-1.]],-13.000936061202417,1.7156584238609884,0.5
"(4698, 4707)",[[-1.]],-13.29372977159644,2.857730045221622,0.5
"(4699, 4708)",[[-1.]],-14.838085170771192,0.9392424693115551,0.5
"(4700, 4709)",[[-1.]],-13.113176388297905,3.5115696787448893,0.5
"(4701, 4710)",[[-1.]],-13.91658281243765,2.790904395785807,0.5
"(4702, 4711)",[[-1.]],-13.545043331235808,3.234529264224161,0.5
"(4703, 4712)",[[-1.]],-13.667714304153638,3.499000583934677,0.5
"(4704, 4713)",[[-1.]],-12.075138181540085,5.512494273531663,0.5
"(4705, 4714)",[[-1.]],-13.774127213921464,3.435514104532201,0.5
"(4706, 4715)",[[-1.]],-11.92112297141129,5.872387412644358,0.5
"(4707, 4716)",[[-1.]],-14.838103531319735,2.182987837132263,0.5
"(4708, 4717)",[[-1.]],-11.632594402080427,5.3716269318047605,0.5
"(4709, 4718)",[[-1.]],-13.51922566225748,2.9607350225065474,0.5
"(4710, 4719)",[[-1.]],-13.535446823199925,2.5177183282021325,0.5
"(4711, 4720)",[[-1.]],-14.194841370877352,1.2087713082862344,0.5
"(4712, 4721)",[[1.]],-10.30562636231392,6.093886544246221,2.5
"(4713, 4722)",[[-1.]],-12.180826540325096,1.4216974936318536,0.5
"(4714, 4723)",[[-1.]],-10.75057144265342,4.681904500765633,0.5
"(4715, 4724)",[[-1.]],-12.686361783773341,2.2225864473951766,0.5
"(4716, 4725)",[[1.]],-8.744908481647075,7.310866418099835,2.5
"(4717, 4726)",[[-1.]],-13.366525228030511,1.4917361983633413,0.5
"(4718, 4727)",[[-1.]],-10.586139772128465,4.992069870950857,0.5
"(4719, 4728)",[[1.]],-12.155912476840443,4.811955231366225,2.5
"(4720, 4729)",[[1.]],-13.277327695247699,3.40568210872633,2.5
"(4721, 4730)",[[-1.]],-13.695876500941699,2.8776377483135,0.5
"(4722, 4731)",[[-1.]],-13.394657734713237,3.286782123792019,0.5
"(4723, 4732)",[[1.]],-12.99918990653447,3.896732674294338,2.5
"(4724, 4733)",[[1.]],-13.620853342898481,2.965132563416029,2.5
"(4725, 4734)",[[-1.]],-12.749727067521311,4.255155764642511,0.5
"(4726, 4735)",[[1.]],-13.277556568653857,3.5644354623501204,2.5
"(4727, 4736)",[[1.]],-12.589776746204857,4.706701270580945,2.5
"(4728, 4737)",[[-1.]],-14.096707362927168,2.621905461456638,0.5
"(4729, 4738)",[[-1.]],-7.0614809345438845,9.487046437235612,0.5
"(4730, 4739)",[[1.]],-9.557010524545122,6.386678190932626,2.5
"(4731, 4740)",[[-1.]],-7.023062018717928,9.49917299242696,0.5
"(4732, 4741)",[[-1.]],-11.797758330914894,3.4184125206800324,0.5
"(4733, 4742)",[[1.]],-7.58960092669676,9.340084441525052,2.5
"(4734, 4743)",[[1.]],-13.01665260497809,2.5332052929479634,2.5
"(4735, 4744)",[[-1.]],-8.291195658894841,8.221631797545058,0.5
"(4736, 4745)",[[-1.]],-13.536464362225345,1.5575430972441797,0.5
"(4737, 4746)",[[-1.]],-9.836447849220674,6.161647025931456,0.5
"(4738, 4747)",[[-1.]],-13.616278584525066,1.401802132624404,0.5
"(4739, 4748)",[[-1.]],-12.192635939490998,3.0392195280783323,0.5
"(4740, 4749)",[[-1.]],-13.810658286321292,1.0317900453558408,0.5
"(4741, 4750)",[[-1.]],-10.761806559908159,4.861900517848683,0.5
"(4742, 4751)",[[1.]],-14.620991047866243,1.4854461108928856,2.5
"(4743, 4752)",[[-1.]],-13.802916679078148,2.3421697482119495,0.5
"(4744, 4753)",[[-1.]],-14.196253109221626,1.772650353205556,0.5
"(4745, 4754)",[[-1.]],-14.484351847747735,1.3257746961797405,0.5
"(4746, 4755)",[[1.]],-12.685492782446172,3.9054990122019095,2.5
"(4747, 4756)",[[-1.]],-12.064998054594449,4.65137959737573,0.5
"(4748, 4757)",[[-1.]],-13.168290818325296,3.263361840946928,0.5
"(4749, 4758)",[[-1.]],-11.066176017543182,6.217703553751848,0.5
"(4750, 4759)",[[-1.]],-11.952596273900927,5.1132568293391305,0.5
"(4751, 4760)",[[-1.]],-10.347776811484877,7.136157482205144,0.5
"(4752, 4761)",[[-1.]],-12.269597521950109,3.7695207189157145,0.5
"(4753, 4762)",[[-1.]],-12.838104693247361,2.795405259384058,0.5
"(4754, 4763)",[[-1.]],-11.010669044437527,5.048361731980455,0.5
"(4755, 4764)",[[-1.]],-12.86684968871074,2.7505700499501415,0.5
"(4756, 4765)",[[-1.]],-9.614248636905877,6.3236036127134305,0.5
"(4757, 4766)",[[-1.]],-12.738509833858474,2.3969959470195192,0.5
"(4758, 4767)",[[-1.]],-11.137760304995368,4.10428779977488,0.5
"(4759, 4768)",[[-1.]],-14.6841329413493,0.7346028114952716,0.5
"(4760, 4769)",[[-1.]],-13.099116337722043,2.6623991120824897,0.5
"(4761, 4770)",[[-1.]],-13.82743513274682,1.5193205225437012,0.5
"(4762, 4771)",[[-1.]],-11.54690496875453,4.527406140708713,0.5
"(4763, 4772)",[[-1.]],-13.162153515077264,2.4043310553717347,0.5
"(4764, 4773)",[[-1.]],-11.847262619782112,4.076270422572785,0.5
"(4765, 4774)",[[-1.]],-12.686935912817491,3.008027646699329,0.5
"(4766, 4775)",[[1.]],-11.353631453232413,4.6405564294097275,2.5
"(4767, 4776)",[[-1.]],-12.778909616685638,2.8375138885934454,0.5
"(4768, 4777)",[[-1.]],-12.493897168673056,3.2838507945222997,0.5
"(4769, 4778)",[[1.]],-10.560649303912717,3.9650268979957204,2.5
"(4770, 4779)",[[1.]],-13.261628234059895,0.9370156206628302,2.5
"(4771, 4780)",[[-1.]],-10.888362710996786,3.8285406236238337,0.5
"(4772, 4781)",[[-1.]],-12.844891294116882,1.2738835836069953,0.5
"(4773, 4782)",[[1.]],-10.55512356475185,4.297215895928776,2.5
"(4774, 4783)",[[-1.]],-13.206603063101555,1.9068708385796658,0.5
"(4775, 4784)",[[1.]],-10.651157941637415,5.08771850567085,2.5
"(4776, 4785)",[[1.]],-12.119253303407442,3.298426134005645,2.5
"(4777, 4786)",[[-1.]],-11.332006145186943,4.2738759233811,0.5
"(4778, 4787)",[[-1.]],-12.615831591687947,2.645510788831654,0.5
"(4779, 4788)",[[-1.]],-11.712860784536028,3.6999305376409612,0.5
"(4780, 4789)",[[-1.]],-11.361438779639206,3.911766355271082,0.5
"(4781, 4790)",[[-1.]],-11.499463513141073,4.1095781924540375,0.5
"(4782, 4791)",[[-1.]],-13.116064358403756,1.948111864987613,0.5
"(4783, 4792)",[[-1.]],-13.246098220100633,2.0254140189426586,0.5
"(4784, 4793)",[[-1.]],-12.856855255379012,1.8128060170705744,0.5
"(4785, 4794)",[[-1.]],-12.12091279198655,2.978964563257801,0.5
"(4786, 4795)",[[-1.]],-11.697903506310661,3.785603747895099,0.5
"(4787, 4796)",[[-1.]],-11.752810984999865,3.8061455999183043,0.5
"(4788, 4797)",[[-1.]],-11.55148078294517,3.924022424454119,0.5
"(4789, 4798)",[[-1.]],-12.242042652432758,3.1952175092384767,0.5
"(4790, 4799)",[[-1.]],-14.15077164529709,0.8818260166142498,0.5
"(4791, 4800)",[[-1.]],-13.131418813185585,2.051146468150648,0.5
"(4792, 4801)",[[-1.]],-12.502001712271193,2.7706277585101393,0.5
"(4793, 4802)",[[-1.]],-13.857992742394075,1.7686163927434642,0.5
"(4794, 4803)",[[-1.]],-13.83840760362516,1.9676812144017486,0.5
"(4795, 4804)",[[-1.]],-13.462596320870365,2.381657430544001,0.5
"(4796, 4805)",[[-1.]],-14.487491646406161,0.9775207311712464,0.5
"(4797, 4806)",[[-1.]],-13.134405288668722,2.9722312382001306,0.5
"(4798, 4807)",[[-1.]],-15.229059601021047,0.5955154435547634,0.5
"(4799, 4808)",[[-1.]],-12.766045238682203,3.5446665546253175,0.5
"(4800, 4809)",[[-1.]],-15.110217672575244,0.5299709919522488,0.5
"(4801, 4810)",[[-1.]],-12.128550936534126,4.118860290924658,0.5
"(4802, 4811)",[[-1.]],-14.734031052535997,1.362775081725058,0.5
"(4803, 4812)",[[-1.]],-12.619873110562434,3.6971757987181597,0.5
"(4804, 4813)",[[-1.]],-14.356415774059322,1.3137176429561883,0.5
"(4805, 4814)",[[-1.]],-14.422352115790101,1.368165655958979,0.5
"(4806, 4815)",[[-1.]],-13.958291742830712,2.0233009135239985,0.5
"(4807, 4816)",[[-1.]],-14.443416761848216,1.422120039845563,0.5
"(4808, 4817)",[[-1.]],-13.441984708219668,2.3392972422316927,0.5
"(4809, 4818)",[[-1.]],-14.817665040637353,0.9084168348031163,0.5
"(4810, 4819)",[[-1.]],-14.151900830233037,1.7171678292928423,0.5
"(4811, 4820)",[[-1.]],-14.551825478715438,1.347574023963551,0.5
"(4812, 4821)",[[-1.]],-13.515109059664674,1.9288859143526373,0.5
"(4813, 4822)",[[-1.]],-14.161860118678202,0.9777475913351132,0.5
"(4814, 4823)",[[-1.]],-13.764600202835382,1.4471325541080677,0.5
"(4815, 4824)",[[-1.]],-13.830197808367078,1.1719332817418433,0.5
"(4816, 4825)",[[1.]],-12.986369820180116,2.4957036869925986,2.5
"(4817, 4826)",[[1.]],-13.872746426458367,0.7165617969051041,2.5
"(4818, 4827)",[[-1.]],-11.623207818073846,3.336896934204905,0.5
"(4819, 4828)",[[-1.]],-13.645443879170315,1.3482553888531523,0.5
"(4820, 4829)",[[1.]],-7.875141792051848,9.10835135548589,2.5
"(4821, 4830)",[[1.]],-13.561852755548195,1.7517236625192751,2.5
"(4822, 4831)",[[-1.]],-13.177762007661816,2.2293114402442153,0.5
"(4823, 4832)",[[-1.]],-13.957062041726983,1.5018095847706796,0.5
"(4824, 4833)",[[1.]],-7.6570624611857925,9.581764111039828,2.5
"(4825, 4834)",[[1.]],-14.174254027021846,1.5387593805439739,2.5
"(4826, 4835)",[[1.]],-13.711947676789627,2.7591326812221784,2.5
"(4827, 4836)",[[1.]],-15.077711629082293,1.0602954353951217,2.5
"(4828, 4837)",[[-1.]],-14.227878176921136,2.3205522385764645,0.5
"(4829, 4838)",[[-1.]],-15.055351671989571,1.1145038548698771,0.5
"(4830, 4839)",[[1.]],-14.488205461233415,1.5535437273063,2.5
"(4831, 4840)",[[1.]],-14.535773270956216,1.5012082372171074,2.5
"(4832, 4841)",[[1.]],-14.28853423901044,2.263271206325677,2.5
"(4833, 4842)",[[-1.]],-14.57778604312983,1.9447080921547686,0.5
"(4834, 4843)",[[-1.]],-14.253767490735333,2.2050307800403424,0.5
"(4835, 4844)",[[-1.]],-14.125125374599154,2.0889111224850874,0.5
"(4836, 4845)",[[-1.]],-11.004714198735497,4.817004097087207,0.5
"(4837, 4846)",[[-1.]],-12.705413854607942,2.60251480940204,0.5
"(4838, 4847)",[[-1.]],-13.823669134153274,0.9875645633695012,0.5
"(4839, 4848)",[[-1.]],-12.965921042977874,2.2797763758077174,0.5
"(4840, 4849)",[[-1.]],-14.065487955507397,0.9791133158469396,0.5
"(4841, 4850)",[[-1.]],-13.006873699329791,2.323211106366113,0.5
"(4842, 4851)",[[-1.]],-13.268474863657662,0.9988419429848037,0.5
"(4843, 4852)",[[-1.]],-13.706214981816503,0.5365598607605921,0.5
"(4844, 4853)",[[-1.]],-13.545694410221579,0.6743860285231627,0.5
"(4845, 4854)",[[1.]],-14.972934507941467,2.3010925593388736,2.5
"(4846, 4855)",[[-1.]],-15.956811406965997,1.1112478888743471,0.5
"(4847, 4856)",[[-1.]],-16.025684020860197,0.9535450926432354,0.5
"(4848, 4857)",[[-1.]],-15.699936251333217,1.2231666384005422,0.5
"(4849, 4858)",[[-1.]],-15.813892872537403,0.981940117755352,0.5
"(4850, 4859)",[[-1.]],-15.742261064311693,1.0425692169630736,0.5
"(4851, 4860)",[[-1.]],-15.972484473171654,0.7594612096671547,0.5
"(4852, 4861)",[[-1.]],-15.313500534050135,1.566563613644318,0.5
"(4853, 4862)",[[-1.]],-15.824490649212606,0.8709822400486846,0.5
"(4854, 4863)",[[-1.]],-15.314334593210312,1.5273301189220785,0.5
"(4855, 4864)",[[-1.]],-12.892732444570987,1.5673408014413326,0.5
"(4856, 4865)",[[-1.]],-10.925838485424094,3.712376087714304,0.5
"(4857, 4866)",[[-1.]],-12.540217805186437,1.670290068120842,0.5
"(4858, 4867)",[[-1.]],-12.434932893601363,1.937253361550784,0.5
"(4859, 4868)",[[-1.]],-12.911682096633847,1.4522947138016349,0.5
"(4860, 4869)",[[-1.]],-13.077768800086867,1.2213710291335715,0.5
"(4861, 4870)",[[-1.]],-12.622381492811838,1.1816325188434114,0.5
"(4862, 4871)",[[-1.]],-13.585260702608213,0.89564111960334,0.5
"(4863, 4872)",[[1.]],-10.451528075772329,5.2323137669145225,2.5
"(4864, 4873)",[[-1.]],-13.560013437729184,1.0693357493361084,0.5
"(4865, 4874)",[[-1.]],-12.363412352460262,2.5137404902799183,0.5
"(4866, 4875)",[[1.]],-13.037841240682024,3.0624635121122807,2.5
"(4867, 4876)",[[-1.]],-11.388000323584578,5.11140107445671,0.5
"(4868, 4877)",[[-1.]],-13.432039902152992,2.7463280689127387,0.5
"(4869, 4878)",[[1.]],-12.156484662690826,4.279628984550227,2.5
"(4870, 4879)",[[1.]],-13.368420578812005,3.0887910668837932,2.5
"(4871, 4880)",[[-1.]],-12.86268027049183,3.7439049242445357,0.5
"(4872, 4881)",[[-1.]],-13.687094909678484,2.533626907908186,0.5
"(4873, 4882)",[[-1.]],-14.272995557776511,1.7577183207877898,0.5
"(4874, 4883)",[[1.]],-13.996543223855502,2.2621874323243567,2.5
"(4875, 4884)",[[-1.]],-13.427423370897865,3.1741729448226277,0.5
"(4876, 4885)",[[1.]],-12.559565257290318,3.226020553406446,2.5
"(4877, 4886)",[[-1.]],-13.61246192798326,1.9506502483679427,0.5
"(4878, 4887)",[[-1.]],-12.862846089735045,4.410519592608617,0.5
"(4879, 4888)",[[-1.]],-14.616942508744419,2.214502860274381,0.5
"(4880, 4889)",[[1.]],-10.915673460986504,6.447518017137513,2.5
"(4881, 4890)",[[1.]],-14.391189509809928,2.0607770182038028,2.5
"(4882, 4891)",[[-1.]],-13.214939547867013,3.653657594357563,0.5
"(4883, 4892)",[[-1.]],-14.825814949900495,1.6507516797771267,0.5
"(4884, 4893)",[[-1.]],-14.104939890040802,2.624835619905906,0.5
"(4885, 4894)",[[1.]],-14.495093098696056,2.3447405921933333,2.5
"(4886, 4895)",[[-1.]],-13.250408590430338,4.222730605010819,0.5
"(4887, 4896)",[[1.]],-13.81181220098911,3.4048888702761744,2.5
"(4888, 4897)",[[-1.]],-15.34667046057027,0.41541148898900104,0.5
"(4889, 4898)",[[1.]],-12.788206646059585,3.732601909956154,2.5
"(4890, 4899)",[[-1.]],-9.929080064451616,7.45339493249097,0.5
"(4891, 4900)",[[1.]],-12.218088277699376,5.407102443585047,2.5
"(4892, 4901)",[[-1.]],-11.276745366585308,6.708887130880202,0.5
"(4893, 4902)",[[1.]],-13.595716414655111,4.651587710596917,2.5
"(4894, 4903)",[[-1.]],-12.704781644065047,5.948300863240739,0.5
"(4895, 4904)",[[-1.]],-14.609634871115194,3.194619092981152,0.5
"(4896, 4905)",[[-1.]],-11.92852039823605,6.15521332535172,0.5
"(4897, 4906)",[[1.]],-13.407206991984657,4.300231519953921,2.5
"(4898, 4907)",[[-1.]],-12.373301294187904,5.647425304096007,0.5
"(4899, 4908)",[[-1.]],-14.552243401550978,2.876188774575528,0.5
"(4900, 4909)",[[-1.]],-12.964547390463101,4.722608915444951,0.5
"(4901, 4910)",[[1.]],-13.336530513648274,3.8670079391404037,2.5
"(4902, 4911)",[[-1.]],-10.710285167448557,7.284470900186076,0.5
"(4903, 4912)",[[-1.]],-11.457189485345411,4.76764184935967,0.5
"(4904, 4913)",[[-1.]],-10.022522092505284,5.9313708345050955,0.5
"(4905, 4914)",[[-1.]],-9.047232816102191,7.143253409574211,0.5
"(4906, 4915)",[[-1.]],-10.404254461314181,5.466091384329648,0.5
"(4907, 4916)",[[-1.]],-11.161745959275336,4.54916686962747,0.5
"(4908, 4917)",[[-1.]],-11.518997693406156,4.531603482283991,0.5
"(4909, 4918)",[[-1.]],-12.349274053351678,3.4587004006136617,0.5
"(4910, 4919)",[[-1.]],-12.307580984642065,3.414881930927727,0.5
"(4911, 4920)",[[-1.]],-12.07292719265379,3.0859216612971565,0.5
"(4912, 4921)",[[-1.]],-13.054563796816206,1.5175083424601006,0.5
"(4913, 4922)",[[-1.]],-12.437169393032951,2.3961284374066345,0.5
"(4914, 4923)",[[1.]],-13.885151948703127,1.1060120947792171,2.5
"(4915, 4924)",[[1.]],-13.796966863319051,1.406725003422773,2.5
"(4916, 4925)",[[-1.]],-14.232123668331685,0.7862944655847492,0.5
"(4917, 4926)",[[1.]],-12.516564226172976,3.4917794178485817,2.5
"(4918, 4927)",[[-1.]],-12.45179427815908,3.6619003895022217,0.5
"(4919, 4928)",[[-1.]],-13.068639691836273,2.943821692592328,0.5
"(4920, 4929)",[[1.]],-12.590791565116442,4.007497106234705,2.5
"(4921, 4930)",[[-1.]],-14.240720212570656,2.7390243855530745,0.5
"(4922, 4931)",[[-1.]],-12.82397899795497,4.6317780489251135,0.5
"(4923, 4932)",[[-1.]],-14.191093396917417,2.796904597458429,0.5
"(4924, 4933)",[[1.]],-10.357525224365054,7.379511538380347,2.5
"(4925, 4934)",[[-1.]],-13.605722126537282,3.2171449397078664,0.5
"(4926, 4935)",[[-1.]],-9.636428439597166,8.157106358491102,0.5
"(4927, 4936)",[[-1.]],-12.27966671775666,4.547432501179308,0.5
"(4928, 4937)",[[1.]],-11.281737955213897,5.594416042185566,2.5
"(4929, 4938)",[[-1.]],-12.968344493216726,3.4401388004979605,0.5
"(4930, 4939)",[[1.]],-11.584631345070136,4.523141369995088,2.5
"(4931, 4940)",[[-1.]],-10.676393044063845,3.4044642106673475,0.5
"(4932, 4941)",[[-1.]],-12.442965303818461,1.332963653423846,0.5
"(4933, 4942)",[[-1.]],-11.136945947554025,3.1002410741465827,0.5
"(4934, 4943)",[[-1.]],-12.330679385671118,1.1187907665090435,0.5
"(4935, 4944)",[[-1.]],-10.562972242562246,3.4266572599072234,0.5
"(4936, 4945)",[[-1.]],-12.554508839866454,0.8744880114730815,0.5
"(4937, 4946)",[[-1.]],-10.719728078957626,3.160644244052044,0.5
"(4938, 4947)",[[-1.]],-13.052735706955461,1.7403401111487913,0.5
"(4939, 4948)",[[-1.]],-13.068365986636895,1.7614792288909715,0.5
"(4940, 4949)",[[-1.]],-11.320612847073148,4.104427754987691,0.5
"(4941, 4950)",[[-1.]],-12.697710895118796,2.388045434171257,0.5
"(4942, 4951)",[[-1.]],-11.704957766077506,3.3531929019101483,0.5
"(4943, 4952)",[[-1.]],-13.147160205948923,1.5265138675895233,0.5
"(4944, 4953)",[[-1.]],-11.550764166136444,3.6014635241304056,0.5
"(4945, 4954)",[[-1.]],-13.396667313037701,1.2637000186239682,0.5
"(4946, 4955)",[[-1.]],-12.639046600860427,2.477345285932289,0.5
"(4947, 4956)",[[-1.]],-13.59131685918662,1.3149790894166298,0.5
"(4948, 4957)",[[-1.]],-14.178117633876003,1.6125170049052393,0.5
"(4949, 4958)",[[-1.]],-13.846631836026317,2.1312865556499947,0.5
"(4950, 4959)",[[-1.]],-14.340409538171759,1.5186314900353004,0.5
"(4951, 4960)",[[-1.]],-13.825260574295957,2.1782640706191874,0.5
"(4952, 4961)",[[-1.]],-13.326996562670214,3.0161408135829113,0.5
"(4953, 4962)",[[-1.]],-14.507188191957448,1.6150703197774519,0.5
"(4954, 4963)",[[-1.]],-12.934146789616548,3.5367054823935167,0.5
"(4955, 4964)",[[-1.]],-13.156847473474476,3.8788972111767226,0.5
"(4956, 4965)",[[-1.]],-12.018310594719207,5.480578630023343,0.5
"(4957, 4966)",[[1.]],-13.682431073903036,3.716574243249923,2.5
"(4958, 4967)",[[-1.]],-11.768484217786712,5.208080210825438,0.5
"(4959, 4968)",[[-1.]],-14.855888985886153,1.4881270084300766,0.5
"(4960, 4969)",[[-1.]],-12.689092413990485,4.287654380793823,0.5
"(4961, 4970)",[[-1.]],-15.048205935727022,1.8696965435817567,0.5
"(4962, 4971)",[[1.]],-13.124481513312308,4.2103212515517825,2.5
"(4963, 4972)",[[-1.]],-14.732946600955797,1.9985941002423502,0.5
"(4964, 4973)",[[1.]],-14.447481863733122,3.0277641455103037,2.5
"(4965, 4974)",[[-1.]],-14.4256809203189,2.7062830990327242,0.5
"(4966, 4975)",[[-1.]],-15.151938904329914,1.7287942151130018,0.5
"(4967, 4976)",[[1.]],-14.149173974895433,2.650283754398604,2.5
"(4968, 4977)",[[1.]],-15.070670718133595,1.5284828160939519,2.5
"(4969, 4978)",[[1.]],-14.27128703766742,2.4382108047848288,2.5
"(4970, 4979)",[[1.]],-15.435023368847473,1.2184912426004981,2.5
"(4971, 4980)",[[-1.]],-15.323826020438029,1.091961388686773,0.5
"(4972, 4981)",[[-1.]],-15.677440798451387,0.7785553679831096,0.5
"(4973, 4982)",[[-1.]],-15.403258728459022,1.0204443746615457,0.5
"(4974, 4983)",[[-1.]],-13.893089857756138,0.5577220557064635,0.5
"(4975, 4984)",[[-1.]],-14.217411166752585,0.17026642011909843,0.5
"(4976, 4985)",[[-1.]],-13.639745896165225,0.7784656757176265,0.5
"(4977, 4986)",[[1.]],-14.094301192594177,0.23913383909498975,2.5
"(4978, 4987)",[[-1.]],-13.097586687979373,1.5846229766709552,0.5
"(4979, 4988)",[[1.]],-11.565627178516342,4.014195555317361,2.5
"(4980, 4989)",[[1.]],-11.724190912750162,3.3064170730800146,2.5
"(4981, 4990)",[[-1.]],-9.493148044507333,5.804987134134453,0.5
"(4982, 4991)",[[-1.]],-11.045303214503615,4.692998567604155,0.5
"(4983, 4992)",[[-1.]],-11.033789378350072,4.751541097159462,0.5
"(4984, 4993)",[[1.]],-12.442469306236704,3.8703050103875007,2.5
"(4985, 4994)",[[-1.]],-12.146979879357444,4.278691683760631,0.5
"(4986, 4995)",[[-1.]],-12.780352840901557,3.50462046348985,0.5
"(4987, 4996)",[[-1.]],-12.744412874839403,3.377310997611886,0.5
"(4988, 4997)",[[-1.]],-13.010729354791161,2.8229776430000264,0.5
"(4989, 4998)",[[-1.]],-13.463422690454884,1.9880363952733866,0.5
"(4990, 4999)",[[-1.]],-12.695817753960096,3.007167735174546,0.5
"(4991, 5000)",[[-1.]],-13.794913998332012,1.7731326411782238,0.5
"(4992, 5001)",[[-1.]],-11.903404590512753,3.4316876245362256,0.5
"(4993, 5002)",[[-1.]],-13.757810600932448,1.166097105853332,0.5
"(4994, 5003)",[[-1.]],-10.809707479556687,4.235439056955379,0.5
"(4995, 5004)",[[-1.]],-11.511721755342293,3.4418707717924786,0.5
"(4996, 5005)",[[-1.]],-11.529640443088931,3.408204518638289,0.5
"(4997, 5006)",[[-1.]],-12.977501484108753,1.7268323798820049,0.5
"(4998, 5007)",[[-1.]],-11.416030974233415,3.6634726818692336,0.5
"(4999, 5008)",[[-1.]],-12.977682544743036,1.636556421883892,0.5
"(5000, 5009)",[[-1.]],-11.874390364890736,2.9566088057635262,0.5
"(5001, 5010)",[[-1.]],-11.568429454942075,3.0806744089673543,0.5
"(5002, 5011)",[[-1.]],-12.97967993226546,1.690135208187364,0.5
"(5003, 5012)",[[-1.]],-11.971576197391071,2.90620514266444,0.5
"(5004, 5013)",[[-1.]],-12.607089383629953,1.4014470577949893,0.5
"(5005, 5014)",[[-1.]],-12.376378008236646,1.8919866618915755,0.5
"(5006, 5015)",[[-1.]],-9.598806382890716,5.703036706236077,0.5
"(5007, 5016)",[[-1.]],-9.880745868419929,5.569886129417373,0.5
"(5008, 5017)",[[-1.]],-9.712143252223028,5.7928484572219645,0.5
"(5009, 5018)",[[-1.]],-9.0812293454557,6.512944280750553,0.5
"(5010, 5019)",[[-1.]],-10.313870152886622,5.129524489080794,0.5
"(5011, 5020)",[[-1.]],-10.864656776536055,4.4196523714039095,0.5
"(5012, 5021)",[[-1.]],-11.066909136661513,4.342172517416163,0.5
"(5013, 5022)",[[-1.]],-9.614855486518435,6.6228846252801645,0.5
"(5014, 5023)",[[-1.]],-9.563162148940602,6.733370347855313,0.5
"(5015, 5024)",[[-1.]],-10.404908779263287,5.53502075390222,0.5
"(5016, 5025)",[[-1.]],-10.607553360899352,5.029571360310811,0.5
"(5017, 5026)",[[-1.]],-10.845717785469212,4.444246033240503,0.5
"(5018, 5027)",[[-1.]],-14.297046910383425,2.762749560123744,0.5
"(5019, 5028)",[[1.]],-12.444240218880381,5.280492131306913,2.5
"(5020, 5029)",[[-1.]],-12.968769858607327,4.83807019680474,0.5
"(5021, 5030)",[[0.99969757]],-11.50166035716498,6.603580706925564,2.4996975660324097
"(5022, 5031)",[[-1.]],-13.518597250936363,4.159301218075374,0.5
"(5023, 5032)",[[1.]],-12.309802320650654,5.903999953845343,2.5
"(5024, 5033)",[[-1.]],-12.97148592148876,4.951941272121198,0.5
"(5025, 5034)",[[1.]],-11.927047170128164,6.251022784423731,2.5
"(5026, 5035)",[[1.]],-12.744953367345946,5.19431682379106,2.5
"(5027, 5036)",[[1.]],-12.234353837989111,5.852971252538798,2.5
"(5028, 5037)",[[-1.]],-11.548739865381881,5.805315110240293,0.5
"(5029, 5038)",[[1.]],-11.9178447242304,5.250330402847886,2.5
"(5030, 5039)",[[1.]],-12.03502558023359,4.454506580804781,2.5
"(5031, 5040)",[[1.]],-7.011996010931801,10.876431484599525,2.5
"(5032, 5041)",[[-1.]],-13.296556396938897,2.701886455366873,0.5
"(5033, 5042)",[[-1.]],-10.424537000334954,4.079727483145916,0.5
"(5034, 5043)",[[-1.]],-12.064539603774952,2.0265433836399236,0.5
"(5035, 5044)",[[-1.]],-10.586532483654299,4.026950453526242,0.5
"(5036, 5045)",[[-1.]],-10.521542464310455,4.046844592471643,0.5
"(5037, 5046)",[[-1.]],-12.470006323703563,1.4461288185886154,0.5
"(5038, 5047)",[[-1.]],-10.771570945423758,3.9789929381331337,0.5
"(5039, 5048)",[[-1.]],-10.586926673650884,5.178730473988566,0.5
"(5040, 5049)",[[-1.]],-11.766264008025356,3.687497967538363,0.5
"(5041, 5050)",[[-1.]],-10.49066349573543,5.457928415047878,0.5
"(5042, 5051)",[[-1.]],-12.182830499469198,3.3912960617729855,0.5
"(5043, 5052)",[[-1.]],-12.05777651770537,3.257062096511463,0.5
"(5044, 5053)",[[-1.]],-12.150860901481686,3.1455840544652496,0.5
"(5045, 5054)",[[-1.]],-12.990257026934545,2.181656452807797,0.5
"(5046, 5055)",[[-0.97075975]],-13.17326334684517,2.2796477702265605,0.5292402505874634
"(5047, 5056)",[[-1.]],-11.586151259457287,4.285669234743381,0.5
"(5048, 5057)",[[-1.]],-14.426981555947908,0.9178538828118121,0.5
"(5049, 5058)",[[1.]],-14.207356612455662,3.4094482451360673,2.5
"(5050, 5059)",[[-1.]],-15.567114294354264,1.6986400339213663,0.5
"(5051, 5060)",[[-1.]],-15.209966752400351,2.114342995606025,0.5
"(5052, 5061)",[[-1.]],-15.066671271027511,2.2671855468757585,0.5
"(5053, 5062)",[[1.]],-11.51293129326282,6.708169703663401,2.5
"(5054, 5063)",[[-1.]],-14.862446788903965,2.5525101079339905,0.5
"(5055, 5064)",[[-1.]],-15.933626522938825,1.3218813032722903,0.5
"(5056, 5065)",[[-1.]],-14.922324775860174,2.582650236402781,0.5
"(5057, 5066)",[[-1.]],-16.002135490362132,1.2000212084020063,0.5
"(5058, 5067)",[[-1.]],-16.006711879762506,1.0056325121974634,0.5
"(5059, 5068)",[[-1.]],-13.870464555028578,1.3300712972393391,0.5
"(5060, 5069)",[[-1.]],-13.659221136117706,1.5290968603860549,0.5
"(5061, 5070)",[[-1.]],-13.738486861327639,1.5493729285674966,0.5
"(5062, 5071)",[[-1.]],-13.747213379444323,1.5052915001002063,0.5
"(5063, 5072)",[[-1.]],-13.405778379751862,1.8586925559319063,0.5
"(5064, 5073)",[[-1.]],-12.632677265079206,2.747725437540538,0.5
"(5065, 5074)",[[-1.]],-12.983218238204744,2.179345118439418,0.5
"(5066, 5075)",[[1.]],-10.919917526077736,5.06499984385254,2.5
"(5067, 5076)",[[1.]],-12.494540301507586,2.548384178607037,2.5
"(5068, 5077)",[[-1.]],-9.771206278142904,6.20253816046055,0.5
"(5069, 5078)",[[-1.]],-14.3191619360351,0.5704671131713468,0.5
"(5070, 5079)",[[1.]],-10.257088176873257,5.663781514128271,2.5
"(5071, 5080)",[[1.]],-14.217119232833134,0.6284359263208579,2.5
"(5072, 5081)",[[1.]],-10.676596247540516,5.09399167690742,2.5
"(5073, 5082)",[[-1.]],-14.380321304921969,0.5851068033075641,0.5
"(5074, 5083)",[[-1.]],-13.32247930709877,2.68592228296081,0.5
"(5075, 5084)",[[1.]],-13.805137728594692,1.9347653712586244,2.5
"(5076, 5085)",[[1.]],-13.57851047074808,1.8137141010541118,2.5
"(5077, 5086)",[[-1.]],-13.151280153560618,2.557923099100634,0.5
"(5078, 5087)",[[-1.]],-13.867480002274535,1.6159218379362343,0.5
"(5079, 5088)",[[-1.]],-13.052098534032035,2.5997024180618773,0.5
"(5080, 5089)",[[1.]],-13.718589238168224,1.8838649631576576,2.5
"(5081, 5090)",[[1.]],-14.1958186181455,2.114279206237832,2.5
"(5082, 5091)",[[1.]],-15.309085051777256,0.648832949542979,2.5
"(5083, 5092)",[[-1.]],-14.197119626727652,2.1501473169843335,0.5
"(5084, 5093)",[[-1.]],-15.21867030869099,0.586806825551708,0.5
"(5085, 5094)",[[1.]],-13.996382749687385,2.190336854051729,2.5
"(5086, 5095)",[[1.]],-15.258360827359072,0.6545802914299985,2.5
"(5087, 5096)",[[-1.]],-13.974407377479007,2.256515681113754,0.5
"(5088, 5097)",[[1.]],-14.149872791832735,2.4780050424216196,2.5
"(5089, 5098)",[[-1.]],-13.626233255484339,3.1326382850354824,0.5
"(5090, 5099)",[[-1.]],-14.357523491676298,2.1329402198453087,0.5
"(5091, 5100)",[[-1.]],-12.72569243942355,3.693535300078354,0.5
"(5092, 5101)",[[-1.]],-12.782028202375205,3.531289454063254,0.5
"(5093, 5102)",[[-1.]],-13.537995555196984,2.4773488644797546,0.5
"(5094, 5103)",[[-1.]],-12.898971247662093,3.0401921495984716,0.5
"(5095, 5104)",[[-1.]],-13.999721982666914,1.618806612147342,0.5
"(5096, 5105)",[[-1.]],-13.310539988569074,2.5665652612734107,0.5
"(5097, 5106)",[[-1.]],-14.005117183550185,1.4070281728797855,0.5
"(5098, 5107)",[[-1.]],-12.8243502352545,2.4865711348936905,0.5
"(5099, 5108)",[[-1.]],-13.59387812955968,1.5054284721371811,0.5
"(5100, 5109)",[[-1.]],-14.185748843062749,1.2033410777197755,0.5
"(5101, 5110)",[[-1.]],-14.167284662784246,0.9955480904100167,0.5
"(5102, 5111)",[[-1.]],-14.808055349413703,0.6531097743169081,0.5
"(5103, 5112)",[[-1.]],-14.809627348272315,0.5456965625046006,0.5
"(5104, 5113)",[[-1.]],-14.680752662880357,0.8213910593462277,0.5
"(5105, 5114)",[[-1.]],-14.78574508894139,0.7551850160027005,0.5
"(5106, 5115)",[[-1.]],-14.736365584399955,1.01988997304119,0.5
"(5107, 5116)",[[-1.]],-14.918056025044285,0.9667028661530388,0.5
"(5108, 5117)",[[-1.]],-14.406314225713505,1.3623151741506199,0.5
"(5109, 5118)",[[-1.]],-14.512717641368114,1.1589352255733054,0.5
"(5110, 5119)",[[-1.]],-14.22700523915692,1.0420042379329963,0.5
"(5111, 5120)",[[-1.]],-12.818055256194274,2.624840624488666,0.5
"(5112, 5121)",[[-1.]],-12.930239633938763,1.8142987403549249,0.5
"(5113, 5122)",[[-1.]],-13.430949408339265,1.5730574510906727,0.5
"(5114, 5123)",[[-1.]],-13.154335965496651,1.9780822555836615,0.5
"(5115, 5124)",[[-1.]],-12.673303271420748,2.3580322752421345,0.5
"(5116, 5125)",[[1.]],-13.238224407401301,1.5365334308538756,2.5
"(5117, 5126)",[[-1.]],-14.02749295681298,0.5570340564375549,0.5
"(5118, 5127)",[[-1.]],-13.995112320454139,0.22310404588214894,0.5
"(5119, 5128)",[[1.]],-14.00827558218463,0.5871117881240124,2.5
"(5120, 5129)",[[-1.]],-13.856698410488006,0.7621972830788746,0.5
"(5121, 5130)",[[1.]],-13.609442847103578,1.053830166725925,2.5
"(5122, 5131)",[[-1.]],-13.932334697688491,0.8959162210232634,0.5
"(5123, 5132)",[[1.]],-11.792694523263469,4.935996031235508,2.5
"(5124, 5133)",[[-0.9999988]],-12.70355284209601,3.7215793658476546,0.5000011920928955
"(5125, 5134)",[[-1.]],-13.821626151724072,2.3869108266035877,0.5
"(5126, 5135)",[[1.]],-12.891287678124987,3.629200597489268,2.5
"(5127, 5136)",[[1.]],-12.328429630309534,4.293211724881466,2.5
"(5128, 5137)",[[-1.]],-13.306627420268287,3.2189192227629526,0.5
"(5129, 5138)",[[1.]],-12.496897704153673,4.106459403625185,2.5
"(5130, 5139)",[[-1.]],-12.983709210728167,3.7084167471764875,0.5
"(5131, 5140)",[[-1.]],-14.95301161673834,1.4285162945502368,0.5
"(5132, 5141)",[[-1.]],-14.822741876166063,1.6977293721714668,0.5
"(5133, 5142)",[[1.]],-14.227799752767718,1.441458827913122,2.5
"(5134, 5143)",[[-1.]],-14.45763790142259,1.3007436175182097,0.5
"(5135, 5144)",[[-1.]],-14.187348946831635,1.541766538241676,0.5
"(5136, 5145)",[[-1.]],-14.409277956155083,0.7977821192051557,0.5
"(5137, 5146)",[[-1.]],-13.875836095562315,1.6352755256907,0.5
"(5138, 5147)",[[-1.]],-13.657170302021607,1.5846227479260477,0.5
"(5139, 5148)",[[-1.]],-13.886260477250106,1.311046246559716,0.5
"(5140, 5149)",[[-1.]],-13.703499776332896,1.5421314446246992,0.5
"(5141, 5150)",[[-1.]],-11.614369842198697,3.9681227424241534,0.5
"(5142, 5151)",[[-1.]],-13.53626837681129,1.513708988071535,0.5
"(5143, 5152)",[[1.]],-14.239701703237193,2.6870576178573238,2.5
"(5144, 5153)",[[-1.]],-16.100663716356667,0.7142519138677255,0.5
"(5145, 5154)",[[-1.]],-14.59603391066497,2.5972689070711663,0.5
"(5146, 5155)",[[-1.]],-15.689699784766754,1.0660410690026296,0.5
"(5147, 5156)",[[-1.]],-14.092310450999259,2.9777647838444885,0.5
"(5148, 5157)",[[-1.]],-15.346937328173315,1.4306261512850948,0.5
"(5149, 5158)",[[-1.]],-13.581281603265708,3.699085806867828,0.5
"(5150, 5159)",[[-1.]],-15.367713910056164,1.4336254620967264,0.5
"(5151, 5160)",[[-1.]],-13.991958357014806,3.042675315668488,0.5
"(5152, 5161)",[[-1.]],-15.139702724876376,1.649594215363285,0.5
"(5153, 5162)",[[-1.]],-7.464614001764732,9.838392226588098,0.5
"(5154, 5163)",[[-1.]],-10.372407568481094,5.586050018991767,0.5
"(5155, 5164)",[[-1.]],-10.429442966457946,5.146747996958773,0.5
"(5156, 5165)",[[-1.]],-9.902722103149706,6.10883170819109,0.5
"(5157, 5166)",[[-1.]],-11.765985860850153,3.6875491220472867,0.5
"(5158, 5167)",[[-1.]],-12.213843363542622,3.0351402421245446,0.5
"(5159, 5168)",[[-1.]],-11.958366967829127,2.9637419650913195,0.5
"(5160, 5169)",[[-1.]],-12.437477704224511,3.096565421006339,0.5
"(5161, 5170)",[[-1.]],-11.987423886566052,3.6407767660679085,0.5
"(5162, 5171)",[[-1.]],-11.8711379510951,3.4742649116385884,0.5
"(5163, 5172)",[[-1.]],-13.782412036248179,0.9241698006937398,0.5
"(5164, 5173)",[[-1.]],-12.521951309412302,2.5147884416751687,0.5
"(5165, 5174)",[[-1.]],-13.743360812187639,1.2817793865126106,0.5
"(5166, 5175)",[[-1.]],-12.911772246546981,2.061201142789294,0.5
"(5167, 5176)",[[-1.]],-13.613120684845555,1.2552325377672275,0.5
"(5168, 5177)",[[-1.]],-13.216728387988805,1.3892686199665931,0.5
"(5169, 5178)",[[1.]],-13.377694944805636,1.2277703585234967,2.5
"(5170, 5179)",[[-1.]],-13.133564732997074,0.5809144009345992,0.5
"(5171, 5180)",[[1.]],-13.425014767410769,0.686680846392882,2.5
"(5172, 5181)",[[-1.]],-13.319612756881927,0.713213156794918,0.5
"(5173, 5182)",[[-1.]],-12.855466822965479,1.089309532474914,0.5
"(5174, 5183)",[[-1.]],-12.651836846439046,1.3433547150810625,0.5
"(5175, 5184)",[[1.]],-11.291402992173584,2.9487783087618844,2.5
"(5176, 5185)",[[1.]],-12.902460967032738,1.0172484408608966,2.5
"(5177, 5186)",[[1.]],-12.75858673757137,1.8916898172164345,2.5
"(5178, 5187)",[[-1.]],-13.258363389289682,1.2850498872721712,0.5
"(5179, 5188)",[[-1.]],-12.800495580422963,1.907575517517559,0.5
"(5180, 5189)",[[-1.]],-13.565800096123475,2.1141623857491947,0.5
"(5181, 5190)",[[-1.]],-13.95381351098611,1.5543248240942606,0.5
"(5182, 5191)",[[-1.]],-13.915099336226504,1.739002923834125,0.5
"(5183, 5192)",[[1.]],-13.963401848957865,2.2669157921538012,2.5
"(5184, 5193)",[[-1.]],-14.463805767893659,1.7148084603067009,0.5
"(5185, 5194)",[[-1.]],-13.74379328760237,2.342528546016796,0.5
"(5186, 5195)",[[-1.]],-14.09500672315511,1.9148227761634615,0.5
"(5187, 5196)",[[-1.]],-13.263011726371719,2.660271588267836,0.5
"(5188, 5197)",[[-1.]],-12.919105630741761,3.064058534413471,0.5
"(5189, 5198)",[[1.]],-13.107813353543403,2.7814311534079508,2.5
"(5190, 5199)",[[-1.]],-12.433761456623369,3.008032236416902,0.5
"(5191, 5200)",[[-1.]],-12.365672355900669,3.0357859445540196,0.5
"(5192, 5201)",[[-1.]],-12.697156167082664,2.7022919389323903,0.5
"(5193, 5202)",[[-1.]],-12.662001564514616,1.895487104410261,0.5
"(5194, 5203)",[[-1.]],-13.503603508009668,0.8286767838418605,0.5
"(5195, 5204)",[[-1.]],-12.369347809934442,2.376721677244916,0.5
"(5196, 5205)",[[-1.]],-13.958792529375415,1.0333650370640406,0.5
"(5197, 5206)",[[-1.]],-15.44829610681521,0.3280793369022188,0.5
"(5198, 5207)",[[-1.]],-14.910364747443872,1.0215833604333326,0.5
"(5199, 5208)",[[1.]],-15.516852353381166,0.7118067107851065,2.5
"(5200, 5209)",[[-1.]],-15.370196971926063,0.7845350029888536,0.5
"(5201, 5210)",[[-1.]],-15.535837338683466,0.601046921377927,0.5
"(5202, 5211)",[[-1.]],-15.267006050365069,0.8534836554881711,0.5
"(5203, 5212)",[[-1.]],-15.434723094136558,0.7155176806348287,0.5
"(5204, 5213)",[[-1.]],-14.980559920429135,1.3629754337720748,0.5
"(5205, 5214)",[[-1.]],-15.162533824231145,1.2531405797479849,0.5
"(5206, 5215)",[[-1.]],-14.719553449414516,1.4708134493070464,0.5
"(5207, 5216)",[[-1.]],-11.700919473255713,3.552570145840349,0.5
"(5208, 5217)",[[-1.]],-13.49125404676746,1.308367104645658,0.5
"(5209, 5218)",[[-1.]],-11.851403257597978,2.8118917407771136,0.5
"(5210, 5219)",[[-1.]],-13.691830600470745,0.5274433969881045,0.5
"(5211, 5220)",[[-1.]],-11.538255347264862,3.1629030834681906,0.5
"(5212, 5221)",[[-1.]],-12.884116900987301,1.5531973038181874,0.5
"(5213, 5222)",[[-1.]],-12.797409000766223,1.7819516982817873,0.5
"(5214, 5223)",[[1.]],-12.050106027875502,3.1128786217515128,2.5
"(5215, 5224)",[[-1.]],-11.200768965740076,3.8431272786691153,0.5
"(5216, 5225)",[[-1.]],-11.716695375092243,3.035476095657426,0.5
"(5217, 5226)",[[1.]],-10.15056879465407,5.203783808932222,2.5
"(5218, 5227)",[[-1.]],-10.065868102180717,5.5771823646315575,0.5
"(5219, 5228)",[[-1.]],-11.564047157989036,3.60730362405868,0.5
"(5220, 5229)",[[-1.]],-6.757256410918723,9.596270845271132,0.5
"(5221, 5230)",[[-1.]],-14.074166781416638,0.2827476028731404,0.5
"(5222, 5231)",[[-1.]],-8.759007994009528,6.8171345431364685,0.5
"(5223, 5232)",[[-1.]],-10.66078685899975,4.285384982803389,0.5
"(5224, 5233)",[[-1.]],-11.183031955829414,2.887679821597178,0.5
"(5225, 5234)",[[1.]],-11.60736761746708,2.641210598353247,2.5
"(5226, 5235)",[[1.]],-10.250051287579138,4.3124862461693425,2.5
"(5227, 5236)",[[-1.]],-11.707101656125394,2.086241409673004,0.5
"(5228, 5237)",[[1.]],-9.8857464634189,4.703879921886413,2.5
"(5229, 5238)",[[1.]],-13.133213076448746,0.8862245746314894,2.5
"(5230, 5239)",[[-1.]],-10.974236479530777,3.6997826949071158,0.5
"(5231, 5240)",[[-1.]],-13.149036136996205,0.9527855555501183,0.5
"(5232, 5241)",[[-1.]],-11.552216574842785,3.071911723411155,0.5
"(5233, 5242)",[[1.]],-13.031988309844762,1.3303801077268371,2.5
"(5234, 5243)",[[-1.]],-11.899275686588924,2.7474642978085573,0.5
"(5235, 5244)",[[-1.]],-13.206152942092697,0.7364021176236815,0.5
"(5236, 5245)",[[-1.]],-12.509248510786799,1.9683540188245825,0.5
"(5237, 5246)",[[-1.]],-13.264605815673654,1.1333731411933492,0.5
"(5238, 5247)",[[-1.]],-13.893915815212027,0.6087032690214738,0.5
"(5239, 5248)",[[-1.]],-11.422455650455793,3.3182566641638402,0.5
"(5240, 5249)",[[-1.]],-12.871184450398474,1.3762939429720742,0.5
"(5241, 5250)",[[-1.]],-12.007580861498356,2.3954438886041256,0.5
"(5242, 5251)",[[-1.]],-12.875992947863196,1.1659455009587134,0.5
"(5243, 5252)",[[-1.]],-12.456947917690464,1.928312054599985,0.5
"(5244, 5253)",[[-1.]],-13.82523475621584,0.7994919991713303,0.5
"(5245, 5254)",[[-1.]],-11.416661207183862,3.781056607192946,0.5
"(5246, 5255)",[[-1.]],-13.838833693250475,0.43070198850515595,0.5
"(5247, 5256)",[[-1.]],-12.443772096367033,2.369055247325335,0.5
"(5248, 5257)",[[-1.]],-13.10600647654224,1.0468862783893798,0.5
"(5249, 5258)",[[-1.]],-13.413775511190678,0.9152265805242408,0.5
"(5250, 5259)",[[-1.]],-14.425407643246343,0.5258987672011628,0.5
"(5251, 5260)",[[1.]],-15.657770821223846,0.8519006922549117,2.5
"(5252, 5261)",[[-1.]],-14.848499049685422,2.2600724886780146,0.5
"(5253, 5262)",[[-1.]],-15.56012776108994,1.3581971811673021,0.5
"(5254, 5263)",[[-1.]],-14.570420415010272,2.5885190268753977,0.5
"(5255, 5264)",[[-1.]],-15.621334168491467,1.2696957774804751,0.5
"(5256, 5265)",[[-1.]],-14.797996072330799,2.238700195360014,0.5
"(5257, 5266)",[[-1.]],-15.545377447531969,1.2438074859926953,0.5
"(5258, 5267)",[[-1.]],-13.9272134846275,3.2375019188475243,0.5
"(5259, 5268)",[[-1.]],-15.038007512794886,1.829965473124382,0.5
"(5260, 5269)",[[-1.]],-9.975949837236163,8.283006003636544,0.5
"(5261, 5270)",[[-1.]],-13.654054694145481,2.3709448472428782,0.5
"(5262, 5271)",[[-1.]],-8.828837478080468,6.958395090302304,0.5
"(5263, 5272)",[[1.]],-11.385566823607462,4.071238449641772,2.5
"(5264, 5273)",[[1.]],-12.13545765672173,3.273346168401094,2.5
"(5265, 5274)",[[1.]],-15.121144839281158,1.7987214778209246,2.5
"(5266, 5275)",[[-1.]],-13.420086082607048,4.1979725475629515,0.5
"(5267, 5276)",[[-1.]],-14.919316515600345,2.355369364000028,0.5
"(5268, 5277)",[[-1.]],-14.686929117642993,2.659212617649631,0.5
"(5269, 5278)",[[1.]],-14.930250292842352,2.4207404522235443,2.5
"(5270, 5279)",[[-1.]],-15.14820491690819,2.125376347554276,0.5
"(5271, 5280)",[[1.]],-15.038038065201853,2.290003875384018,2.5
"(5272, 5281)",[[-1.]],-15.557208442122494,2.0691975183994664,0.5
"(5273, 5282)",[[1.]],-16.17254022024684,1.3837165871867505,2.5
"(5274, 5283)",[[-1.]],-16.117787957235098,1.266140622639293,0.5
"(5275, 5284)",[[1.]],-14.918893918568044,1.1079892626587764,2.5
"(5276, 5285)",[[-1.]],-13.491651452140049,2.4606091500804865,0.5
"(5277, 5286)",[[-1.]],-14.862756320129645,0.76102715536706,0.5
"(5278, 5287)",[[-1.]],-13.213739776303568,2.8675769198457353,0.5
"(5279, 5288)",[[1.]],-14.952710088552307,0.7480823391317095,2.5
"(5280, 5289)",[[1.]],-12.978980759186186,3.105476042926526,2.5
"(5281, 5290)",[[1.]],-14.41548134998304,1.7274077017452356,2.5
"(5282, 5291)",[[-1.]],-12.19044678319402,3.507124531215732,0.5
"(5283, 5292)",[[-1.]],-12.799792756658565,2.463224290886437,0.5
"(5284, 5293)",[[-1.]],-12.149232516005634,3.3535519735003607,0.5
"(5285, 5294)",[[1.]],-12.713825090906987,2.6314644314870694,2.5
"(5286, 5295)",[[-1.]],-12.312498932401903,2.965793753213662,0.5
"(5287, 5296)",[[-1.]],-14.0183306487437,1.063406676655891,0.5
"(5288, 5297)",[[-1.]],-10.945207180078524,4.930795742696663,0.5
"(5289, 5298)",[[-1.]],-10.831727550131571,5.104402799161587,0.5
"(5290, 5299)",[[-1.]],-11.49009211842275,4.360388437004916,0.5
"(5291, 5300)",[[-1.]],-12.342178141622815,2.988414081287317,0.5
"(5292, 5301)",[[-1.]],-12.500750571914363,2.864173108186229,0.5
"(5293, 5302)",[[-1.]],-12.458797811814936,2.8787003456443276,0.5
"(5294, 5303)",[[-1.]],-13.083583818590169,2.0529634996895663,0.5
"(5295, 5304)",[[-1.]],-12.126382583378016,3.2672933699041273,0.5
"(5296, 5305)",[[-0.9999963]],-11.67300244890638,4.183421626027883,0.5000036954879761
"(5297, 5306)",[[-1.]],-10.876049220712638,4.915406898293357,0.5
"(5298, 5307)",[[-1.]],-13.00396306047634,2.184104600207853,0.5
"(5299, 5308)",[[-1.]],-14.242770116656924,0.4661999660399747,0.5
"(5300, 5309)",[[-1.]],-13.103225501916027,2.348563362306068,0.5
"(5301, 5310)",[[-1.]],-13.439951735548721,1.754362583164836,0.5
"(5302, 5311)",[[-1.]],-12.300777500380738,3.1720996581646297,0.5
"(5303, 5312)",[[-1.]],-13.343117050450818,1.949483340662475,0.5
"(5304, 5313)",[[-1.]],-12.01340300421302,3.656134607953611,0.5
"(5305, 5314)",[[-1.]],-13.23473228569994,2.189022062077804,0.5
"(5306, 5315)",[[-1.]],-12.661085643966995,2.656362093860654,0.5
"(5307, 5316)",[[-1.]],-13.519654918149698,1.4600240723369353,0.5
"(5308, 5317)",[[-1.]],-12.28368597445184,2.9006495113911903,0.5
"(5309, 5318)",[[-1.]],-13.625608497160487,1.1233330502862984,0.5
"(5310, 5319)",[[-1.]],-13.183394606979343,1.0561743103937609,0.5
"(5311, 5320)",[[-1.]],-12.37676661214219,1.9905577164397812,0.5
"(5312, 5321)",[[-1.]],-12.940265495169102,1.3032359096732087,0.5
"(5313, 5322)",[[-1.]],-13.040711981880415,1.0296830713548566,0.5
"(5314, 5323)",[[-1.]],-13.357115978331622,0.9228490886934786,0.5
"(5315, 5324)",[[-1.]],-13.004305747926495,1.6144427396075827,0.5
"(5316, 5325)",[[-1.]],-13.370758177123111,1.475984285134242,0.5
"(5317, 5326)",[[-1.]],-13.139033388842325,2.135312361965191,0.5
"(5318, 5327)",[[1.]],-10.156426101841731,5.769247582369083,2.5
"(5319, 5328)",[[-1.]],-8.419381296508055,8.083314881667725,0.5
"(5320, 5329)",[[1.]],-8.75716494933937,7.791093792241794,2.5
"(5321, 5330)",[[-1.]],-8.264209413146256,8.369620111188851,0.5
"(5322, 5331)",[[-1.]],-6.795132829422246,10.243077403468087,0.5
"(5323, 5332)",[[-1.]],-8.09841760962787,8.828245608179614,0.5
"(5324, 5333)",[[1.]],-6.255182475134511,10.9457223688607,2.5
"(5325, 5334)",[[-1.]],-6.895649383939418,9.991738032210385,0.5
"(5326, 5335)",[[1.]],-6.923795158682858,9.759493088983527,2.5
"(5327, 5336)",[[1.]],-11.150104143400746,4.291193380766298,2.5
"(5328, 5337)",[[-1.]],-7.625950595236593,8.510308984863956,0.5
"(5329, 5338)",[[-1.]],-12.682988370963413,2.0550808184725025,0.5
"(5330, 5339)",[[-1.]],-9.66087441077883,5.549745912343548,0.5
"(5331, 5340)",[[-1.]],-12.654821715434847,2.069795612933097,0.5
"(5332, 5341)",[[-1.]],-11.096341205434847,4.2176144163413145,0.5
"(5333, 5342)",[[-1.]],-13.249709848083672,1.0787981180051354,0.5
"(5334, 5343)",[[-1.]],-11.974510398088873,2.9663510204129295,0.5
"(5335, 5344)",[[-1.]],-13.75111506256624,0.8812263228537791,0.5
"(5336, 5345)",[[-1.]],-12.316684824557186,3.2044859437763353,0.5
"(5337, 5346)",[[1.]],-8.556688698176616,8.895180017698074,2.5
"(5338, 5347)",[[-1.]],-13.737916033220161,2.3122616025689364,0.5
"(5339, 5348)",[[-1.]],-12.305635030890915,4.147970680640547,0.5
"(5340, 5349)",[[-1.]],-12.695133210429088,3.593969753800268,0.5
"(5341, 5350)",[[-1.]],-9.267771262917094,8.055830718187678,0.5
"(5342, 5351)",[[-1.]],-12.871060616267716,3.5162574374209523,0.5
"(5343, 5352)",[[-1.]],-10.212790375176779,6.792368049919482,0.5
"(5344, 5353)",[[-1.]],-11.593233207216166,5.1021212719643945,0.5
"(5345, 5354)",[[-1.]],-10.552027954161714,6.321306666408244,0.5
"(5346, 5355)",[[-1.]],-13.089934719543603,2.727201503027951,0.5
"(5347, 5356)",[[-1.]],-12.26269417081406,4.406816871366702,0.5
"(5348, 5357)",[[-1.]],-13.389710688450315,2.9784874429093993,0.5
"(5349, 5358)",[[-1.]],-13.460423603866097,2.7809072014466167,0.5
"(5350, 5359)",[[-1.]],-13.705185439093732,2.5554856898425538,0.5
"(5351, 5360)",[[-1.]],-14.401468941937575,1.4248638563447784,0.5
"(5352, 5361)",[[-1.]],-14.254438299025662,1.6621050717847652,0.5
"(5353, 5362)",[[-1.]],-14.588283306790858,1.2967972847638194,0.5
"(5354, 5363)",[[-1.]],-13.43986470848189,2.881482909986744,0.5
"(5355, 5364)",[[-1.]],-14.040928476422653,2.211476593182235,0.5
"(5356, 5365)",[[-1.]],-13.24368599264416,3.334933362782529,0.5
"(5357, 5366)",[[-1.]],-13.59589127610645,1.2731036732340044,0.5
"(5358, 5367)",[[-1.]],-11.838008842023775,3.49936708231861,0.5
"(5359, 5368)",[[-1.]],-13.491452919026209,1.5767173948148425,0.5
"(5360, 5369)",[[-1.]],-13.878884718663032,1.2955418265142775,0.5
"(5361, 5370)",[[-1.]],-14.631024237754724,0.6221063924420847,0.5
"(5362, 5371)",[[-1.]],-13.917342603615415,1.5019445771780973,0.5
"(5363, 5372)",[[1.]],-14.337799557582617,0.9317181211390313,2.5
"(5364, 5373)",[[-1.]],-14.665047811417919,0.45059276853135444,0.5
"(5365, 5374)",[[-1.]],-14.299063761549894,0.8967531800920323,0.5
"(5366, 5375)",[[-1.]],-16.236597257886288,0.40934703685833895,0.5
"(5367, 5376)",[[-1.]],-15.291881006215856,1.3153919616879737,0.5
"(5368, 5377)",[[1.]],-14.687237904920794,2.048458712475396,2.5
"(5369, 5378)",[[1.]],-14.405460472930836,2.7194135334299983,2.5
"(5370, 5379)",[[-1.]],-15.24364907945699,1.6728745729813443,0.5
"(5371, 5380)",[[-1.]],-14.868358061605147,2.132967942990735,0.5
"(5372, 5381)",[[-1.]],-15.52633308558825,1.3632661146538148,0.5
"(5373, 5382)",[[1.]],-14.36303515158374,2.7738691482462725,2.5
"(5374, 5383)",[[1.]],-14.225620953779213,2.7756801615296496,2.5
"(5375, 5384)",[[1.]],-13.932241123457343,3.2280905540525744,2.5
"(5376, 5385)",[[-1.]],-14.406739344810994,1.1387057801617821,0.5
"(5377, 5386)",[[1.]],-12.30686850328179,3.9533161466277953,2.5
"(5378, 5387)",[[1.]],-15.013651246113659,0.6833147900980467,2.5
"(5379, 5388)",[[-1.]],-10.885559830218254,4.604228036749207,0.5
"(5380, 5389)",[[-1.]],-12.362654663437596,2.378166253082602,0.5
"(5381, 5390)",[[-1.]],-10.824528721911939,4.265182564859725,0.5
"(5382, 5391)",[[-1.]],-12.937736381807463,1.8344812186413062,0.5
"(5383, 5392)",[[1.]],-13.481766666706918,2.1745169417823895,2.5
"(5384, 5393)",[[-1.]],-13.504003710703012,2.1248161111438524,0.5
"(5385, 5394)",[[-1.]],-13.260616503387244,2.0640021020589714,0.5
"(5386, 5395)",[[-1.]],-13.305800141004008,2.0678109480020943,0.5
"(5387, 5396)",[[-1.]],-13.192718618335148,2.0177252195913766,0.5
"(5388, 5397)",[[-1.]],-11.503672207797585,4.024609459834057,0.5
"(5389, 5398)",[[-1.]],-14.20238299031351,0.5653230256133686,0.5
"(5390, 5399)",[[-1.]],-11.518788006229197,3.962135531044204,0.5
"(5391, 5400)",[[-1.]],-14.478420640529503,0.4360314227995872,0.5
"(5392, 5401)",[[-1.]],-8.071560963583694,8.575265051045555,0.5
"(5393, 5402)",[[-1.]],-14.03664599766469,0.17778819377361366,0.5
"(5394, 5403)",[[-1.]],-13.017977937715687,1.9136463265473616,0.5
"(5395, 5404)",[[-1.]],-14.579055763534447,0.2721426965728746,0.5
"(5396, 5405)",[[-1.]],-13.642748654095081,1.4310430230810152,0.5
"(5397, 5406)",[[-1.]],-14.536285890369843,0.4129747068471268,0.5
"(5398, 5407)",[[-1.]],-13.759900960436061,1.1990264208828556,0.5
"(5399, 5408)",[[-1.]],-14.284237199058026,0.5272065129644776,0.5
"(5400, 5409)",[[-1.]],-13.466247548704839,1.5904236627479236,0.5
"(5401, 5410)",[[-1.]],-14.246654761998084,0.5363841087397034,0.5
"(5402, 5411)",[[-1.]],-14.574892053851096,1.1989185986291329,0.5
"(5403, 5412)",[[-1.]],-13.910507767546765,1.99017732128112,0.5
"(5404, 5413)",[[-1.]],-14.500749185327482,0.9665313030716689,0.5
"(5405, 5414)",[[-1.]],-13.390911274746948,2.3849480250404085,0.5
"(5406, 5415)",[[-1.]],-12.795058477650324,3.2564409521432616,0.5
"(5407, 5416)",[[-1.]],-12.797976012818378,3.3201213822846274,0.5
"(5408, 5417)",[[-1.]],-13.415674840506735,2.658090374185928,0.5
"(5409, 5418)",[[-1.]],-12.896829990918798,3.344583815799009,0.5
"(5410, 5419)",[[-1.]],-12.95770819058898,3.279585475559239,0.5
"(5411, 5420)",[[-1.]],-13.176717819859817,3.065107736268965,0.5
"(5412, 5421)",[[-1.]],-10.13490258659177,5.373191639130937,0.5
"(5413, 5422)",[[1.]],-11.237402427621765,4.477699891831456,2.5
"(5414, 5423)",[[1.]],-13.946178479796275,1.4140741832084505,2.5
"(5415, 5424)",[[-1.]],-11.579762745971559,4.359194082285011,0.5
"(5416, 5425)",[[-1.]],-14.472262025858344,0.6037947928696639,0.5
"(5417, 5426)",[[-1.]],-15.178013930949314,1.842833831292694,0.5
"(5418, 5427)",[[1.]],-14.693699571232889,2.393393862556449,2.5
"(5419, 5428)",[[1.]],-14.256298016216768,2.9235768440868757,2.5
"(5420, 5429)",[[1.]],-15.632898015900672,1.3870401266470402,2.5
"(5421, 5430)",[[-1.]],-13.196802071939864,4.801897308298717,0.5
"(5422, 5431)",[[1.]],-14.840487097379253,3.127449254279014,2.5
"(5423, 5432)",[[1.]],-13.308391758770082,4.859000280809651,2.5
"(5424, 5433)",[[1.]],-14.127836376575177,3.8107489645005934,2.5
"(5425, 5434)",[[1.]],-13.262847564263206,4.852231221809048,2.5
"(5426, 5435)",[[1.]],-14.316755181596934,3.5960664978686676,2.5
"(5427, 5436)",[[-1.]],-14.361178180433967,2.8951562678861933,0.5
"(5428, 5437)",[[1.]],-12.529940921553735,5.366922597936112,2.5
"(5429, 5438)",[[-1.]],-14.012040223499547,3.2857468773455674,0.5
"(5430, 5439)",[[1.]],-11.01840223728134,6.798158510148915,2.5
"(5431, 5440)",[[-1.]],-14.304735652698326,2.3379680045294036,0.5
"(5432, 5441)",[[1.]],-12.67944831763039,2.449866428095433,2.5
"(5433, 5442)",[[-1.]],-11.66584432820048,4.037150166798185,0.5
"(5434, 5443)",[[-1.]],-13.312879742158197,1.3211068528867855,0.5
"(5435, 5444)",[[-1.]],-14.133484947336935,0.9735390100175483,0.5
"(5436, 5445)",[[-1.]],-14.522839394286166,0.6137788309636054,0.5
"(5437, 5446)",[[1.]],-14.714007846938413,0.905343396340692,2.5
"(5438, 5447)",[[-1.]],-14.01567636324761,1.8781038410604953,0.5
"(5439, 5448)",[[-1.]],-14.778415077831,0.8326268455995436,0.5
"(5440, 5449)",[[-1.]],-13.64699745541109,2.1805724543697718,0.5
"(5441, 5450)",[[-1.]],-14.535143209152887,1.0298317353160993,0.5
"(5442, 5451)",[[-1.]],-14.63235576483838,1.0936898581051828,0.5
"(5443, 5452)",[[-1.]],-13.828388052760143,1.9189010721614714,0.5
"(5444, 5453)",[[-1.]],-13.722848505277012,1.8202754129803544,0.5
"(5445, 5454)",[[-1.]],-11.909387341024923,3.484893877034292,0.5
"(5446, 5455)",[[-1.]],-13.478930131548802,1.655709084554422,0.5
"(5447, 5456)",[[-1.]],-10.669557915437279,4.489447008397505,0.5
"(5448, 5457)",[[1.]],-13.641168494178743,2.3233378917534573,2.5
"(5449, 5458)",[[-1.]],-12.421866027076321,4.024675769728304,0.5
"(5450, 5459)",[[-1.]],-14.013658488460873,1.9486540764377693,0.5
"(5451, 5460)",[[-1.]],-11.902577228788832,4.32405400952244,0.5
"(5452, 5461)",[[-1.]],-13.749703220347513,1.6543212976129311,0.5
"(5453, 5462)",[[-1.]],-12.515460883540133,3.3623636314294796,0.5
"(5454, 5463)",[[-1.]],-11.981489750091589,4.1467024368553425,0.5
"(5455, 5464)",[[-1.]],-12.88043652519627,2.8492386662325995,0.5
"(5456, 5465)",[[-1.]],-14.214015878494317,1.1056042125741659,0.5
"(5457, 5466)",[[-1.]],-14.019433368323488,1.7313464292171155,0.5
"(5458, 5467)",[[-1.]],-11.82021883382222,3.547197800535489,0.5
"(5459, 5468)",[[-1.]],-12.720791994448408,2.555053019594741,0.5
"(5460, 5469)",[[-1.]],-13.484171476147246,2.0547486064810343,0.5
"(5461, 5470)",[[1.]],-12.677866265091938,3.010216888726358,2.5
"(5462, 5471)",[[-1.]],-11.621020610489383,4.270215159974317,0.5
"(5463, 5472)",[[-1.]],-11.923257765158565,3.7408801933814395,0.5
"(5464, 5473)",[[-1.]],-12.835018601203535,2.479900327892704,0.5
"(5465, 5474)",[[-1.]],-13.530506274410076,1.5850677416720345,0.5
"(5466, 5475)",[[-1.]],-13.62208632419562,1.6031337021000986,0.5
"(5467, 5476)",[[1.]],-13.115267622809764,1.748440847366556,2.5
"(5468, 5477)",[[1.]],-13.783917396251187,1.0092483285778897,2.5
"(5469, 5478)",[[-1.]],-13.742754594703586,0.9722690480623619,0.5
"(5470, 5479)",[[-1.]],-13.325307140531562,0.9911925130675527,0.5
"(5471, 5480)",[[-1.]],-13.352616755899746,0.8802364206431506,0.5
"(5472, 5481)",[[-1.]],-14.053625450498169,1.1483882365575564,0.5
"(5473, 5482)",[[1.]],-11.780872412403019,5.23385135655567,2.5
"(5474, 5483)",[[1.]],-14.061245622704568,2.318915189375735,2.5
"(5475, 5484)",[[-1.]],-13.47219958994329,3.130385642870838,0.5
"(5476, 5485)",[[-1.]],-14.211021162550324,2.1774426641463567,0.5
"(5477, 5486)",[[1.]],-11.430597045275928,6.097278489780741,2.5
"(5478, 5487)",[[-1.]],-13.89904768752207,2.9317653380142996,0.5
"(5479, 5488)",[[-1.]],-11.413945351733236,6.067348623425291,0.5
"(5480, 5489)",[[1.]],-14.315089400048508,2.5358764996322574,2.5
"(5481, 5490)",[[1.]],-10.915590419274873,7.050131179124055,2.5
"(5482, 5491)",[[-1.]],-14.226357455419684,2.764207020228916,0.5
"(5483, 5492)",[[1.]],-11.387301919319464,5.553306481066947,2.5
"(5484, 5493)",[[-1.]],-12.522381195602808,4.0956806542781745,0.5
"(5485, 5494)",[[-1.]],-11.973331281438718,4.736402583526861,0.5
"(5486, 5495)",[[-1.]],-12.062382092326557,4.644923321473435,0.5
"(5487, 5496)",[[-1.]],-11.363320997938247,4.339592912498713,0.5
"(5488, 5497)",[[-1.]],-9.880969874716639,6.335261751757374,0.5
"(5489, 5498)",[[1.]],-11.307324183444633,4.99175429061081,2.5
"(5490, 5499)",[[-1.]],-11.949238688859012,3.9689424590895754,0.5
"(5491, 5500)",[[-1.]],-13.536018420778113,1.9219051981561162,0.5
"(5492, 5501)",[[-1.]],-13.8063671368495,1.834916449713866,0.5
"(5493, 5502)",[[-1.]],-14.885100792532395,0.19916988665807622,0.5
"(5494, 5503)",[[-1.]],-14.600594262329414,0.5151297394084295,0.5
"(5495, 5504)",[[-1.]],-14.921664277914388,0.12899509715639823,0.5
"(5496, 5505)",[[-1.]],-14.415790105958127,0.8858484625336462,0.5
"(5497, 5506)",[[-1.]],-15.11060690421363,0.33569576808955226,0.5
"(5498, 5507)",[[-1.]],-13.696418539562426,2.1265384774940763,0.5
"(5499, 5508)",[[-1.]],-13.957140527741355,1.7043852221525508,0.5
"(5500, 5509)",[[-1.]],-13.83214419809094,1.905513575874883,0.5
"(5501, 5510)",[[-1.]],-13.051906063653117,2.9885363316896054,0.5
"(5502, 5511)",[[-1.]],-12.35169494973963,3.394419673802286,0.5
"(5503, 5512)",[[1.]],-11.811086856962797,5.313720925975296,2.5
"(5504, 5513)",[[-1.]],-13.782469219413008,2.9494012561703755,0.5
"(5505, 5514)",[[-1.]],-12.154001242438985,5.037189761310373,0.5
"(5506, 5515)",[[-1.]],-13.349379053765169,3.33587036709625,0.5
"(5507, 5516)",[[1.]],-13.97567087294189,3.3791828143564953,2.5
"(5508, 5517)",[[-1.]],-13.479526420707792,4.1253028602102475,0.5
"(5509, 5518)",[[-1.]],-13.028798805007643,4.7008404890468665,0.5
"(5510, 5519)",[[-1.]],-12.640380212427798,5.4708764619649095,0.5
"(5511, 5520)",[[-1.]],-14.161685693223482,3.617798074358653,0.5
"(5512, 5521)",[[-1.]],-13.314074661805272,4.702038851846105,0.5
"(5513, 5522)",[[1.]],-14.23383874613254,2.8829912967189273,2.5
"(5514, 5523)",[[-1.]],-10.696418388518747,7.424334922623951,0.5
"(5515, 5524)",[[-1.]],-14.489054541463146,2.689203707971206,0.5
"(5516, 5525)",[[-1.]],-10.208751137444446,8.161229200434565,0.5
"(5517, 5526)",[[-1.]],-14.855365377265306,1.71684698782453,0.5
"(5518, 5527)",[[1.]],-11.37711883226372,6.7239543686579655,2.5
"(5519, 5528)",[[1.]],-16.696131795011315,0.39055910236531055,2.5
"(5520, 5529)",[[-1.]],-13.684540855211166,4.0204195168441315,0.5
"(5521, 5530)",[[1.]],-16.55916433130436,0.48587358363677513,2.5
"(5522, 5531)",[[1.]],-14.352780823229727,3.0747685526967974,2.5
"(5523, 5532)",[[1.]],-16.329502166706355,0.6060780386110451,2.5
"(5524, 5533)",[[-1.]],-15.2217668989098,2.134773184504942,0.5
"(5525, 5534)",[[1.]],-16.27164193915414,0.8625843408170102,2.5
"(5526, 5535)",[[-1.]],-15.626689375173166,1.7155178596107001,0.5
"(5527, 5536)",[[1.]],-16.614952112162893,0.7769866384111115,2.5
"(5528, 5537)",[[-1.]],-13.929662611431151,3.35793206806742,0.5
"(5529, 5538)",[[1.]],-12.803433738597121,3.7234213084394785,2.5
"(5530, 5539)",[[1.]],-13.366978444915466,3.0999053295685473,2.5
"(5531, 5540)",[[1.]],-13.393364081784947,2.8526351865254016,2.5
"(5532, 5541)",[[-1.]],-13.819088339635035,2.31561688275713,0.5
"(5533, 5542)",[[1.]],-11.867365683395814,4.995584976431191,2.5
"(5534, 5543)",[[-1.]],-12.324229404999775,4.232568931567923,0.5
"(5535, 5544)",[[1.]],-11.80464383927923,4.766282120329956,2.5
"(5536, 5545)",[[-1.]],-12.938325151430426,3.36957773293811,0.5
"(5537, 5546)",[[-1.]],-12.574998838701621,2.6047792660488387,0.5
"(5538, 5547)",[[-1.]],-12.38570258555678,2.8169606468056223,0.5
"(5539, 5548)",[[-1.]],-13.42993460557788,1.2009165034584104,0.5
"(5540, 5549)",[[-1.]],-8.185168500237681,7.790206453500819,0.5
"(5541, 5550)",[[-1.]],-13.468771736280297,1.113589879677889,0.5
"(5542, 5551)",[[-1.]],-10.387876988572604,4.92890249276825,0.5
"(5543, 5552)",[[-1.]],-12.720431659466804,0.8796370292200812,0.5
"(5544, 5553)",[[-1.]],-12.852407260767682,1.6954566292846849,0.5
"(5545, 5554)",[[1.]],-15.457469681892965,0.988010752209334,2.5
"(5546, 5555)",[[-1.]],-15.752514175120295,0.7930073883737307,0.5
"(5547, 5556)",[[-1.]],-15.52090614942536,0.9948631562516557,0.5
"(5548, 5557)",[[-1.]],-15.7007750833199,0.719829629335873,0.5
"(5549, 5558)",[[-1.]],-15.29694083647604,1.2337098263215935,0.5
"(5550, 5559)",[[-1.]],-15.828620953612127,0.4116208727818176,0.5
"(5551, 5560)",[[-1.]],-14.98291973549737,1.8988380110233205,0.5
"(5552, 5561)",[[-1.]],-15.825529852524824,0.7978871764093327,0.5
"(5553, 5562)",[[-1.]],-15.14966401365312,1.6481309508474205,0.5
"(5554, 5563)",[[-1.]],-15.60901601751247,1.0523257341187033,0.5
"(5555, 5564)",[[-1.]],-12.392118432659027,3.9026395451233196,0.5
"(5556, 5565)",[[-1.]],-14.709232198197093,1.0504410608609849,0.5
"(5557, 5566)",[[-1.]],-14.27320475521764,1.803024602076185,0.5
"(5558, 5567)",[[-1.]],-14.542708866631102,1.3781374453705642,0.5
"(5559, 5568)",[[-1.]],-14.985421941156925,0.8483977526241002,0.5
"(5560, 5569)",[[-1.]],-14.590702425841325,1.509749988154745,0.5
"(5561, 5570)",[[-1.]],-14.72389445749147,0.18693524104386228,0.5
"(5562, 5571)",[[-1.]],-12.668671679895583,2.6976995788283524,0.5
"(5563, 5572)",[[1.]],-14.617318593651872,0.06384141940769084,2.5
"(5564, 5573)",[[-1.]],-11.796431452437345,3.3732070722672987,0.5
"(5565, 5574)",[[-1.]],-14.290811420841175,0.22615980190142082,0.5
"(5566, 5575)",[[-1.]],-11.127097604077466,3.9173782483245567,0.5
"(5567, 5576)",[[1.]],-13.343788445251867,0.3118502863501966,2.5
"(5568, 5577)",[[-1.]],-11.620598793591872,3.0037765702802552,0.5
"(5569, 5578)",[[-1.]],-12.249096813049363,2.1983736680447343,0.5
"(5570, 5579)",[[1.]],-10.257260586054015,4.214836906186374,2.5
"(5571, 5580)",[[1.]],-10.010599348768354,4.134987694884469,2.5
"(5572, 5581)",[[1.]],-11.001817523514317,3.3061499900118534,2.5
"(5573, 5582)",[[1.]],-13.502093432586486,1.5986204108171727,2.5
"(5574, 5583)",[[-1.]],-12.829983424644947,2.44870600099461,0.5
"(5575, 5584)",[[-1.]],-13.91413583187738,1.5341866953463423,0.5
"(5576, 5585)",[[-1.]],-13.061704778301559,2.6713110284812984,0.5
"(5577, 5586)",[[1.]],-13.540563025017935,2.4476676884255486,2.5
"(5578, 5587)",[[-1.]],-13.802948282946593,2.2847998888646934,0.5
"(5579, 5588)",[[-1.]],-14.6188083218367,1.5001301385315813,0.5
"(5580, 5589)",[[-1.]],-13.286917280647014,3.3123613861284245,0.5
"(5581, 5590)",[[1.]],-14.22997966684364,2.1162077992190182,2.5
"(5582, 5591)",[[-1.]],-11.943281623174677,5.012501088539974,0.5
"(5583, 5592)",[[-1.]],-12.756176888763527,3.1114470785027724,0.5
"(5584, 5593)",[[-1.]],-11.452542492656118,4.854001094847135,0.5
"(5585, 5594)",[[-1.]],-14.576962680618008,0.6977500425613901,0.5
"(5586, 5595)",[[-1.]],-9.816429627773926,6.641511588425528,0.5
"(5587, 5596)",[[-1.]],-14.279731956230728,0.35669542891345607,0.5
"(5588, 5597)",[[-1.]],-12.339988829343074,2.8010268627192296,0.5
"(5589, 5598)",[[-1.]],-13.495944830316958,1.085622534363651,0.5
"(5590, 5599)",[[-1.]],-12.093168754223685,2.8727315620826044,0.5
"(5591, 5600)",[[-1.]],-13.265658702800303,1.4538236890900507,0.5
"(5592, 5601)",[[-1.]],-12.351099824276506,2.4869298365330827,0.5
"(5593, 5602)",[[-1.]],-13.901107222288543,1.0514425001742271,0.5
"(5594, 5603)",[[-1.]],-11.91242962643664,3.5457314434827794,0.5
"(5595, 5604)",[[-1.]],-12.93004521326581,2.287824565733205,0.5
"(5596, 5605)",[[-1.]],-12.051370984303697,3.645334084364812,0.5
"(5597, 5606)",[[-1.]],-13.984330332563198,1.5709015449187334,0.5
"(5598, 5607)",[[-1.]],-12.320844667963865,3.140295689254085,0.5
"(5599, 5608)",[[-1.]],-12.800587133110234,2.483722300612664,0.5
"(5600, 5609)",[[-1.]],-10.973612172895857,4.9534241104203005,0.5
"(5601, 5610)",[[-1.]],-14.171821701708282,0.9448768047821563,0.5
"(5602, 5611)",[[-1.]],-11.123010092028352,4.740423312251764,0.5
"(5603, 5612)",[[-1.]],-13.015246049849198,2.3890078664225918,0.5
"(5604, 5613)",[[-1.]],-12.251738407188343,3.126110817338379,0.5
"(5605, 5614)",[[-1.]],-14.117675531397278,1.0254146316317687,0.5
"(5606, 5615)",[[-1.]],-11.67320122997748,3.7440843263378873,0.5
"(5607, 5616)",[[-1.]],-12.567011638245406,1.6478099228956538,0.5
"(5608, 5617)",[[-1.]],-12.653161768428212,2.109696323216145,0.5
"(5609, 5618)",[[-1.]],-12.07937059015869,2.8505053131303697,0.5
"(5610, 5619)",[[-1.]],-11.423765691343005,3.314063645948039,0.5
"(5611, 5620)",[[-1.]],-11.105125142842429,4.649474560707816,0.5
"(5612, 5621)",[[-1.]],-13.523855180448468,1.9850552152606973,0.5
"(5613, 5622)",[[-1.]],-12.58401454162391,2.8842316805423494,0.5
"(5614, 5623)",[[1.]],-13.648834612107162,1.40338406244636,2.5
"(5615, 5624)",[[-1.]],-11.617717837620402,3.754925228646556,0.5
"(5616, 5625)",[[-1.]],-13.921751322147694,0.8596427461164247,0.5
"(5617, 5626)",[[-1.]],-11.660339619980594,3.663171055011272,0.5
"(5618, 5627)",[[1.]],-13.686870624381285,0.9326603126027635,2.5
"(5619, 5628)",[[-1.]],-12.18688902453584,3.2190247043955313,0.5
"(5620, 5629)",[[1.]],-12.9874783880088,1.9879655786199564,2.5
"(5621, 5630)",[[1.]],-12.750811281202346,1.7934111146273004,2.5
"(5622, 5631)",[[-1.]],-11.815397378033332,2.4091546824309695,0.5
"(5623, 5632)",[[-1.]],-13.023758519827942,0.9090726478947531,0.5
"(5624, 5633)",[[1.]],-12.40760767000425,2.126963150776712,2.5
"(5625, 5634)",[[1.]],-12.704397269430126,1.7240189395942913,2.5
"(5626, 5635)",[[-1.]],-12.298709430170941,2.3777211893289945,0.5
"(5627, 5636)",[[-1.]],-12.282522307179798,2.4023828365687905,0.5
"(5628, 5637)",[[-1.]],-12.58471873706121,2.4545787255058684,0.5
"(5629, 5638)",[[-1.]],-12.844073910237169,1.8253397867820773,0.5
"(5630, 5639)",[[-1.]],-16.247705921569718,1.1603284748717382,0.5
"(5631, 5640)",[[1.]],-14.463283775194878,3.4949813422384537,2.5
"(5632, 5641)",[[-1.]],-16.111358123436304,1.3214968711975357,0.5
"(5633, 5642)",[[-1.]],-14.284596049495429,4.419731103349269,0.5
"(5634, 5643)",[[-1.]],-15.661986569160822,2.5443351809789783,0.5
"(5635, 5644)",[[1.]],-14.052236239958313,4.643774526227944,2.5
"(5636, 5645)",[[-1.]],-16.372799734094144,1.6865965027456007,0.5
"(5637, 5646)",[[-1.]],-14.247115059661176,4.469682577727848,0.5
"(5638, 5647)",[[-1.]],-16.434971485843175,1.608189690171109,0.5
"(5639, 5648)",[[1.]],-13.625423428065067,5.535379048294908,2.5
"(5640, 5649)",[[-1.]],-14.872023671615816,2.746863589832363,0.5
"(5641, 5650)",[[-1.]],-13.66162550378918,5.12488866574005,0.5
"(5642, 5651)",[[1.]],-14.418461816539606,4.108556842595954,2.5
"(5643, 5652)",[[-1.]],-13.177193655948473,4.647636944278969,0.5
"(5644, 5653)",[[-1.]],-14.834281674588803,2.4470691202987975,0.5
"(5645, 5654)",[[-1.]],-12.291465885913524,5.589890852107554,0.5
"(5646, 5655)",[[-1.]],-16.405621651366697,0.3844658685269975,0.5
"(5647, 5656)",[[1.]],-12.147304720918868,5.487531126946797,2.5
"(5648, 5657)",[[-1.]],-12.89325176013567,4.586087635246036,0.5
"(5649, 5658)",[[-1.]],-15.191197372413606,1.7984111470142121,0.5
"(5650, 5659)",[[-1.]],-15.619303163299485,1.1102029779629703,0.5
"(5651, 5660)",[[-1.]],-13.668960528825718,2.2773605739937466,0.5
"(5652, 5661)",[[-1.]],-12.803309413194883,3.395125662021556,0.5
"(5653, 5662)",[[-1.]],-13.7494939383408,2.2093907113998057,0.5
"(5654, 5663)",[[-1.]],-14.321138027143315,1.5972308285604484,0.5
"(5655, 5664)",[[-1.]],-13.155578964411408,3.1552259151905204,0.5
"(5656, 5665)",[[-1.]],-13.854470777099815,2.35820959450853,0.5
"(5657, 5666)",[[-1.]],-13.278841605613357,3.3130085206586504,0.5
"(5658, 5667)",[[-1.]],-14.251693301494942,2.010501652375101,0.5
"(5659, 5668)",[[-1.]],-6.620773101423399,9.521496809795714,0.5
"(5660, 5669)",[[-1.]],-12.557356512154179,1.9274092697341025,0.5
"(5661, 5670)",[[-1.]],-10.484925170886049,5.0433831553277635,0.5
"(5662, 5671)",[[1.]],-10.900600950264542,4.6311102935702095,2.5
"(5663, 5672)",[[-1.]],-8.068624157331174,8.46756135894017,0.5
"(5664, 5673)",[[-1.]],-10.942935556953449,4.74280476979461,0.5
"(5665, 5674)",[[-1.]],-11.969777957122652,3.7940368000658857,0.5
"(5666, 5675)",[[1.]],-10.236106927167599,5.872132539352847,2.5
"(5667, 5676)",[[1.]],-11.994213211385789,3.588890695366608,2.5
"(5668, 5677)",[[-1.]],-11.112794123195291,4.620897333999455,0.5
"(5669, 5678)",[[-1.]],-12.219541658861736,3.3317378147584087,0.5
"(5670, 5679)",[[1.]],-10.21574302650257,5.860668339378687,2.5
"(5671, 5680)",[[-1.]],-12.794822470923089,2.2939390620929796,0.5
"(5672, 5681)",[[1.]],-12.281349945936865,2.9221574355640847,2.5
"(5673, 5682)",[[1.]],-13.389745205894426,1.0941740142287646,2.5
"(5674, 5683)",[[-1.]],-11.833265532609081,3.0614376499034357,0.5
"(5675, 5684)",[[-1.]],-12.773236157261497,1.1767129509869783,0.5
"(5676, 5685)",[[1.]],-11.738604506842611,2.6383261272881473,2.5
"(5677, 5686)",[[-1.]],-11.215643795222768,3.375538945243772,0.5
"(5678, 5687)",[[-1.]],-10.959756926570874,3.710678165191718,0.5
"(5679, 5688)",[[-1.]],-15.84464158355931,1.5590860709339216,0.5
"(5680, 5689)",[[1.]],-13.178108456156863,5.279146976162945,2.5
"(5681, 5690)",[[-1.]],-16.781074465849606,1.593938202067374,0.5
"(5682, 5691)",[[1.]],-13.443770900553158,5.915779522883984,2.5
"(5683, 5692)",[[-1.]],-16.807468920789777,1.5263211315056904,0.5
"(5684, 5693)",[[1.]],-14.190735653482575,5.090690759412338,2.5
"(5685, 5694)",[[-1.]],-14.596055060417543,4.530116046354418,0.5
"(5686, 5695)",[[1.]],-14.07799286876778,5.108643237442248,2.5
"(5687, 5696)",[[-1.]],-14.716556715247886,4.2980032342308,0.5
"(5688, 5697)",[[1.]],-13.72837779114864,5.523538663702012,2.5
"(5689, 5698)",[[-1.]],-13.252282327024947,5.304026373738431,0.5
"(5690, 5699)",[[1.]],-15.004894908559454,2.8782524300333416,2.5
"(5691, 5700)",[[-1.]],-10.769691225699273,5.934276487715742,0.5
"(5692, 5701)",[[-1.]],-11.075997071005794,5.544958371921894,0.5
"(5693, 5702)",[[-1.]],-8.02708080414151,9.36280651559602,0.5
"(5694, 5703)",[[-1.]],-11.721910375341713,4.242717389882021,0.5
"(5695, 5704)",[[-1.]],-5.343451032670882,12.148677647632267,0.5
"(5696, 5705)",[[-1.]],-12.919777903956755,3.9885338307747844,0.5
"(5697, 5706)",[[-1.]],-11.969612222828081,5.077314157803775,0.5
"(5698, 5707)",[[-1.]],-13.758130899772933,2.7995765812561846,0.5
"(5699, 5708)",[[-1.]],-13.375904334299792,3.295100970208175,0.5
"(5700, 5709)",[[-1.]],-14.003360842728538,2.490083743453278,0.5
"(5701, 5710)",[[-1.]],-14.98704355198399,1.254002078949279,0.5
"(5702, 5711)",[[-1.]],-14.38333442209636,2.073344641449948,0.5
"(5703, 5712)",[[-1.]],-14.86245601330455,1.4418118650977796,0.5
"(5704, 5713)",[[-1.]],-14.691956428327277,1.635072409578342,0.5
"(5705, 5714)",[[-1.]],-15.12291589670534,1.1651581020295563,0.5
"(5706, 5715)",[[-1.]],-12.92973449491421,1.3710554918405222,0.5
"(5707, 5716)",[[-1.]],-13.370073860595568,0.8385871886389218,0.5
"(5708, 5717)",[[-1.]],-12.732219976605336,1.525725195749768,0.5
"(5709, 5718)",[[-1.]],-13.351093160215921,1.2079283399819971,0.5
"(5710, 5719)",[[-1.]],-10.865149874799416,4.278475172223555,0.5
"(5711, 5720)",[[-1.]],-12.391135934443472,2.040089032788913,0.5
"(5712, 5721)",[[-1.]],-12.706960821810869,1.3959940720062889,0.5
"(5713, 5722)",[[-1.]],-13.0737340041398,1.2199855426860253,0.5
"(5714, 5723)",[[-1.]],-12.206877542883136,2.4853658736570274,0.5
"(5715, 5724)",[[-1.]],-12.981195038440447,1.5161422491932939,0.5
"(5716, 5725)",[[1.]],-11.71355655836167,3.222173301000364,2.5
"(5717, 5726)",[[-1.]],-12.833331782693179,2.0143331491516996,0.5
"(5718, 5727)",[[-1.]],-11.32502237659735,3.957145548413063,0.5
"(5719, 5728)",[[1.]],-12.081146369130304,2.9565602280475325,2.5
"(5720, 5729)",[[1.]],-13.122342218438435,1.880895569666622,2.5
"(5721, 5730)",[[-1.]],-12.505793368012377,2.5183941022526497,0.5
"(5722, 5731)",[[0.9693451]],-12.664093649584162,2.29892636325366,2.4693450927734375
"(5723, 5732)",[[1.]],-12.233548702939684,2.6041546814588834,2.5
"(5724, 5733)",[[-1.]],-13.302117626635257,1.2679774489217923,0.5
"(5725, 5734)",[[-1.]],-11.754969644245532,3.1606118072494436,0.5
"(5726, 5735)",[[1.]],-13.445376952962862,0.9304356032275454,2.5
"(5727, 5736)",[[-1.]],-12.323784455815442,2.1407451044499766,0.5
"(5728, 5737)",[[-1.]],-14.15399742682879,1.270520379887623,0.5
"(5729, 5738)",[[-1.]],-13.235327604946407,2.0858628832345527,0.5
"(5730, 5739)",[[1.]],-13.328938015521523,1.6705772883224412,2.5
"(5731, 5740)",[[-1.]],-12.423456556173356,2.9976486229556123,0.5
"(5732, 5741)",[[-1.]],-12.530222411381885,2.860269955732214,0.5
"(5733, 5742)",[[1.]],-11.881280344916833,3.9657799911207494,2.5
"(5734, 5743)",[[-1.]],-12.129866136638295,3.947326164667569,0.5
"(5735, 5744)",[[-1.]],-13.858802651009496,2.0638071460196734,0.5
"(5736, 5745)",[[-1.]],-13.109573117354529,2.9706610249500986,0.5
"(5737, 5746)",[[-1.]],-14.432440844007473,1.4482866618442412,0.5
"(5738, 5747)",[[-1.]],-13.08695847984386,2.537627395946645,0.5
"(5739, 5748)",[[-1.]],-14.216479908704034,1.2388704413630478,0.5
"(5740, 5749)",[[-1.]],-13.703546313042386,1.8466475362559294,0.5
"(5741, 5750)",[[-1.]],-14.734483150238685,0.7141258622342477,0.5
"(5742, 5751)",[[-1.]],-14.230495219951296,1.3552095546025456,0.5
"(5743, 5752)",[[1.]],-14.271357814976321,3.290504880699988,2.5
"(5744, 5753)",[[-1.]],-15.468805573085744,1.6631457685828153,0.5
"(5745, 5754)",[[-1.]],-15.629440011821096,1.2661767635600611,0.5
"(5746, 5755)",[[-1.]],-14.960486283829436,2.0582927130052937,0.5
"(5747, 5756)",[[-1.]],-14.585527815822042,2.4992046617716053,0.5
"(5748, 5757)",[[-1.]],-14.913431206929227,2.164050961734606,0.5
"(5749, 5758)",[[-1.]],-14.358977798295879,2.959179462703032,0.5
"(5750, 5759)",[[-1.]],-12.9947730543814,4.720704927874436,0.5
"(5751, 5760)",[[-1.]],-13.358783341310524,4.124006970074598,0.5
"(5752, 5761)",[[-1.]],-12.473562105940765,5.457523855233916,0.5
"(5753, 5762)",[[-1.]],-11.869404851711229,4.839681364647408,0.5
"(5754, 5763)",[[-1.]],-11.569801000371335,5.206346931586468,0.5
"(5755, 5764)",[[-1.]],-11.83511048046137,4.646209463931818,0.5
"(5756, 5765)",[[-1.]],-11.486218124402914,5.200660948013169,0.5
"(5757, 5766)",[[-1.]],-11.47941019553306,5.450885597185302,0.5
"(5758, 5767)",[[-1.]],-11.126721470351995,5.813782932656322,0.5
"(5759, 5768)",[[-1.]],-12.250870855601098,4.474764660360776,0.5
"(5760, 5769)",[[-1.]],-13.325384441032746,3.0764133976644317,0.5
"(5761, 5770)",[[1.]],-11.602501032726972,5.322743884564563,2.5
"(5762, 5771)",[[-1.]],-14.20701001485981,1.484439803405877,0.5
"(5763, 5772)",[[-1.]],-11.82721392766981,4.485488566723612,0.5
"(5764, 5773)",[[-1.]],-14.518629673880316,1.7333392993871701,0.5
"(5765, 5774)",[[1.]],-12.102745294536955,4.890527123750353,2.5
"(5766, 5775)",[[1.]],-14.4435398343535,1.7421244264668658,2.5
"(5767, 5776)",[[-1.]],-13.182828270274324,3.0994172964634874,0.5
"(5768, 5777)",[[1.]],-13.894196222962682,2.3017780249161923,2.5
"(5769, 5778)",[[-1.]],-11.511584520581499,4.9242208811954775,0.5
"(5770, 5779)",[[1.]],-14.505157870766011,1.4876995606539651,2.5
"(5771, 5780)",[[1.]],-12.071929657064414,4.110492394639008,2.5
"(5772, 5781)",[[1.]],-12.922976177906564,2.904053202370953,2.5
"(5773, 5782)",[[-1.]],-13.042837709732675,3.13509784519651,0.5
"(5774, 5783)",[[-1.]],-13.315769706416965,2.183848728970416,0.5
"(5775, 5784)",[[1.]],-13.181909418320652,2.1962531398947043,2.5
"(5776, 5785)",[[-1.]],-15.078534775073368,2.196064071821036,0.5
"(5777, 5786)",[[-1.]],-15.346580962180767,1.9661105284846414,0.5
"(5778, 5787)",[[-1.]],-15.46107737703911,1.7473482753858232,0.5
"(5779, 5788)",[[-1.]],-15.171275248773853,2.030610600128111,0.5
"(5780, 5789)",[[-1.]],-15.080021372072334,1.902253119235998,0.5
"(5781, 5790)",[[-1.]],-14.687206044924276,2.2968405362869175,0.5
"(5782, 5791)",[[1.]],-13.793238471959786,3.7803973984606136,2.5
"(5783, 5792)",[[1.]],-14.999682429615227,2.1696617875035606,2.5
"(5784, 5793)",[[-1.]],-14.931953927391318,2.231624535544997,0.5
"(5785, 5794)",[[1.]],-15.251182520603898,1.8347903875775007,2.5
"(5786, 5795)",[[-1.]],-14.213543547899295,1.1953725750147406,0.5
"(5787, 5796)",[[-1.]],-14.018696991131126,1.3851358716018343,0.5
"(5788, 5797)",[[-1.]],-12.915815056825414,2.8536792136084017,0.5
"(5789, 5798)",[[-1.]],-13.896685205051883,1.6738721733415272,0.5
"(5790, 5799)",[[-1.]],-12.733614573648815,3.1264994985667194,0.5
"(5791, 5800)",[[-1.]],-14.094383392991762,1.4480885119672688,0.5
"(5792, 5801)",[[-1.]],-11.5846128103132,2.8280370928064507,0.5
"(5793, 5802)",[[-1.]],-13.054550016805512,1.251162418172612,0.5
"(5794, 5803)",[[-1.]],-10.838256758181247,3.649757120887262,0.5
"(5795, 5804)",[[-1.]],-9.765276475281485,4.882009151522244,0.5
"(5796, 5805)",[[-1.]],-11.346575601962087,3.203792215495419,0.5
"(5797, 5806)",[[-1.]],-13.197208872087177,1.0513037601070963,0.5
"(5798, 5807)",[[-1.]],-11.108153029960405,3.380012651949933,0.5
"(5799, 5808)",[[-1.]],-13.828602997296471,0.9070518517473154,0.5
"(5800, 5809)",[[-1.]],-10.318770822273963,5.730120920178635,0.5
"(5801, 5810)",[[-1.]],-13.55138963878752,1.6878898482759936,0.5
"(5802, 5811)",[[1.]],-9.06383159596704,7.947484649137586,2.5
"(5803, 5812)",[[0.92194486]],-15.273434202587907,0.5091027957254557,2.4219448566436768
"(5804, 5813)",[[-1.]],-12.27840843398945,4.538828243474084,0.5
"(5805, 5814)",[[-1.]],-15.010206235285262,1.1552418784397975,0.5
"(5806, 5815)",[[-1.]],-11.42537598208857,6.177101781537505,0.5
"(5807, 5816)",[[-1.]],-15.442647157214495,1.0423539271024396,0.5
"(5808, 5817)",[[-1.]],-11.871119013059626,5.627889445506533,0.5
"(5809, 5818)",[[-1.]],-15.452382094453148,0.9731520368149464,0.5
"(5810, 5819)",[[1.]],-15.12534578857118,2.1999346267349456,2.5
"(5811, 5820)",[[-1.]],-15.22937120113992,2.2040696461500797,0.5
"(5812, 5821)",[[-1.]],-14.753166636447858,2.6841777903930417,0.5
"(5813, 5822)",[[1.]],-13.761397438265899,3.822448505076366,2.5
"(5814, 5823)",[[-1.]],-14.547070068656733,2.825354746735563,0.5
"(5815, 5824)",[[-1.]],-15.727982658029466,1.806119256958823,0.5
"(5816, 5825)",[[1.]],-14.388668799241254,3.348760068861697,2.5
"(5817, 5826)",[[-1.]],-15.550607789712963,1.762249148263761,0.5
"(5818, 5827)",[[-1.]],-14.502848320618574,3.1067783467586043,0.5
"(5819, 5828)",[[-1.]],-13.289879089104938,4.88478283164544,0.5
"(5820, 5829)",[[-1.]],-13.8718965272852,2.9760287944840886,0.5
"(5821, 5830)",[[1.]],-14.45841244152911,2.1257872606724497,2.5
"(5822, 5831)",[[1.]],-13.650744067402218,2.9991809124479776,2.5
"(5823, 5832)",[[-1.]],-14.853887043092742,1.4409519338272467,0.5
"(5824, 5833)",[[-1.]],-15.073063363411242,1.326854544838298,0.5
"(5825, 5834)",[[1.]],-13.607364875412815,2.044943940703117,2.5
"(5826, 5835)",[[1.]],-13.944463457825357,1.4387252236744388,2.5
"(5827, 5836)",[[-1.]],-12.586964563661462,3.220195440799115,0.5
"(5828, 5837)",[[1.]],-14.084754948384068,1.4152947079102756,2.5
"(5829, 5838)",[[-1.]],-11.670340685763561,3.0206127787585952,0.5
"(5830, 5839)",[[1.]],-13.061669631860363,1.5433112212692954,2.5
"(5831, 5840)",[[-1.]],-9.914211480520775,5.578371094494935,0.5
"(5832, 5841)",[[-1.]],-13.236461330148579,1.949844458474459,0.5
"(5833, 5842)",[[-1.]],-11.829008040448176,3.745633118697782,0.5
"(5834, 5843)",[[1.]],-13.458635178525242,1.7484384383167182,2.5
"(5835, 5844)",[[-1.]],-13.799194205406783,1.5824543648274023,0.5
"(5836, 5845)",[[-1.]],-13.620472335308198,1.7090815737682057,0.5
"(5837, 5846)",[[-1.]],-13.59654688329155,1.4157976189968107,0.5
"(5838, 5847)",[[-1.]],-12.319329966333878,3.0548227763534435,0.5
"(5839, 5848)",[[-1.]],-13.635637787379968,1.3259364597592018,0.5
"(5840, 5849)",[[-1.]],-13.319737106893184,1.7383374576384796,0.5
"(5841, 5850)",[[-1.]],-13.884885890858552,0.7443126023133999,0.5
"(5842, 5851)",[[-1.]],-10.663016865552152,4.314653084514909,0.5
"(5843, 5852)",[[-1.]],-13.020158182801795,1.7669505517256923,0.5
"(5844, 5853)",[[-1.]],-9.839434027125256,5.535556231252503,0.5
"(5845, 5854)",[[-1.]],-11.845824823800942,3.111769813882754,0.5
"(5846, 5855)",[[-1.]],-11.353857501712378,3.691034403215834,0.5
"(5847, 5856)",[[-1.]],-12.447758002979254,2.2704230970673756,0.5
"(5848, 5857)",[[-1.]],-11.14564775393878,4.171831604315836,0.5
"(5849, 5858)",[[-1.]],-11.111759964742198,4.605609728764032,0.5
"(5850, 5859)",[[-1.]],-12.143003055007659,3.486064131811869,0.5
"(5851, 5860)",[[-1.]],-11.637973924062905,4.204130144471222,0.5
"(5852, 5861)",[[-1.]],-13.775139612427248,1.3676586159079704,0.5
"(5853, 5862)",[[-1.]],-13.784236662653505,2.2493192966876343,0.5
"(5854, 5863)",[[-1.]],-13.690211661572015,2.3708175264211295,0.5
"(5855, 5864)",[[-1.]],-13.6346528609377,2.384220076062153,0.5
"(5856, 5865)",[[-1.]],-12.261045290866395,4.359145153132934,0.5
"(5857, 5866)",[[-1.]],-14.225111149850202,1.8685804919260303,0.5
"(5858, 5867)",[[-1.]],-13.210563877049381,2.9250327287289295,0.5
"(5859, 5868)",[[-1.]],-14.068102471187878,1.7572113626870518,0.5
"(5860, 5869)",[[-1.]],-12.016188415862704,4.816971733032151,0.5
"(5861, 5870)",[[-1.]],-14.574577258798957,1.6511701997479253,0.5
"(5862, 5871)",[[1.]],-10.783531799422603,6.654543965094295,2.5
"(5863, 5872)",[[-1.]],-14.729383523322207,0.9667500724079936,0.5
"(5864, 5873)",[[-1.]],-11.373576277859204,5.207408605813171,0.5
"(5865, 5874)",[[-1.]],-15.055238985266072,0.6192134064958879,0.5
"(5866, 5875)",[[1.]],-12.188027266753826,3.994890413301933,2.5
"(5867, 5876)",[[1.]],-14.369884551307873,1.306843572961741,2.5
"(5868, 5877)",[[1.]],-14.572792298868725,1.9571759388432977,2.5
"(5869, 5878)",[[-1.]],-14.919616672120217,1.5136710815173426,0.5
"(5870, 5879)",[[-1.]],-14.190068648677936,2.2351809442295636,0.5
"(5871, 5880)",[[1.]],-14.29427328639197,2.049617549963079,2.5
"(5872, 5881)",[[1.]],-14.840369084924918,1.092919194740002,2.5
"(5873, 5882)",[[1.]],-15.20418740464375,1.4192309595952342,2.5
"(5874, 5883)",[[1.]],-15.638287251779683,0.8691966935250903,2.5
"(5875, 5884)",[[-1.]],-15.6570949279238,0.8962818151093073,0.5
"(5876, 5885)",[[1.]],-15.737530725288204,0.9505245328596761,2.5
"(5877, 5886)",[[-1.]],-16.004154795813356,0.5506609948570995,0.5
"(5878, 5887)",[[1.]],-14.785815099145346,1.3301635959292106,2.5
"(5879, 5888)",[[1.]],-15.073881822734961,1.074351563285516,2.5
"(5880, 5889)",[[-1.]],-15.167092376908489,1.0066551269852075,0.5
"(5881, 5890)",[[1.]],-15.549792648067271,0.7658390167060958,2.5
"(5882, 5891)",[[-1.]],-14.533640790812125,1.7541472579761868,0.5
"(5883, 5892)",[[-1.]],-12.770658915974954,1.9417188293820793,0.5
"(5884, 5893)",[[1.]],-13.205886340968718,2.0788090674950332,2.5
"(5885, 5894)",[[-1.]],-12.72457042796495,2.679145932279475,0.5
"(5886, 5895)",[[-1.]],-12.616338167698832,3.3479431199976535,0.5
"(5887, 5896)",[[-1.]],-12.751096298184057,3.326179338955299,0.5
"(5888, 5897)",[[-1.]],-11.862874694063963,4.131968586975923,0.5
"(5889, 5898)",[[-1.]],-12.548202687174594,3.2650791756779167,0.5
"(5890, 5899)",[[-1.]],-11.425561230705023,4.839541083943935,0.5
"(5891, 5900)",[[-1.]],-12.839489948503031,2.8519756418459234,0.5
"(5892, 5901)",[[-1.]],-11.481031036097615,4.523376751720189,0.5
"(5893, 5902)",[[-1.]],-9.987196021493371,6.33213093324089,0.5
"(5894, 5903)",[[-1.]],-9.512883834488747,6.499135860668904,0.5
"(5895, 5904)",[[-1.]],-12.537774176087689,2.648740329533151,0.5
"(5896, 5905)",[[-1.]],-11.740081817584041,3.385451421555006,0.5
"(5897, 5906)",[[-1.]],-13.052451073328529,1.1169967860043855,0.5
"(5898, 5907)",[[-1.]],-12.444988431879516,1.795573164350028,0.5
"(5899, 5908)",[[-1.]],-12.98176295134703,1.3603561745794828,0.5
"(5900, 5909)",[[-1.]],-12.240446376731496,1.7297195822997828,0.5
"(5901, 5910)",[[-1.]],-12.917018169930975,0.9270781728354933,0.5
"(5902, 5911)",[[-1.]],-11.975219952997964,2.343513164500788,0.5
"(5903, 5912)",[[-1.]],-13.081737394594414,1.2148024970334568,0.5
"(5904, 5913)",[[-1.]],-12.76549860405908,1.6292244276120265,0.5
"(5905, 5914)",[[1.]],-14.158642210226759,3.310954853939073,2.5
"(5906, 5915)",[[-1.]],-15.363994619243494,1.6889310854092585,0.5
"(5907, 5916)",[[-1.]],-15.296077083349804,1.7379656735038012,0.5
"(5908, 5917)",[[-1.]],-15.517092921286237,1.498729949035095,0.5
"(5909, 5918)",[[-1.]],-15.30933565682679,1.8192238101136535,0.5
"(5910, 5919)",[[-1.]],-15.613679036057205,1.360922998132338,0.5
"(5911, 5920)",[[-1.]],-15.36500232267897,1.662845236142907,0.5
"(5912, 5921)",[[-1.]],-15.62595621964796,1.2956212019916027,0.5
"(5913, 5922)",[[1.]],-14.505671953822846,2.7961432123816667,2.5
"(5914, 5923)",[[-1.]],-15.530702674892636,1.430202549807726,0.5
"(5915, 5924)",[[-1.]],-11.895627552731053,2.979910119737152,0.5
"(5916, 5925)",[[-1.]],-13.261505265785152,1.4289190036218251,0.5
"(5917, 5926)",[[1.]],-10.738067723301084,4.778558605520857,2.5
"(5918, 5927)",[[-1.]],-11.549387488010543,3.5916674743122705,0.5
"(5919, 5928)",[[-1.]],-11.240602783346334,4.118112062451633,0.5
"(5920, 5929)",[[-1.]],-10.469778721876894,5.121097039984191,0.5
"(5921, 5930)",[[-1.]],-13.780238993775939,3.712676678531583,0.5
"(5922, 5931)",[[-1.]],-14.782570276768634,2.6019501508003966,0.5
"(5923, 5932)",[[-1.]],-14.741999439969115,2.444433624238938,0.5
"(5924, 5933)",[[-1.]],-14.667104284458574,2.4527227410829644,0.5
"(5925, 5934)",[[-1.]],-14.235906664290907,2.978322687784903,0.5
"(5926, 5935)",[[1.]],-14.689579687515488,2.362147328882811,2.5
"(5927, 5936)",[[-1.]],-15.523586337829002,1.1719900341129224,0.5
"(5928, 5937)",[[1.]],-14.70531443557676,2.210091636966606,2.5
"(5929, 5938)",[[-1.]],-15.202099045803688,1.5198520508325197,0.5
"(5930, 5939)",[[1.]],-15.053664826286397,1.6538443054242098,2.5
"(5931, 5940)",[[-1.]],-13.057424507658503,1.4831293269236276,0.5
"(5932, 5941)",[[1.]],-12.406324944216044,2.3071428411779102,2.5
"(5933, 5942)",[[-1.]],-12.3734615521917,2.698612772000935,0.5
"(5934, 5943)",[[-1.]],-12.929758960747446,2.040838293296508,0.5
"(5935, 5944)",[[-1.]],-13.313858212990835,0.9301356059442956,0.5
"(5936, 5945)",[[-1.]],-8.382723741947041,7.395434459715435,0.5
"(5937, 5946)",[[-1.]],-14.21242198474198,0.33123932279379,0.5
"(5938, 5947)",[[-1.]],-12.365073018845948,3.007368090039609,0.5
"(5939, 5948)",[[-1.]],-14.02545548602913,0.6131117385252747,0.5
"(5940, 5949)",[[-1.]],-12.74798018126221,2.272923448213879,0.5
"(5941, 5950)",[[-1.]],-13.76528240390158,0.6787710832152847,0.5
"(5942, 5951)",[[-1.]],-13.078665079564704,1.3969705074815941,0.5
"(5943, 5952)",[[-1.]],-13.074724189463295,1.8301203181884595,0.5
"(5944, 5953)",[[-1.]],-14.1285067781197,0.43916208446665195,0.5
"(5945, 5954)",[[-1.]],-12.561683805806329,2.7576990385580427,0.5
"(5946, 5955)",[[-1.]],-14.019820244454085,0.7805340415109523,0.5
"(5947, 5956)",[[-1.]],-10.09212542801609,5.734871250003305,0.5
"(5948, 5957)",[[-1.]],-11.27305045024201,4.475608139091028,0.5
"(5949, 5958)",[[-1.]],-10.011275561915019,6.107501922259937,0.5
"(5950, 5959)",[[-1.]],-10.89374865478173,4.871257832823975,0.5
"(5951, 5960)",[[-1.]],-10.254710973685112,5.630592823029609,0.5
"(5952, 5961)",[[-1.]],-10.916738294005535,5.2720525446493625,0.5
"(5953, 5962)",[[-1.]],-9.667157719320898,6.418072896055211,0.5
"(5954, 5963)",[[-1.]],-12.104310636362738,3.6512923016307823,0.5
"(5955, 5964)",[[-1.]],-10.641214671817409,5.170130048025321,0.5
"(5956, 5965)",[[-1.]],-12.338918350337423,2.988486253616518,0.5
"(5957, 5966)",[[-1.]],-13.001074574456124,2.1706038878288645,0.5
"(5958, 5967)",[[-1.]],-12.611975587129507,2.809824739764508,0.5
"(5959, 5968)",[[-1.]],-12.710574342048917,2.554439485639488,0.5
"(5960, 5969)",[[-1.]],-12.49837433664199,2.8344011033955674,0.5
"(5961, 5970)",[[-1.]],-12.944943449359204,2.332841558605228,0.5
"(5962, 5971)",[[-1.]],-13.273772766208916,1.5855892227466484,0.5
"(5963, 5972)",[[-1.]],-12.91123131172922,2.41998869365241,0.5
"(5964, 5973)",[[-1.]],-11.74184724282903,3.7715880889055384,0.5
"(5965, 5974)",[[1.]],-9.793027852607583,6.1324873279801295,2.5
"(5966, 5975)",[[-1.]],-6.880794667049702,10.097857285651127,0.5
"(5967, 5976)",[[-1.]],-10.879660481841208,4.888450207294344,0.5
"(5968, 5977)",[[-1.]],-11.146159955803567,4.104265943222842,0.5
"(5969, 5978)",[[-1.]],-10.282408247541285,5.1190441605698815,0.5
"(5970, 5979)",[[-1.]],-11.135098979667776,4.684368900954794,0.5
"(5971, 5980)",[[-1.]],-12.43820608374817,3.05990236300166,0.5
"(5972, 5981)",[[1.]],-11.28286242839012,4.4286633949479715,2.5
"(5973, 5982)",[[1.]],-13.185636181386082,1.7183287887186864,2.5
"(5974, 5983)",[[1.]],-12.224125779441904,2.6230766347386467,2.5
"(5975, 5984)",[[1.]],-13.113096073316397,1.843039279155752,2.5
"(5976, 5985)",[[-1.]],-12.088705641661653,2.800136812389324,0.5
"(5977, 5986)",[[1.]],-12.901512645735203,2.0078734266537435,2.5
"(5978, 5987)",[[1.]],-12.534924827949581,2.469415033286392,2.5
"(5979, 5988)",[[-1.]],-13.012131429878432,2.152879123716099,0.5
"(5980, 5989)",[[1.]],-9.163032951130557,6.541702922048511,2.5
"(5981, 5990)",[[-1.]],-10.876156267876016,4.253952037426387,0.5
"(5982, 5991)",[[-1.]],-10.689431145731563,4.556769344235175,0.5
"(5983, 5992)",[[-1.]],-10.972121879601872,4.422202816314531,0.5
"(5984, 5993)",[[-1.]],-11.031612784258225,4.594153499450842,0.5
"(5985, 5994)",[[-1.]],-7.080761276319182,9.02610515757499,0.5
"(5986, 5995)",[[-1.]],-11.667632264543043,3.234816115253004,0.5
"(5987, 5996)",[[-1.]],-11.3989225247718,3.594603259997836,0.5
"(5988, 5997)",[[-1.]],-12.28768552313226,2.427082156966584,0.5
"(5989, 5998)",[[-1.]],-12.54538488329906,2.5153851980633917,0.5
"(5990, 5999)",[[-1.]],-13.979623883247918,0.843645607037395,0.5
"(5991, 6000)",[[-1.]],-13.091836359412799,1.9582534429457734,0.5
"(5992, 6001)",[[-1.]],-14.324288652632445,0.5175948744212437,0.5
"(5993, 6002)",[[-1.]],-13.54388552123104,1.5326357079394306,0.5
"(5994, 6003)",[[-1.]],-14.378495261608702,0.23057130004523074,0.5
"(5995, 6004)",[[-1.]],-13.922123352077422,0.8417514228201863,0.5
"(5996, 6005)",[[-1.]],-14.238645404806075,0.35943532506695597,0.5
"(5997, 6006)",[[-1.]],-13.238088964604245,1.3945051020515926,0.5
"(5998, 6007)",[[-1.]],-14.216857900257796,0.18225275986164036,0.5
"(5999, 6008)",[[-1.]],-12.590637294673767,1.0010581953645463,0.5
"(6000, 6009)",[[-1.]],-11.570129646461218,2.1387071077216753,0.5
"(6001, 6010)",[[-1.]],-11.191018577792665,2.6503862160551215,0.5
"(6002, 6011)",[[-1.]],-11.361742413457394,2.536809225770053,0.5
"(6003, 6012)",[[1.]],-13.425811377592167,2.341527934203061,2.5
"(6004, 6013)",[[-1.]],-15.10486683012776,0.6666080852989982,0.5
"(6005, 6014)",[[-1.]],-13.47399324818695,2.6221655044385024,0.5
"(6006, 6015)",[[-1.]],-14.816587640794145,0.8367569577562399,0.5
"(6007, 6016)",[[-1.]],-13.413977662211211,2.871703857245233,0.5
"(6008, 6017)",[[-1.]],-14.523481575284494,1.5373528135346515,0.5
"(6009, 6018)",[[-1.]],-13.442306414864559,3.006587578974118,0.5
"(6010, 6019)",[[-1.]],-14.872535908805864,1.071671423954868,0.5
"(6011, 6020)",[[-1.]],-13.921990413530908,2.238384421508126,0.5
"(6012, 6021)",[[-1.]],-14.785234321289408,1.8612882932790633,0.5
"(6013, 6022)",[[-1.]],-12.785564147268408,3.7539635035753864,0.5
"(6014, 6023)",[[1.]],-10.479559908104648,6.799268846421761,2.5
"(6015, 6024)",[[-1.]],-13.542978160466328,2.8527882101191757,0.5
"(6016, 6025)",[[-1.]],-11.338552334717484,5.64512244517265,0.5
"(6017, 6026)",[[-1.]],-14.324114256939984,1.785093001360707,0.5
"(6018, 6027)",[[1.]],-11.535178665507262,5.639335166844438,2.5
"(6019, 6028)",[[1.]],-14.574777204495016,1.8538460742313205,2.5
"(6020, 6029)",[[1.]],-12.814031689945228,4.0556247700806,2.5
"(6021, 6030)",[[1.]],-14.654021456605529,1.828451585280117,2.5
"(6022, 6031)",[[1.]],-12.118442938609546,4.481978462732101,2.5
"(6023, 6032)",[[-1.]],-14.361569035298956,2.0236272176029644,0.5
"(6024, 6033)",[[-1.]],-13.283045503336568,2.583599567639915,0.5
"(6025, 6034)",[[1.]],-14.329322203848191,1.366805646137422,2.5
"(6026, 6035)",[[-1.]],-13.104718625308447,2.9622942640489907,0.5
"(6027, 6036)",[[-1.]],-14.46698824969685,1.3204971661577733,0.5
"(6028, 6037)",[[-1.]],-12.713630733049868,2.4417776532705435,0.5
"(6029, 6038)",[[-1.]],-13.592841199234801,1.4201735490956686,0.5
"(6030, 6039)",[[-1.]],-12.823790963705141,2.5537867952547497,0.5
"(6031, 6040)",[[1.]],-12.049215977750555,3.2759134229854414,2.5
"(6032, 6041)",[[1.]],-12.92814969349732,2.2022987792007456,2.5
"(6033, 6042)",[[-1.]],-12.799811956261362,1.9636435120208322,0.5
"(6034, 6043)",[[-1.]],-13.833706037343768,0.9380730709953653,0.5
"(6035, 6044)",[[-1.]],-13.441645928693164,1.3429971612613585,0.5
"(6036, 6045)",[[-1.]],-14.317475301693461,0.26600253026788323,0.5
"(6037, 6046)",[[-1.]],-14.159227085810164,0.7912010277860801,0.5
"(6038, 6047)",[[-1.]],-14.279075365047383,0.49808948696109745,0.5
"(6039, 6048)",[[-1.]],-14.396679272378607,1.267764684691306,0.5
"(6040, 6049)",[[-1.]],-14.593291476200775,0.8828297023518701,0.5
"(6041, 6050)",[[-1.]],-14.706372279943158,0.8754398208647345,0.5
"(6042, 6051)",[[-1.]],-14.894403998981154,0.6448245363139655,0.5
"(6043, 6052)",[[-1.]],-14.465684912453074,1.3870319963313182,0.5
"(6044, 6053)",[[-1.]],-14.850527725240337,0.8913131799127569,0.5
"(6045, 6054)",[[-1.]],-14.646456194052714,1.2915441668577863,0.5
"(6046, 6055)",[[-1.]],-14.915554118388176,1.051755680832116,0.5
"(6047, 6056)",[[-1.]],-14.540814184319476,1.6672669247489047,0.5
"(6048, 6057)",[[-1.]],-14.436918242929584,1.6239550242044185,0.5
"(6049, 6058)",[[-1.]],-12.760906357705302,2.882257498726073,0.5
"(6050, 6059)",[[-1.]],-13.239268823413648,2.4561783484172306,0.5
"(6051, 6060)",[[-1.]],-14.33786182017455,1.83853471822942,0.5
"(6052, 6061)",[[-1.]],-13.879882900957316,2.5609961869348172,0.5
"(6053, 6062)",[[-1.]],-13.759182848505048,2.4452806603669597,0.5
"(6054, 6063)",[[-1.]],-11.975109788751107,4.613852018284092,0.5
"(6055, 6064)",[[-1.]],-13.99857186607517,2.035089138919659,0.5
"(6056, 6065)",[[1.]],-13.832438189428101,3.9391855652042747,2.5
"(6057, 6066)",[[1.]],-16.93306704901274,0.5955238983011366,2.5
"(6058, 6067)",[[-1.]],-15.951445176351793,1.9331752900556793,0.5
"(6059, 6068)",[[-1.]],-17.08986259514234,0.5063969047498826,0.5
"(6060, 6069)",[[1.]],-15.806834903487019,2.0502180971178365,2.5
"(6061, 6070)",[[-1.]],-16.965944902092133,0.351969168618778,0.5
"(6062, 6071)",[[-1.]],-16.48598611502054,0.9590451978697949,0.5
"(6063, 6072)",[[-1.]],-17.03636568178449,0.24725580587791463,0.5
"(6064, 6073)",[[-1.]],-16.70471887778757,0.7329461329421694,0.5
"(6065, 6074)",[[-1.]],-17.076743756890743,0.2322915262601004,0.5
"(6066, 6075)",[[-1.]],-15.345696325829236,1.0528780277478251,0.5
"(6067, 6076)",[[1.]],-14.148120307593896,0.7402269437312405,2.5
"(6068, 6077)",[[1.]],-13.875252732605691,0.9956423940309982,2.5
"(6069, 6078)",[[-1.]],-13.452410514775945,1.3896694345854925,0.5
"(6070, 6079)",[[-1.]],-13.983094555592853,0.8289207524620963,0.5
"(6071, 6080)",[[-1.]],-13.731637790392373,1.2847327356933356,0.5
"(6072, 6081)",[[-1.]],-14.41109069275469,0.563703732468749,0.5
"(6073, 6082)",[[1.]],-13.351549822737667,2.045797100173301,2.5
"(6074, 6083)",[[-1.]],-14.197204413979113,1.3355182693235452,0.5
"(6075, 6084)",[[-1.]],-13.480026267806084,2.3325133996853022,0.5
"(6076, 6085)",[[1.]],-13.436529796918265,2.307296544850116,2.5
"(6077, 6086)",[[-1.]],-11.370193531256405,4.15053311346043,0.5
"(6078, 6087)",[[-1.]],-13.69390978764506,1.1871500642245412,0.5
"(6079, 6088)",[[1.]],-9.47272165114747,6.4145275601821385,2.5
"(6080, 6089)",[[1.]],-12.492894619006007,2.9549609265192434,2.5
"(6081, 6090)",[[-1.]],-7.599761259903552,8.882842171419256,0.5
"(6082, 6091)",[[-1.]],-12.842850369424339,2.537734881714826,0.5
"(6083, 6092)",[[-1.]],-12.087706681165601,4.652203053096906,0.5
"(6084, 6093)",[[1.]],-10.40005412327814,7.56790429193497,2.5
"(6085, 6094)",[[1.]],-13.990335765608588,3.3358469714108603,2.5
"(6086, 6095)",[[-1.]],-11.474702598388319,6.484070482518458,0.5
"(6087, 6096)",[[1.]],-14.10819195891886,3.000751776183227,2.5
"(6088, 6097)",[[-1.]],-10.845988689797663,7.009156873608139,0.5
"(6089, 6098)",[[-1.]],-15.166700258207014,1.6203155074935145,0.5
"(6090, 6099)",[[1.]],-8.650475063422826,9.65772242929069,2.5
"(6091, 6100)",[[-1.]],-16.06213470979019,0.36215714618281414,0.5
"(6092, 6101)",[[-1.]],-12.026380913070268,5.332035997311283,0.5
"(6093, 6102)",[[-1.]],-15.55967749283576,0.16621476762535714,0.5
"(6094, 6103)",[[-1.]],-10.996898827882346,4.637949100063711,0.5
"(6095, 6104)",[[1.]],-13.953133684303552,3.3461203094712264,2.5
"(6096, 6105)",[[-1.]],-14.307503856614378,2.9090414121931865,0.5
"(6097, 6106)",[[-1.]],-14.407059583411469,2.615948911746118,0.5
"(6098, 6107)",[[-1.]],-13.718536355279232,3.559503215939557,0.5
"(6099, 6108)",[[-1.]],-14.281906195431285,3.02794075991687,0.5
"(6100, 6109)",[[-1.]],-13.48804879793423,3.9640207917704195,0.5
"(6101, 6110)",[[-1.]],-14.274369065283404,2.916309773759078,0.5
"(6102, 6111)",[[-1.]],-13.437135719793075,3.922814679911678,0.5
"(6103, 6112)",[[-1.]],-13.94151246504978,3.220835875217743,0.5
"(6104, 6113)",[[-1.]],-13.449895846277089,3.878223223137528,0.5
"(6105, 6114)",[[-1.]],-10.845237930706572,5.026253761406814,0.5
"(6106, 6115)",[[1.]],-12.272285808468766,3.838780739085056,2.5
"(6107, 6116)",[[-1.]],-13.449500116816466,2.3315170671305907,0.5
"(6108, 6117)",[[-1.]],-13.633413035837007,2.0430342619012762,0.5
"(6109, 6118)",[[-1.]],-13.322667728061996,1.7609957460519752,0.5
"(6110, 6119)",[[-1.]],-13.506279615796148,1.4894842592701139,0.5
"(6111, 6120)",[[-1.]],-13.677482823216486,2.2081288124610516,0.5
"(6112, 6121)",[[-1.]],-14.008450358994729,1.808941785625061,0.5
"(6113, 6122)",[[-1.]],-13.438826992568135,2.453728007715137,0.5
"(6114, 6123)",[[-1.]],-14.64813314124586,0.7624864292992601,0.5
"(6115, 6124)",[[-1.]],-13.012104976074744,3.2711311265256917,0.5
"(6116, 6125)",[[-1.]],-16.18084052754301,0.4092761224346262,0.5
"(6117, 6126)",[[-1.]],-16.122509623599782,0.6915788167993409,0.5
"(6118, 6127)",[[-1.]],-16.486151668098373,0.8888202432223604,0.5
"(6119, 6128)",[[1.]],-15.36829208990518,2.1481604286954834,2.5
"(6120, 6129)",[[-0.99999905]],-16.354352577311396,0.8004279129080487,0.5000009536743164
"(6121, 6130)",[[1.]],-15.893872207637155,1.323977349275565,2.5
"(6122, 6131)",[[-1.]],-16.187652407276545,0.9196989730512595,0.5
"(6123, 6132)",[[1.]],-15.930314132496047,1.2059240231408772,2.5
"(6124, 6133)",[[-1.]],-16.609875105896243,0.7724570856229134,0.5
"(6125, 6134)",[[1.]],-16.097658641890053,1.415733555448731,2.5
"(6126, 6135)",[[1.]],-15.874991885901654,1.174160273876943,2.5
"(6127, 6136)",[[1.]],-15.43947772775813,1.6743991552509794,2.5
"(6128, 6137)",[[-1.]],-16.216072913527686,1.2199041137462086,0.5
"(6129, 6138)",[[-1.]],-16.87377529970162,0.345160497064815,0.5
"(6130, 6139)",[[-1.]],-16.006235424163513,2.067983657065187,0.5
"(6131, 6140)",[[1.]],-16.293680700179117,1.5871850262054283,2.5
"(6132, 6141)",[[-1.]],-15.879969601290579,1.9561838463404686,0.5
"(6133, 6142)",[[-1.]],-16.598098690129714,1.0737950435577364,0.5
"(6134, 6143)",[[-1.]],-16.422244257973805,1.138525548553095,0.5
"(6135, 6144)",[[1.]],-15.855846444865655,1.868079995276252,2.5
"(6136, 6145)",[[1.]],-16.281205085440924,1.7415816764325391,2.5
"(6137, 6146)",[[1.]],-15.989019649792505,2.086113289971558,2.5
"(6138, 6147)",[[-1.]],-15.911245461143048,1.3155112384890826,0.5
"(6139, 6148)",[[1.]],-14.851151799763445,2.788925590048766,2.5
"(6140, 6149)",[[1.]],-14.824464663600647,1.664598854584133,2.5
"(6141, 6150)",[[-1.]],-14.480498688640598,2.0494245131288995,0.5
"(6142, 6151)",[[-1.]],-14.696404873018682,1.749629335934534,0.5
"(6143, 6152)",[[-1.]],-13.098008315681057,3.554324561316186,0.5
"(6144, 6153)",[[-1.]],-13.790450210828357,2.555388160759117,0.5
"(6145, 6154)",[[-1.]],-13.043442518342674,3.5145595174161652,0.5
"(6146, 6155)",[[-1.]],-12.871877607034286,2.676174333849067,0.5
"(6147, 6156)",[[-1.]],-13.576716756841686,1.8047705428139178,0.5
"(6148, 6157)",[[-1.]],-12.691291895101113,2.85037657684558,0.5
"(6149, 6158)",[[-1.]],-14.382677833903818,1.6381018648573935,0.5
"(6150, 6159)",[[-1.]],-12.7344110146371,3.717367362512718,0.5
"(6151, 6160)",[[-1.]],-15.052187173913385,0.7129242758660226,0.5
"(6152, 6161)",[[-1.]],-14.372383085690355,1.5469918677003918,0.5
"(6153, 6162)",[[-1.]],-14.531056642365705,1.3533064065068512,0.5
"(6154, 6163)",[[-1.]],-14.847209819197943,0.9023331576928726,0.5
"(6155, 6164)",[[-1.]],-14.385900471572167,1.5490540044307934,0.5
"(6156, 6165)",[[1.]],-14.056842001270251,2.000861380114639,2.5
"(6157, 6166)",[[-1.]],-13.765338089852289,2.668854593626646,0.5
"(6158, 6167)",[[-1.]],-15.634536587537132,0.5602190801290785,0.5
"(6159, 6168)",[[-1.]],-13.776678389271977,1.5890341573591371,0.5
"(6160, 6169)",[[-1.]],-14.883614799980343,0.18163388040339257,0.5
"(6161, 6170)",[[-1.]],-13.498279356353423,1.854181704067237,0.5
"(6162, 6171)",[[-1.]],-14.377656280208928,0.5761375707110865,0.5
"(6163, 6172)",[[-1.]],-13.51715802370858,1.6365988855763831,0.5
"(6164, 6173)",[[-1.]],-13.958734503447769,1.1949956393849632,0.5
"(6165, 6174)",[[-1.]],-13.494931423605497,1.7636834928422722,0.5
"(6166, 6175)",[[1.]],-13.188446938835195,1.9130468321766578,2.5
"(6167, 6176)",[[1.]],-13.760427882094286,0.9053003320879398,2.5
"(6168, 6177)",[[-1.]],-11.185429047968308,3.2675743961716393,0.5
"(6169, 6178)",[[-1.]],-11.372608417855723,3.157129619753178,0.5
"(6170, 6179)",[[1.]],-9.73614230465186,5.417322936149098,2.5
"(6171, 6180)",[[1.]],-12.155359773452416,2.488546947873907,2.5
"(6172, 6181)",[[-1.]],-9.61357047588064,5.992850537457278,0.5
"(6173, 6182)",[[0.91319275]],-11.446919826991666,3.752018183562523,2.4131927490234375
"(6174, 6183)",[[-1.]],-9.718464319509325,6.236100977778722,0.5
"(6175, 6184)",[[-1.]],-12.740015837804043,2.6606973124638156,0.5
"(6176, 6185)",[[-1.]],-12.09805543035456,3.5562579917499626,0.5
"(6177, 6186)",[[1.]],-12.303574965734095,3.6464604187759875,2.5
"(6178, 6187)",[[-1.]],-12.229448028031468,3.691263724681633,0.5
"(6179, 6188)",[[-1.]],-12.347542113893184,3.73371218170057,0.5
"(6180, 6189)",[[-1.]],-13.751128152643851,1.9971659206136518,0.5
"(6181, 6190)",[[1.]],-12.381537487155967,3.5041523139403274,2.5
"(6182, 6191)",[[1.]],-14.696023028153991,0.975917729236528,2.5
"(6183, 6192)",[[-1.]],-13.158746137718524,2.894983427680083,0.5
"(6184, 6193)",[[-1.]],-14.332244753991073,1.2879384809665844,0.5
"(6185, 6194)",[[-1.]],-10.829152248876705,5.608880766693224,0.5
"(6186, 6195)",[[-1.]],-14.213271098471486,1.3214611055645964,0.5
"(6187, 6196)",[[1.]],-11.7726611976328,5.326439443678582,2.5
"(6188, 6197)",[[-1.]],-14.986901539137477,1.3155030165048789,0.5
"(6189, 6198)",[[-1.]],-14.734031963033488,1.6635329377257309,0.5
"(6190, 6199)",[[-1.]],-14.069036661494918,2.309088347107439,0.5
"(6191, 6200)",[[-1.]],-13.384834786761408,3.1336173859200773,0.5
"(6192, 6201)",[[-1.]],-13.810871070051109,2.2839975467148044,0.5
"(6193, 6202)",[[-1.]],-14.06030194759814,1.8802832926732442,0.5
"(6194, 6203)",[[-1.]],-13.842511837234678,2.133441284028766,0.5
"(6195, 6204)",[[-1.]],-14.184173186956972,1.601376561883196,0.5
"(6196, 6205)",[[-1.]],-13.81984879158801,3.0950450405035728,0.5
"(6197, 6206)",[[-1.]],-16.0716197270205,0.3009373601133163,0.5
"(6198, 6207)",[[-1.]],-15.217989293689422,1.4130225916077936,0.5
"(6199, 6208)",[[-1.]],-15.935901797084782,0.46501968045549624,0.5
"(6200, 6209)",[[-1.]],-15.535207921976747,0.9839842159608452,0.5
"(6201, 6210)",[[-1.]],-16.026808319101256,0.4355195381813104,0.5
"(6202, 6211)",[[-1.]],-16.20900701161866,0.24241521453267012,0.5
"(6203, 6212)",[[-1.]],-16.282547523228473,0.17868245850952036,0.5
"(6204, 6213)",[[-1.]],-16.200351070366374,0.4242606656229899,0.5
"(6205, 6214)",[[-1.]],-16.514262842128716,0.1616080513545377,0.5
"(6206, 6215)",[[-1.]],-15.202918726954865,0.5980191570395714,0.5
"(6207, 6216)",[[-1.]],-13.147482281808696,0.7000276444770854,0.5
"(6208, 6217)",[[-1.]],-10.563659897221466,3.283393270853047,0.5
"(6209, 6218)",[[-1.]],-11.561644315019333,1.7887968867068729,0.5
"(6210, 6219)",[[-1.]],-7.861987859171533,6.923141950928905,0.5
"(6211, 6220)",[[-1.]],-12.617445183275933,1.0264283595202848,0.5
"(6212, 6221)",[[-1.]],-5.9709748018474595,9.50255366100792,0.5
"(6213, 6222)",[[-1.]],-12.30015949885054,1.6184214131412489,0.5
"(6214, 6223)",[[-1.]],-8.752513334115925,6.104028308612154,0.5
"(6215, 6224)",[[-1.]],-9.085305138114457,6.28468985756588,0.5
"(6216, 6225)",[[-1.]],-12.278277646012349,2.5954589666601606,0.5
"(6217, 6226)",[[-1.]],-11.499491684012536,3.675020618164165,0.5
"(6218, 6227)",[[-1.]],-12.566244453028569,2.1831044351085467,0.5
"(6219, 6228)",[[-1.]],-13.248589800189633,1.1351228588172617,0.5
"(6220, 6229)",[[-1.]],-12.895821525508776,1.2486150112784706,0.5
"(6221, 6230)",[[-1.]],-11.799661634957987,2.492014462810438,0.5
"(6222, 6231)",[[-1.]],-13.449124196699191,0.46188060808566433,0.5
"(6223, 6232)",[[1.]],-11.473350310207714,3.2704806864256852,2.5
"(6224, 6233)",[[1.]],-12.999968765815504,1.3897070426740754,2.5
"(6225, 6234)",[[-1.]],-10.832199577072114,3.6617979451973603,0.5
"(6226, 6235)",[[1.]],-9.62030653751522,4.88701643164509,2.5
"(6227, 6236)",[[1.]],-10.994367009473056,4.464325643569859,2.5
"(6228, 6237)",[[-1.]],-9.39333370900603,6.516664199714235,0.5
"(6229, 6238)",[[1.]],-10.750706527141329,5.051941903185451,2.5
"(6230, 6239)",[[1.]],-10.821165764808432,4.933347226116805,2.5
"(6231, 6240)",[[1.]],-10.88252396375212,4.892923391238346,2.5
"(6232, 6241)",[[-1.]],-11.145096232334856,4.740699096844173,0.5
"(6233, 6242)",[[-1.]],-13.042797021316876,2.1691235975410272,0.5
"(6234, 6243)",[[-1.]],-13.045460532090974,2.3145221289197977,0.5
"(6235, 6244)",[[1.]],-12.907941779125972,2.4960951069604818,2.5
"(6236, 6245)",[[-1.]],-13.118594051845562,2.276793229645442,0.5
"(6237, 6246)",[[-1.]],-12.235848819520522,2.251775346876842,0.5
"(6238, 6247)",[[-1.]],-13.44565273096405,0.6774440173512275,0.5
"(6239, 6248)",[[-1.]],-12.700896096884778,1.0926541120242774,0.5
"(6240, 6249)",[[-1.]],-12.72690762370101,0.9441370657625541,0.5
"(6241, 6250)",[[-1.]],-12.72927395578306,1.0670842034746855,0.5
"(6242, 6251)",[[-1.]],-12.01710184266483,1.410435386419259,0.5
"(6243, 6252)",[[-1.]],-11.257435667332334,2.076709490865401,0.5
"(6244, 6253)",[[-1.]],-11.85150918213738,-0.18601373792337839,0.5
"(6245, 6254)",[[-1.]],-14.712649316980695,0.5715205096044063,0.5
"(6246, 6255)",[[-1.]],-12.276221734016021,3.7730841088798357,0.5
"(6247, 6256)",[[-1.]],-13.67784873012822,2.111880482759302,0.5
"(6248, 6257)",[[-1.]],-12.508938789868452,3.610123829943637,0.5
"(6249, 6258)",[[-1.]],-12.972835419844934,3.0879035432450817,0.5
"(6250, 6259)",[[-1.]],-14.48096098598181,1.2274099807421681,0.5
"(6251, 6260)",[[-1.]],-13.780166970867672,2.0882595136804962,0.5
"(6252, 6261)",[[-1.]],-12.707033111166101,3.5205413245635064,0.5
"(6253, 6262)",[[-1.]],-14.111690870535767,1.8588469597039303,0.5
"(6254, 6263)",[[-1.]],-13.899645541956836,2.230060782583182,0.5
"(6255, 6264)",[[-1.]],-13.486198337689618,0.4166950813914525,0.5
"(6256, 6265)",[[-1.]],-11.319179120538813,2.8980558118394626,0.5
"(6257, 6266)",[[-1.]],-10.103095169353523,4.037587963874085,0.5
"(6258, 6267)",[[-1.]],-6.260501600747087,8.593729523283503,0.5
"(6259, 6268)",[[-1.]],-7.076979674947914,7.127017021817679,0.5
"(6260, 6269)",[[-1.]],-6.12467799105111,8.274231688498855,0.5
"(6261, 6270)",[[-1.]],-6.226843128073134,8.288660482925664,0.5
"(6262, 6271)",[[-1.]],-3.494061426671366,11.596129941424465,0.5
"(6263, 6272)",[[-1.]],-7.271275402970685,6.671262871590255,0.5
"(6264, 6273)",[[1.]],-9.999852470534904,4.133189399028282,2.5
"(6265, 6274)",[[-1.]],-9.127621986377038,5.268372596529154,0.5
"(6266, 6275)",[[-1.]],-9.592227470087153,4.664978452394028,0.5
"(6267, 6276)",[[1.]],-13.286373564279588,3.5762468177679807,2.5
"(6268, 6277)",[[-1.]],-14.041733333668068,2.6389926844873752,0.5
"(6269, 6278)",[[-1.]],-14.616101862443717,1.9735242471359893,0.5
"(6270, 6279)",[[-1.]],-15.073408593030411,1.5375862400963225,0.5
"(6271, 6280)",[[1.]],-13.148822145048937,3.9742942285406517,2.5
"(6272, 6281)",[[1.]],-13.906571537254232,3.053204399011955,2.5
"(6273, 6282)",[[-0.999994]],-14.616022910760991,2.206364504412246,0.5000060200691223
"(6274, 6283)",[[1.]],-13.997907333974972,2.9597656181770624,2.5
"(6275, 6284)",[[1.]],-14.222003844722158,2.843411307490328,2.5
"(6276, 6285)",[[-1.]],-16.11128441322653,0.3839067838768724,0.5
"(6277, 6286)",[[-1.]],-8.374419413834268,7.48513236404073,0.5
"(6278, 6287)",[[-1.]],-13.209593499849221,1.675942790868973,0.5
"(6279, 6288)",[[1.]],-10.264558673517367,5.365337472917787,2.5
"(6280, 6289)",[[-1.]],-13.606787889363641,0.8839085633299852,0.5
"(6281, 6290)",[[-1.]],-13.300398589578794,1.1742934402123044,0.5
"(6282, 6291)",[[-1.]],-13.541563851816711,0.8716726381104998,0.5
"(6283, 6292)",[[-1.]],-11.899767465583787,2.9658529582773294,0.5
"(6284, 6293)",[[1.]],-13.359716406464171,1.4269371387822023,2.5
"(6285, 6294)",[[-1.]],-13.174227011195164,3.208412606385286,0.5
"(6286, 6295)",[[-1.]],-14.9086918743301,1.016548859386341,0.5
"(6287, 6296)",[[-1.]],-15.590663185535057,0.47910932958215824,0.5
"(6288, 6297)",[[-1.]],-15.5437635436224,1.0067022829255796,0.5
"(6289, 6298)",[[-1.]],-15.584314883596734,0.9953591875670353,0.5
"(6290, 6299)",[[-1.]],-15.731171416034003,0.8887375931182389,0.5
"(6291, 6300)",[[-1.]],-16.028873749549962,0.6175410598704536,0.5
"(6292, 6301)",[[-1.]],-15.715885576007155,1.0673206103966164,0.5
"(6293, 6302)",[[-1.]],-15.589275599190314,1.3677636054823292,0.5
"(6294, 6303)",[[-1.]],-15.978969192381944,0.9021814458244277,0.5
"(6295, 6304)",[[-1.]],-15.693868454493753,0.49955410547256385,0.5
"(6296, 6305)",[[-1.]],-15.693609234067964,0.381267055159352,0.5
"(6297, 6306)",[[-1.]],-14.070245407591377,1.7124834270586629,0.5
"(6298, 6307)",[[-1.]],-11.211059381538579,3.593292755553229,0.5
"(6299, 6308)",[[-1.]],-11.759768076680086,2.8302307809726734,0.5
"(6300, 6309)",[[-1.]],-11.65352210191998,2.9706803356486873,0.5
"(6301, 6310)",[[-1.]],-13.406835342940457,0.9709129122925475,0.5
"(6302, 6311)",[[-1.]],-11.697067114720923,3.018236417889792,0.5
"(6303, 6312)",[[-1.]],-12.428610835276745,2.602804887390633,0.5
"(6304, 6313)",[[-1.]],-12.210699654457313,3.0608929641371923,0.5
"(6305, 6314)",[[-1.]],-13.244663472819399,1.7518430738281268,0.5
"(6306, 6315)",[[-1.]],-13.887973710415858,0.6668567637406291,0.5
"(6307, 6316)",[[-1.]],-13.955779350901526,1.8527006231518541,0.5
"(6308, 6317)",[[-1.]],-14.225665476150507,1.482103932641678,0.5
"(6309, 6318)",[[-1.]],-14.598810434458239,1.1112448198590918,0.5
"(6310, 6319)",[[-1.]],-13.884755478376718,2.0780630724179296,0.5
"(6311, 6320)",[[-1.]],-14.112987802757427,1.7590350969339532,0.5
"(6312, 6321)",[[-1.]],-14.319795328221547,1.471603065487244,0.5
"(6313, 6322)",[[-1.]],-13.97620394559336,1.5335711248741983,0.5
"(6314, 6323)",[[1.]],-13.677933080203752,2.0731155440943567,2.5
"(6315, 6324)",[[1.]],-14.086288079725941,1.4809538021888855,2.5
"(6316, 6325)",[[1.]],-13.461144249121187,2.2560840073401742,2.5
"(6317, 6326)",[[1.]],-11.843026265046019,2.9450061301969193,2.5
"(6318, 6327)",[[-1.]],-14.050886633057162,0.10603213141548551,0.5
"(6319, 6328)",[[-1.]],-12.079304573660194,2.662193510939588,0.5
"(6320, 6329)",[[1.]],-12.11962953876271,3.031467408553519,2.5
"(6321, 6330)",[[1.]],-13.00596782117995,1.7593544593101687,2.5
"(6322, 6331)",[[-1.]],-10.552227539406559,4.840550109959429,0.5
"(6323, 6332)",[[1.]],-12.531645191254745,3.181034923757414,2.5
"(6324, 6333)",[[1.]],-12.964103137079501,2.6409446958123155,2.5
"(6325, 6334)",[[-1.]],-10.669972688460314,5.875676574965704,0.5
"(6326, 6335)",[[-1.]],-14.366602233587633,1.513773610081671,0.5
"(6327, 6336)",[[-1.]],-11.02136706160827,5.691496741201332,0.5
"(6328, 6337)",[[1.]],-14.208178845095247,1.751905918439567,2.5
"(6329, 6338)",[[-1.]],-11.34547156879074,5.547199075152118,0.5
"(6330, 6339)",[[-1.]],-14.80835703083796,0.7488104213260574,0.5
"(6331, 6340)",[[-1.]],-10.559763667887196,6.229816431295594,0.5
"(6332, 6341)",[[-1.]],-14.968878923255275,0.5728875704295451,0.5
"(6333, 6342)",[[1.]],-10.350483810118666,5.885837157185261,2.5
"(6334, 6343)",[[1.]],-14.417957542645185,0.7209516503470965,2.5
"(6335, 6344)",[[-1.]],-11.905721482666491,3.5613547386773305,0.5
"(6336, 6345)",[[-1.]],-13.494308573197799,1.2836369292603553,0.5
"(6337, 6346)",[[-1.]],-13.585768707119392,1.4020629731710077,0.5
"(6338, 6347)",[[-1.]],-13.587950717104011,1.4196272904434757,0.5
"(6339, 6348)",[[-1.]],-13.899462417359574,0.9787552932961692,0.5
"(6340, 6349)",[[-1.]],-14.291444619623626,0.691953245617352,0.5
"(6341, 6350)",[[-1.]],-13.327011273679837,2.12890715559025,0.5
"(6342, 6351)",[[-1.]],-14.316968033521782,0.8550631238218873,0.5
"(6343, 6352)",[[-1.]],-13.912377521982888,1.0720423864647355,0.5
"(6344, 6353)",[[-1.]],-12.592273781315852,2.413839757470809,0.5
"(6345, 6354)",[[-1.]],-14.733313605092087,1.171131636579755,0.5
"(6346, 6355)",[[-1.]],-13.984081930684136,1.918350235578563,0.5
"(6347, 6356)",[[-1.]],-13.189436691515203,2.767309423990712,0.5
"(6348, 6357)",[[-1.]],-13.187835794565629,2.7725636422949194,0.5
"(6349, 6358)",[[-1.]],-12.729880628128454,3.3822946091979382,0.5
"(6350, 6359)",[[-1.]],-14.29044734128828,1.346093590384422,0.5
"(6351, 6360)",[[-1.]],-14.806406512099162,0.538826091326829,0.5
"(6352, 6361)",[[-1.]],-14.199996190549287,1.3654936867045002,0.5
"(6353, 6362)",[[-1.]],-14.428024396654257,1.4191547931195334,0.5
"(6354, 6363)",[[-1.]],-14.219036773568627,1.7074667094060718,0.5
"(6355, 6364)",[[-1.]],-12.668493874956317,1.8886882184725877,0.5
"(6356, 6365)",[[-1.]],-13.538691565811812,1.0044128389365774,0.5
"(6357, 6366)",[[-1.]],-12.955570487870505,1.7063821282141696,0.5
"(6358, 6367)",[[1.]],-12.857051715622118,3.178623324491486,2.5
"(6359, 6368)",[[-1.]],-13.826346513880564,1.9035035680233836,0.5
"(6360, 6369)",[[-1.]],-14.118917919156306,1.574212412720211,0.5
"(6361, 6370)",[[-1.]],-14.037605320326877,1.6888706075917206,0.5
"(6362, 6371)",[[-1.]],-14.073755052382666,1.6298554796633162,0.5
"(6363, 6372)",[[-1.]],-13.703305193457789,1.902923723504756,0.5
"(6364, 6373)",[[1.]],-13.94370583186982,1.7487506842327267,2.5
"(6365, 6374)",[[-1.]],-13.98278564937835,1.5724645096605343,0.5
"(6366, 6375)",[[-1.]],-14.214656466863161,1.3202687804529738,0.5
"(6367, 6376)",[[-1.]],-14.080591108542382,1.5287022841119828,0.5
"(6368, 6377)",[[1.]],-13.377875416775627,1.117615067867881,2.5
"(6369, 6378)",[[-1.]],-12.1588630240797,2.4627490729233443,0.5
"(6370, 6379)",[[-1.]],-12.799976857115272,1.6767339998941502,0.5
"(6371, 6380)",[[-1.]],-12.089243553610254,2.621069336767558,0.5
"(6372, 6381)",[[-1.]],-12.241437022785112,2.533451439604928,0.5
"(6373, 6382)",[[1.]],-11.745791312994443,3.619481915946549,2.5
"(6374, 6383)",[[1.]],-11.991999006514666,2.9133955414246735,2.5
"(6375, 6384)",[[-1.]],-13.60489833816517,3.382865663300528,0.5
"(6376, 6385)",[[-1.]],-15.344934419177688,1.2278641801854615,0.5
"(6377, 6386)",[[1.]],-12.74137806367952,4.811686401640548,2.5
"(6378, 6387)",[[-1.]],-13.73349500641146,3.5115279564377895,0.5
"(6379, 6388)",[[-1.]],-13.115761721122439,4.359297114983463,0.5
"(6380, 6389)",[[-1.]],-14.12223805100117,3.072587630273807,0.5
"(6381, 6390)",[[1.]],-12.218273724538674,5.478857332323598,2.5
"(6382, 6391)",[[-1.]],-14.319730777252351,2.866792934938661,0.5
"(6383, 6392)",[[-1.]],-14.449828909294204,2.402908197457429,0.5
"(6384, 6393)",[[1.]],-12.921014453688787,4.368962986895967,2.5
"(6385, 6394)",[[-1.]],-12.976605572005836,2.7575680188871043,0.5
"(6386, 6395)",[[-1.]],-12.636494432367524,3.261522007306416,0.5
"(6387, 6396)",[[-1.]],-12.108399453884655,2.3668277152907784,0.5
"(6388, 6397)",[[1.]],-13.107942356383992,1.9661854258159916,2.5
"(6389, 6398)",[[-1.]],-12.400317770780857,2.8399259347064323,0.5
"(6390, 6399)",[[-1.]],-11.891508501608005,3.783684515257205,0.5
"(6391, 6400)",[[-1.]],-11.842965418052746,3.8819738321200425,0.5
"(6392, 6401)",[[-1.]],-13.473994312877966,1.6547503908307988,0.5
"(6393, 6402)",[[-1.]],-11.477763108201268,4.129843774377301,0.5
"(6394, 6403)",[[-1.]],-11.372313561752694,4.374613509555305,0.5
"(6395, 6404)",[[-1.]],-12.47364305197009,3.2137058312795705,0.5
"(6396, 6405)",[[-1.]],-13.340427775050156,2.1379806315758714,0.5
"(6397, 6406)",[[-1.]],-12.682235643446075,3.418278627679417,0.5
"(6398, 6407)",[[-1.]],-13.757473635807113,1.601538918912695,0.5
"(6399, 6408)",[[-1.]],-13.74670601107675,1.649256200514074,0.5
"(6400, 6409)",[[-1.]],-14.329924720981603,0.7715985322640684,0.5
"(6401, 6410)",[[-1.]],-14.706902659773913,0.45457555082761303,0.5
"(6402, 6411)",[[1.]],-15.396697205721502,1.4576419942394878,2.5
"(6403, 6412)",[[-1.]],-15.433782029234425,1.790722697123476,0.5
"(6404, 6413)",[[-1.]],-15.701193902542464,1.3310766124967408,0.5
"(6405, 6414)",[[-1.]],-14.198429502799362,3.164501907930834,0.5
"(6406, 6415)",[[1.]],-14.846500501722938,2.286208683487729,2.5
"(6407, 6416)",[[-1.]],-14.862637928527988,2.013087421821199,0.5
"(6408, 6417)",[[-1.]],-15.776620045754697,0.8452571097082462,0.5
"(6409, 6418)",[[-1.]],-13.657430791877182,3.620866969715811,0.5
"(6410, 6419)",[[1.]],-15.000579895246,1.9490160691288558,2.5
"(6411, 6420)",[[-1.]],-13.371277518473063,4.632310953347625,0.5
"(6412, 6421)",[[1.]],-13.678064089712247,3.315264879187076,2.5
"(6413, 6422)",[[-1.]],-14.571907376679924,1.5431922949506447,0.5
"(6414, 6423)",[[-1.]],-13.02478718173684,3.4127855799109543,0.5
"(6415, 6424)",[[-1.]],-13.267641497344494,3.0998824744233175,0.5
"(6416, 6425)",[[-1.]],-13.565185596233846,2.6858624431804046,0.5
"(6417, 6426)",[[1.]],-13.011719985284609,3.588884646184372,2.5
"(6418, 6427)",[[1.]],-12.928332799909796,3.666350021008954,2.5
"(6419, 6428)",[[-1.]],-13.50264555672864,2.808559720658252,0.5
"(6420, 6429)",[[1.]],-13.678023449921705,2.681798305363845,2.5
"(6421, 6430)",[[-1.]],-11.999147971331029,3.2346896731121255,0.5
"(6422, 6431)",[[-1.]],-14.994938777697373,2.3302541755112385,0.5
"(6423, 6432)",[[-0.6303351]],-15.087693731410361,2.3607149599607933,0.8696649074554443
"(6424, 6433)",[[-1.]],-15.81227183365464,1.2354372792367174,0.5
"(6425, 6434)",[[-1.]],-14.329133276385626,3.1345496404522173,0.5
"(6426, 6435)",[[-1.]],-16.039348924726024,0.9278494649224047,0.5
"(6427, 6436)",[[-1.]],-14.297627015283407,3.0012625485565465,0.5
"(6428, 6437)",[[-1.]],-15.272930927859157,1.7297578526076753,0.5
"(6429, 6438)",[[1.]],-14.165615618584178,3.121839928997293,2.5
"(6430, 6439)",[[1.]],-14.506483485615876,2.574288002121911,2.5
"(6431, 6440)",[[1.]],-13.467853797418023,4.240011459855877,2.5
"(6432, 6441)",[[1.]],-12.694704587420597,3.5041250050069905,2.5
"(6433, 6442)",[[-1.]],-12.65400410602283,3.5478597644106475,0.5
"(6434, 6443)",[[1.]],-12.240270126343455,4.289553922509377,2.5
"(6435, 6444)",[[-1.]],-13.919824155821999,3.0760934595758185,0.5
"(6436, 6445)",[[-1.]],-14.261297760726869,2.681629928806249,0.5
"(6437, 6446)",[[-1.]],-14.111684057707059,2.7456387735210193,0.5
"(6438, 6447)",[[1.]],-14.640432684671998,2.2505695278911455,2.5
"(6439, 6448)",[[-1.]],-14.572613008689865,2.328107993883708,0.5
"(6440, 6449)",[[-1.]],-14.79174860918096,2.051017377962693,0.5
"(6441, 6450)",[[-1.]],-14.892245685236567,1.4416174706936697,0.5
"(6442, 6451)",[[-1.]],-15.09326512028249,1.2074571164078467,0.5
"(6443, 6452)",[[-1.]],-14.95646852117537,1.4993849515931572,0.5
"(6444, 6453)",[[-1.]],-15.837887643154485,0.2785944758211514,0.5
"(6445, 6454)",[[-1.]],-13.439733096949793,0.7430062173632948,0.5
"(6446, 6455)",[[-1.]],-12.490248514878262,1.8025181280207612,0.5
"(6447, 6456)",[[-1.]],-12.73845404486667,1.534293430801693,0.5
"(6448, 6457)",[[-1.]],-11.606243162092948,2.447329023541716,0.5
"(6449, 6458)",[[-1.]],-12.658661584405284,0.8348195656048283,0.5
"(6450, 6459)",[[-1.]],-10.54210622474865,3.7489911983787145,0.5
"(6451, 6460)",[[-1.]],-12.765069842271794,0.812434147179868,0.5
"(6452, 6461)",[[-1.]],-10.35893998395363,3.852501354034768,0.5
"(6453, 6462)",[[-1.]],-8.156957674204008,6.348252422957142,0.5
"(6454, 6463)",[[-1.]],-11.60604746663041,2.192932598138821,0.5
"(6455, 6464)",[[-1.]],-9.865510421933172,5.811503406762501,0.5
"(6456, 6465)",[[-1.]],-10.583811888179259,4.940412427884048,0.5
"(6457, 6466)",[[-1.]],-12.19872784595863,2.8504918402730013,0.5
"(6458, 6467)",[[-1.]],-12.01042998438621,3.6212376775547526,0.5
"(6459, 6468)",[[1.]],-10.53950297663826,7.103178880815619,2.5
"(6460, 6469)",[[-1.]],-13.697021859530805,3.046558879951011,0.5
"(6461, 6470)",[[-1.]],-12.952553166666505,4.102390948499968,0.5
"(6462, 6471)",[[-1.]],-13.962734351946207,2.8897112250875168,0.5
"(6463, 6472)",[[-1.]],-13.250220607709666,3.9019429389817173,0.5
"(6464, 6473)",[[-1.]],-14.07217199372371,2.8115164380145075,0.5
"(6465, 6474)",[[1.]],-12.248130528173391,4.7982049066247665,2.5
"(6466, 6475)",[[-1.]],-14.041889724684463,2.494911755723564,0.5
"(6467, 6476)",[[-1.]],-13.843820471823149,2.8166987484947548,0.5
"(6468, 6477)",[[1.]],-14.745290674713623,1.626109419032753,2.5
"(6469, 6478)",[[1.]],-13.468108556058386,0.6409749547104688,2.5
"(6470, 6479)",[[-1.]],-11.168803629356768,3.421061010311007,0.5
"(6471, 6480)",[[-1.]],-12.935023394592202,1.0966892147405822,0.5
"(6472, 6481)",[[-1.]],-11.478322185728235,3.043980576959651,0.5
"(6473, 6482)",[[1.]],-13.280716781891368,0.48480004927494136,2.5
"(6474, 6483)",[[1.]],-12.129993843857752,2.186199706198231,2.5
"(6475, 6484)",[[-1.]],-13.23860689957664,0.7569899978704342,0.5
"(6476, 6485)",[[-1.]],-12.25176829480243,1.96395494092417,0.5
"(6477, 6486)",[[1.]],-13.08218567558937,1.0413182114206982,2.5
"(6478, 6487)",[[-1.]],-12.646029401812084,2.1581948281782086,0.5
"(6479, 6488)",[[-1.]],-10.500163483582435,4.65547210049791,0.5
"(6480, 6489)",[[1.]],-10.921153260891227,4.52618862425528,2.5
"(6481, 6490)",[[1.]],-14.575670271466956,1.258909465597437,2.5
"(6482, 6491)",[[-1.]],-13.47668789966698,2.6633444199120326,0.5
"(6483, 6492)",[[-1.]],-14.83930598304833,0.9297142336821755,0.5
"(6484, 6493)",[[1.]],-15.364045669821524,2.019879260197459,2.5
"(6485, 6494)",[[-1.]],-15.763641932613925,1.526393825020313,0.5
"(6486, 6495)",[[-1.]],-15.52052147877686,1.9033761485723075,0.5
"(6487, 6496)",[[1.]],-15.392561064001478,2.1505750838307813,2.5
"(6488, 6497)",[[-1.]],-15.670011334528493,1.6786730696337635,0.5
"(6489, 6498)",[[-1.]],-15.803362261377968,1.6299956395886572,0.5
"(6490, 6499)",[[-1.]],-16.13511319998216,1.414882606825878,0.5
"(6491, 6500)",[[1.]],-15.331827015250092,2.208954155576203,2.5
"(6492, 6501)",[[-1.]],-16.710031734005128,0.5909413252916726,0.5
"(6493, 6502)",[[1.]],-15.43450304407745,2.2038941035415958,2.5
"(6494, 6503)",[[-1.]],-15.550290826990294,0.2154040379089288,0.5
"(6495, 6504)",[[-1.]],-14.245992437287766,2.116229145784292,0.5
"(6496, 6505)",[[-1.]],-15.901275021476733,0.12560975278159425,0.5
"(6497, 6506)",[[-1.]],-14.960943336727963,1.3598025702471652,0.5
"(6498, 6507)",[[-1.]],-15.691528791020747,0.4169883775584218,0.5
"(6499, 6508)",[[-1.]],-13.454904256597489,2.8227464364190205,0.5
"(6500, 6509)",[[-1.]],-13.657631902296206,1.7907890236196753,0.5
"(6501, 6510)",[[-1.]],-12.169253374942238,3.6972314251822542,0.5
"(6502, 6511)",[[-1.]],-12.876744322276927,2.8421651770118412,0.5
"(6503, 6512)",[[-1.]],-12.203445158511968,3.9358195422821645,0.5
"(6504, 6513)",[[-1.]],-12.620873852932082,3.424288945333549,0.5
"(6505, 6514)",[[-1.]],-10.81853841935253,5.487589053643871,0.5
"(6506, 6515)",[[-1.]],-13.880178137100732,1.726419877780474,0.5
"(6507, 6516)",[[-1.]],-10.451309112042312,6.139825279854675,0.5
"(6508, 6517)",[[-1.]],-9.785008334490767,7.174760363086978,0.5
"(6509, 6518)",[[-1.]],-12.54925004319635,4.777687355185069,0.5
"(6510, 6519)",[[-1.]],-11.20286904697156,5.996819047754617,0.5
"(6511, 6520)",[[-1.]],-12.887451091947824,3.685915671304258,0.5
"(6512, 6521)",[[-1.]],-11.233837774246348,5.6857845665057205,0.5
"(6513, 6522)",[[-1.]],-13.731700160411561,2.3177507726583766,0.5
"(6514, 6523)",[[-1.]],-11.726766733032994,4.740134514365476,0.5
"(6515, 6524)",[[-1.]],-12.742214157460175,3.410495506515428,0.5
"(6516, 6525)",[[1.]],-10.899580896540114,5.7563050706005185,2.5
"(6517, 6526)",[[-1.]],-13.002823797762929,2.950790229132833,0.5
"(6518, 6527)",[[1.]],-11.714428271697706,4.590310547230395,2.5
"(6519, 6528)",[[-1.]],-11.235135083189899,3.153941465998141,0.5
"(6520, 6529)",[[-1.]],-11.39402281928671,3.2595463243423595,0.5
"(6521, 6530)",[[1.]],-9.685486621903527,5.628261879821206,2.5
"(6522, 6531)",[[1.]],-11.470873192803703,3.3837192561710623,2.5
"(6523, 6532)",[[-1.]],-11.753534944238476,3.1000421499390924,0.5
"(6524, 6533)",[[-1.]],-11.115096752562486,4.198185537299313,0.5
"(6525, 6534)",[[-1.]],-13.550644333189664,1.796348013319884,0.5
"(6526, 6535)",[[-1.]],-14.697561704150969,0.7996513744849043,0.5
"(6527, 6536)",[[-1.]],-15.034890279603692,0.7113115296609553,0.5
"(6528, 6537)",[[-1.]],-14.698433785826241,0.9005209100181926,0.5
"(6529, 6538)",[[1.]],-14.907016609328952,0.6780782248294255,2.5
"(6530, 6539)",[[-1.]],-15.096122177822659,0.34727482360368,0.5
"(6531, 6540)",[[-1.]],-15.062920352907947,0.5223291248847008,0.5
"(6532, 6541)",[[1.]],-14.365473067259176,1.4378189438865245,2.5
"(6533, 6542)",[[1.]],-14.723633455666226,1.0977367649847647,2.5
"(6534, 6543)",[[-1.]],-14.900720087199135,0.8054861825776314,0.5
"(6535, 6544)",[[-0.98705095]],-13.840960500084991,1.9977161572966367,0.5129490494728088
"(6536, 6545)",[[-1.]],-12.713710565493392,2.8550786602657823,0.5
"(6537, 6546)",[[-1.]],-11.78942819072419,3.6810024681095044,0.5
"(6538, 6547)",[[-1.]],-10.575898973242392,5.1001402274323695,0.5
"(6539, 6548)",[[-1.]],-12.070563368268921,3.312907467968852,0.5
"(6540, 6549)",[[-1.]],-11.188083040927943,4.378617129518792,0.5
"(6541, 6550)",[[-1.]],-12.009289189723006,2.8416696602152793,0.5
"(6542, 6551)",[[-1.]],-12.22962029515064,2.383182768696207,0.5
"(6543, 6552)",[[-1.]],-11.144623670583075,2.826819447035753,0.5
"(6544, 6553)",[[-1.]],-12.664815199689475,1.1243752137976912,0.5
"(6545, 6554)",[[-1.]],-9.566119265891826,4.815814993253689,0.5
"(6546, 6555)",[[-1.]],-12.146622687453295,1.6955576663133627,0.5
"(6547, 6556)",[[-1.]],-10.003099896139359,4.564025895587271,0.5
"(6548, 6557)",[[-1.]],-12.98204079132703,0.9201453834930966,0.5
"(6549, 6558)",[[-1.]],-9.27749415174391,5.2244409339404285,0.5
"(6550, 6559)",[[-1.]],-12.439901700034456,1.195222636995684,0.5
"(6551, 6560)",[[-1.]],-12.938570731496108,2.8101334658006003,0.5
"(6552, 6561)",[[-1.]],-14.219620904987464,1.2486043325857388,0.5
"(6553, 6562)",[[-1.]],-12.732787430161984,3.153848597328288,0.5
"(6554, 6563)",[[-1.]],-12.908589765453776,2.9390476667127636,0.5
"(6555, 6564)",[[-1.]],-13.563167646190434,2.7127327945789794,0.5
"(6556, 6565)",[[-1.]],-13.192604472657072,3.229542322879576,0.5
"(6557, 6566)",[[-1.]],-13.425428679336767,2.96168918949688,0.5
"(6558, 6567)",[[1.]],-12.434561216764049,4.438408027208254,2.5
"(6559, 6568)",[[-1.]],-13.191183948933238,3.8025086188710038,0.5
"(6560, 6569)",[[-1.]],-12.852542684364842,4.231728602660953,0.5
"(6561, 6570)",[[-1.]],-11.930367381506082,4.353378395551726,0.5
"(6562, 6571)",[[-1.]],-12.170051499723387,4.070264008104253,0.5
"(6563, 6572)",[[-1.]],-12.624292580420436,3.544564894460354,0.5
"(6564, 6573)",[[-1.]],-13.834588926590902,3.437377950295172,0.5
"(6565, 6574)",[[-1.]],-11.672775927962512,5.7786044236519345,0.5
"(6566, 6575)",[[1.]],-13.229627776541177,3.570149967492986,2.5
"(6567, 6576)",[[1.]],-13.104805638418581,3.726023015729835,2.5
"(6568, 6577)",[[-1.]],-13.988355406972742,2.456340512106717,0.5
"(6569, 6578)",[[-1.]],-13.666237273664725,2.7723467746210098,0.5
"(6570, 6579)",[[-1.]],-14.897070451254754,1.3481992730776664,0.5
"(6571, 6580)",[[1.]],-13.336262875137788,3.292481011972404,2.5
"(6572, 6581)",[[1.]],-14.306060879090216,1.988332281651548,2.5
"(6573, 6582)",[[1.]],-13.648345500020508,2.9395763867365066,2.5
"(6574, 6583)",[[-1.]],-13.780339992250019,0.883393802665104,0.5
"(6575, 6584)",[[1.]],-12.42178458543492,2.614141896978145,2.5
"(6576, 6585)",[[1.]],-14.842477037587255,0.14388140331372234,2.5
"(6577, 6586)",[[1.]],-14.70971856935983,0.7935272813697694,2.5
"(6578, 6587)",[[1.]],-15.071827894794241,0.31052468583663106,2.5
"(6579, 6588)",[[1.]],-14.689162001927304,0.7931267802006285,2.5
"(6580, 6589)",[[1.]],-14.487141313650202,0.9624429222524551,2.5
"(6581, 6590)",[[1.]],-15.023561350325714,0.27374961538510867,2.5
"(6582, 6591)",[[1.]],-14.435093568342765,1.085548904819838,2.5
"(6583, 6592)",[[1.]],-15.102519119236723,0.4179489928744182,2.5
"(6584, 6593)",[[-1.]],-14.241097548663953,1.5724952931582976,0.5
"(6585, 6594)",[[-1.]],-14.762156230295862,0.7415520399493456,0.5
"(6586, 6595)",[[-1.]],-13.134297855675397,2.34517138483913,0.5
"(6587, 6596)",[[-1.]],-12.73127013420699,1.8083245224978999,0.5
"(6588, 6597)",[[-1.]],-8.096456969831328,7.528973281212256,0.5
"(6589, 6598)",[[-1.]],-15.789252949336323,0.9152916919179841,0.5
"(6590, 6599)",[[1.]],-10.893447667748147,7.34667933998064,2.5
"(6591, 6600)",[[-1.]],-15.897131732099886,1.1828631910278435,0.5
"(6592, 6601)",[[-1.]],-14.583461796945574,2.8542704958517877,0.5
"(6593, 6602)",[[-1.]],-15.134139692877014,2.222366374050786,0.5
"(6594, 6603)",[[-1.]],-15.356788847433581,1.9549522041361005,0.5
"(6595, 6604)",[[-1.]],-15.273208655861048,2.034835663427736,0.5
"(6596, 6605)",[[-1.]],-15.436013665104094,1.8656841136541988,0.5
"(6597, 6606)",[[-1.]],-15.236122554145705,2.1460759546739068,0.5
"(6598, 6607)",[[1.]],-9.207047701458787,10.078877896271003,2.5
"(6599, 6608)",[[-1.]],-11.91795446417494,5.311718146290373,0.5
"(6600, 6609)",[[-1.]],-13.680619280406134,2.662074538884042,0.5
"(6601, 6610)",[[-1.]],-13.041171888512961,3.4474090927253336,0.5
"(6602, 6611)",[[-1.]],-14.111590245133844,2.0345683399247463,0.5
"(6603, 6612)",[[-1.]],-11.794074917652008,4.877690243195692,0.5
"(6604, 6613)",[[-1.]],-14.036477259143664,2.1759075638409495,0.5
"(6605, 6614)",[[-1.]],-10.476112364655348,6.7016658341652935,0.5
"(6606, 6615)",[[-1.]],-13.8484574114622,2.43356803085225,0.5
"(6607, 6616)",[[-1.]],-12.231150649553218,4.434123085943483,0.5
"(6608, 6617)",[[-1.]],-13.016115722026417,2.436478751819017,0.5
"(6609, 6618)",[[-1.]],-7.5095589838589305,8.511657925228928,0.5
"(6610, 6619)",[[-1.]],-11.173834598212236,4.066621380928762,0.5
"(6611, 6620)",[[-1.]],-8.396634057526207,8.008411778459752,0.5
"(6612, 6621)",[[-1.]],-12.053457394582468,3.5525301193363816,0.5
"(6613, 6622)",[[-1.]],-7.384157526568608,9.173332130184622,0.5
"(6614, 6623)",[[-1.]],-12.841636667609514,2.3661449668997356,0.5
"(6615, 6624)",[[-1.]],-12.41405787624095,3.0857131743522075,0.5
"(6616, 6625)",[[-1.]],-13.191402386859304,2.0856572807086344,0.5
"(6617, 6626)",[[1.]],-11.850849294297458,3.8743628616883825,2.5
"(6618, 6627)",[[-1.]],-13.140321022678805,2.096495478158104,0.5
"(6619, 6628)",[[-1.]],-12.458619571395214,3.3168263059493874,0.5
"(6620, 6629)",[[-1.]],-13.353650443173436,1.9543723248380616,0.5
"(6621, 6630)",[[1.]],-13.333244237743509,1.7002332812806777,2.5
"(6622, 6631)",[[1.]],-14.178303945346961,0.9086695536116718,2.5
"(6623, 6632)",[[-1.]],-13.309709809879502,2.117552105976886,0.5
"(6624, 6633)",[[-1.]],-16.296108088572236,1.0323154076145888,0.5
"(6625, 6634)",[[-1.]],-16.795182509394987,0.41137998120425046,0.5
"(6626, 6635)",[[1.]],-15.824202255523842,1.676207742833955,2.5
"(6627, 6636)",[[1.]],-16.232870377321607,1.0373607575285977,2.5
"(6628, 6637)",[[-1.]],-16.25725739919203,1.16592938884083,0.5
"(6629, 6638)",[[-1.]],-17.053560634216826,0.08056368609100062,0.5
"(6630, 6639)",[[-1.]],-16.144871710711293,1.240772583184314,0.5
"(6631, 6640)",[[1.]],-15.339705286259909,2.1998715834937395,2.5
"(6632, 6641)",[[-1.]],-15.486200318422409,1.832571755607082,0.5
"(6633, 6642)",[[1.]],-14.943545463654289,2.4924112167360555,2.5
"(6634, 6643)",[[1.]],-10.66910020239736,6.015156849341645,2.5
"(6635, 6644)",[[-1.]],-11.896717012528999,4.505118128693631,0.5
"(6636, 6645)",[[-1.]],-9.650159060239465,7.094205809516438,0.5
"(6637, 6646)",[[-1.]],-12.932728739129853,3.0486965640637127,0.5
"(6638, 6647)",[[-1.]],-8.101013794795856,8.514368253104735,0.5
"(6639, 6648)",[[-1.]],-12.76648871035244,2.7741632401645298,0.5
"(6640, 6649)",[[-1.]],-11.94357172911778,3.994634463676304,0.5
"(6641, 6650)",[[-1.]],-14.296194761152268,1.559051639809729,0.5
"(6642, 6651)",[[-1.]],-12.748191034996223,3.1727161131316546,0.5
"(6643, 6652)",[[1.]],-14.716190730942468,2.3864484213709156,2.5
"(6644, 6653)",[[-1.]],-14.39319116519671,2.7261352161712384,0.5
"(6645, 6654)",[[-1.]],-14.926325417014322,1.8333442220566454,0.5
"(6646, 6655)",[[-1.]],-13.276847031878159,3.882406284267658,0.5
"(6647, 6656)",[[-1.]],-14.766826784534931,1.8976132368359053,0.5
"(6648, 6657)",[[-1.]],-13.633024888490427,3.349713976772847,0.5
"(6649, 6658)",[[-1.]],-14.472330205600274,2.2966144021299755,0.5
"(6650, 6659)",[[-1.]],-13.497585589093914,3.928653333163952,0.5
"(6651, 6660)",[[-1.]],-15.97188647536803,0.8013574091705653,0.5
"(6652, 6661)",[[1.]],-14.298498579934316,3.5773117035782924,2.5
"(6653, 6662)",[[-1.]],-16.21299729124773,0.6589649994951685,0.5
"(6654, 6663)",[[-1.]],-14.410410214546562,2.9105177970096108,0.5
"(6655, 6664)",[[-1.]],-15.15025040100656,1.9634873008856548,0.5
"(6656, 6665)",[[-1.]],-14.005547165916115,3.53317224243799,0.5
"(6657, 6666)",[[-1.]],-15.391088256745638,2.0673987923940853,0.5
"(6658, 6667)",[[-1.]],-15.401096978260082,2.196159775843034,0.5
"(6659, 6668)",[[-1.]],-15.906765564903756,1.5665993235048568,0.5
"(6660, 6669)",[[-0.99636877]],-14.967536199976498,2.2451905024535126,0.5036312341690063
"(6661, 6670)",[[-1.]],-15.144196196995047,1.7211014015712092,0.5
"(6662, 6671)",[[-1.]],-14.960523238257991,0.5362819201153517,0.5
"(6663, 6672)",[[-1.]],-14.868537190180229,0.5726819111317791,0.5
"(6664, 6673)",[[-1.]],-14.568542494539887,1.0946552244388492,0.5
"(6665, 6674)",[[-1.]],-15.245064453370107,0.28807393017535254,0.5
"(6666, 6675)",[[-1.]],-15.400154877074838,0.31289991418328356,0.5
"(6667, 6676)",[[1.]],-13.891498930334446,1.3801245715767863,2.5
"(6668, 6677)",[[1.]],-14.065268077142568,0.8710563211658346,2.5
"(6669, 6678)",[[-1.]],-13.115249208557993,2.0848970214890805,0.5
"(6670, 6679)",[[-1.]],-14.172169258215304,0.787253496509269,0.5
"(6671, 6680)",[[-0.98687226]],-13.375870995168475,1.7018096238464828,0.5131277441978455
"(6672, 6681)",[[1.]],-14.024147112045897,0.8976915696336434,2.5
"(6673, 6682)",[[1.]],-13.519737283637447,1.7656735965818218,2.5
"(6674, 6683)",[[-1.]],-14.13798170108168,0.7399059354983883,0.5
"(6675, 6684)",[[1.]],-11.89921179013221,3.5518156018052665,2.5
"(6676, 6685)",[[1.]],-11.238519330908337,3.117485153371632,2.5
"(6677, 6686)",[[-1.]],-11.417400356664585,3.2079783212478645,0.5
"(6678, 6687)",[[1.]],-10.269906329990395,4.669315563630153,2.5
"(6679, 6688)",[[1.]],-11.416416584657345,3.3275336319024262,2.5
"(6680, 6689)",[[-1.]],-9.410595157406513,5.875842745612022,0.5
"(6681, 6690)",[[-1.]],-11.42031387779091,3.5534364361657893,0.5
"(6682, 6691)",[[-1.]],-9.691822623693781,5.707363316967692,0.5
"(6683, 6692)",[[-1.]],-10.281284089563629,4.393556302582244,0.5
"(6684, 6693)",[[-1.]],-11.93612787751256,2.7733440122035784,0.5
"(6685, 6694)",[[-1.]],-12.80641175318992,1.5469351615825087,0.5
"(6686, 6695)",[[-1.]],-11.94068463729897,2.622733914278056,0.5
"(6687, 6696)",[[-1.]],-13.055889545864353,0.9653861059930318,0.5
"(6688, 6697)",[[-1.]],-12.037732354413277,2.19580810943377,0.5
"(6689, 6698)",[[-1.]],-12.85329378167038,0.9015890207491584,0.5
"(6690, 6699)",[[-1.]],-11.853748652267814,2.3069970328806377,0.5
"(6691, 6700)",[[-1.]],-13.355333198806914,0.5919164887451327,0.5
"(6692, 6701)",[[-1.]],-12.820081205970911,1.3604550294238607,0.5
"(6693, 6702)",[[-1.]],-13.15002323954891,0.8807967047119121,0.5
"(6694, 6703)",[[-1.]],-12.02108151846342,1.6355983078651803,0.5
"(6695, 6704)",[[-1.]],-11.666873319967815,2.5728035460229464,0.5
"(6696, 6705)",[[-1.]],-12.823722278704345,1.1142822171860338,0.5
"(6697, 6706)",[[-1.]],-11.944110109088754,2.398693687865638,0.5
"(6698, 6707)",[[-1.]],-12.325361817946119,2.0399634212438293,0.5
"(6699, 6708)",[[-1.]],-12.180129998815298,2.2436755769295083,0.5
"(6700, 6709)",[[-1.]],-12.26329122148702,1.9304513102517724,0.5
"(6701, 6710)",[[-1.]],-12.36907677539644,1.738123230831146,0.5
"(6702, 6711)",[[1.]],-14.855927574494991,2.234174833836299,2.5
"(6703, 6712)",[[-1.]],-16.367517343558138,0.6518185282289988,0.5
"(6704, 6713)",[[-1.]],-15.389711810471644,2.0212606056924525,0.5
"(6705, 6714)",[[-1.]],-16.9791616312801,0.11841268380471881,0.5
"(6706, 6715)",[[-1.]],-14.568284669384678,3.213495249644799,0.5
"(6707, 6716)",[[-1.]],-16.56431766921091,0.9694140043381196,0.5
"(6708, 6717)",[[1.]],-14.442757034873756,3.6237112090551733,2.5
"(6709, 6718)",[[-1.]],-16.503460662954076,0.9800038296154625,0.5
"(6710, 6719)",[[-1.]],-14.335548154430482,3.691525680359291,0.5
"(6711, 6720)",[[-1.]],-16.22098496085831,1.3367454391302864,0.5
"(6712, 6721)",[[-1.]],-12.356893977867644,4.965276840268459,0.5
"(6713, 6722)",[[-1.]],-14.096460963859794,2.516612475359782,0.5
"(6714, 6723)",[[1.]],-11.792160019102429,5.291028506574795,2.5
"(6715, 6724)",[[-1.]],-14.335185720387743,1.4562950707970064,0.5
"(6716, 6725)",[[-1.]],-14.670222739465816,0.8759822740782397,0.5
"(6717, 6726)",[[-1.]],-13.95860528265807,0.47479072756103236,0.5
"(6718, 6727)",[[1.]],-13.571309866201865,1.0596768711100353,2.5
"(6719, 6728)",[[-1.]],-13.660118887240081,1.014653291997277,0.5
"(6720, 6729)",[[1.]],-13.066079890932386,2.212538826780756,2.5
"(6721, 6730)",[[-1.]],-13.525505783045707,1.6020662970307455,0.5
"(6722, 6731)",[[-1.]],-13.025009455879077,2.3151441695219006,0.5
"(6723, 6732)",[[-1.]],-13.678415231589055,1.376509547294848,0.5
"(6724, 6733)",[[1.]],-10.130893640292344,5.161829161354694,2.5
"(6725, 6734)",[[-1.]],-14.032798610185186,2.462267493008765,0.5
"(6726, 6735)",[[1.]],-11.528413355471917,5.81578591203602,2.5
"(6727, 6736)",[[-1.]],-14.226390305202264,2.270743098380189,0.5
"(6728, 6737)",[[-1.]],-11.405554350778894,5.76759548422549,0.5
"(6729, 6738)",[[-1.]],-15.325181136991993,0.8358537306818583,0.5
"(6730, 6739)",[[1.]],-11.46887466258588,5.4105830991537704,2.5
"(6731, 6740)",[[-1.]],-15.551438852833815,0.29018138785042336,0.5
"(6732, 6741)",[[1.]],-11.592632109503572,5.287941594874634,2.5
"(6733, 6742)",[[-1.]],-15.309553135622284,0.605564678682998,0.5
"(6734, 6743)",[[1.]],-11.116318686268855,5.972289665971151,2.5
"(6735, 6744)",[[-1.]],-13.089084037949203,1.4315838500450813,0.5
"(6736, 6745)",[[-1.]],-9.442636712611263,5.868375466480032,0.5
"(6737, 6746)",[[-1.]],-11.847733694064056,2.8633373583585815,0.5
"(6738, 6747)",[[-1.]],-11.713134294109322,2.9893908727975287,0.5
"(6739, 6748)",[[-1.]],-10.630135957016016,4.780761613644723,0.5
"(6740, 6749)",[[-1.]],-14.10206820951417,1.095397925822306,0.5
"(6741, 6750)",[[-1.]],-12.986333424832104,2.6371469414646587,0.5
"(6742, 6751)",[[-1.]],-14.559149265397014,0.664804673495329,0.5
"(6743, 6752)",[[-1.]],-12.393609877942351,3.380270300108691,0.5
"(6744, 6753)",[[-1.]],-13.290418754610238,2.0586939058397338,0.5
"(6745, 6754)",[[-1.]],-12.838066212317106,2.601482989207316,0.5
"(6746, 6755)",[[-1.]],-14.335524966419124,0.6987924809601669,0.5
"(6747, 6756)",[[-1.]],-13.93662520307324,1.12853064778899,0.5
"(6748, 6757)",[[-1.]],-14.189774871268167,0.8028508140412853,0.5
"(6749, 6758)",[[-1.]],-12.759319326024437,2.594575127749726,0.5
"(6750, 6759)",[[-1.]],-13.567596040699739,1.1096611928855893,0.5
"(6751, 6760)",[[-1.]],-11.258951542765502,3.905023156904157,0.5
"(6752, 6761)",[[-1.]],-12.552792106712644,2.709349305136012,0.5
"(6753, 6762)",[[-1.]],-12.633365997012291,2.5829885249968143,0.5
"(6754, 6763)",[[-1.]],-14.261568897662292,1.7023415162695308,0.5
"(6755, 6764)",[[-1.]],-13.21352667760194,2.8861754916774114,0.5
"(6756, 6765)",[[-1.]],-13.278961341401617,2.7689176408624157,0.5
"(6757, 6766)",[[-1.]],-13.870627740735205,1.9755723963320868,0.5
"(6758, 6767)",[[-1.]],-13.239738824804569,2.7929342976317244,0.5
"(6759, 6768)",[[-1.]],-13.208087807586596,2.7239415610616433,0.5
"(6760, 6769)",[[-1.]],-11.349237175064816,5.278580842987093,0.5
"(6761, 6770)",[[-1.]],-13.932833096413377,2.437767544830212,0.5
"(6762, 6771)",[[-1.]],-12.680369785788404,3.7596745690853695,0.5
"(6763, 6772)",[[-1.]],-15.240003873110956,0.9701845017966804,0.5
"(6764, 6773)",[[1.]],-12.976321955366366,4.83118567833251,2.5
"(6765, 6774)",[[1.]],-16.729945140401092,0.7251694493698979,2.5
"(6766, 6775)",[[-1.]],-15.308352828300956,2.4995612509030583,0.5
"(6767, 6776)",[[1.]],-16.817133435591963,0.6832504460615727,2.5
"(6768, 6777)",[[1.]],-14.933520268954087,3.0472564024413167,2.5
"(6769, 6778)",[[1.]],-17.15970816466902,0.29521969004007076,2.5
"(6770, 6779)",[[1.]],-15.206583356118887,2.8331139938036403,2.5
"(6771, 6780)",[[1.]],-16.918273587359515,0.6447606479143655,2.5
"(6772, 6781)",[[1.]],-15.0064431070137,3.238100578174282,2.5
"(6773, 6782)",[[-1.]],-17.288595038989932,0.20174909946561037,0.5
"(6774, 6783)",[[-1.]],-14.53611145901132,2.4528949340744095,0.5
"(6775, 6784)",[[-1.]],-12.764348676240381,1.4975576325338817,0.5
"(6776, 6785)",[[-1.]],-13.342375936129738,1.6346667825155414,0.5
"(6777, 6786)",[[-1.]],-13.043730221874593,2.023114344922158,0.5
"(6778, 6787)",[[1.]],-12.705013492624067,2.5074946529119604,2.5
"(6779, 6788)",[[1.]],-12.845522161191317,1.9747444226619013,2.5
"(6780, 6789)",[[-1.]],-10.768291854954951,4.199638407876215,0.5
"(6781, 6790)",[[-1.]],-12.582008983464688,2.5172503238022585,0.5
"(6782, 6791)",[[-1.]],-12.36686618444033,2.933044875797057,0.5
"(6783, 6792)",[[1.]],-12.616825705767475,2.632061404170569,2.5
"(6784, 6793)",[[-1.]],-12.629824896211785,3.1092547099617036,0.5
"(6785, 6794)",[[-1.]],-13.861312411281991,1.6220779046295721,0.5
"(6786, 6795)",[[-1.]],-14.119208174232082,0.9716296249291538,0.5
"(6787, 6796)",[[-1.]],-13.554407671522023,1.8110376258690195,0.5
"(6788, 6797)",[[-1.]],-13.554767141836761,1.9743084640407886,0.5
"(6789, 6798)",[[-1.]],-13.025091021463826,2.6672868163795798,0.5
"(6790, 6799)",[[-1.]],-13.749377778566036,1.87639072687141,0.5
"(6791, 6800)",[[-1.]],-13.025647671752317,2.4306870957313897,0.5
"(6792, 6801)",[[-1.]],-12.954304725632959,2.444570162527267,0.5
"(6793, 6802)",[[1.]],-13.888830566339367,3.367841316816702,2.5
"(6794, 6803)",[[-1.]],-14.498581520787203,2.235108503517001,0.5
"(6795, 6804)",[[-1.]],-14.384038171793332,2.285572429043965,0.5
"(6796, 6805)",[[-1.]],-14.012960261943814,2.6816014875857963,0.5
"(6797, 6806)",[[-1.]],-14.258494259730112,2.3485499631590105,0.5
"(6798, 6807)",[[-1.]],-14.34919012756556,2.093928938493841,0.5
"(6799, 6808)",[[-1.]],-13.828053607210183,2.810888635275509,0.5
"(6800, 6809)",[[-1.]],-13.079241252061427,3.922308326642769,0.5
"(6801, 6810)",[[-1.]],-13.411986310316362,3.4969383381251884,0.5
"(6802, 6811)",[[-1.]],-11.855874119089469,5.506931900009347,0.5
"(6803, 6812)",[[-1.]],-9.423714231919813,7.232649323899297,0.5
"(6804, 6813)",[[-1.]],-11.72279526219756,4.524749933348172,0.5
"(6805, 6814)",[[-1.]],-9.107419274230207,8.126577572981871,0.5
"(6806, 6815)",[[-1.]],-11.470980263771487,5.054952687592866,0.5
"(6807, 6816)",[[-1.]],-9.651276365347874,7.670600183732667,0.5
"(6808, 6817)",[[-1.]],-11.111621204672678,5.762307201135764,0.5
"(6809, 6818)",[[-1.]],-8.025672786682499,9.485788045413624,0.5
"(6810, 6819)",[[-1.]],-13.301345288885722,2.644763491081015,0.5
"(6811, 6820)",[[-1.]],-5.598360630117302,12.531572246723023,0.5
"(6812, 6821)",[[-1.]],-15.21797803220413,0.5296595832673869,0.5
"(6813, 6822)",[[-1.]],-6.38304164566193,11.212672170056988,0.5
"(6814, 6823)",[[-1.]],-14.244718490141656,1.1860485709885733,0.5
"(6815, 6824)",[[1.]],-11.145442216569991,4.926402789828481,2.5
"(6816, 6825)",[[-1.]],-12.959217297549621,2.600912280753789,0.5
"(6817, 6826)",[[-1.]],-14.268285421138485,2.9297508945822806,0.5
"(6818, 6827)",[[-1.]],-15.735567858636177,1.0869273344165649,0.5
"(6819, 6828)",[[-1.]],-15.1399458125147,1.7413883601128894,0.5
"(6820, 6829)",[[1.]],-15.276585665424777,1.5095842033732438,2.5
"(6821, 6830)",[[-1.]],-15.237807546542063,1.5220018374625433,0.5
"(6822, 6831)",[[-1.]],-15.978189824219491,0.5672752641773382,0.5
"(6823, 6832)",[[1.]],-14.59195261494538,2.274142195703444,2.5
"(6824, 6833)",[[1.]],-14.821770004321841,1.9171804745059884,2.5
"(6825, 6834)",[[-1.]],-15.711556445087552,0.6276152065512992,0.5
"(6826, 6835)",[[1.]],-13.829093259375881,3.0985858650954246,2.5
"(6827, 6836)",[[1.]],-12.437083194641685,2.5096632776820496,2.5
"(6828, 6837)",[[-1.]],-10.745400523961907,4.5634221619088144,0.5
"(6829, 6838)",[[1.]],-9.320165786676688,6.1552260122992255,2.5
"(6830, 6839)",[[-1.]],-12.311303733117986,2.4591863730821775,0.5
"(6831, 6840)",[[-1.]],-8.329433339828222,7.488033927965372,0.5
"(6832, 6841)",[[-1.]],-9.639601337183679,5.785245497284738,0.5
"(6833, 6842)",[[1.]],-12.532005593082474,2.678414437015892,2.5
"(6834, 6843)",[[-1.]],-13.604236216329621,1.5597796783848388,0.5
"(6835, 6844)",[[-1.]],-14.517460170970166,1.329645667354555,0.5
"(6836, 6845)",[[-1.]],-13.848697443033922,1.7712398940850136,0.5
"(6837, 6846)",[[-1.]],-14.205402253389442,1.0726637007764932,0.5
"(6838, 6847)",[[-1.]],-13.74440140771539,1.5563218386678415,0.5
"(6839, 6848)",[[-1.]],-14.30797260552763,0.8723056987417568,0.5
"(6840, 6849)",[[-1.]],-14.022684871165403,1.129523449937924,0.5
"(6841, 6850)",[[-1.]],-13.867956444975038,1.4377038484934879,0.5
"(6842, 6851)",[[-1.]],-13.799443855482293,1.7156108133734307,0.5
"(6843, 6852)",[[-1.]],-13.143532336442487,2.236902446283331,0.5
"(6844, 6853)",[[-1.]],-12.072587335531171,3.6068770808857824,0.5
"(6845, 6854)",[[-1.]],-10.095186971256098,5.354781873961324,0.5
"(6846, 6855)",[[-1.]],-9.872392052032021,5.745159625596774,0.5
"(6847, 6856)",[[-1.]],-11.503975174265856,4.057932532716617,0.5
"(6848, 6857)",[[-1.]],-12.750830886943909,2.6186740055883746,0.5
"(6849, 6858)",[[-1.]],-12.701933918400004,2.6089998901085316,0.5
"(6850, 6859)",[[-1.]],-12.518513271873791,3.068144748427537,0.5
"(6851, 6860)",[[-1.]],-14.04374300524935,2.1014896604196416,0.5
"(6852, 6861)",[[-1.]],-12.219289992839574,4.34011073869042,0.5
"(6853, 6862)",[[-1.]],-12.134289075490301,4.5865312871665225,0.5
"(6854, 6863)",[[-1.]],-12.89154458506901,3.7843219074840757,0.5
"(6855, 6864)",[[-1.]],-14.513088056747357,1.8357679332716756,0.5
"(6856, 6865)",[[-1.]],-14.580523012688031,1.7488261250736095,0.5
"(6857, 6866)",[[-1.]],-14.95235885328195,1.106582538334031,0.5
"(6858, 6867)",[[-1.]],-12.184510099467138,4.632146760170873,0.5
"(6859, 6868)",[[-1.]],-14.259960360222232,2.119642462366567,0.5
"(6860, 6869)",[[-1.]],-14.603788820643361,2.629278772293601,0.5
"(6861, 6870)",[[-1.]],-15.083999946695192,1.4848940633960606,0.5
"(6862, 6871)",[[1.]],-14.370261027153655,2.1180997529122916,2.5
"(6863, 6872)",[[-1.]],-15.10450056721107,1.0852544700369222,0.5
"(6864, 6873)",[[-1.]],-13.646236180557498,2.748958933130119,0.5
"(6865, 6874)",[[1.]],-14.302800506094249,2.050507568708916,2.5
"(6866, 6875)",[[1.]],-15.734239877606297,1.159222420198594,2.5
"(6867, 6876)",[[1.]],-15.346768962434389,1.6448928967355538,2.5
"(6868, 6877)",[[-1.]],-15.793643133599243,0.9852650479380873,0.5
"(6869, 6878)",[[1.]],-15.444059031063972,1.4693198250368784,2.5
"(6870, 6879)",[[1.]],-15.7580865650367,0.7328105326732004,2.5
"(6871, 6880)",[[1.]],-15.169222536111572,1.4629447582423776,2.5
"(6872, 6881)",[[1.]],-15.863948512965466,0.6411966313015256,2.5
"(6873, 6882)",[[1.]],-15.5849290749971,1.1324275239746537,2.5
"(6874, 6883)",[[-1.]],-15.429089024508707,1.2882424963031482,0.5
"(6875, 6884)",[[-1.]],-15.081510768656631,1.4801262927307945,0.5
"(6876, 6885)",[[-1.]],-11.935638694539021,3.504511712383284,0.5
"(6877, 6886)",[[-1.]],-14.13093832995853,1.0596030240341499,0.5
"(6878, 6887)",[[1.]],-10.338148076316461,6.272746326026363,2.5
"(6879, 6888)",[[1.]],-13.721451530857742,2.083452400810053,2.5
"(6880, 6889)",[[-1.]],-12.182349482880166,3.9584093883901907,0.5
"(6881, 6890)",[[-1.]],-12.807281783847966,3.321463444714988,0.5
"(6882, 6891)",[[-1.]],-10.914103606065305,5.901667231454191,0.5
"(6883, 6892)",[[-1.]],-13.30493850802323,2.8758219547804185,0.5
"(6884, 6893)",[[-1.]],-12.536831892838993,3.7529944986494197,0.5
"(6885, 6894)",[[1.]],-13.076340131328706,3.23197434448417,2.5
"(6886, 6895)",[[1.]],-13.036808960503079,3.4237290262854856,2.5
"(6887, 6896)",[[1.]],-15.468905541335271,1.3299350318848084,2.5
"(6888, 6897)",[[-1.]],-14.886592501812867,1.9248212073235669,0.5
"(6889, 6898)",[[-1.]],-15.157040090628016,1.4144270830781123,0.5
"(6890, 6899)",[[-1.]],-13.699022907706105,3.3741922796536787,0.5
"(6891, 6900)",[[1.]],-15.729779963300018,0.9244282689602965,2.5
"(6892, 6901)",[[1.]],-15.065353526374425,2.733271199357797,2.5
"(6893, 6902)",[[-1.]],-15.654155850774607,1.7756554354241532,0.5
"(6894, 6903)",[[-1.]],-14.99035795282924,2.5008953458271073,0.5
"(6895, 6904)",[[-1.]],-15.942719461063811,1.2291665440645616,0.5
"(6896, 6905)",[[-1.]],-14.610001544543758,2.8709315583752453,0.5
"(6897, 6906)",[[-1.]],-15.55855432560044,1.1640517413887483,0.5
"(6898, 6907)",[[1.]],-15.242066393508841,1.3478683837736423,2.5
"(6899, 6908)",[[-1.]],-15.42127911314103,1.1510985460708447,0.5
"(6900, 6909)",[[-1.]],-15.205734580485837,1.2963079492194893,0.5
"(6901, 6910)",[[-1.]],-15.08973395348807,1.413104581315208,0.5
"(6902, 6911)",[[-1.]],-11.826698035567947,2.3839986232393535,0.5
"(6903, 6912)",[[-1.]],-13.299336890241978,0.9988301767267949,0.5
"(6904, 6913)",[[-1.]],-12.828647198290836,1.254814694176222,0.5
"(6905, 6914)",[[-1.]],-10.883988949021852,3.814946884297015,0.5
"(6906, 6915)",[[-1.]],-13.159930325138614,1.139660326051665,0.5
"(6907, 6916)",[[-1.]],-10.794082271543054,3.925059138388452,0.5
"(6908, 6917)",[[-1.]],-10.372916805717704,4.601232779205567,0.5
"(6909, 6918)",[[-1.]],-12.830560246984538,2.8921837234513816,0.5
"(6910, 6919)",[[-1.]],-14.182438848218025,1.3034753585188525,0.5
"(6911, 6920)",[[-1.]],-13.829693000057244,2.1039048215800733,0.5
"(6912, 6921)",[[-1.]],-14.241701749701845,1.3958121342373886,0.5
"(6913, 6922)",[[-1.]],-13.666884745216139,1.8201442355161177,0.5
"(6914, 6923)",[[-1.]],-14.58460917229514,0.6073471281385743,0.5
"(6915, 6924)",[[-1.]],-13.903131537641002,1.2604514299111802,0.5
"(6916, 6925)",[[-1.]],-14.16818529970081,1.0252564949256175,0.5
"(6917, 6926)",[[1.]],-12.992055885934896,4.329248056779797,2.5
"(6918, 6927)",[[1.]],-15.41792005299579,1.384798689850351,2.5
"(6919, 6928)",[[-1.]],-16.258942481968887,0.2490285442154736,0.5
"(6920, 6929)",[[1.]],-15.292672335502635,1.5216881586683098,2.5
"(6921, 6930)",[[-1.]],-16.197473571676795,0.3837786680801898,0.5
"(6922, 6931)",[[-1.]],-15.474950740755013,1.3580873333502037,0.5
"(6923, 6932)",[[1.]],-14.61341944127876,2.8368259628394883,2.5
"(6924, 6933)",[[1.]],-15.323117693299162,1.946807618685538,2.5
"(6925, 6934)",[[-1.]],-14.661822243597555,2.994035842063007,0.5
"(6926, 6935)",[[-1.]],-15.018836226822865,2.709493524822565,0.5
"(6927, 6936)",[[1.]],-14.046131293500455,2.9505634236097116,2.5
"(6928, 6937)",[[-1.]],-12.728681446797914,4.319672009524053,0.5
"(6929, 6938)",[[1.]],-11.950304777094296,5.139521212459249,2.5
"(6930, 6939)",[[1.]],-12.155501689056976,4.887595419379218,2.5
"(6931, 6940)",[[-1.]],-11.316812384769818,6.190873457779188,0.5
"(6932, 6941)",[[-1.]],-13.121589142232327,3.963487816299758,0.5
"(6933, 6942)",[[1.]],-10.440560269126902,6.306977942581387,2.5
"(6934, 6943)",[[-1.]],-11.879580852134836,4.741742455929352,0.5
"(6935, 6944)",[[-1.]],-15.050623502310046,0.8612157495536188,0.5
"(6936, 6945)",[[-1.]],-14.993878123183947,0.7130163865531429,0.5
"(6937, 6946)",[[-1.]],-15.06520260593921,0.39413913759179486,0.5
"(6938, 6947)",[[-1.]],-14.51410587054017,1.3828421152003365,0.5
"(6939, 6948)",[[1.]],-14.203731446399512,2.5700600482183535,2.5
"(6940, 6949)",[[-1.]],-14.559468397534994,2.265150846046595,0.5
"(6941, 6950)",[[-1.]],-15.461594445513786,1.0115602768506822,0.5
"(6942, 6951)",[[-1.]],-14.472248928644555,2.3892248330740404,0.5
"(6943, 6952)",[[-1.]],-15.259503220751503,1.2771685303288471,0.5
"(6944, 6953)",[[-1.]],-12.981171134336684,3.972614544000594,0.5
"(6945, 6954)",[[-1.]],-13.609485353236716,2.721231566500057,0.5
"(6946, 6955)",[[-1.]],-12.490644006279528,4.073065511719058,0.5
"(6947, 6956)",[[-1.]],-13.880136156234451,2.320949812100009,0.5
"(6948, 6957)",[[-1.]],-12.748899204195206,3.4942381837125165,0.5
"(6949, 6958)",[[-1.]],-13.28719159392993,1.5998561029238587,0.5
"(6950, 6959)",[[-1.]],-11.18437717620839,4.450068993085395,0.5
"(6951, 6960)",[[-1.]],-13.298822265226796,1.825007425156567,0.5
"(6952, 6961)",[[-1.]],-12.154008838325394,3.125531628805298,0.5
"(6953, 6962)",[[-1.]],-13.813361525197887,1.027759590985255,0.5
"(6954, 6963)",[[1.]],-12.539957180305723,3.1819093939434815,2.5
"(6955, 6964)",[[-1.]],-14.453661585568934,1.044551933186618,0.5
"(6956, 6965)",[[-1.]],-12.80056836714635,3.0854756906331673,0.5
"(6957, 6966)",[[-1.]],-12.771350518856583,2.9281429892362603,0.5
"(6958, 6967)",[[-1.]],-11.42952367787403,4.541373222731799,0.5
"(6959, 6968)",[[-1.]],-13.52548852910138,1.8543310715602672,0.5
"(6960, 6969)",[[-1.]],-12.701768929721505,2.613619630656377,0.5
"(6961, 6970)",[[-1.]],-12.955840474379178,2.5730839337111675,0.5
"(6962, 6971)",[[-1.]],-13.650576897215737,1.6924082469339474,0.5
"(6963, 6972)",[[-1.]],-12.746753104283647,2.816288741682719,0.5
"(6964, 6973)",[[-1.]],-13.333480249554876,1.419012069038427,0.5
"(6965, 6974)",[[1.]],-9.427115321472437,6.821679926482762,2.5
"(6966, 6975)",[[-1.]],-13.379981709899296,1.742708294632802,0.5
"(6967, 6976)",[[-1.]],-11.856194180287982,3.921596367217152,0.5
"(6968, 6977)",[[-1.]],-12.96042699778156,2.8534752750805907,0.5
"(6969, 6978)",[[1.]],-10.36510976508708,6.0893829830010375,2.5
"(6970, 6979)",[[-1.]],-13.252883810287448,2.498798170152835,0.5
"(6971, 6980)",[[-1.]],-12.354228819223804,4.359958019628014,0.5
"(6972, 6981)",[[-1.]],-13.837278074727495,2.684569532575088,0.5
"(6973, 6982)",[[1.]],-13.58799918964416,3.040279637004362,2.5
"(6974, 6983)",[[1.]],-14.62624276648123,1.7680260031488757,2.5
"(6975, 6984)",[[-1.]],-14.21247502046113,1.9100870031905384,0.5
"(6976, 6985)",[[-1.]],-14.553953035198765,1.526075334850674,0.5
"(6977, 6986)",[[-1.]],-14.135582457695845,1.8958354888555373,0.5
"(6978, 6987)",[[1.]],-15.002797399528479,1.2536008423625828,2.5
"(6979, 6988)",[[1.]],-14.626421768240688,1.6579200048455967,2.5
"(6980, 6989)",[[1.]],-14.914133952806411,1.4669700224262474,2.5
"(6981, 6990)",[[1.]],-13.821733411391051,2.1646181148998087,2.5
"(6982, 6991)",[[-1.]],-14.00792106798621,1.8773552231308415,0.5
"(6983, 6992)",[[-1.]],-14.242738770258773,1.5894398069243962,0.5
"(6984, 6993)",[[-1.]],-13.625175109857565,2.086953462907845,0.5
"(6985, 6994)",[[-1.]],-13.849293179295335,1.8028462511021992,0.5
"(6986, 6995)",[[1.]],-13.667591071764177,2.0763315186970797,2.5
"(6987, 6996)",[[-1.]],-14.429135429749659,1.3029076050920239,0.5
"(6988, 6997)",[[-1.]],-11.841191378518438,3.0357952909659147,0.5
"(6989, 6998)",[[-1.]],-12.798025667580667,1.848369087493868,0.5
"(6990, 6999)",[[-1.]],-12.21157924022991,2.0973436712237845,0.5
"(6991, 7000)",[[-1.]],-12.442307593617263,1.9376404530776963,0.5
"(6992, 7001)",[[-1.]],-11.873745041866682,2.701062763641845,0.5
"(6993, 7002)",[[-1.]],-12.396960701439642,2.446460383222588,0.5
"(6994, 7003)",[[-1.]],-14.090223270729439,0.5166788557296886,0.5
"(6995, 7004)",[[-1.]],-9.287263856543198,6.587352361553986,0.5
"(6996, 7005)",[[-1.]],-13.79925290227081,0.9016778309702929,0.5
"(6997, 7006)",[[-1.]],-8.847970186114106,7.066520517908186,0.5
"(6998, 7007)",[[-1.]],-13.701288991023388,0.9758980968783106,0.5
"(6999, 7008)",[[-1.]],-8.42783458535978,7.574518056260928,0.5
"(7000, 7009)",[[-1.]],-13.98332033402536,0.8415868731793097,0.5
"(7001, 7010)",[[-1.]],-9.030662582887851,7.24545035325702,0.5
"(7002, 7011)",[[-1.]],-11.902652303681696,3.693721133426358,0.5
"(7003, 7012)",[[-1.]],-5.639978363562498,11.387910665173735,0.5
"(7004, 7013)",[[-1.]],-10.313934695347013,4.997117316685468,0.5
"(7005, 7014)",[[-1.]],-11.338255595228159,4.055507726731001,0.5
"(7006, 7015)",[[-1.]],-10.466122735573189,5.153060215419778,0.5
"(7007, 7016)",[[-1.]],-11.289633734360274,4.064568194577539,0.5
"(7008, 7017)",[[-1.]],-11.999106261765505,4.019193375427438,0.5
"(7009, 7018)",[[-1.]],-12.941667975327913,2.952476861699836,0.5
"(7010, 7019)",[[-1.]],-11.989989443419832,4.136405933536189,0.5
"(7011, 7020)",[[-1.]],-13.861284838963787,1.6474971555212115,0.5
"(7012, 7021)",[[-1.]],-12.317355824188194,3.4859859347352753,0.5
"(7013, 7022)",[[-1.]],-13.940006221807453,1.3977804743970879,0.5
"(7014, 7023)",[[-1.]],-13.306045279948522,3.008695258185126,0.5
"(7015, 7024)",[[-1.]],-15.802480854326653,0.6236569366271425,0.5
"(7016, 7025)",[[1.]],-14.381338214584078,2.519547482441837,2.5
"(7017, 7026)",[[-1.]],-15.493541166202405,0.8834545377934155,0.5
"(7018, 7027)",[[-1.]],-13.113027956417119,3.4523525126266534,0.5
"(7019, 7028)",[[1.]],-14.831865914427574,1.2109890860226287,2.5
"(7020, 7029)",[[0.99297404]],-13.16476769527555,3.1243754049461785,2.492974042892456
"(7021, 7030)",[[-1.]],-14.808561376006745,1.0654326651725583,0.5
"(7022, 7031)",[[1.]],-13.115591979196145,3.141106735921266,2.5
"(7023, 7032)",[[1.]],-14.717790074482833,1.1450496918631234,2.5
"(7024, 7033)",[[1.]],-11.427985203215453,4.856680463098394,2.5
"(7025, 7034)",[[-1.]],-13.006552537837518,1.3749618095199292,0.5
"(7026, 7035)",[[-1.]],-12.157581485299694,2.404116124000863,0.5
"(7027, 7036)",[[-1.]],-11.506880891428535,3.3510156794357417,0.5
"(7028, 7037)",[[-1.]],-12.417105932479021,2.1664645275032015,0.5
"(7029, 7038)",[[1.]],-10.97213769687706,3.5628672549443188,2.5
"(7030, 7039)",[[-1.]],-12.217903139535746,2.2503409077919887,0.5
"(7031, 7040)",[[-1.]],-13.124346195467798,1.3779417526380975,0.5
"(7032, 7041)",[[1.]],-12.665688469051691,2.1249700068001722,2.5
"(7033, 7042)",[[-1.]],-11.286743459596627,3.6130203950488298,0.5
"(7034, 7043)",[[-1.]],-11.54443589029178,2.8022042948369776,0.5
"(7035, 7044)",[[-1.]],-11.672160200934107,2.9847184977867034,0.5
"(7036, 7045)",[[-1.]],-11.085529321676718,3.694912242250295,0.5
"(7037, 7046)",[[-1.]],-10.983620235549099,3.3554935645394117,0.5
"(7038, 7047)",[[-1.]],-10.450014960969485,4.189825347576452,0.5
"(7039, 7048)",[[-1.]],-10.10845210249354,4.8991510292649085,0.5
"(7040, 7049)",[[-1.]],-10.417891370000289,4.282632622111748,0.5
"(7041, 7050)",[[-1.]],-9.712703398933693,5.041289981150008,0.5
"(7042, 7051)",[[-1.]],-11.173988998171561,3.2227357856044065,0.5
"(7043, 7052)",[[-1.]],-11.233991703195473,3.131337669967195,0.5
"(7044, 7053)",[[-1.]],-11.64373526597476,2.930287219937785,0.5
"(7045, 7054)",[[-1.]],-12.901350770454183,1.2984656588932033,0.5
"(7046, 7055)",[[-1.]],-13.037242756218962,1.4507122164616213,0.5
"(7047, 7056)",[[-1.]],-12.923555333964032,1.6763815525955827,0.5
"(7048, 7057)",[[-1.]],-12.645485928378298,1.7736075252950592,0.5
"(7049, 7058)",[[-1.]],-13.120049188149968,1.6988380059585282,0.5
"(7050, 7059)",[[-1.]],-11.864341727026257,3.253827688901861,0.5
"(7051, 7060)",[[-1.]],-13.07350839263978,1.727488514175107,0.5
"(7052, 7061)",[[-1.]],-12.141036434870859,2.8979743198888954,0.5
"(7053, 7062)",[[-1.]],-12.795713718004572,2.081097994781775,0.5
"(7054, 7063)",[[-1.]],-11.168202035642594,3.9516917175115758,0.5
"(7055, 7064)",[[-1.]],-9.897529941188441,5.337281510287408,0.5
"(7056, 7065)",[[1.]],-13.752895863191183,3.6861756848551863,2.5
"(7057, 7066)",[[-1.]],-15.557661346702814,1.4890023023044865,0.5
"(7058, 7067)",[[-1.]],-15.643395408149665,1.4200069518013478,0.5
"(7059, 7068)",[[-1.]],-14.182215458390049,3.1610191819666333,0.5
"(7060, 7069)",[[-1.]],-15.528085683921196,1.497297264196689,0.5
"(7061, 7070)",[[-1.]],-14.355854973909297,2.991161182347348,0.5
"(7062, 7071)",[[-1.]],-15.614841841105623,1.3386003857455755,0.5
"(7063, 7072)",[[-1.]],-15.042566132389643,2.036210490362409,0.5
"(7064, 7073)",[[1.]],-14.272750017700684,3.043228375777689,2.5
"(7065, 7074)",[[-1.]],-14.045525949139654,3.26035320162757,0.5
"(7066, 7075)",[[-1.]],-13.964533549646974,1.3869191049642176,0.5
"(7067, 7076)",[[-1.]],-13.6242153797295,1.7358976267114947,0.5
"(7068, 7077)",[[1.]],-13.042005680554835,3.5996914575221695,2.5
"(7069, 7078)",[[-1.]],-14.511333119301574,1.6323637115209433,0.5
"(7070, 7079)",[[-1.]],-14.638565342893212,1.6034638744366152,0.5
"(7071, 7080)",[[-1.]],-14.947448463987824,1.2818595816313092,0.5
"(7072, 7081)",[[1.]],-13.31306491123392,3.3240331435210138,2.5
"(7073, 7082)",[[1.]],-14.193079101646019,2.1710844741941564,2.5
"(7074, 7083)",[[-1.]],-13.19631131370451,3.6282073553711083,0.5
"(7075, 7084)",[[1.]],-13.530948769287473,3.294656403679646,2.5
"(7076, 7085)",[[-1.]],-13.229093216011293,3.527193854303178,0.5
"(7077, 7086)",[[-1.]],-13.451230648955162,3.362068675370418,0.5
"(7078, 7087)",[[1.]],-10.430291952270691,5.73341626535972,2.5
"(7079, 7088)",[[-1.]],-13.764690987296879,2.902939562337764,0.5
"(7080, 7089)",[[0.99999344]],-11.32314226791162,6.1022791679953965,2.4999934434890747
"(7081, 7090)",[[1.]],-11.447744428842217,5.87308820260185,2.5
"(7082, 7091)",[[-1.]],-12.347043484775103,4.667178741279682,0.5
"(7083, 7092)",[[-1.]],-14.249258878295679,2.2836410675633614,0.5
"(7084, 7093)",[[-1.]],-12.337223765138837,4.535648326639171,0.5
"(7085, 7094)",[[1.]],-12.160871078794727,4.9547114961318375,2.5
"(7086, 7095)",[[1.]],-11.838674353600702,5.208319607209152,2.5
"(7087, 7096)",[[-1.]],-14.742755817874794,1.373940300895157,0.5
"(7088, 7097)",[[1.]],-11.301259831794683,5.780826696408246,2.5
"(7089, 7098)",[[-1.]],-12.582926608795873,2.423100580924322,0.5
"(7090, 7099)",[[-1.]],-9.58355332737618,6.067283760757846,0.5
"(7091, 7100)",[[-1.]],-13.219977283160876,1.4734134889191708,0.5
"(7092, 7101)",[[-1.]],-6.911122463771129,9.588409547585998,0.5
"(7093, 7102)",[[-1.]],-10.533725534531444,4.993450934880247,0.5
"(7094, 7103)",[[-1.]],-9.994031739670177,5.7500334611264865,0.5
"(7095, 7104)",[[-1.]],-12.547099961103081,2.0395594955491525,0.5
"(7096, 7105)",[[-1.]],-11.693242141316494,3.115433454564336,0.5
"(7097, 7106)",[[-1.]],-13.232065101552243,1.441774458909192,0.5
"(7098, 7107)",[[-1.]],-12.94807298354799,1.4786823787410803,0.5
"(7099, 7108)",[[-1.]],-12.950659764005566,1.5719140488523742,0.5
"(7100, 7109)",[[-1.]],-13.2699430493465,1.3322721951391792,0.5
"(7101, 7110)",[[-1.]],-12.744028291092938,2.0805057754894243,0.5
"(7102, 7111)",[[-1.]],-13.80469056048929,0.4510760483207257,0.5
"(7103, 7112)",[[-1.]],-11.52420221681095,3.558582279204586,0.5
"(7104, 7113)",[[-1.]],-14.49954547461293,0.09328897107035772,0.5
"(7105, 7114)",[[-1.]],-11.902348231564574,3.8428247927927472,0.5
"(7106, 7115)",[[-1.]],-14.695820644254649,0.4318823814736277,0.5
"(7107, 7116)",[[-1.]],-10.654289711660809,6.510021684277973,0.5
"(7108, 7117)",[[-1.]],-14.42308846311291,1.9178358151196768,0.5
"(7109, 7118)",[[-1.]],-10.269077231052021,7.148185057467424,0.5
"(7110, 7119)",[[-1.]],-15.59382192159994,0.3350488017195943,0.5
"(7111, 7120)",[[-1.]],-11.650139978783061,5.422632113965076,0.5
"(7112, 7121)",[[-1.]],-13.584867791403873,2.946453509416088,0.5
"(7113, 7122)",[[1.]],-12.424498750533997,5.351895547465727,2.5
"(7114, 7123)",[[-1.]],-13.512631536877926,3.9004145385850784,0.5
"(7115, 7124)",[[-1.]],-13.985451482347754,3.199886435225883,0.5
"(7116, 7125)",[[1.]],-13.067649838535054,4.386709539163215,2.5
"(7117, 7126)",[[1.]],-13.377364982603895,3.618937980155401,2.5
"(7118, 7127)",[[-1.]],-15.132923266242745,1.3399659593890991,0.5
"(7119, 7128)",[[1.]],-13.079488598160438,3.9059916025259973,2.5
"(7120, 7129)",[[1.]],-13.224937271589067,3.7533528291233083,2.5
"(7121, 7130)",[[1.]],-13.4674582692206,3.489871559189524,2.5
"(7122, 7131)",[[-1.]],-15.46836797578441,1.0559173875307675,0.5
"(7123, 7132)",[[-1.]],-8.885535245006208,7.174504752206726,0.5
"(7124, 7133)",[[-1.]],-11.170806921890467,4.316784656325606,0.5
"(7125, 7134)",[[-1.]],-13.436818290351551,1.5093361231627522,0.5
"(7126, 7135)",[[-1.]],-11.654301467370603,3.6802505475884395,0.5
"(7127, 7136)",[[-1.]],-11.950894065120394,2.875365095446286,0.5
"(7128, 7137)",[[1.]],-12.055437523785768,3.044881026431389,2.5
"(7129, 7138)",[[-1.]],-13.756728483093307,1.2648294804890519,0.5
"(7130, 7139)",[[-1.]],-10.749703013611272,5.333904138919236,0.5
"(7131, 7140)",[[-1.]],-13.947567418730056,1.3953044585445014,0.5
"(7132, 7141)",[[1.]],-9.388130842906138,6.527264985053389,2.5
"(7133, 7142)",[[1.]],-13.94837352219507,0.7107064371907441,2.5
"(7134, 7143)",[[-1.]],-10.580857241388813,4.855476420157803,0.5
"(7135, 7144)",[[-1.]],-14.245933001093459,0.213352700976154,0.5
"(7136, 7145)",[[-1.]],-10.238069206385918,5.191654033114741,0.5
"(7137, 7146)",[[-1.]],-14.131094064351279,0.3647936523438613,0.5
"(7138, 7147)",[[1.]],-10.848777348487417,5.108178780889892,2.5
"(7139, 7148)",[[1.]],-15.281938654433327,0.4418459598062068,2.5
"(7140, 7149)",[[-1.]],-14.047074656817893,1.919666216765398,0.5
"(7141, 7150)",[[-1.]],-15.388925270130953,0.12150320641454648,0.5
"(7142, 7151)",[[-1.]],-14.559512906528589,1.0892056307725912,0.5
"(7143, 7152)",[[-1.]],-15.350504069369885,0.9005864620308142,0.5
"(7144, 7153)",[[-1.]],-14.013879510932021,2.5460050520191544,0.5
"(7145, 7154)",[[-1.]],-15.328819058475002,0.9131924804132758,0.5
"(7146, 7155)",[[-1.]],-14.050052801839993,2.506540556295004,0.5
"(7147, 7156)",[[-1.]],-15.422924053767428,0.7434511412290767,0.5
"(7148, 7157)",[[-1.]],-14.154817512877008,2.257278764100761,0.5
"(7149, 7158)",[[-1.]],-13.376527349582513,2.761129161868455,0.5
"(7150, 7159)",[[-1.]],-13.94410042266757,2.791165091617625,0.5
"(7151, 7160)",[[-1.]],-14.417650002456924,2.1685978129991312,0.5
"(7152, 7161)",[[-1.]],-14.290821381822495,2.3423174301297998,0.5
"(7153, 7162)",[[-1.]],-14.398715136033632,1.2808821859707873,0.5
"(7154, 7163)",[[-1.]],-15.056651488966395,0.6032375359692939,0.5
"(7155, 7164)",[[-1.]],-13.822284639494702,2.29651880700313,0.5
"(7156, 7165)",[[-1.]],-14.421140706582344,1.5318856431060652,0.5
"(7157, 7166)",[[-1.]],-13.632341884280114,2.6340509496253457,0.5
"(7158, 7167)",[[-1.]],-14.77788642339891,1.289634429791498,0.5
"(7159, 7168)",[[-1.]],-13.876403367457089,2.292462261632174,0.5
"(7160, 7169)",[[-1.]],-13.536649451901136,0.6776480998249532,0.5
"(7161, 7170)",[[-1.]],-13.173610696507563,1.069884405806718,0.5
"(7162, 7171)",[[-1.]],-12.67572264691185,2.0690092285598,0.5
"(7163, 7172)",[[-1.]],-13.409944057720919,1.4052221308937227,0.5
"(7164, 7173)",[[-1.]],-12.071666354470535,3.0146281120944174,0.5
"(7165, 7174)",[[-1.]],-13.742125801911907,0.6456217838575711,0.5
"(7166, 7175)",[[-1.]],-12.019459154700828,2.840254784013503,0.5
"(7167, 7176)",[[-1.]],-13.934829117614608,0.6566649433277263,0.5
"(7168, 7177)",[[1.]],-12.090470892268227,3.700209606784986,2.5
"(7169, 7178)",[[1.]],-12.900976012763254,2.659257182880456,2.5
"(7170, 7179)",[[-1.]],-10.97477067077488,5.210602275034846,0.5
"(7171, 7180)",[[-1.]],-13.408687756387863,2.211755960049432,0.5
"(7172, 7181)",[[1.]],-10.70926059468563,5.451953324322458,2.5
"(7173, 7182)",[[-1.]],-13.76917736732615,2.038664598613268,0.5
"(7174, 7183)",[[1.]],-9.327478507055806,7.685012504937664,2.5
"(7175, 7184)",[[-1.]],-13.911646775857758,1.895645511989171,0.5
"(7176, 7185)",[[-1.]],-8.752671892186944,8.462776634512611,0.5
"(7177, 7186)",[[1.]],-13.296101791632294,2.930745417205328,2.5
"(7178, 7187)",[[-1.]],-8.396886648474313,8.284996197440517,0.5
"(7179, 7188)",[[-1.]],-11.036191682603132,4.823244044109934,0.5
"(7180, 7189)",[[-1.]],-9.779200986468428,6.618674028123969,0.5
"(7181, 7190)",[[-1.]],-13.608481321876623,2.736560558648276,0.5
"(7182, 7191)",[[1.]],-12.134689164725389,4.726177164662258,2.5
"(7183, 7192)",[[-1.]],-13.456686615304887,2.839893728990824,0.5
"(7184, 7193)",[[-1.]],-13.310926351763465,2.879792100833164,0.5
"(7185, 7194)",[[-1.]],-13.540101169311692,2.590228409216124,0.5
"(7186, 7195)",[[-1.]],-13.496381820258978,2.51768525514467,0.5
"(7187, 7196)",[[-1.]],-14.211887711511995,1.4829987258805843,0.5
"(7188, 7197)",[[-1.]],-13.288652750328056,2.697317140696967,0.5
"(7189, 7198)",[[-1.]],-14.23476074837949,1.554708402265332,0.5
"(7190, 7199)",[[-1.]],-12.12312314572997,3.796423278582484,0.5
"(7191, 7200)",[[-1.]],-9.577881945298437,5.076664186816167,0.5
"(7192, 7201)",[[-1.]],-9.99658613851401,4.593261301625809,0.5
"(7193, 7202)",[[-1.]],-11.330078125314643,2.0278156521827064,0.5
"(7194, 7203)",[[-1.]],-12.434702902750931,2.145162034327825,0.5
"(7195, 7204)",[[-1.]],-13.543240156352004,1.041275116282229,0.5
"(7196, 7205)",[[-1.]],-15.193201894249908,0.8491521279676686,0.5
"(7197, 7206)",[[-1.]],-14.533537975787459,1.6488018672205929,0.5
"(7198, 7207)",[[-1.]],-15.275931484439749,0.7669445769867362,0.5
"(7199, 7208)",[[-1.]],-14.35617973978876,2.0499526070511678,0.5
"(7200, 7209)",[[-1.]],-15.043531225465555,1.2406204012956117,0.5
"(7201, 7210)",[[-1.]],-14.437293043708284,2.1954231790193326,0.5
"(7202, 7211)",[[-1.]],-15.39417083025587,1.1135649538652999,0.5
"(7203, 7212)",[[-1.]],-14.772691628009886,2.045119098585225,0.5
"(7204, 7213)",[[-1.]],-15.113818386016293,1.3176384675995578,0.5
"(7205, 7214)",[[-1.]],-14.013325156224223,2.6642664401470597,0.5
"(7206, 7215)",[[-1.]],-11.741807378756153,3.2865054755164245,0.5
"(7207, 7216)",[[-1.]],-13.317360030964307,1.8624835861913063,0.5
"(7208, 7217)",[[-1.]],-12.83287867028741,2.4914739657642713,0.5
"(7209, 7218)",[[-1.]],-12.844457172669616,1.8265089744478153,0.5
"(7210, 7219)",[[-1.]],-12.824682184105068,3.350490886975596,0.5
"(7211, 7220)",[[-1.]],-13.580419600264019,2.3250601168703753,0.5
"(7212, 7221)",[[1.]],-12.3809846032105,3.7557527648552096,2.5
"(7213, 7222)",[[-1.]],-14.452094959679163,1.0370830053601416,0.5
"(7214, 7223)",[[-1.]],-12.434701954441888,3.551998452619875,0.5
"(7215, 7224)",[[-1.]],-14.37895664981754,1.098162476878759,0.5
"(7216, 7225)",[[1.]],-12.8027271490459,3.1533122447665285,2.5
"(7217, 7226)",[[-1.]],-13.04329308326464,2.7435416546432716,0.5
"(7218, 7227)",[[-1.]],-11.949913081379808,4.155128658204841,0.5
"(7219, 7228)",[[1.]],-13.89641512410218,1.6703764997102084,2.5
"(7220, 7229)",[[1.]],-11.602944315171694,3.6352544362281414,2.5
"(7221, 7230)",[[1.]],-14.872783245555153,1.3452002939567347,2.5
"(7222, 7231)",[[-1.]],-15.064615354727506,1.1024415361583682,0.5
"(7223, 7232)",[[-1.]],-15.144003613285644,1.0132199363429635,0.5
"(7224, 7233)",[[1.]],-14.860088925259472,1.4214013235909508,2.5
"(7225, 7234)",[[1.]],-14.917043676018144,1.4263066535456979,2.5
"(7226, 7235)",[[1.]],-15.08009084372201,1.0562377298644492,2.5
"(7227, 7236)",[[1.]],-15.010382116170986,1.1167041433421812,2.5
"(7228, 7237)",[[1.]],-15.048352584424704,1.1759117662828826,2.5
"(7229, 7238)",[[-1.]],-15.975597804070343,1.8845472819568605,0.5
"(7230, 7239)",[[-1.]],-15.568623356314292,2.4625024824117396,0.5
"(7231, 7240)",[[-1.]],-15.277836087339344,2.28912699367946,0.5
"(7232, 7241)",[[-1.]],-14.811259357307113,2.8650712512667145,0.5
"(7233, 7242)",[[-1.]],-15.632530047837378,1.8031416998874388,0.5
"(7234, 7243)",[[1.]],-12.5081830248217,5.87179616830678,2.5
"(7235, 7244)",[[-1.]],-15.921691795714132,1.3522724240825217,0.5
"(7236, 7245)",[[-1.]],-15.341306422336041,2.103631052932115,0.5
"(7237, 7246)",[[-1.]],-15.983719298821462,1.3354996046668393,0.5
"(7238, 7247)",[[1.]],-12.479689803258072,5.75896153416673,2.5
"(7239, 7248)",[[-1.]],-11.541358304124655,3.918363267454115,0.5
"(7240, 7249)",[[-1.]],-13.835562961687256,0.4324694544341341,0.5
"(7241, 7250)",[[-1.]],-12.439890720173976,1.8196383889606604,0.5
"(7242, 7251)",[[-1.]],-13.27519291010549,0.6206573354039904,0.5
"(7243, 7252)",[[-1.]],-11.762860826081804,2.7057243489698024,0.5
"(7244, 7253)",[[-1.]],-13.96925466114366,0.11682370901612238,0.5
"(7245, 7254)",[[-1.]],-12.612060761844166,1.682505171248284,0.5
"(7246, 7255)",[[-1.]],-13.974022066979476,-0.05036673372827494,0.5
"(7247, 7256)",[[-1.]],-12.280346160839239,2.014061752166878,0.5
"(7248, 7257)",[[-1.]],-14.025889487906758,-0.1318599607600568,0.5
"(7249, 7258)",[[-1.]],-11.588065948133577,2.5706440230153227,0.5
"(7250, 7259)",[[-1.]],-13.040041407853385,0.4249187406084438,0.5
"(7251, 7260)",[[-1.]],-12.854739291246373,1.7041943320229436,0.5
"(7252, 7261)",[[-1.]],-14.198398326784549,0.47021482215075494,0.5
"(7253, 7262)",[[-1.]],-11.310108341497621,4.222610434262553,0.5
"(7254, 7263)",[[-1.]],-11.700258853699726,3.586586560313421,0.5
"(7255, 7264)",[[1.]],-13.249246819147068,3.1828664463796787,2.5
"(7256, 7265)",[[-1.]],-13.354506305501573,3.257762812893832,0.5
"(7257, 7266)",[[-1.]],-13.74295699821215,2.8348946365986905,0.5
"(7258, 7267)",[[-1.]],-13.462730293793758,3.1792690689919265,0.5
"(7259, 7268)",[[-1.]],-13.720696557158794,2.765688459554548,0.5
"(7260, 7269)",[[-1.]],-13.480234810651732,3.200166876990659,0.5
"(7261, 7270)",[[1.]],-13.375741173182591,3.1096287686217785,2.5
"(7262, 7271)",[[1.]],-15.026310497446156,1.3548376516434928,2.5
"(7263, 7272)",[[-1.]],-14.637501062813124,1.7622906038073474,0.5
"(7264, 7273)",[[-1.]],-15.220612161288944,1.3203726959546298,0.5
"(7265, 7274)",[[-1.]],-14.788541269097015,1.041402399348522,0.5
"(7266, 7275)",[[1.]],-13.637006228280917,2.5431994907303075,2.5
"(7267, 7276)",[[1.]],-12.861694440673862,3.510574023944944,2.5
"(7268, 7277)",[[-1.]],-13.783985194589226,2.447078397374911,0.5
"(7269, 7278)",[[-1.]],-14.850395088497784,2.179239687223962,0.5
"(7270, 7279)",[[1.]],-15.07483556982768,2.089877727653519,2.5
"(7271, 7280)",[[-1.]],-14.5836946531604,2.4636537716038376,0.5
"(7272, 7281)",[[1.]],-13.42584199358084,3.2654296712921855,2.5
"(7273, 7282)",[[-1.]],-14.746136512028832,1.5941581059163337,0.5
"(7274, 7283)",[[-1.]],-15.39272514135363,2.1337456736346905,0.5
"(7275, 7284)",[[-1.]],-15.769758732581854,1.6557117380178763,0.5
"(7276, 7285)",[[1.]],-15.206812106435251,2.3605875518747554,2.5
"(7277, 7286)",[[1.]],-14.893122842636126,2.700264325478493,2.5
"(7278, 7287)",[[1.]],-15.129284310005264,2.440170264449403,2.5
"(7279, 7288)",[[-1.]],-15.863931271153055,1.0948546466838227,0.5
"(7280, 7289)",[[-1.]],-15.543945935072232,1.4884543986452083,0.5
"(7281, 7290)",[[1.]],-14.484252704832594,2.7860936084710133,2.5
"(7282, 7291)",[[-1.]],-15.337162426365728,1.6062426528625204,0.5
"(7283, 7292)",[[1.]],-14.031927932034167,3.247869589817229,2.5
"(7284, 7293)",[[-1.]],-12.759924387372408,2.531350404005197,0.5
"(7285, 7294)",[[1.]],-13.066913110236355,2.857803510844251,2.5
"(7286, 7295)",[[1.]],-13.107954525883748,2.625642012621027,2.5
"(7287, 7296)",[[-1.]],-13.954912631748652,1.4244359335499972,0.5
"(7288, 7297)",[[-1.]],-14.460721426722758,0.5468036511237333,0.5
"(7289, 7298)",[[-1.]],-13.887981718681107,1.2099402315547518,0.5
"(7290, 7299)",[[-1.]],-14.282724320519316,0.5885869638165921,0.5
"(7291, 7300)",[[-1.]],-13.673836838086585,1.0954187528489534,0.5
"(7292, 7301)",[[-1.]],-13.5749918530012,1.2136655155296516,0.5
"(7293, 7302)",[[-1.]],-14.16243531707031,0.4422177320755427,0.5
"(7294, 7303)",[[-1.]],-14.733379160883587,0.08237511242037598,0.5
"(7295, 7304)",[[-1.]],-13.55624534793787,0.9650155572409922,0.5
"(7296, 7305)",[[-1.]],-13.691975160841077,0.897908398451154,0.5
"(7297, 7306)",[[-1.]],-9.400821849434989,6.856872012652708,0.5
"(7298, 7307)",[[-1.]],-13.153309109848056,2.2180766152942546,0.5
"(7299, 7308)",[[-1.]],-10.466299519471363,5.562821308168747,0.5
"(7300, 7309)",[[-1.]],-13.644755372017631,1.6201996193241097,0.5
"(7301, 7310)",[[-1.]],-12.397326105717724,3.749772203743664,0.5
"(7302, 7311)",[[-1.]],-13.693066751125745,2.3019100543791957,0.5
"(7303, 7312)",[[-1.]],-12.871883803188371,3.4879454495839006,0.5
"(7304, 7313)",[[-1.]],-12.785692402349742,3.5494790440471977,0.5
"(7305, 7314)",[[-1.]],-14.278089629716245,1.5470298901304016,0.5
"(7306, 7315)",[[-1.]],-12.024088883556757,4.242235904009329,0.5
"(7307, 7316)",[[-1.]],-14.862813512247095,0.8814937520193418,0.5
"(7308, 7317)",[[-1.]],-12.476783333678933,3.910858273163207,0.5
"(7309, 7318)",[[-1.]],-14.682536286877417,0.9759382355547004,0.5
"(7310, 7319)",[[-1.]],-12.350114510051132,4.058619792170054,0.5
"(7311, 7320)",[[-1.]],-14.534347190863604,2.155701440765041,0.5
"(7312, 7321)",[[-1.]],-13.607131321283406,3.190852766713391,0.5
"(7313, 7322)",[[-1.]],-14.421126241061128,2.0429998407347796,0.5
"(7314, 7323)",[[1.]],-13.439961187673756,3.1957819616012912,2.5
"(7315, 7324)",[[-1.]],-14.399072856566884,1.9583362690522392,0.5
"(7316, 7325)",[[-1.]],-13.06373600915413,3.562672828519963,0.5
"(7317, 7326)",[[0.9999995]],-12.660289882473704,4.073833992632078,2.499999523162842
"(7318, 7327)",[[1.]],-12.499256531226596,4.25632362364224,2.5
"(7319, 7328)",[[-1.]],-13.609984023009813,2.953038361769865,0.5
"(7320, 7329)",[[1.]],-13.444274237604079,2.8978294034380774,2.5
"(7321, 7330)",[[-1.]],-13.140277290536305,2.062245237535393,0.5
"(7322, 7331)",[[-1.]],-14.781404937685375,0.7433361829525253,0.5
"(7323, 7332)",[[1.]],-12.566054175519255,3.7001150428600926,2.5
"(7324, 7333)",[[1.]],-14.611253243784004,1.1136206073247141,2.5
"(7325, 7334)",[[-1.]],-12.791651926855446,3.407197063100515,0.5
"(7326, 7335)",[[-1.]],-14.711559446550392,1.2061660882713738,0.5
"(7327, 7336)",[[-1.]],-11.243616965377313,5.053039973935636,0.5
"(7328, 7337)",[[-1.]],-14.428047707457543,1.11381085067897,0.5
"(7329, 7338)",[[1.]],-10.397040511271546,6.207974223474617,2.5
"(7330, 7339)",[[1.]],-14.712070263223586,0.8976364312536038,2.5
"(7331, 7340)",[[-1.]],-11.376803090556532,4.978143775803865,0.5
"(7332, 7341)",[[-1.]],-14.417184494939,0.9016090118162499,0.5
"(7333, 7342)",[[1.]],-14.23213516945716,2.009952291415619,2.5
"(7334, 7343)",[[1.]],-15.414709357078994,0.8623946418708517,2.5
"(7335, 7344)",[[-1.]],-15.468253055377431,1.110522751748615,0.5
"(7336, 7345)",[[1.]],-15.930334689030504,0.3207960072810163,2.5
"(7337, 7346)",[[-1.]],-15.46904378952321,0.7473040934314588,0.5
"(7338, 7347)",[[-1.]],-15.731391055250745,0.29810873549670447,0.5
"(7339, 7348)",[[-1.]],-15.466621385080868,0.4106753961115883,0.5
"(7340, 7349)",[[-1.]],-15.422567808538425,0.46627875372466043,0.5
"(7341, 7350)",[[-1.]],-15.574585920973078,0.2624217460019693,0.5
"(7342, 7351)",[[-1.]],-15.146450236952894,0.7319886543411513,0.5
"(7343, 7352)",[[-1.]],-14.73115257765141,0.19070584868540585,0.5
"(7344, 7353)",[[-1.]],-14.040507944874607,0.7566101807197665,0.5
"(7345, 7354)",[[-1.]],-12.719984121436331,2.030778239426855,0.5
"(7346, 7355)",[[-1.]],-11.240507408813897,3.5792175391197,0.5
"(7347, 7356)",[[-1.]],-11.942402488611565,2.6585622362221066,0.5
"(7348, 7357)",[[-1.]],-12.07645416527168,2.519574488493806,0.5
"(7349, 7358)",[[-1.]],-11.32758363424895,4.253219710575449,0.5
"(7350, 7359)",[[-1.]],-12.52763551938714,2.5042982573392294,0.5
"(7351, 7360)",[[-1.]],-10.508815942282078,5.404328679598198,0.5
"(7352, 7361)",[[-1.]],-13.289957251797716,1.9189662839369426,0.5
"(7353, 7362)",[[-1.]],-10.437898324187286,5.516453968122985,0.5
"(7354, 7363)",[[-1.]],-13.779802807090887,1.2445273603022535,0.5
"(7355, 7364)",[[-1.]],-12.957693102836036,1.9392370617441124,0.5
"(7356, 7365)",[[-1.]],-12.706733783201988,2.5265031153381443,0.5
"(7357, 7366)",[[-1.]],-11.368345757915796,4.326397522630806,0.5
"(7358, 7367)",[[-1.]],-13.194243439812674,2.432571278236722,0.5
"(7359, 7368)",[[-1.]],-11.7258165530512,3.235512397447664,0.5
"(7360, 7369)",[[-1.]],-11.916057370766637,3.0610308065734273,0.5
"(7361, 7370)",[[-1.]],-11.61331947156464,2.5862421285215405,0.5
"(7362, 7371)",[[-1.]],-11.048406851032844,3.4629903305875267,0.5
"(7363, 7372)",[[1.]],-12.215853381783177,2.3583557743397847,2.5
"(7364, 7373)",[[-1.]],-13.085044513675975,1.2745812289606668,0.5
"(7365, 7374)",[[-1.]],-12.000961996894024,2.784470315165258,0.5
"(7366, 7375)",[[-1.]],-11.725926265864668,2.931404187205043,0.5
"(7367, 7376)",[[-1.]],-13.534550750546918,0.7885201062484768,0.5
"(7368, 7377)",[[-1.]],-11.969947490186696,2.4832374812552303,0.5
"(7369, 7378)",[[-1.]],-13.781626230787491,0.2237648767081346,0.5
"(7370, 7379)",[[1.]],-12.665028771411231,2.1275082154436724,2.5
"(7371, 7380)",[[-1.]],-13.357286643115732,1.2679908037924257,0.5
"(7372, 7381)",[[-1.]],-12.392755275549364,2.3181131872871106,0.5
"(7373, 7382)",[[-1.]],-13.056439513371808,1.0661870462093113,0.5
"(7374, 7383)",[[1.]],-11.293505478701121,3.452953170431016,2.5
"(7375, 7384)",[[1.]],-13.454476673984477,0.755113093942974,2.5
"(7376, 7385)",[[1.]],-12.160434674871455,2.111017067173673,2.5
"(7377, 7386)",[[1.]],-13.338458987763424,1.261999908344544,2.5
"(7378, 7387)",[[-1.]],-10.711648850103055,4.732677352328736,0.5
"(7379, 7388)",[[-1.]],-13.814376811498416,1.370038421504482,0.5
"(7380, 7389)",[[-1.]],-13.934256251155428,1.2121853391944395,0.5
"(7381, 7390)",[[1.]],-13.220321662372184,2.2581795020776045,2.5
"(7382, 7391)",[[1.]],-14.356926122900301,1.0296953066514671,2.5
"(7383, 7392)",[[-1.]],-12.392244443151808,3.8419590328303492,0.5
"(7384, 7393)",[[1.]],-15.70725893380311,1.7621658921742656,2.5
"(7385, 7394)",[[-1.]],-16.746691943680847,0.4149044983041623,0.5
"(7386, 7395)",[[-1.]],-16.94039417426678,0.23147951454530924,0.5
"(7387, 7396)",[[1.]],-15.763562024020363,1.7711379668947278,2.5
"(7388, 7397)",[[-1.]],-17.070620893648847,0.3079927016254058,0.5
"(7389, 7398)",[[-1.]],-15.652015912189553,2.074117238951558,0.5
"(7390, 7399)",[[-1.]],-16.78674090305589,0.5322123325824331,0.5
"(7391, 7400)",[[1.]],-15.481407678481625,2.2334461249884336,2.5
"(7392, 7401)",[[1.]],-16.226907239983806,1.4094569881209553,2.5
"(7393, 7402)",[[1.]],-15.377242645047412,2.3405228496573214,2.5
"(7394, 7403)",[[-1.]],-14.64829053613125,0.4400768233040999,0.5
"(7395, 7404)",[[-1.]],-12.392837749487281,3.3488038027800275,0.5
"(7396, 7405)",[[-1.]],-14.515186135077476,0.6811934520064185,0.5
"(7397, 7406)",[[-1.]],-12.48263725671949,3.2267459807013648,0.5
"(7398, 7407)",[[-1.]],-13.05263092021696,1.8002898171199142,0.5
"(7399, 7408)",[[-1.]],-11.54141324672959,3.5071255992387833,0.5
"(7400, 7409)",[[-1.]],-12.730284759858387,2.0496813201781627,0.5
"(7401, 7410)",[[-1.]],-10.772986968169459,4.452718500361275,0.5
"(7402, 7411)",[[-1.]],-13.230207142826151,1.0148324938505127,0.5
"(7403, 7412)",[[-1.]],-9.191874602992137,6.340215889606423,0.5
"(7404, 7413)",[[-1.]],-13.667996316062949,0.9221469173906272,0.5
"(7405, 7414)",[[-1.]],-7.612902309407396,7.9427460469516085,0.5
"(7406, 7415)",[[-1.]],-12.07926820438021,2.5450294214786453,0.5
"(7407, 7416)",[[-1.]],-8.00045209226381,7.789574100922849,0.5
"(7408, 7417)",[[-1.]],-13.699997859950846,0.5336684507994889,0.5
"(7409, 7418)",[[-1.]],-11.786337191382792,2.6709105632695156,0.5
"(7410, 7419)",[[-1.]],-13.430269727216176,1.1878826727580076,0.5
"(7411, 7420)",[[-1.]],-12.838703855457917,1.9297035112899152,0.5
"(7412, 7421)",[[-1.]],-13.476072850517115,1.0493544834806343,0.5
"(7413, 7422)",[[1.]],-13.840938752829011,2.2692958129054883,2.5
"(7414, 7423)",[[-1.]],-14.379025951764751,1.5697716172997183,0.5
"(7415, 7424)",[[-1.]],-13.880958721962218,2.6200851093374347,0.5
"(7416, 7425)",[[-1.]],-14.38724510891248,1.9693790177467996,0.5
"(7417, 7426)",[[1.]],-14.194731725245447,2.249206251360647,2.5
"(7418, 7427)",[[-1.]],-14.117278727505393,2.278267931321162,0.5
"(7419, 7428)",[[1.]],-13.946157176990996,2.543818221128875,2.5
"(7420, 7429)",[[1.]],-13.424457487404222,3.232093431730739,2.5
"(7421, 7430)",[[1.]],-13.46046244696179,3.2275304120439188,2.5
"(7422, 7431)",[[1.]],-14.975163041762425,2.040665535640395,2.5
"(7423, 7432)",[[-1.]],-12.469266944924419,4.426544941238287,0.5
"(7424, 7433)",[[-1.]],-13.867728835912452,2.7765747067146993,0.5
"(7425, 7434)",[[1.]],-12.771343098925664,3.754336027838132,2.5
"(7426, 7435)",[[-1.]],-13.442252702199582,3.03608404704571,0.5
"(7427, 7436)",[[1.]],-12.633346542079385,3.9495608608885373,2.5
"(7428, 7437)",[[1.]],-13.320099316451856,3.180223233621195,2.5
"(7429, 7438)",[[-1.]],-13.111732236899783,3.7143218906095257,0.5
"(7430, 7439)",[[1.]],-13.953905300219501,2.6505491153272445,2.5
"(7431, 7440)",[[-1.]],-13.404060905185512,3.2872349417456395,0.5
"(7432, 7441)",[[-1.]],-9.526921784267032,6.260883375156332,0.5
"(7433, 7442)",[[-1.]],-10.556229677560681,5.124448578158248,0.5
"(7434, 7443)",[[-1.]],-9.668870411158297,5.8023437136337535,0.5
"(7435, 7444)",[[-1.]],-14.344992315082077,2.282865925934269,0.5
"(7436, 7445)",[[-1.]],-14.183034464206308,2.4807352133840466,0.5
"(7437, 7446)",[[-1.]],-14.610826917217095,2.044324004068849,0.5
"(7438, 7447)",[[1.]],-14.623949930177787,2.267475346413309,2.5
"(7439, 7448)",[[-1.]],-14.930135866555771,1.8703306723477704,0.5
"(7440, 7449)",[[-1.]],-15.923283922362232,0.6522927341345683,0.5
"(7441, 7450)",[[1.]],-14.581612651693002,2.6432403025070625,2.5
"(7442, 7451)",[[-1.]],-16.027850187283182,0.9992639361855105,0.5
"(7443, 7452)",[[-1.]],-14.86478356359588,2.4674010890113554,0.5
"(7444, 7453)",[[-1.]],-15.764849422702415,1.3053815377452853,0.5
"(7445, 7454)",[[1.]],-14.293792493703021,2.9284299344387286,2.5
"(7446, 7455)",[[-1.]],-13.402073252055725,4.056215231789951,0.5
"(7447, 7456)",[[-1.]],-14.35686623057377,2.8520265966370566,0.5
"(7448, 7457)",[[-1.]],-14.415636695595257,2.701224910918995,0.5
"(7449, 7458)",[[-1.]],-14.226238199608407,2.945060117385818,0.5
"(7450, 7459)",[[-1.]],-13.987832453674361,3.299837108162267,0.5
"(7451, 7460)",[[-1.]],-15.032614949005762,1.8784274552720053,0.5
"(7452, 7461)",[[-1.]],-12.969751838323463,3.7414839397443203,0.5
"(7453, 7462)",[[-1.]],-13.354731711693468,3.233352750219085,0.5
"(7454, 7463)",[[-1.]],-13.137584447200862,3.4044311718429974,0.5
"(7455, 7464)",[[-1.]],-7.153981064292981,8.388320866818116,0.5
"(7456, 7465)",[[-1.]],-11.313079146062393,3.183122095609086,0.5
"(7457, 7466)",[[-1.]],-9.60962587743962,5.90513293915247,0.5
"(7458, 7467)",[[1.]],-14.38879132287407,1.894446084221233,2.5
"(7459, 7468)",[[-1.]],-14.898913874175987,1.1551397881830994,0.5
"(7460, 7469)",[[-1.]],-15.120990469111899,1.0432125492644602,0.5
"(7461, 7470)",[[-1.]],-14.96409156226231,1.1821055458360359,0.5
"(7462, 7471)",[[-1.]],-15.251935018832341,0.7992789131325981,0.5
"(7463, 7472)",[[1.]],-14.763586203360038,1.3253369012526441,2.5
"(7464, 7473)",[[-1.]],-15.13812533180467,0.8591350376397173,0.5
"(7465, 7474)",[[-1.]],-15.064081715699997,0.9593288167696628,0.5
"(7466, 7475)",[[-1.]],-14.60641276306405,1.6991471063729335,0.5
"(7467, 7476)",[[-1.]],-15.044011246612703,1.0490888135074758,0.5
"(7468, 7477)",[[-1.]],-10.710741377783512,3.9647583572085736,0.5
"(7469, 7478)",[[-1.]],-13.258785484338247,0.6227073928239015,0.5
"(7470, 7479)",[[-1.]],-12.311588712559745,1.1628252739907445,0.5
"(7471, 7480)",[[-1.]],-12.788865415700796,1.040335441646203,0.5
"(7472, 7481)",[[-1.]],-13.272422372543653,1.0573579018980936,0.5
"(7473, 7482)",[[1.]],-13.133949440692216,1.1439412962417634,2.5
"(7474, 7483)",[[-1.]],-12.560619219712725,1.9906304829366697,0.5
"(7475, 7484)",[[1.]],-11.9970252934121,2.832797935237636,2.5
"(7476, 7485)",[[-1.]],-12.311264357170298,2.287119980837085,0.5
"(7477, 7486)",[[-1.]],-11.031547505336658,3.757683477205571,0.5
"(7478, 7487)",[[-1.]],-11.92567428555686,2.8561519579973584,0.5
"(7479, 7488)",[[-1.]],-12.038444651243635,2.8202656437902203,0.5
"(7480, 7489)",[[1.]],-10.861624124041137,5.268847483853525,2.5
"(7481, 7490)",[[1.]],-12.059768932746843,3.646874830912175,2.5
"(7482, 7491)",[[-1.]],-10.831277050688046,5.660093119573629,0.5
"(7483, 7492)",[[1.]],-9.253480673906584,8.436206863033025,2.5
"(7484, 7493)",[[1.]],-12.737469332211491,4.0970919540195965,2.5
"(7485, 7494)",[[-1.]],-12.137110843848907,4.729314975507438,0.5
"(7486, 7495)",[[-1.]],-13.177426765692875,3.303560399076586,0.5
"(7487, 7496)",[[1.]],-9.398006134929643,8.033933073283967,2.5
"(7488, 7497)",[[1.]],-13.82984650760507,3.5056343570614183,2.5
"(7489, 7498)",[[-1.]],-11.812951579780279,6.019320981570358,0.5
"(7490, 7499)",[[-1.]],-14.403616825420048,2.4795844148322903,0.5
"(7491, 7500)",[[-1.]],-11.569403268095538,5.938996549739112,0.5
"(7492, 7501)",[[1.]],-14.349434972152181,2.222783763782963,2.5
"(7493, 7502)",[[-1.]],-12.678217201859532,3.87974377015135,0.5
"(7494, 7503)",[[-1.]],-14.870417330949518,1.0688903076230751,0.5
"(7495, 7504)",[[-1.]],-13.039648394460079,3.377026394805007,0.5
"(7496, 7505)",[[-1.]],-14.924161938603033,0.9913804925829499,0.5
"(7497, 7506)",[[-1.]],-14.20798383480071,2.04946002765492,0.5
"(7498, 7507)",[[-1.]],-14.108119016678602,0.30705747854130294,0.5
"(7499, 7508)",[[-1.]],-13.366458159263662,0.901131995238746,0.5
"(7500, 7509)",[[-1.]],-13.59649472467371,0.5053294777420483,0.5
"(7501, 7510)",[[-1.]],-13.217930896730065,1.875534232294502,0.5
"(7502, 7511)",[[-1.]],-13.637371533641689,1.2439830648421584,0.5
"(7503, 7512)",[[-1.]],-13.512521596891029,1.5746042077289175,0.5
"(7504, 7513)",[[-1.]],-13.32758061342103,1.9457947453031217,0.5
"(7505, 7514)",[[-1.]],-13.494496211561916,1.5143416668404583,0.5
"(7506, 7515)",[[-1.]],-13.379711055831491,1.6886487084978938,0.5
"(7507, 7516)",[[-1.]],-13.149125743443125,1.7378733467329823,0.5
"(7508, 7517)",[[1.]],-12.39341436210715,3.070393315632206,2.5
"(7509, 7518)",[[-1.]],-12.673142216889797,3.0514766704153686,0.5
"(7510, 7519)",[[-1.]],-14.008104344212674,1.8983105633344266,0.5
"(7511, 7520)",[[-1.]],-13.544056111620542,2.1337275544217853,0.5
"(7512, 7521)",[[1.]],-12.737526762053495,3.0708711221796037,2.5
"(7513, 7522)",[[-1.]],-13.313448482093813,2.730632177796199,0.5
"(7514, 7523)",[[-1.]],-13.154310306913223,2.746564760382128,0.5
"(7515, 7524)",[[-1.]],-13.114054710257326,2.663877219706732,0.5
"(7516, 7525)",[[1.]],-13.200434776549509,2.593834038967536,2.5
"(7517, 7526)",[[1.]],-12.747611409140239,3.1182055337399266,2.5
"(7518, 7527)",[[-1.]],-13.776472228183733,1.4489876743233374,0.5
"(7519, 7528)",[[-1.]],-14.417689166300825,0.7854049745301985,0.5
"(7520, 7529)",[[1.]],-12.88780155286809,2.3244715777724156,2.5
"(7521, 7530)",[[-1.]],-13.634397812410192,1.3323835271207987,0.5
"(7522, 7531)",[[-1.]],-14.08953925444888,0.9825113496513609,0.5
"(7523, 7532)",[[1.]],-12.575539467482828,2.671127545328357,2.5
"(7524, 7533)",[[-1.]],-11.645377318915486,4.058777901453244,0.5
"(7525, 7534)",[[-1.]],-14.611279329153907,0.6093931964383863,0.5
"(7526, 7535)",[[-1.]],-13.468875612377802,1.969589781277369,0.5
"(7527, 7536)",[[1.]],-12.659086265728375,2.8459171783427095,2.5
"(7528, 7537)",[[-1.]],-13.730711821120812,2.3918947804634865,0.5
"(7529, 7538)",[[-1.]],-16.57013510114068,1.0130097249389354,0.5
"(7530, 7539)",[[-1.]],-15.816407570149872,1.9847265285225162,0.5
"(7531, 7540)",[[1.]],-16.277090285452655,1.3958299974179895,2.5
"(7532, 7541)",[[-1.]],-16.385075935404277,1.207412891155137,0.5
"(7533, 7542)",[[-1.]],-16.620035044736415,0.8713838961681022,0.5
"(7534, 7543)",[[-1.]],-17.112408805510704,0.30619859105307734,0.5
"(7535, 7544)",[[1.]],-16.173005677860168,1.5466153109189706,2.5
"(7536, 7545)",[[1.]],-16.177301903955943,1.562081685813713,2.5
"(7537, 7546)",[[-0.9999115]],-16.44983777095548,1.2208444514242527,0.5000885128974915
"(7538, 7547)",[[1.]],-15.543088581770169,2.062881124980791,2.5
"(7539, 7548)",[[-1.]],-10.401086091342378,5.722096980797579,0.5
"(7540, 7549)",[[-1.]],-14.203680727516891,1.1704045778701069,0.5
"(7541, 7550)",[[-1.]],-11.547565937933422,4.576391883731839,0.5
"(7542, 7551)",[[-1.]],-14.439693377967348,0.9666578742987273,0.5
"(7543, 7552)",[[-1.]],-11.936076849134592,3.6164645926855297,0.5
"(7544, 7553)",[[-1.]],-13.555328096642038,2.161710029907132,0.5
"(7545, 7554)",[[-1.]],-13.814428857591086,1.7661081349315708,0.5
"(7546, 7555)",[[-1.]],-13.850554530261945,1.7477057398805567,0.5
"(7547, 7556)",[[-1.]],-14.449754252162018,0.8573476517351981,0.5
"(7548, 7557)",[[-1.]],-13.58838840354946,2.162867642217952,0.5
"(7549, 7558)",[[-1.]],-14.227158549281418,1.478904814448887,0.5
"(7550, 7559)",[[-1.]],-14.064196955310832,1.947418237960644,0.5
"(7551, 7560)",[[-1.]],-14.44944047364837,1.38810137857379,0.5
"(7552, 7561)",[[-1.]],-13.774796993887572,2.54581252956865,0.5
"(7553, 7562)",[[-1.]],-14.49159662322769,1.721031140065099,0.5
"(7554, 7563)",[[-1.]],-12.849186871129103,2.9518469557862765,0.5
"(7555, 7564)",[[-1.]],-12.863428891379462,3.0081178175576255,0.5
"(7556, 7565)",[[-1.]],-13.966203612063229,2.4461749397789223,0.5
"(7557, 7566)",[[-1.]],-13.385173803919518,3.2032469635003746,0.5
"(7558, 7567)",[[-1.]],-14.212778682347151,2.227385255275543,0.5
"(7559, 7568)",[[-1.]],-14.480950112250516,1.7970468051681134,0.5
"(7560, 7569)",[[-1.]],-12.630312567534299,3.79025822700925,0.5
"(7561, 7570)",[[-1.]],-12.961692875633622,3.3084191499849975,0.5
"(7562, 7571)",[[-1.]],-12.674045236496264,3.502609463101912,0.5
"(7563, 7572)",[[1.]],-13.092417086382858,3.411679007825086,2.5
"(7564, 7573)",[[1.]],-14.69301553320277,1.338714525824539,2.5
"(7565, 7574)",[[-1.]],-13.41912580405402,2.955343757615422,0.5
"(7566, 7575)",[[-1.]],-13.624431934617744,1.803379510702019,0.5
"(7567, 7576)",[[-1.]],-13.39616558034712,2.3162719332219943,0.5
"(7568, 7577)",[[1.]],-13.130081333131866,2.705634548496917,2.5
"(7569, 7578)",[[1.]],-13.687831472349679,2.1100397875856203,2.5
"(7570, 7579)",[[-1.]],-13.325035771610056,2.8231963225066323,0.5
"(7571, 7580)",[[-1.]],-14.195780566931322,1.8419449389552547,0.5
"(7572, 7581)",[[1.]],-13.474264327235254,2.8978626243048193,2.5
"(7573, 7582)",[[1.]],-14.669285432734034,0.7969982129658497,2.5
"(7574, 7583)",[[-1.]],-10.143489450291849,6.235864271998253,0.5
"(7575, 7584)",[[1.]],-13.966271990571652,1.6956185204042136,2.5
"(7576, 7585)",[[-1.]],-9.537994829940299,7.343092443353763,0.5
"(7577, 7586)",[[1.]],-14.1329136820189,1.528102209963663,2.5
"(7578, 7587)",[[1.]],-10.401506450456749,6.129206869425635,2.5
"(7579, 7588)",[[1.]],-14.028016590737987,1.5219183010162194,2.5
"(7580, 7589)",[[-1.]],-11.31472509432779,4.528791710008592,0.5
"(7581, 7590)",[[-1.]],-14.377747349432601,1.0734586324433995,0.5
"(7582, 7591)",[[-1.]],-12.300147622444994,3.2765204828993415,0.5
"(7583, 7592)",[[-1.]],-11.85143813944522,3.701271339144702,0.5
"(7584, 7593)",[[-1.]],-11.993344756054508,3.4882559193865017,0.5
"(7585, 7594)",[[-1.]],-12.487678191286996,2.1525630255729578,0.5
"(7586, 7595)",[[-1.]],-12.277219388208424,2.2362148786804354,0.5
"(7587, 7596)",[[-1.]],-12.991757202825191,1.3757005037806564,0.5
"(7588, 7597)",[[-1.]],-11.044928736935278,3.6070993916957264,0.5
"(7589, 7598)",[[-1.]],-10.48418458836333,4.050784150323681,0.5
"(7590, 7599)",[[1.]],-12.249945828478326,3.0566520994781676,2.5
"(7591, 7600)",[[-1.]],-11.903505607431741,3.314157924051708,0.5
"(7592, 7601)",[[-1.]],-13.401763204693145,1.8356371371951177,0.5
"(7593, 7602)",[[-1.]],-12.38287861622552,3.0191755888655205,0.5
"(7594, 7603)",[[-1.]],-12.811635091673995,2.436978486417008,0.5
"(7595, 7604)",[[-1.]],-14.226588397685132,2.376936439356278,0.5
"(7596, 7605)",[[-1.]],-13.94326558926516,2.7132570628147192,0.5
"(7597, 7606)",[[-1.]],-14.256504203222335,2.3464440919510707,0.5
"(7598, 7607)",[[1.]],-14.441379058665861,2.2958726645490533,2.5
"(7599, 7608)",[[-1.]],-14.594884410861791,2.1051461950145356,0.5
"(7600, 7609)",[[-1.]],-14.8524557091062,1.5609392889344864,0.5
"(7601, 7610)",[[-1.]],-14.66695160166577,1.8392842644832186,0.5
"(7602, 7611)",[[-1.]],-15.164301951626829,1.1585507563709783,0.5
"(7603, 7612)",[[-1.]],-14.559070914495704,2.404000447850926,0.5
"(7604, 7613)",[[-1.]],-15.207029988730225,1.5676803282345215,0.5
"(7605, 7614)",[[-1.]],-13.244589941660823,2.4983857942230543,0.5
"(7606, 7615)",[[-1.]],-13.213266404737448,2.573056203051417,0.5
"(7607, 7616)",[[-1.]],-13.010478458117518,2.9646863946642874,0.5
"(7608, 7617)",[[-1.]],-12.482649778934295,3.483421660998717,0.5
"(7609, 7618)",[[-1.]],-11.485175241006086,4.83716028282006,0.5
"(7610, 7619)",[[-1.]],-12.667753843184983,3.404405436699655,0.5
"(7611, 7620)",[[-1.]],-11.312057514800982,5.475574709881542,0.5
"(7612, 7621)",[[-1.]],-13.811892580680581,2.4351676667820605,0.5
"(7613, 7622)",[[-1.]],-11.097423378445436,5.1032505761594145,0.5
"(7614, 7623)",[[-1.]],-12.488870518253828,3.150375624453833,0.5
"(7615, 7624)",[[1.]],-10.111969611472627,6.103849620071713,2.5
"(7616, 7625)",[[-1.]],-13.1466380249954,2.15171660316809,0.5
"(7617, 7626)",[[1.]],-10.853492081757475,5.563806679671908,2.5
"(7618, 7627)",[[1.]],-14.450487953120776,1.0558487108984096,2.5
"(7619, 7628)",[[-1.]],-14.461118970804355,0.8680859632891629,0.5
"(7620, 7629)",[[1.]],-14.291918498663575,1.0180098417041261,2.5
"(7621, 7630)",[[-1.]],-14.154151036394396,1.4740478277017957,0.5
"(7622, 7631)",[[-1.]],-14.039268657192368,1.6327634949744478,0.5
"(7623, 7632)",[[1.]],-13.58265849634256,2.231291976817859,2.5
"(7624, 7633)",[[-1.]],-14.148820781455646,1.5068242474384697,0.5
"(7625, 7634)",[[-1.]],-14.130584770129184,1.6422016340125083,0.5
"(7626, 7635)",[[-1.]],-14.609886703152833,1.0421952278648696,0.5
"(7627, 7636)",[[-1.]],-13.817965744820688,1.0107997538909856,0.5
"(7628, 7637)",[[-1.]],-13.60601445717918,1.988005613299208,0.5
"(7629, 7638)",[[-1.]],-13.529228012117343,1.9741025025098136,0.5
"(7630, 7639)",[[1.]],-13.25607576895732,2.288906261857667,2.5
"(7631, 7640)",[[1.]],-12.073018212925888,3.1390375284517393,2.5
"(7632, 7641)",[[-1.]],-12.875331972031688,2.166110930977128,0.5
"(7633, 7642)",[[-1.]],-13.991459778534225,0.8735049885616633,0.5
"(7634, 7643)",[[-1.]],-12.191239440676293,3.3733757536402873,0.5
"(7635, 7644)",[[1.]],-12.656395642027421,3.133473644639121,2.5
"(7636, 7645)",[[1.]],-15.200613032752921,1.3455306292293567,2.5
"(7637, 7646)",[[-1.]],-14.033064636194268,2.748438811517717,0.5
"(7638, 7647)",[[-1.]],-14.623253750153653,1.3819946100409872,0.5
"(7639, 7648)",[[-1.]],-13.424081670891004,2.9315182422863444,0.5
"(7640, 7649)",[[-1.]],-14.648180393461168,1.3439717204491615,0.5
"(7641, 7650)",[[-1.]],-13.14982063600723,3.127558581077004,0.5
"(7642, 7651)",[[-1.]],-14.656486240630693,1.2104858833008993,0.5
"(7643, 7652)",[[-1.]],-14.123604310734372,1.8584195478323249,0.5
"(7644, 7653)",[[-1.]],-14.81056884997215,1.070207654396114,0.5
"(7645, 7654)",[[-1.]],-14.46604296097178,1.6789489654065193,0.5
"(7646, 7655)",[[-1.]],-14.287680307049378,0.571269620854558,0.5
"(7647, 7656)",[[-1.]],-14.19755770893558,0.5474402889239265,0.5
"(7648, 7657)",[[-1.]],-14.36503306933581,0.3620052896753059,0.5
"(7649, 7658)",[[-1.]],-14.370442154537832,0.17954245350240328,0.5
"(7650, 7659)",[[1.]],-15.289294332112727,1.109679258581398,2.5
"(7651, 7660)",[[-1.]],-15.023369098484906,1.3676981759770666,0.5
"(7652, 7661)",[[-1.]],-15.56951575890976,0.6465235147313368,0.5
"(7653, 7662)",[[-1.]],-15.077251763170162,1.2668943549486045,0.5
"(7654, 7663)",[[-1.]],-14.766643707675055,1.6906542029032678,0.5
"(7655, 7664)",[[-1.]],-14.268767141857104,2.191230899708156,0.5
"(7656, 7665)",[[-1.]],-14.297151002642122,2.2094653814200598,0.5
"(7657, 7666)",[[-1.]],-13.541228995252807,3.1832669740295856,0.5
"(7658, 7667)",[[-1.]],-13.97348582993764,2.646928009366201,0.5
"(7659, 7668)",[[-1.]],-14.159965173065052,2.4333062594292585,0.5
"(7660, 7669)",[[-1.]],-12.179977985174075,3.104695961867158,0.5
"(7661, 7670)",[[-1.]],-11.678852711526709,3.964355641632128,0.5
"(7662, 7671)",[[-1.]],-10.706779700691948,5.647917108723476,0.5
"(7663, 7672)",[[-1.]],-12.391928096508117,3.411582918045017,0.5
"(7664, 7673)",[[1.]],-10.31682230481472,5.800592508592391,2.5
"(7665, 7674)",[[1.]],-13.98784218043332,1.3873793312471214,2.5
"(7666, 7675)",[[-1.]],-11.087236857930783,5.254091355498295,0.5
"(7667, 7676)",[[-1.]],-14.656369040028544,0.9096040214553902,0.5
"(7668, 7677)",[[-1.]],-8.660734746177393,8.230382001637434,0.5
"(7669, 7678)",[[1.]],-14.67984166876374,0.7723157991511567,2.5
"(7670, 7679)",[[-1.]],-9.185052281109447,7.626686610955833,0.5
"(7671, 7680)",[[-1.]],-14.75481818923393,0.3690687265600605,0.5
"(7672, 7681)",[[-1.]],-10.009764179487705,5.960549102035575,0.5
"(7673, 7682)",[[1.]],-14.500531953392098,0.36458489705081476,2.5
"(7674, 7683)",[[1.]],-11.23229638942084,4.345584190722894,2.5
"(7675, 7684)",[[-1.]],-14.526925843823387,0.5623679613571912,0.5
"(7676, 7685)",[[1.]],-8.906345864236375,7.321208790768308,2.5
"(7677, 7686)",[[-1.]],-9.75871028972314,6.37021320957216,0.5
"(7678, 7687)",[[-1.]],-12.084701037278403,3.515934656481427,0.5
"(7679, 7688)",[[-1.]],-13.429268614988203,1.7901850535108004,0.5
"(7680, 7689)",[[1.]],-10.557248506872225,6.130869588904895,2.5
"(7681, 7690)",[[-1.]],-14.04450910411796,2.0084936788547783,0.5
"(7682, 7691)",[[-1.]],-11.396272017824026,5.354961939498842,0.5
"(7683, 7692)",[[-1.]],-13.289951715032212,3.1022026578309845,0.5
"(7684, 7693)",[[1.]],-11.702051750912716,5.053312749736394,2.5
"(7685, 7694)",[[-1.]],-14.261289151693383,1.5609183535792388,0.5
"(7686, 7695)",[[1.]],-11.769947929544227,4.710126214872643,2.5
"(7687, 7696)",[[-1.]],-14.178408692498405,1.6032713524272477,0.5
"(7688, 7697)",[[-1.]],-11.266523599000756,5.234254525698743,0.5
"(7689, 7698)",[[-1.]],-14.111955078845007,1.7094495526669373,0.5
"(7690, 7699)",[[-1.]],-7.690581679779096,9.734882023682857,0.5
"(7691, 7700)",[[-1.]],-12.83760970256918,2.92335318520022,0.5
"(7692, 7701)",[[-1.]],-8.200313028329557,8.871876235130365,0.5
"(7693, 7702)",[[-1.]],-12.761345875279144,2.92011096015187,0.5
"(7694, 7703)",[[-1.]],-11.028533987045186,5.251962863567018,0.5
"(7695, 7704)",[[-1.]],-12.501221338182155,3.272622415662857,0.5
"(7696, 7705)",[[-1.]],-11.455073124373364,4.41278720632112,0.5
"(7697, 7706)",[[-1.]],-13.07479843715205,2.7235981537298386,0.5
"(7698, 7707)",[[-1.]],-10.605354549291615,5.962634864893479,0.5
"(7699, 7708)",[[-1.]],-12.973968904202351,3.1464055248089444,0.5
"(7700, 7709)",[[-1.]],-13.745462873108798,1.5161286150469309,0.5
"(7701, 7710)",[[-1.]],-11.47578548864341,4.422312119902394,0.5
"(7702, 7711)",[[-1.]],-13.0392360856879,2.494946330532974,0.5
"(7703, 7712)",[[-1.]],-12.189854343646488,3.542542525880169,0.5
"(7704, 7713)",[[-1.]],-13.641028225367215,2.2424469148179167,0.5
"(7705, 7714)",[[-1.]],-9.487892785170999,7.656710450663477,0.5
"(7706, 7715)",[[-1.]],-11.27605131464568,5.553186099910166,0.5
"(7707, 7716)",[[-1.]],-10.749869453086287,5.868761493389638,0.5
"(7708, 7717)",[[-1.]],-12.74904306303739,3.394769080577392,0.5
"(7709, 7718)",[[-1.]],-13.984725359046413,1.6883877126633617,0.5
"(7710, 7719)",[[-1.]],-11.53632609195417,4.706642369813229,0.5
"(7711, 7720)",[[-1.]],-13.352994764373484,2.4145332388424308,0.5
"(7712, 7721)",[[-1.]],-10.99492875129416,5.357222751544207,0.5
"(7713, 7722)",[[-1.]],-14.201189836109812,1.3480024470612353,0.5
"(7714, 7723)",[[-1.]],-9.535979825440052,6.264429719837192,0.5
"(7715, 7724)",[[-1.]],-11.988024065096958,2.64996971824457,0.5
"(7716, 7725)",[[1.]],-10.22027175251793,4.850965365299501,2.5
"(7717, 7726)",[[1.]],-13.395533187148422,1.0315336456277429,2.5
"(7718, 7727)",[[-1.]],-11.698883880567136,3.1600187209905393,0.5
"(7719, 7728)",[[-1.]],-13.54911873091231,0.7251166470812613,0.5
"(7720, 7729)",[[-1.]],-12.061284494341079,2.8522098419780164,0.5
"(7721, 7730)",[[-1.]],-14.039824741680812,0.40482443795250234,0.5
"(7722, 7731)",[[-1.]],-13.184374370421402,1.2101926595593824,0.5
"(7723, 7732)",[[1.]],-14.113391776464635,0.09814582478963807,2.5
"(7724, 7733)",[[1.]],-13.242157390999266,2.119875071923655,2.5
"(7725, 7734)",[[-1.]],-13.346319438004763,1.9656323053522335,0.5
"(7726, 7735)",[[-1.]],-13.398358530581856,1.989430255466715,0.5
"(7727, 7736)",[[1.]],-12.613223310964884,2.936874383942559,2.5
"(7728, 7737)",[[1.]],-12.077066534805462,3.4768311021493243,2.5
"(7729, 7738)",[[-1.]],-12.510505886676015,3.165115300096211,0.5
"(7730, 7739)",[[-1.]],-12.275476242946128,3.3935968367644342,0.5
"(7731, 7740)",[[-1.]],-11.573768326944402,4.306763498095867,0.5
"(7732, 7741)",[[-1.]],-12.484464178810946,3.503420282118718,0.5
"(7733, 7742)",[[-1.]],-12.154166418085419,4.196094319276954,0.5
"(7734, 7743)",[[-1.]],-12.37100494683486,2.6383332726194038,0.5
"(7735, 7744)",[[-1.]],-9.147393284144576,6.797341404232315,0.5
"(7736, 7745)",[[-1.]],-11.504426121487468,3.4674723353989005,0.5
"(7737, 7746)",[[-1.]],-10.983830278084865,4.015507948441128,0.5
"(7738, 7747)",[[-1.]],-10.844671741086296,4.110964629762149,0.5
"(7739, 7748)",[[-1.]],-8.553336306783724,6.832934259109637,0.5
"(7740, 7749)",[[-1.]],-10.871717358990956,3.9041808495658437,0.5
"(7741, 7750)",[[-1.]],-7.85112847380951,7.911241783768533,0.5
"(7742, 7751)",[[-1.]],-13.605756663179815,1.0303105210546537,0.5
"(7743, 7752)",[[-1.]],-13.116845623344455,1.5819687854388818,0.5
"(7744, 7753)",[[-1.]],-13.368216133596043,1.195253377629701,0.5
"(7745, 7754)",[[-1.]],-12.991049568074606,1.5569210159797162,0.5
"(7746, 7755)",[[-1.]],-14.632203480515388,0.6683852272566,0.5
"(7747, 7756)",[[-1.]],-14.278196226877595,1.1724410163479586,0.5
"(7748, 7757)",[[-1.]],-14.731681563135044,0.7342472995208009,0.5
"(7749, 7758)",[[-1.]],-15.266230429043715,0.27000213169155174,0.5
"(7750, 7759)",[[-1.]],-13.098095641977865,3.1671240120551136,0.5
"(7751, 7760)",[[-1.]],-15.258042442528378,0.4155429008071092,0.5
"(7752, 7761)",[[-1.]],-12.70680778776075,3.4510210838406046,0.5
"(7753, 7762)",[[1.]],-15.205417539317835,0.6992430920974968,2.5
"(7754, 7763)",[[-1.]],-13.065435366497974,3.631215593140265,0.5
"(7755, 7764)",[[-1.]],-15.32727422316842,0.6767190759651616,0.5
"(7756, 7765)",[[-1.]],-9.754894348812122,6.781834160607968,0.5
"(7757, 7766)",[[-1.]],-13.731058755491867,1.5673125496427076,0.5
"(7758, 7767)",[[-1.]],-8.552437745961603,8.450739238468348,0.5
"(7759, 7768)",[[-1.]],-13.387430468128565,2.0238970700724863,0.5
"(7760, 7769)",[[-1.]],-10.007696712993887,5.75233274431832,0.5
"(7761, 7770)",[[-1.]],-12.638169079669533,2.3760288812202965,0.5
"(7762, 7771)",[[-1.]],-9.747293306523371,5.9631439150372465,0.5
"(7763, 7772)",[[-1.]],-12.468722859214623,1.5247602019825202,0.5
"(7764, 7773)",[[-1.]],-14.75894415887511,1.712133510721733,0.5
"(7765, 7774)",[[-1.]],-15.151005757393275,1.254342745698679,0.5
"(7766, 7775)",[[1.]],-14.048478076741114,2.5834917221903186,2.5
"(7767, 7776)",[[1.]],-14.866046444821407,1.4801888100527112,2.5
"(7768, 7777)",[[-1.]],-14.471680111823183,1.8972176873785251,0.5
"(7769, 7778)",[[1.]],-14.696786912167214,1.6477788906805877,2.5
"(7770, 7779)",[[1.]],-14.99097966562229,2.104908113156032,2.5
"(7771, 7780)",[[1.]],-15.822858077087952,1.0914510408747011,2.5
"(7772, 7781)",[[-1.]],-15.252557627339034,2.0074385425198313,0.5
"(7773, 7782)",[[1.]],-14.79622918272628,2.7066550021017735,2.5
"(7774, 7783)",[[1.]],-14.204254999928407,2.964745364723174,2.5
"(7775, 7784)",[[-1.]],-14.145899596951015,3.182437860910655,0.5
"(7776, 7785)",[[-1.]],-14.960123350587368,2.1894689390815953,0.5
"(7777, 7786)",[[1.]],-13.84609275333477,3.6945947045358007,2.5
"(7778, 7787)",[[1.]],-14.974880908192553,2.3543150541904234,2.5
"(7779, 7788)",[[-1.]],-13.774266405961848,3.8402388495130637,0.5
"(7780, 7789)",[[-1.]],-13.57581888468131,2.8452346311341508,0.5
"(7781, 7790)",[[-1.]],-6.844734905828783,11.149297248297646,0.5
"(7782, 7791)",[[-1.]],-14.88705566453294,0.7128692328213635,0.5
"(7783, 7792)",[[-1.]],-8.172592834827974,8.714636486605125,0.5
"(7784, 7793)",[[-1.]],-14.28944656523307,1.3644964508891722,0.5
"(7785, 7794)",[[-1.]],-16.435103591722648,0.47408846658565285,0.5
"(7786, 7795)",[[-1.]],-16.001506240927803,1.0423980672308777,0.5
"(7787, 7796)",[[1.]],-16.475962539415534,0.5886026937107611,2.5
"(7788, 7797)",[[-1.]],-16.247069014340624,0.9460453904977313,0.5
"(7789, 7798)",[[-1.]],-16.57730638036681,0.561116903039228,0.5
"(7790, 7799)",[[-1.]],-16.308584674251573,1.1129666598763244,0.5
"(7791, 7800)",[[-1.]],-16.72909308864276,0.5905587667335208,0.5
"(7792, 7801)",[[1.]],-16.35146708610109,1.1600462873466828,2.5
"(7793, 7802)",[[1.]],-16.786396046691937,0.7056960643237611,2.5
"(7794, 7803)",[[1.]],-15.831600513699438,1.5508704049639652,2.5
"(7795, 7804)",[[-1.]],-14.167509619304704,1.4796333297491024,0.5
"(7796, 7805)",[[-1.]],-14.61578570751855,0.9523256990707178,0.5
"(7797, 7806)",[[-1.]],-14.22484574846459,1.3692697470036226,0.5
"(7798, 7807)",[[-1.]],-14.185085082423827,1.4735088725557475,0.5
"(7799, 7808)",[[-1.]],-14.165489245134438,1.4397143101414542,0.5
"(7800, 7809)",[[-1.]],-11.547780502111419,2.639015114100193,0.5
"(7801, 7810)",[[-1.]],-11.10185695756786,4.123140762020544,0.5
"(7802, 7811)",[[-1.]],-10.370412544936991,5.211043549002245,0.5
"(7803, 7812)",[[-1.]],-9.439616318881292,6.454286819017145,0.5
"(7804, 7813)",[[-1.]],-10.265106618722278,5.417153651385409,0.5
"(7805, 7814)",[[-1.]],-9.05363667267973,6.748183230830591,0.5
"(7806, 7815)",[[-1.]],-10.216471476286893,5.256966394430918,0.5
"(7807, 7816)",[[-1.]],-10.507869800084968,5.103988019600944,0.5
"(7808, 7817)",[[-1.]],-11.45383781148579,5.475668380388189,0.5
"(7809, 7818)",[[-1.]],-11.945800075247957,4.823605209504823,0.5
"(7810, 7819)",[[-1.]],-13.256667799577698,3.088220156376412,0.5
"(7811, 7820)",[[-1.]],-12.513320373352729,3.5549626222558164,0.5
"(7812, 7821)",[[-1.]],-13.243434838211796,2.5005902530352877,0.5
"(7813, 7822)",[[-1.]],-13.200448287660466,2.3988464938887653,0.5
"(7814, 7823)",[[-1.]],-14.344023035250574,0.9776239770718504,0.5
"(7815, 7824)",[[1.]],-12.61681663348421,3.138435317591483,2.5
"(7816, 7825)",[[1.]],-11.362029368764121,4.711716713009835,2.5
"(7817, 7826)",[[-1.]],-14.034689620301656,1.2769262180263077,0.5
"(7818, 7827)",[[1.]],-10.798366506514853,4.602201683301804,2.5
"(7819, 7828)",[[1.]],-14.10600095414288,0.8973038884835844,2.5
"(7820, 7829)",[[-1.]],-12.543108623821414,4.206522676929204,0.5
"(7821, 7830)",[[-1.]],-15.395618698419671,0.8583755897209606,0.5
"(7822, 7831)",[[-1.]],-12.474879117206916,4.536180553243394,0.5
"(7823, 7832)",[[1.]],-15.568743584843794,1.2462397466456903,2.5
"(7824, 7833)",[[1.]],-15.611545069743133,1.579921253557444,2.5
"(7825, 7834)",[[-1.]],-15.675757825771742,1.653137726969379,0.5
"(7826, 7835)",[[1.]],-15.57223243664164,1.839750209004599,2.5
"(7827, 7836)",[[1.]],-15.45974747123258,2.0774307913901104,2.5
"(7828, 7837)",[[-1.]],-16.57536198213335,0.45790995106473,0.5
"(7829, 7838)",[[1.]],-15.11019666336894,2.1978840400278408,2.5
"(7830, 7839)",[[1.]],-15.630622221941426,1.2226809301863977,2.5
"(7831, 7840)",[[-1.]],-14.135823918190491,3.273103580300975,0.5
"(7832, 7841)",[[1.]],-15.892831735795632,1.4722235047134644,2.5
"(7833, 7842)",[[-1.]],-12.510969310983953,5.062992520717591,0.5
"(7834, 7843)",[[-1.]],-12.185226209327865,4.738825968601807,0.5
"(7835, 7844)",[[-1.]],-12.545141594114224,4.007432767508244,0.5
"(7836, 7845)",[[1.]],-12.163021948035771,4.471950368532632,2.5
"(7837, 7846)",[[1.]],-13.387566944062891,2.918397569404191,2.5
"(7838, 7847)",[[-1.]],-10.943569663341519,5.935405008670507,0.5
"(7839, 7848)",[[-1.]],-13.351052823479407,2.868831595564785,0.5
"(7840, 7849)",[[-1.]],-11.341522947709667,5.317492405194448,0.5
"(7841, 7850)",[[-1.]],-13.876241128227289,2.0722109068535257,0.5
"(7842, 7851)",[[-1.]],-10.781630005711937,4.67504221436424,0.5
"(7843, 7852)",[[-1.]],-12.913368940825949,1.967516073708726,0.5
"(7844, 7853)",[[-1.]],-9.27217082510061,5.276503804400573,0.5
"(7845, 7854)",[[-1.]],-11.128463226407103,2.940561888052784,0.5
"(7846, 7855)",[[-1.]],-8.697323140857883,6.221911050143621,0.5
"(7847, 7856)",[[-1.]],-10.822610980081956,2.840428938781322,0.5
"(7848, 7857)",[[-1.]],-11.40277354088883,2.838547619660595,0.5
"(7849, 7858)",[[-1.]],-10.198027796366725,4.463659992050861,0.5
"(7850, 7859)",[[-1.]],-10.61118791198678,4.1144902593810215,0.5
"(7851, 7860)",[[-1.]],-12.354696312190764,2.0022794208390806,0.5
"(7852, 7861)",[[-1.]],-10.055048751445055,4.649117130208644,0.5
"(7853, 7862)",[[-1.]],-11.980201264036276,2.67955750208899,0.5
"(7854, 7863)",[[-1.]],-12.049503674497776,2.7796867556942324,0.5
"(7855, 7864)",[[-1.]],-13.238073917405575,1.264483229399815,0.5
"(7856, 7865)",[[-1.]],-12.80536966136042,1.6194415819626897,0.5
"(7857, 7866)",[[-1.]],-13.634201737417383,0.9655854818601313,0.5
"(7858, 7867)",[[-1.]],-13.396746514541956,1.169782062760433,0.5
"(7859, 7868)",[[-1.]],-14.143468677032178,0.2165978467571783,0.5
"(7860, 7869)",[[-1.]],-13.76166344104387,0.7982090330829479,0.5
"(7861, 7870)",[[-1.]],-14.343182231182166,0.36786487468761564,0.5
"(7862, 7871)",[[-1.]],-13.47046094548474,1.4397287144127908,0.5
"(7863, 7872)",[[-1.]],-13.990166774291513,0.47366295003428505,0.5
"(7864, 7873)",[[-1.]],-12.771268458533202,2.0009965776081913,0.5
"(7865, 7874)",[[-1.]],-13.561782890787953,1.0817797435911594,0.5
"(7866, 7875)",[[-1.]],-10.89480269954485,4.764501214146051,0.5
"(7867, 7876)",[[1.]],-13.033218529059397,1.7539102124601271,2.5
"(7868, 7877)",[[-1.]],-6.729439281587336,9.389050913120435,0.5
"(7869, 7878)",[[-1.]],-12.317413205100024,2.6634292164244187,0.5
"(7870, 7879)",[[1.]],-6.715347687340172,10.040072444137081,2.5
"(7871, 7880)",[[1.]],-10.131914560586042,5.534555143056849,2.5
"(7872, 7881)",[[-1.]],-10.59068960173358,5.147463196876734,0.5
"(7873, 7882)",[[-1.]],-12.045451441685383,3.3910564848543228,0.5
"(7874, 7883)",[[-1.]],-8.320273326131733,7.981084185835067,0.5
"(7875, 7884)",[[0.99999154]],-12.180619898766285,3.0735750619097555,2.499991536140442
"(7876, 7885)",[[-1.]],-13.578630802521134,1.0324341005538624,0.5
"(7877, 7886)",[[-1.]],-12.686583062492003,2.064068493732666,0.5
"(7878, 7887)",[[-1.]],-13.76755694939007,0.9310498481732079,0.5
"(7879, 7888)",[[-1.]],-13.54799552010327,0.8786402532579594,0.5
"(7880, 7889)",[[-1.]],-13.859262276267788,1.174348051895743,0.5
"(7881, 7890)",[[1.]],-12.682857865075212,2.700776648423995,2.5
"(7882, 7891)",[[1.]],-13.693457125002812,1.4507290229656196,2.5
"(7883, 7892)",[[1.]],-14.12798278665579,1.2688155234782421,2.5
"(7884, 7893)",[[-1.]],-13.71649619381275,1.9300961430669705,0.5
"(7885, 7894)",[[-1.]],-13.95223243633338,1.577151828624821,0.5
"(7886, 7895)",[[-1.]],-14.739404251695433,2.3766450748694785,0.5
"(7887, 7896)",[[1.]],-13.941515652023496,3.3728803221541517,2.5
"(7888, 7897)",[[-1.]],-14.742131068747133,2.52622864525408,0.5
"(7889, 7898)",[[1.]],-14.996527488191592,2.4415393039355227,2.5
"(7890, 7899)",[[-1.]],-13.997280001126764,3.489774049676039,0.5
"(7891, 7900)",[[-1.]],-15.362842810957448,1.7538283454471122,0.5
"(7892, 7901)",[[-1.]],-13.957277481615844,3.588358409708773,0.5
"(7893, 7902)",[[1.]],-15.107117915287894,2.353470641004783,2.5
"(7894, 7903)",[[-1.]],-14.700725043636345,2.9183492493250167,0.5
"(7895, 7904)",[[1.]],-15.363062179124235,1.925456782094832,2.5
"(7896, 7905)",[[-1.]],-13.752597368926919,2.0894130268234417,0.5
"(7897, 7906)",[[-1.]],-14.093622800650314,1.8853182601512817,0.5
"(7898, 7907)",[[-1.]],-12.556391522236996,3.8086884495472972,0.5
"(7899, 7908)",[[-1.]],-14.322375435746256,1.1312894635081232,0.5
"(7900, 7909)",[[-1.]],-14.065342184709856,1.7285864506155182,0.5
"(7901, 7910)",[[-1.]],-13.29525800466459,2.679375383317028,0.5
"(7902, 7911)",[[-1.]],-14.239690932887786,1.857799358538001,0.5
"(7903, 7912)",[[-1.]],-14.039692349765524,1.8442993224441189,0.5
"(7904, 7913)",[[-1.]],-14.134705051194732,1.8777038160313442,0.5
"(7905, 7914)",[[-1.]],-13.862835225327524,2.2359253040801566,0.5
"(7906, 7915)",[[-1.]],-14.460248662580732,1.4534015278847683,0.5
"(7907, 7916)",[[-1.]],-14.347022646219129,1.2301028597741777,0.5
"(7908, 7917)",[[-1.]],-13.0169007209898,2.7414732133072874,0.5
"(7909, 7918)",[[-1.]],-13.131485461374623,2.5502867056769674,0.5
"(7910, 7919)",[[-1.]],-13.015679953638788,2.144324003989084,0.5
"(7911, 7920)",[[-1.]],-13.390151756962878,1.643512296362573,0.5
"(7912, 7921)",[[-1.]],-11.971790867829444,2.8433054476795867,0.5
"(7913, 7922)",[[-1.]],-9.502240697576987,5.681268006056534,0.5
"(7914, 7923)",[[-1.]],-10.895965588103445,3.716059406561598,0.5
"(7915, 7924)",[[1.]],-10.025148951991481,5.333543941541546,2.5
"(7916, 7925)",[[-1.]],-7.0455000625085065,9.408916697646319,0.5
"(7917, 7926)",[[-1.]],-11.376080340658342,4.1046307964868305,0.5
"(7918, 7927)",[[1.]],-8.740957970386292,7.1626165241521775,2.5
"(7919, 7928)",[[1.]],-11.932162941604163,3.1732824294748596,2.5
"(7920, 7929)",[[-1.]],-10.030229894501348,5.503591246184282,0.5
"(7921, 7930)",[[1.]],-11.958590478503616,3.1082708775567234,2.5
"(7922, 7931)",[[-1.]],-10.431471972253767,5.258230107469501,0.5
"(7923, 7932)",[[-1.]],-13.719414436716281,1.1689642752596896,0.5
"(7924, 7933)",[[-1.]],-11.14944959965444,4.4046574595461685,0.5
"(7925, 7934)",[[1.]],-13.683679401600092,0.6708978025699501,2.5
"(7926, 7935)",[[1.]],-12.536069014191616,1.7446295782195342,2.5
"(7927, 7936)",[[-1.]],-13.077548449578554,0.8175154994888132,0.5
"(7928, 7937)",[[-1.]],-12.833455181005961,1.0247358445654484,0.5
"(7929, 7938)",[[-1.]],-12.566470675030756,2.08397323611711,0.5
"(7930, 7939)",[[-1.]],-10.836699939274352,4.104424543799162,0.5
"(7931, 7940)",[[-1.]],-12.633256544965679,1.8832752273757354,0.5
"(7932, 7941)",[[-1.]],-13.679156893502809,2.1954078407424795,0.5
"(7933, 7942)",[[-1.]],-14.602140832872692,1.1383000815230044,0.5
"(7934, 7943)",[[-1.]],-14.033272225473672,2.181188020894062,0.5
"(7935, 7944)",[[-1.]],-14.759886135418073,1.2709694921735633,0.5
"(7936, 7945)",[[-1.]],-14.45858803301642,1.7196281128223259,0.5
"(7937, 7946)",[[-1.]],-14.550618223492732,1.7315321877319318,0.5
"(7938, 7947)",[[-1.]],-15.403063428366075,1.74306464651663,0.5
"(7939, 7948)",[[-1.]],-15.821973122463342,1.1869485320706357,0.5
"(7940, 7949)",[[-1.]],-15.676668406744973,1.4681736347006877,0.5
"(7941, 7950)",[[1.]],-15.861440898972642,1.3317470899604213,2.5
"(7942, 7951)",[[1.]],-15.925919208968317,1.8245750945978676,2.5
"(7943, 7952)",[[-1.]],-15.983198803616949,2.1339653502103313,0.5
"(7944, 7953)",[[-1.]],-15.077682079330701,3.1699187859411664,0.5
"(7945, 7954)",[[0.9999001]],-13.297715917098905,5.4715113658949095,2.4999001026153564
"(7946, 7955)",[[1.]],-15.474037832521859,2.793033576127523,2.5
"(7947, 7956)",[[1.]],-12.801863708499791,6.120595812803858,2.5
"(7948, 7957)",[[-1.]],-14.547589199941653,3.2521930890652104,0.5
"(7949, 7958)",[[-1.]],-15.588833644873768,1.8850144464092677,0.5
"(7950, 7959)",[[-1.]],-14.336945979480927,3.3764757201448674,0.5
"(7951, 7960)",[[-1.]],-15.053055811517753,2.5011468381377746,0.5
"(7952, 7961)",[[-1.]],-14.961563759431607,1.9986643570489218,0.5
"(7953, 7962)",[[-1.]],-13.437548789337958,2.0458668389765666,0.5
"(7954, 7963)",[[-1.]],-13.677066766598575,1.6062770502050405,0.5
"(7955, 7964)",[[-1.]],-12.920508935873395,2.501141632265888,0.5
"(7956, 7965)",[[-1.]],-14.30753019461302,0.7496494587690492,0.5
"(7957, 7966)",[[-1.]],-12.897847484730251,2.475239551263396,0.5
"(7958, 7967)",[[-1.]],-14.388607689601074,0.5052145608559044,0.5
"(7959, 7968)",[[-1.]],-12.644670545907614,3.3138407321532206,0.5
"(7960, 7969)",[[-1.]],-13.717770219390397,2.032386100256179,0.5
"(7961, 7970)",[[1.]],-10.975308087918362,5.4935362493369375,2.5
"(7962, 7971)",[[-1.]],-13.721177538971197,0.9027994009822713,0.5
"(7963, 7972)",[[-1.]],-12.500078928796642,2.5077478753333367,0.5
"(7964, 7973)",[[-1.]],-13.735157169213423,1.8395135441797148,0.5
"(7965, 7974)",[[-1.]],-15.480260031433586,1.4095130008754673,0.5
"(7966, 7975)",[[-1.]],-15.938680854493693,0.8365139932350463,0.5
"(7967, 7976)",[[1.]],-15.4094995982116,1.3771659846079238,2.5
"(7968, 7977)",[[1.]],-15.387119712569334,1.2982958766776527,2.5
"(7969, 7978)",[[-1.]],-15.664171220083968,0.8018582592688155,0.5
"(7970, 7979)",[[-1.]],-15.563637796205626,0.8867556371399647,0.5
"(7971, 7980)",[[1.]],-15.553878468984593,0.7795397727539726,2.5
"(7972, 7981)",[[1.]],-14.905593584403242,1.5736586170545994,2.5
"(7973, 7982)",[[-1.]],-15.555371859737152,1.147585437270994,0.5
"(7974, 7983)",[[1.]],-14.325586785575918,2.55383134065489,2.5
"(7975, 7984)",[[-1.]],-14.42637500808721,1.1411483357690564,0.5
"(7976, 7985)",[[1.]],-12.048311937883431,4.133025693633472,2.5
"(7977, 7986)",[[1.]],-12.498755405427431,3.860442895994744,2.5
"(7978, 7987)",[[-1.]],-12.565706128918247,3.640448702521473,0.5
"(7979, 7988)",[[-1.]],-13.269570411304507,2.786848798146586,0.5
"(7980, 7989)",[[1.]],-12.408073359157864,3.890408884121733,2.5
"(7981, 7990)",[[-1.]],-13.215587479902739,2.812403004836897,0.5
"(7982, 7991)",[[1.]],-12.424590889430627,3.7696863588631366,2.5
"(7983, 7992)",[[1.]],-13.834134095370095,1.3637670016284194,2.5
"(7984, 7993)",[[-1.]],-12.702155195455461,2.8813774947166984,0.5
"(7985, 7994)",[[-1.]],-14.002240121845835,0.9135699580055849,0.5
"(7986, 7995)",[[-1.]],-12.819416282577047,2.2714444085926733,0.5
"(7987, 7996)",[[-1.]],-13.442946643202836,0.5793492100279991,0.5
"(7988, 7997)",[[-1.]],-12.79160158432531,1.3321188063818692,0.5
"(7989, 7998)",[[-1.]],-13.416145647040615,0.4369316394000702,0.5
"(7990, 7999)",[[-1.]],-12.976027854432534,1.208633825366494,0.5
"(7991, 8000)",[[-1.]],-14.040342072337035,0.28645974510730987,0.5
"(7992, 8001)",[[-1.]],-13.439092776230336,0.9322898136415017,0.5
"(7993, 8002)",[[-1.]],-13.03471253721903,0.5945184802504428,0.5
"(7994, 8003)",[[-1.]],-13.528253285323396,0.0617985195846984,0.5
"(7995, 8004)",[[-1.]],-13.215544365418564,0.4204650825778913,0.5
"(7996, 8005)",[[-1.]],-14.48510848686642,0.626046609460186,0.5
"(7997, 8006)",[[-1.]],-13.120185658261216,2.3618568053060116,0.5
"(7998, 8007)",[[-1.]],-14.088624572617443,1.2422852772316428,0.5
"(7999, 8008)",[[-1.]],-13.638139673798326,1.8602819479595585,0.5
"(8000, 8009)",[[-1.]],-14.43969626331996,0.7323880153030675,0.5
"(8001, 8010)",[[-1.]],-13.248181933799387,1.9268676425198699,0.5
"(8002, 8011)",[[-1.]],-14.149323245435856,1.3466194016011137,0.5
"(8003, 8012)",[[-1.]],-12.623099485388119,3.306201072623784,0.5
"(8004, 8013)",[[-1.]],-11.969793608819,4.271220887170253,0.5
"(8005, 8014)",[[-1.]],-12.956328000774482,3.093538998423222,0.5
"(8006, 8015)",[[-1.]],-11.168338240966909,4.764085172949269,0.5
"(8007, 8016)",[[-1.]],-13.52902427718866,1.9272413057253353,0.5
"(8008, 8017)",[[-1.]],-10.874476445217296,5.111981959182852,0.5
"(8009, 8018)",[[-1.]],-12.12736452727231,3.3653569419182077,0.5
"(8010, 8019)",[[-1.]],-11.66057913201237,4.350866726623227,0.5
"(8011, 8020)",[[1.]],-9.930108376149093,6.594477971462741,2.5
"(8012, 8021)",[[-1.]],-9.192536031731905,7.2097764581757176,0.5
"(8013, 8022)",[[-1.]],-11.39508788139531,4.365759492160979,0.5
"(8014, 8023)",[[-1.]],-10.101050147925385,5.723702967673695,0.5
"(8015, 8024)",[[-1.]],-11.535361942379287,3.78482272221056,0.5
"(8016, 8025)",[[-1.]],-11.3267514119975,3.706604861741482,0.5
"(8017, 8026)",[[-1.]],-12.001524026648992,2.846551960691208,0.5
"(8018, 8027)",[[-1.]],-11.258016375148928,3.7240394166009523,0.5
"(8019, 8028)",[[-1.]],-12.873769828538755,1.791372753377754,0.5
"(8020, 8029)",[[-1.]],-16.110484246104605,0.7600729038837333,0.5
"(8021, 8030)",[[-1.]],-16.16182325605319,0.642319105796366,0.5
"(8022, 8031)",[[-1.]],-16.372071042263073,0.33775431469195816,0.5
"(8023, 8032)",[[1.]],-15.182590152603213,1.812622026915201,2.5
"(8024, 8033)",[[-1.]],-16.372386673840435,0.26814756730686096,0.5
"(8025, 8034)",[[-1.]],-15.886945069819605,0.8317954700427839,0.5
"(8026, 8035)",[[-1.]],-16.049175277517342,0.5956492860682827,0.5
"(8027, 8036)",[[1.]],-14.972183065719165,1.9077471279256617,2.5
"(8028, 8037)",[[1.]],-14.600547042943266,2.3333103114318723,2.5
"(8029, 8038)",[[1.]],-14.74653663139429,2.158110582106877,2.5
"(8030, 8039)",[[1.]],-12.524676655496988,1.6803753187015555,2.5
"(8031, 8040)",[[-1.]],-11.78583426898749,2.5947278567224554,0.5
"(8032, 8041)",[[-1.]],-12.988222153869598,1.4261181415152322,0.5
"(8033, 8042)",[[-1.]],-10.720986237912873,4.4432398492684,0.5
"(8034, 8043)",[[1.]],-13.289004362138316,1.6836651956431332,2.5
"(8035, 8044)",[[-1.]],-12.933164864444327,2.3536606635771378,0.5
"(8036, 8045)",[[-1.]],-13.422465489414119,1.5474426060227007,0.5
"(8037, 8046)",[[-1.]],-12.896551045982562,2.2842354350406335,0.5
"(8038, 8047)",[[-1.]],-13.574256236751376,1.2151032754651112,0.5
"(8039, 8048)",[[-1.]],-12.815372109533895,2.490459516609061,0.5
"(8040, 8049)",[[-1.]],-13.954608918982432,0.9005805324278491,0.5
"(8041, 8050)",[[-1.]],-12.545901856204072,2.4255968200771996,0.5
"(8042, 8051)",[[-1.]],-12.977848098300365,1.2590195912664477,0.5
"(8043, 8052)",[[-1.]],-12.195064761197614,2.4147308603713764,0.5
"(8044, 8053)",[[-1.]],-12.87220793051122,1.9715846649051159,0.5
"(8045, 8054)",[[-1.]],-13.84785688681661,0.6711434837074286,0.5
"(8046, 8055)",[[-1.]],-13.66891161152794,0.9351541904303708,0.5
"(8047, 8056)",[[-1.]],-13.790101783100463,0.6620635714618786,0.5
"(8048, 8057)",[[-1.]],-12.968708894919168,1.8258629445472785,0.5
"(8049, 8058)",[[-1.]],-12.978727001631722,1.852148200098899,0.5
"(8050, 8059)",[[-1.]],-13.892340483117279,0.9028782559033246,0.5
"(8051, 8060)",[[-1.]],-14.167014764807753,1.0499992784319865,0.5
"(8052, 8061)",[[-1.]],-14.802446883333507,0.606149950102747,0.5
"(8053, 8062)",[[-1.]],-14.133941698022754,1.200635471390008,0.5
"(8054, 8063)",[[-1.]],-13.425763338931684,1.43326167816749,0.5
"(8055, 8064)",[[-1.]],-12.757718757457107,2.404025820165998,0.5
"(8056, 8065)",[[-1.]],-13.635468152204176,1.57757515258821,0.5
"(8057, 8066)",[[-1.]],-13.923827250574863,1.1904345450276175,0.5
"(8058, 8067)",[[-1.]],-14.190141859055812,0.9865130575019414,0.5
"(8059, 8068)",[[-1.]],-13.50412248892426,1.6322564051541626,0.5
"(8060, 8069)",[[-1.]],-14.271890233561482,0.6576403152408474,0.5
"(8061, 8070)",[[-1.]],-12.989380338981004,2.0432351174100702,0.5
"(8062, 8071)",[[-1.]],-13.61499270556765,1.0672867708447278,0.5
"(8063, 8072)",[[-1.]],-13.320331562362892,1.721642559920916,0.5
"(8064, 8073)",[[1.]],-11.922883246815923,3.6878045300437776,2.5
"(8065, 8074)",[[-1.]],-12.955213066655821,2.238906905145871,0.5
"(8066, 8075)",[[-1.]],-9.70941776246972,6.238878051760306,0.5
"(8067, 8076)",[[-1.]],-10.76007044379445,4.9427301686984,0.5
"(8068, 8077)",[[1.]],-9.252890196784104,6.506536180233038,2.5
"(8069, 8078)",[[-1.]],-9.70389444760208,6.03619659004379,0.5
"(8070, 8079)",[[1.]],-9.766103689601868,6.940232598492242,2.5
"(8071, 8080)",[[-1.]],-9.781407217791722,7.2062296297287585,0.5
"(8072, 8081)",[[-1.]],-10.007304634769454,6.97423427493975,0.5
"(8073, 8082)",[[-1.]],-8.36117383841921,8.892523271602322,0.5
"(8074, 8083)",[[1.]],-9.822930412406208,6.827235902498771,2.5
"(8075, 8084)",[[-1.]],-10.289620266731623,6.242410705764522,0.5
"(8076, 8085)",[[-1.]],-11.088383052517754,5.104113370492099,0.5
"(8077, 8086)",[[-1.]],-9.116359621046147,7.725898453090268,0.5
"(8078, 8087)",[[-1.]],-10.825520680031564,5.704723116597272,0.5
"(8079, 8088)",[[-1.]],-11.288714451299535,5.2077411990005,0.5
"(8080, 8089)",[[1.]],-9.70703557053996,6.083803315587325,2.5
"(8081, 8090)",[[1.]],-9.025692489824362,6.603114431253317,2.5
"(8082, 8091)",[[-1.]],-8.82329809405124,6.8777621839315,0.5
"(8083, 8092)",[[-1.]],-9.540717330477895,6.111177736533357,0.5
"(8084, 8093)",[[-1.]],-10.972577037069334,4.729060208583503,0.5
"(8085, 8094)",[[-1.]],-12.826174129511024,2.3937649390034856,0.5
"(8086, 8095)",[[-1.]],-13.017231520082548,2.238112070273081,0.5
"(8087, 8096)",[[-1.]],-13.584491961581493,1.2694198125145117,0.5
"(8088, 8097)",[[-1.]],-13.782221879754108,0.8099405738135523,0.5
"(8089, 8098)",[[-1.]],-13.907231505496247,0.8001886064846513,0.5
"(8090, 8099)",[[-1.]],-13.988914450765824,0.7485552017104204,0.5
"(8091, 8100)",[[-1.]],-13.959429817385212,0.5300623384346981,0.5
"(8092, 8101)",[[-1.]],-13.599577753432241,0.9777734528520039,0.5
"(8093, 8102)",[[-1.]],-14.015855189403977,0.883655468833366,0.5
"(8094, 8103)",[[1.]],-10.202361034290279,5.926049652337644,2.5
"(8095, 8104)",[[-1.]],-12.617730815395365,2.888054315625242,0.5
"(8096, 8105)",[[-1.]],-12.420562103655751,2.9921014889922066,0.5
"(8097, 8106)",[[-1.]],-12.105936679993517,3.31300740128804,0.5
"(8098, 8107)",[[-1.]],-11.663813403523221,4.014118904561132,0.5
"(8099, 8108)",[[-1.]],-9.660800751775604,6.335852808871946,0.5
"(8100, 8109)",[[-1.]],-12.522874822096774,3.3094362331964895,0.5
"(8101, 8110)",[[-1.]],-7.91494738740143,9.136656870117587,0.5
"(8102, 8111)",[[1.]],-10.648160889706983,5.987805652435082,2.5
"(8103, 8112)",[[-1.]],-12.842103199843145,3.0669625951623907,0.5
"(8104, 8113)",[[-1.]],-13.745070200809558,1.4639746725582157,0.5
"(8105, 8114)",[[-1.]],-13.204812687410184,2.1544759275387015,0.5
"(8106, 8115)",[[1.]],-12.252516695966715,4.609342320870756,2.5
"(8107, 8116)",[[-1.]],-12.877027658604863,3.9708536297936767,0.5
"(8108, 8117)",[[1.]],-12.85469206853751,4.762276148857216,2.5
"(8109, 8118)",[[-1.]],-13.567389907257851,3.792694928078106,0.5
"(8110, 8119)",[[-1.]],-13.418540137791569,3.7808137659624705,0.5
"(8111, 8120)",[[-1.]],-12.75997442855078,4.84813299104313,0.5
"(8112, 8121)",[[-1.]],-12.750609078240895,4.894511660404882,0.5
"(8113, 8122)",[[-1.]],-12.406277544806056,5.272786582255655,0.5
"(8114, 8123)",[[1.]],-12.78188712790986,4.841212264475331,2.5
"(8115, 8124)",[[-1.]],-12.75269642136765,4.782612333397708,0.5
"(8116, 8125)",[[-1.]],-14.161317696124078,2.2710461591245092,0.5
"(8117, 8126)",[[-1.]],-14.158257820271727,2.2191687583851483,0.5
"(8118, 8127)",[[-1.]],-13.312043804397458,1.7447604227606028,0.5
"(8119, 8128)",[[1.]],-13.133344493973988,3.855749615120029,2.5
"(8120, 8129)",[[-1.]],-12.749419343078843,4.112914113339215,0.5
"(8121, 8130)",[[-1.]],-14.158714752108311,2.3246579233824196,0.5
"(8122, 8131)",[[1.]],-11.409400777118458,5.7750934769221285,2.5
"(8123, 8132)",[[1.]],-12.109534255248365,4.89644713334031,2.5
"(8124, 8133)",[[-1.]],-15.44434595660273,0.7512410209471572,0.5
"(8125, 8134)",[[1.]],-11.768529398728836,5.387596647557823,2.5
"(8126, 8135)",[[1.]],-11.75648066424598,5.4026179691465135,2.5
"(8127, 8136)",[[1.]],-11.280108350708842,6.1533078673253865,2.5
"(8128, 8137)",[[-1.]],-14.643690995668287,1.9000885446506421,0.5
"(8129, 8138)",[[-1.]],-10.88713742839849,3.508834350342852,0.5
"(8130, 8139)",[[1.]],-11.833975816824912,2.322492201727865,2.5
"(8131, 8140)",[[-1.]],-10.350736496079213,3.563320497771908,0.5
"(8132, 8141)",[[-1.]],-12.575138203270697,0.8404821453490143,0.5
"(8133, 8142)",[[1.]],-10.707176244175704,4.651693690850449,2.5
"(8134, 8143)",[[-1.]],-13.003362243118007,1.9659962936385966,0.5
"(8135, 8144)",[[-1.]],-10.963653985551296,4.251168245865529,0.5
"(8136, 8145)",[[-1.]],-13.089715924058437,1.624985246918257,0.5
"(8137, 8146)",[[1.]],-8.796160912807288,7.6292337953804505,2.5
"(8138, 8147)",[[-1.]],-12.201639086435188,3.433583151171753,0.5
"(8139, 8148)",[[-1.]],-9.68463588072009,6.557767238440199,0.5
"(8140, 8149)",[[-1.]],-13.022971212428601,2.5209362334943783,0.5
"(8141, 8150)",[[-1.]],-8.857511618391705,7.710450200599851,0.5
"(8142, 8151)",[[-1.]],-12.813089423720607,2.852206912634802,0.5
"(8143, 8152)",[[-1.]],-9.360390542047291,6.76015420708927,0.5
"(8144, 8153)",[[-1.]],-11.646635460743495,3.874768457845448,0.5
"(8145, 8154)",[[-1.]],-11.380695578188867,5.405971582493002,0.5
"(8146, 8155)",[[-1.]],-13.088870926177806,3.129798828999535,0.5
"(8147, 8156)",[[-1.]],-12.040453565940377,4.232328207978107,0.5
"(8148, 8157)",[[-1.]],-13.70860881499778,2.1111903779689882,0.5
"(8149, 8158)",[[-1.]],-11.612564430350337,4.744853198463451,0.5
"(8150, 8159)",[[-1.]],-13.773378696031289,1.9856256724452326,0.5
"(8151, 8160)",[[-1.]],-13.353038062163607,2.4596250474318495,0.5
"(8152, 8161)",[[-1.]],-14.158350197837844,1.3820421759824484,0.5
"(8153, 8162)",[[1.]],-14.461075649393722,2.8644951364175206,2.5
"(8154, 8163)",[[-1.]],-15.953931072857864,1.232847892262253,0.5
"(8155, 8164)",[[-1.]],-15.229128463064228,1.5754474642549,0.5
"(8156, 8165)",[[-1.]],-15.964327197143055,0.683722844228182,0.5
"(8157, 8166)",[[-1.]],-15.372007166912873,1.4485400016058403,0.5
"(8158, 8167)",[[-1.]],-16.01903460878099,0.659933707742173,0.5
"(8159, 8168)",[[1.]],-15.181275656269936,1.7704591096368087,2.5
"(8160, 8169)",[[-1.]],-16.070596923986162,0.5289062643848812,0.5
"(8161, 8170)",[[-1.]],-15.269315813293847,1.5903331486878631,0.5
"(8162, 8171)",[[-1.]],-16.04023821952129,0.5903735557095366,0.5
"(8163, 8172)",[[-1.]],-13.216790716270102,1.8569554523855558,0.5
"(8164, 8173)",[[-1.]],-10.605956913216467,3.54845841605038,0.5
"(8165, 8174)",[[1.]],-12.247046002749151,1.7994175822793608,2.5
"(8166, 8175)",[[-1.]],-12.90437660083315,0.3286037672003772,0.5
"(8167, 8176)",[[-1.]],-12.592390991297634,0.9349602648210364,0.5
"(8168, 8177)",[[1.]],-11.58637823112686,2.4238857753326073,2.5
"(8169, 8178)",[[1.]],-13.38413543919838,0.7761312159683911,2.5
"(8170, 8179)",[[-1.]],-12.26212943617312,2.289638385936936,0.5
"(8171, 8180)",[[-1.]],-12.803030158779901,1.5352900583096591,0.5
"(8172, 8181)",[[-1.]],-11.649020241479317,2.928725670776476,0.5
"(8173, 8182)",[[-1.]],-13.022201149132632,2.009017576144455,0.5
"(8174, 8183)",[[-1.]],-14.564148303812669,1.3263701416164455,0.5
"(8175, 8184)",[[-1.]],-13.611245425890061,2.3650075054814277,0.5
"(8176, 8185)",[[-1.]],-14.224410603730448,1.6516893360989293,0.5
"(8177, 8186)",[[-1.]],-14.447477140228544,1.5141603043263299,0.5
"(8178, 8187)",[[1.]],-13.955285551315072,2.361569326089178,2.5
"(8179, 8188)",[[1.]],-13.102244308258653,3.1598434615180633,2.5
"(8180, 8189)",[[-1.]],-14.069553878642871,1.9636572922947515,0.5
"(8181, 8190)",[[1.]],-13.142819697163096,3.0580849539691153,2.5
"(8182, 8191)",[[1.]],-13.669806320728522,2.354187380939953,2.5
"(8183, 8192)",[[-1.]],-12.196981736654081,3.9854410350836957,0.5
"(8184, 8193)",[[-1.]],-13.073677875668466,1.9159832399794894,0.5
"(8185, 8194)",[[1.]],-12.498972094376386,3.696704100071033,2.5
"(8186, 8195)",[[-1.]],-14.35138506008889,1.3326064744202526,0.5
"(8187, 8196)",[[-1.]],-12.84761586076652,3.0173655789765323,0.5
"(8188, 8197)",[[-1.]],-13.644960086860388,1.2607403373379515,0.5
"(8189, 8198)",[[-1.]],-12.677657695341507,2.41277398108938,0.5
"(8190, 8199)",[[-1.]],-13.417046562663668,1.3986109880081514,0.5
"(8191, 8200)",[[-1.]],-12.597533950349293,2.7400312137024603,0.5
"(8192, 8201)",[[-1.]],-12.064856642939654,3.732079640176183,0.5
"(8193, 8202)",[[-1.]],-12.530451402893643,3.1315907736045183,0.5
"(8194, 8203)",[[-1.]],-12.99178230757626,2.6479795786091973,0.5
"(8195, 8204)",[[-1.]],-11.533698043381218,3.9590807005480677,0.5
"(8196, 8205)",[[-1.]],-12.41339422125646,2.7706895295359484,0.5
"(8197, 8206)",[[-1.]],-12.71125378318788,2.8685685906571816,0.5
"(8198, 8207)",[[-1.]],-12.499802339501153,3.116911504447245,0.5
"(8199, 8208)",[[-1.]],-12.080937040190696,3.7965663036305486,0.5
"(8200, 8209)",[[-1.]],-11.85436166931306,4.121802912717808,0.5
"(8201, 8210)",[[-1.]],-11.97673359387369,3.6770098045359383,0.5
"(8202, 8211)",[[-1.]],-12.638611633835042,2.5298579420321445,0.5
"(8203, 8212)",[[-1.]],-10.342029904846791,5.681123759612522,0.5
"(8204, 8213)",[[-1.]],-12.933545234286338,2.315131137994502,0.5
"(8205, 8214)",[[-1.]],-11.87803164925512,3.522151665002397,0.5
"(8206, 8215)",[[-1.]],-12.693267922564203,2.6057487822630208,0.5
"(8207, 8216)",[[-1.]],-8.12419917903681,7.949086090926546,0.5
"(8208, 8217)",[[-1.]],-12.496842169863331,2.7194930379311053,0.5
"(8209, 8218)",[[-1.]],-10.337141854930348,5.108746522277368,0.5
"(8210, 8219)",[[-1.]],-12.130246579905391,2.691191404438502,0.5
"(8211, 8220)",[[-1.]],-11.573110039737346,3.4483405853406914,0.5
"(8212, 8221)",[[-1.]],-12.389680303639679,2.5008419916388647,0.5
"(8213, 8222)",[[-1.]],-12.832519883158708,1.853082785859936,0.5
"(8214, 8223)",[[-1.]],-14.666344542776597,1.9803978303638186,0.5
"(8215, 8224)",[[-1.]],-15.194072564189824,1.0806418186786182,0.5
"(8216, 8225)",[[-1.]],-15.030439127451617,1.2130357815711719,0.5
"(8217, 8226)",[[-1.]],-15.65114748414967,1.7955558296435363,0.5
"(8218, 8227)",[[-1.]],-15.855300745743092,1.4179734782268785,0.5
"(8219, 8228)",[[1.]],-14.403198742745497,3.1388293861529863,2.5
"(8220, 8229)",[[-1.]],-15.302306846570541,1.9235647522414983,0.5
"(8221, 8230)",[[-1.]],-15.10443853580383,2.0947254302334493,0.5
"(8222, 8231)",[[1.]],-14.745457793611392,2.4731590025109425,2.5
"(8223, 8232)",[[1.]],-13.953442363382532,3.453825636111347,2.5
"(8224, 8233)",[[1.]],-13.42521635991134,3.327891369349448,2.5
"(8225, 8234)",[[1.]],-14.513044435970981,1.9370888254969056,2.5
"(8226, 8235)",[[1.]],-12.943520529427143,3.9122022042160767,2.5
"(8227, 8236)",[[1.]],-11.90859988114416,0.16148587494557276,2.5
"(8228, 8237)",[[-1.]],-10.26046514186895,2.0271594611333548,0.5
"(8229, 8238)",[[-1.]],-11.509972769440107,1.1040306928207713,0.5
"(8230, 8239)",[[-1.]],-11.860094591134597,0.7694525935271805,0.5
"(8231, 8240)",[[-1.]],-11.276015349129167,1.595054753036571,0.5
"(8232, 8241)",[[-1.]],-13.449150062315761,0.5835646602333711,0.5
"(8233, 8242)",[[-1.]],-11.588633629464672,2.8622232660969917,0.5
"(8234, 8243)",[[-1.]],-13.464547530847366,0.4851989465278219,0.5
"(8235, 8244)",[[-1.]],-10.844786090018404,3.7766439076722413,0.5
"(8236, 8245)",[[-1.]],-13.35605293415041,0.5167878018505032,0.5
"(8237, 8246)",[[-1.]],-10.493130388242422,4.09047414232055,0.5
"(8238, 8247)",[[-1.]],-13.6950426664649,0.4760151374920749,0.5
"(8239, 8248)",[[-1.]],-9.11728679332405,6.29859593555031,0.5
"(8240, 8249)",[[-1.]],-11.324447768351199,3.514179104202082,0.5
"(8241, 8250)",[[-1.]],-9.66138770087854,5.514344514017791,0.5
"(8242, 8251)",[[-1.]],-10.854171288039382,2.999964132811069,0.5
"(8243, 8252)",[[-1.]],-11.924116959492435,2.267985393266695,0.5
"(8244, 8253)",[[-1.]],-10.896535616812411,3.7617847767053334,0.5
"(8245, 8254)",[[-1.]],-9.42281846967437,6.095707264797845,0.5
"(8246, 8255)",[[-1.]],-10.463172644039952,4.808050244249838,0.5
"(8247, 8256)",[[-1.]],-10.476225475313571,4.916076658899673,0.5
"(8248, 8257)",[[-1.]],-12.525798273163531,2.5016108279522395,0.5
"(8249, 8258)",[[-1.]],-11.255934951117833,3.9521653578168667,0.5
"(8250, 8259)",[[-1.]],-12.512542122848949,2.412919676452894,0.5
"(8251, 8260)",[[-1.]],-12.922295685335364,1.9378294017356659,0.5
"(8252, 8261)",[[-1.]],-12.339779340664267,2.666188145877296,0.5
"(8253, 8262)",[[-1.]],-13.312888687907492,1.316648879489282,0.5
"(8254, 8263)",[[-1.]],-13.419199262257132,2.484039615348639,0.5
"(8255, 8264)",[[-1.]],-11.978124002575433,4.18617832638623,0.5
"(8256, 8265)",[[-1.]],-13.48515040756584,2.4719459855992394,0.5
"(8257, 8266)",[[-1.]],-12.201227350307422,3.9618275550213298,0.5
"(8258, 8267)",[[-1.]],-12.756776826934907,2.9646323384669095,0.5
"(8259, 8268)",[[-1.]],-11.708923703438069,4.472064272051057,0.5
"(8260, 8269)",[[-1.]],-13.51062201676682,2.2091709748031825,0.5
"(8261, 8270)",[[-1.]],-12.052028752071784,4.066620075489245,0.5
"(8262, 8271)",[[-1.]],-13.261342898302395,2.7010795287601344,0.5
"(8263, 8272)",[[1.]],-11.231874808701825,5.295861495113172,2.5
"(8264, 8273)",[[-1.]],-12.65267019305217,2.0812265491350175,0.5
"(8265, 8274)",[[-1.]],-11.638772227584745,3.3554408179982254,0.5
"(8266, 8275)",[[-1.]],-12.770498880761465,2.169848182402834,0.5
"(8267, 8276)",[[-1.]],-10.476652024126862,5.154337487945686,0.5
"(8268, 8277)",[[-1.]],-11.721762799808591,3.671843210209822,0.5
"(8269, 8278)",[[1.]],-9.941712948221644,5.56482730895334,2.5
"(8270, 8279)",[[1.]],-13.974634373569627,2.5114415327800064,2.5
"(8271, 8280)",[[1.]],-14.083060039575681,2.3641488075403956,2.5
"(8272, 8281)",[[-1.]],-14.389798996071967,1.9569622909032205,0.5
"(8273, 8282)",[[1.]],-14.374485971374241,1.9616024943584112,2.5
"(8274, 8283)",[[1.]],-14.337998975539545,2.0405988493630645,2.5
"(8275, 8284)",[[1.]],-14.521100126132376,1.861164238268378,2.5
"(8276, 8285)",[[1.]],-14.429437067993225,1.9636484429833185,2.5
"(8277, 8286)",[[1.]],-14.7665106672862,1.607280174132475,2.5
"(8278, 8287)",[[-1.]],-15.394768810389381,0.9379602765655148,0.5
"(8279, 8288)",[[-1.]],-14.711989001832729,1.8249622386507989,0.5
"(8280, 8289)",[[-1.]],-12.291585898374981,2.053171983425427,0.5
"(8281, 8290)",[[-1.]],-11.612381162555039,2.630734866293867,0.5
"(8282, 8291)",[[-1.]],-12.079491856968888,2.4192666308090285,0.5
"(8283, 8292)",[[-1.]],-10.307784160886385,4.567575854136891,0.5
"(8284, 8293)",[[-1.]],-8.733128919451076,6.058045898028023,0.5
"(8285, 8294)",[[1.]],-7.854449692742394,7.991272079127889,2.5
"(8286, 8295)",[[-1.]],-11.137038870941042,3.700073195672335,0.5
"(8287, 8296)",[[-1.]],-11.603776117171975,4.068012308128878,0.5
"(8288, 8297)",[[-1.]],-11.54157889651561,4.006274625108459,0.5
"(8289, 8298)",[[-1.]],-11.511448887722656,3.9191210240626226,0.5
"(8290, 8299)",[[-1.]],-12.632789475595452,2.318451899033164,0.5
"(8291, 8300)",[[-1.]],-10.931906134320844,4.433695552419966,0.5
"(8292, 8301)",[[-1.]],-12.059426659432503,2.9640344396894136,0.5
"(8293, 8302)",[[-1.]],-12.480670319026396,2.5417093499555534,0.5
"(8294, 8303)",[[-1.]],-12.915002801467478,2.3545866982631765,0.5
"(8295, 8304)",[[-1.]],-14.40007824258215,0.7559588962120056,0.5
"(8296, 8305)",[[-1.]],-14.399441901520163,0.7737768087410561,0.5
"(8297, 8306)",[[-1.]],-14.111393676489644,0.6812710764753582,0.5
"(8298, 8307)",[[-1.]],-13.900677886183436,1.0657573447685778,0.5
"(8299, 8308)",[[-1.]],-14.090442355458825,1.6303847396689513,0.5
"(8300, 8309)",[[-1.]],-14.794231369186258,1.0158878330734673,0.5
"(8301, 8310)",[[-1.]],-13.968940327793039,2.247651996545555,0.5
"(8302, 8311)",[[-1.]],-13.925157209613896,2.3311344524895325,0.5
"(8303, 8312)",[[-1.]],-13.776247824339235,2.5534752806407255,0.5
"(8304, 8313)",[[-1.]],-13.954282948349032,2.2599859400618687,0.5
"(8305, 8314)",[[-1.]],-11.326335145671646,5.0450378675216285,0.5
"(8306, 8315)",[[-1.]],-13.987322814841535,1.8427441244032021,0.5
"(8307, 8316)",[[-1.]],-11.843560087055065,4.4327082282124675,0.5
"(8308, 8317)",[[-1.]],-13.689755600067967,2.051536136492782,0.5
"(8309, 8318)",[[-1.]],-11.326121896384109,4.508514734694398,0.5
"(8310, 8319)",[[-1.]],-13.057714402388171,2.3084305704347727,0.5
"(8311, 8320)",[[-1.]],-12.193499166169865,3.0022144017427443,0.5
"(8312, 8321)",[[-1.]],-14.330744270816487,1.182859061199018,0.5
"(8313, 8322)",[[-1.]],-13.400498670523724,2.3193819402126508,0.5
"(8314, 8323)",[[-1.]],-13.276936163883182,1.8357129000846832,0.5
"(8315, 8324)",[[-0.99995047]],-12.885517640045018,2.359748537247917,0.5000495314598083
"(8316, 8325)",[[-1.]],-13.521826412421332,1.3669829582653534,0.5
"(8317, 8326)",[[-1.]],-13.632817606285517,1.1067002250184643,0.5
"(8318, 8327)",[[-1.]],-12.659734714763802,2.2408725683447877,0.5
"(8319, 8328)",[[-1.]],-13.616815425545438,1.5019387888403415,0.5
"(8320, 8329)",[[1.]],-11.407381030663714,5.929679514353722,2.5
"(8321, 8330)",[[1.]],-15.106435841622494,1.4518664084597734,2.5
"(8322, 8331)",[[-1.]],-14.181264410575064,2.3649429444320305,0.5
"(8323, 8332)",[[1.]],-14.888095015399474,1.5363919951810932,2.5
"(8324, 8333)",[[1.]],-13.37377651829549,3.43154630316924,2.5
"(8325, 8334)",[[1.]],-14.888786016332357,1.5290301307567855,2.5
"(8326, 8335)",[[1.]],-13.328496841325261,3.522526182281026,2.5
"(8327, 8336)",[[1.]],-14.988859161451582,1.5109905021644021,2.5
"(8328, 8337)",[[-1.]],-15.966702555910384,0.350404392412651,0.5
"(8329, 8338)",[[-1.]],-15.56631034603982,0.9468980033380063,0.5
"(8330, 8339)",[[-1.]],-13.88354345665042,1.1376334850362042,0.5
"(8331, 8340)",[[1.]],-11.914840365330823,2.8793358764425534,2.5
"(8332, 8341)",[[-1.]],-11.831638680737282,2.8549543379621802,0.5
"(8333, 8342)",[[-1.]],-10.861826465678936,3.9891377561221653,0.5
"(8334, 8343)",[[-1.]],-11.735293319720778,2.928149331645587,0.5
"(8335, 8344)",[[-1.]],-14.550405545835597,2.0978298949883225,0.5
"(8336, 8345)",[[-1.]],-13.708899604074686,3.2967632020087336,0.5
"(8337, 8346)",[[-1.]],-14.015651304729143,2.941295246273457,0.5
"(8338, 8347)",[[-1.]],-14.718262602008414,2.2004171995859467,0.5
"(8339, 8348)",[[-1.]],-13.693100356567927,3.4701924161622095,0.5
"(8340, 8349)",[[-1.]],-14.58322188887558,2.271842529985758,0.5
"(8341, 8350)",[[-1.]],-14.471526683461757,2.56690001200396,0.5
"(8342, 8351)",[[-1.]],-15.54440855205047,1.2023215647746879,0.5
"(8343, 8352)",[[1.]],-14.005399284895292,3.5232883451986705,2.5
"(8344, 8353)",[[1.]],-14.297078746587763,3.2318061815889045,2.5
"(8345, 8354)",[[-1.]],-13.989804410874328,2.0324859868620955,0.5
"(8346, 8355)",[[-1.]],-14.554953890963315,1.2076985106639508,0.5
"(8347, 8356)",[[-1.]],-13.989714098711627,1.9623115594209555,0.5
"(8348, 8357)",[[-1.]],-14.988675592822215,0.5829787395446484,0.5
"(8349, 8358)",[[-1.]],-13.512972854829393,2.466765434593782,0.5
"(8350, 8359)",[[-1.]],-14.858107361237977,0.7849127775738829,0.5
"(8351, 8360)",[[-1.]],-13.767607868972613,2.389656124219643,0.5
"(8352, 8361)",[[-1.]],-15.372399512517818,0.47804088111677956,0.5
"(8353, 8362)",[[-1.]],-13.678504029666632,2.378604023472736,0.5
"(8354, 8363)",[[-1.]],-14.701526275270014,0.987107611749785,0.5
"(8355, 8364)",[[-1.]],-13.041117793131004,3.1869859338544995,0.5
"(8356, 8365)",[[-1.]],-14.674317891925154,1.3508174738135583,0.5
"(8357, 8366)",[[-1.]],-14.138315917172795,2.0302025646973902,0.5
"(8358, 8367)",[[-1.]],-14.54375443921273,1.5345118205136519,0.5
"(8359, 8368)",[[1.]],-14.414587670561781,1.8473115694735025,2.5
"(8360, 8369)",[[1.]],-14.884100708189058,1.2544400460665894,2.5
"(8361, 8370)",[[-1.]],-14.33104727683593,1.0246079746269938,0.5
"(8362, 8371)",[[-1.]],-14.111735304411605,1.0852527337596847,0.5
"(8363, 8372)",[[-1.]],-14.143005002334153,0.8114683031788559,0.5
"(8364, 8373)",[[-1.]],-13.931930511239594,1.5808473541355674,0.5
"(8365, 8374)",[[1.]],-11.968129485569504,4.707496912883721,2.5
"(8366, 8375)",[[-1.]],-13.701961217024966,2.383976234947255,0.5
"(8367, 8376)",[[-1.]],-13.49151878322892,2.686205051679016,0.5
"(8368, 8377)",[[-1.]],-14.423127085900607,1.5601103366932616,0.5
"(8369, 8378)",[[-1.]],-13.359349526462294,2.8033332801172453,0.5
"(8370, 8379)",[[-1.]],-11.899863307610971,4.462006524516395,0.5
"(8371, 8380)",[[1.]],-10.786697139534043,5.9281933850590995,2.5
"(8372, 8381)",[[-1.]],-12.342014035457177,3.950218035661228,0.5
"(8373, 8382)",[[1.]],-10.746105516545855,5.992593156522396,2.5
"(8374, 8383)",[[-1.]],-12.535312846748297,3.5473673364327247,0.5
"(8375, 8384)",[[1.]],-11.659374323072687,3.51935890302026,2.5
"(8376, 8385)",[[1.]],-12.966514244705104,1.9127694560379886,2.5
"(8377, 8386)",[[1.]],-12.178942262658946,2.448132342587927,2.5
"(8378, 8387)",[[-1.]],-12.261956151227915,3.1874288614150768,0.5
"(8379, 8388)",[[-1.]],-14.114684576966763,0.9544503623475222,0.5
"(8380, 8389)",[[-1.]],-12.52128350004863,2.766133748143716,0.5
"(8381, 8390)",[[1.]],-13.318060078041077,1.4242499364309307,2.5
"(8382, 8391)",[[-1.]],-12.758654234989045,3.0651628707959535,0.5
"(8383, 8392)",[[-1.]],-14.881684646514048,0.6562841106074497,0.5
"(8384, 8393)",[[-1.]],-12.360315259145729,3.836404782109806,0.5
"(8385, 8394)",[[-1.]],-14.482503950527057,1.2397145852411153,0.5
"(8386, 8395)",[[-1.]],-11.45539326024362,4.9408084977619815,0.5
"(8387, 8396)",[[-1.]],-14.673039025426975,0.9668473535907154,0.5
"(8388, 8397)",[[-1.]],-13.277546758871535,2.2968451122117397,0.5
"(8389, 8398)",[[-1.]],-13.767486714315336,1.6564592421230007,0.5
"(8390, 8399)",[[-1.]],-12.587137153373076,3.281448402339892,0.5
"(8391, 8400)",[[-1.]],-15.756912387320062,0.37178257369518963,0.5
"(8392, 8401)",[[-1.]],-14.960162444481373,1.0423653747926345,0.5
"(8393, 8402)",[[-1.]],-14.876081837504493,1.039430613827065,0.5
"(8394, 8403)",[[-1.]],-14.727758607624674,1.3392907224352673,0.5
"(8395, 8404)",[[-1.]],-15.067921014480852,0.6809225364323179,0.5
"(8396, 8405)",[[-1.]],-14.802950177205288,1.1269302461634414,0.5
"(8397, 8406)",[[-1.]],-15.28923486547024,0.6922664358647417,0.5
"(8398, 8407)",[[-1.]],-14.41428207186779,1.8515017728750287,0.5
"(8399, 8408)",[[-1.]],-15.093106974209594,1.0062345010438225,0.5
"(8400, 8409)",[[-1.]],-13.640065184054706,2.6624056118501542,0.5
"(8401, 8410)",[[-1.]],-12.040130933363633,2.5077511293581196,0.5
"(8402, 8411)",[[-1.]],-12.3824772157477,1.9598860317587565,0.5
"(8403, 8412)",[[-1.]],-11.895964889360888,2.7410648057602565,0.5
"(8404, 8413)",[[-1.]],-9.746763351561732,5.456159862280643,0.5
"(8405, 8414)",[[-1.]],-12.635711681821272,1.8651675481976895,0.5
"(8406, 8415)",[[-1.]],-11.32971049841812,3.571124141166514,0.5
"(8407, 8416)",[[-1.]],-12.429730441950513,1.8623846484945155,0.5
"(8408, 8417)",[[-1.]],-12.358627662879384,2.217372122140393,0.5
"(8409, 8418)",[[-1.]],-11.361396072072042,3.7441962251273395,0.5
"(8410, 8419)",[[-1.]],-11.495449763666159,3.7744911390396503,0.5
"(8411, 8420)",[[-1.]],-12.028327169960292,2.88496786947125,0.5
"(8412, 8421)",[[-1.]],-10.984906204221355,4.11317843466567,0.5
"(8413, 8422)",[[-1.]],-12.433081319727002,2.704689542995151,0.5
"(8414, 8423)",[[-1.]],-11.859784580505204,3.2957675367328427,0.5
"(8415, 8424)",[[-1.]],-13.131215151910387,2.3875569523187092,0.5
"(8416, 8425)",[[-1.]],-12.5068719556067,3.0109094729847765,0.5
"(8417, 8426)",[[1.]],-12.063031825178369,4.075914869266667,2.5
"(8418, 8427)",[[-1.]],-15.234790331336232,1.680188529372817,0.5
"(8419, 8428)",[[-1.]],-13.673539845587843,3.5490329775716134,0.5
"(8420, 8429)",[[1.]],-10.42390768366456,7.535029478455584,2.5
"(8421, 8430)",[[1.]],-12.832097394297723,4.46734154922836,2.5
"(8422, 8431)",[[-1.]],-13.510844543402659,3.6386884739861056,0.5
"(8423, 8432)",[[-1.]],-13.853309729325835,3.9494962684184376,0.5
"(8424, 8433)",[[1.]],-11.101761501861546,7.4688731415550755,2.5
"(8425, 8434)",[[1.]],-13.249889879296429,4.745141404252761,2.5
"(8426, 8435)",[[-1.]],-12.84222203821793,5.1605244366338985,0.5
"(8427, 8436)",[[1.]],-15.355919019305158,2.756726243498016,2.5
"(8428, 8437)",[[-1.]],-14.676879156643931,3.271109760080156,0.5
"(8429, 8438)",[[1.]],-14.5216346667786,3.3504835694867006,2.5
"(8430, 8439)",[[1.]],-13.993266848923975,3.9781605150181116,2.5
"(8431, 8440)",[[-1.]],-15.87488948354436,1.5756207727571967,0.5
"(8432, 8441)",[[1.]],-13.96297152317938,3.97087281230302,2.5
"(8433, 8442)",[[-1.]],-16.109469016327253,0.8320533824669125,0.5
"(8434, 8443)",[[-1.]],-14.018318177784492,3.43725568525175,0.5
"(8435, 8444)",[[1.]],-14.261086347750041,3.531696664475141,2.5
"(8436, 8445)",[[1.]],-13.850722103613695,4.085171587013843,2.5
"(8437, 8446)",[[-1.]],-14.519310086853864,1.6265459332295809,0.5
"(8438, 8447)",[[-1.]],-12.04877414692064,4.696914298337749,0.5
"(8439, 8448)",[[1.]],-12.511925929408182,4.137432569202543,2.5
"(8440, 8449)",[[-1.]],-12.127242560875878,4.625459406428671,0.5
"(8441, 8450)",[[-1.]],-13.395667319471782,3.040862577346706,0.5
"(8442, 8451)",[[-1.]],-13.355499627702997,3.4577314314602248,0.5
"(8443, 8452)",[[-1.]],-13.787993832491244,3.376046805448974,0.5
"(8444, 8453)",[[-1.]],-12.979986217550795,4.381916322265914,0.5
"(8445, 8454)",[[-1.]],-13.657661700167699,2.9610754813117985,0.5
"(8446, 8455)",[[1.]],-14.249738031932994,2.6938631807497195,2.5
"(8447, 8456)",[[-1.]],-14.514536242355653,2.421158745113342,0.5
"(8448, 8457)",[[-1.]],-14.357554544555972,2.595358400728017,0.5
"(8449, 8458)",[[-1.]],-13.98708773549745,2.985471018229955,0.5
"(8450, 8459)",[[1.]],-14.373203947387774,2.458087450391874,2.5
"(8451, 8460)",[[-1.]],-13.41821233373042,3.8365794396364024,0.5
"(8452, 8461)",[[1.]],-14.342760577962663,2.44938645678074,2.5
"(8453, 8462)",[[-1.]],-14.231711381121752,1.7700946042011374,0.5
"(8454, 8463)",[[-1.]],-11.66842656361667,5.204870159705431,0.5
"(8455, 8464)",[[-1.]],-13.967189583132303,2.5894566406154063,0.5
"(8456, 8465)",[[-1.]],-12.114513422696083,4.363941417419586,0.5
"(8457, 8466)",[[-1.]],-11.342399103035346,5.449428537455555,0.5
"(8458, 8467)",[[-1.]],-11.870273758490068,4.700395576353166,0.5
"(8459, 8468)",[[-1.]],-12.594134599094343,4.8391972746868,0.5
"(8460, 8469)",[[-1.]],-12.372941827747583,5.123572418409376,0.5
"(8461, 8470)",[[1.]],-11.63216588163717,5.719409757311222,2.5
"(8462, 8471)",[[-1.]],-12.685324332785848,4.260929205776094,0.5
"(8463, 8472)",[[-1.]],-11.861429338661196,5.323030645537571,0.5
"(8464, 8473)",[[-1.]],-13.416604003992308,3.137442795157142,0.5
"(8465, 8474)",[[-1.]],-12.92396679163867,3.3522133110852863,0.5
"(8466, 8475)",[[-1.]],-11.74633464103084,4.8279477272582625,0.5
"(8467, 8476)",[[-1.]],-12.79532280787014,3.518896099896441,0.5
"(8468, 8477)",[[1.]],-11.805987112290872,4.636874135099436,2.5
"(8469, 8478)",[[-1.]],-12.68205539058991,1.7629360674338663,0.5
"(8470, 8479)",[[-1.]],-9.148857106484414,6.319224602043647,0.5
"(8471, 8480)",[[-1.]],-13.111815289885827,0.8136768951142024,0.5
"(8472, 8481)",[[-1.]],-9.964085347271917,5.13866969057025,0.5
"(8473, 8482)",[[1.]],-12.629645511692104,1.6788495070352063,2.5
"(8474, 8483)",[[1.]],-11.60922810706754,2.7305923485366037,2.5
"(8475, 8484)",[[1.]],-12.264635828476123,1.9102758402667384,2.5
"(8476, 8485)",[[1.]],-11.970188820967264,2.2669134042938133,2.5
"(8477, 8486)",[[-1.]],-12.215140069833977,3.3476468889951327,0.5
"(8478, 8487)",[[1.]],-10.973355602555833,5.053837189684691,2.5
"(8479, 8488)",[[-1.]],-11.091971903005236,5.136909358421455,0.5
"(8480, 8489)",[[1.]],-10.250112452834877,6.167103554836377,2.5
"(8481, 8490)",[[-1.]],-11.036824016987476,5.292777116724432,0.5
"(8482, 8491)",[[-1.]],-13.012890392974265,2.77599010534475,0.5
"(8483, 8492)",[[-1.]],-12.229561304172766,3.8845444687189676,0.5
"(8484, 8493)",[[1.]],-10.663256748588251,6.0490887222857275,2.5
"(8485, 8494)",[[1.]],-13.25738683891989,3.2398564062737236,2.5
"(8486, 8495)",[[-1.]],-13.472057293359342,2.845495483913256,0.5
"(8487, 8496)",[[-1.]],-13.694871574220667,2.0012177797789086,0.5
"(8488, 8497)",[[-1.]],-13.01295347945511,2.6690622987286563,0.5
"(8489, 8498)",[[-1.]],-14.386192600805511,0.7865797063981272,0.5
"(8490, 8499)",[[-1.]],-12.679283699047083,2.8982793858834146,0.5
"(8491, 8500)",[[-1.]],-14.3448299921984,1.3530464511338849,0.5
"(8492, 8501)",[[-1.]],-10.91963952818026,5.827247765310549,0.5
"(8493, 8502)",[[-1.]],-14.53636991822937,1.2311121879990239,0.5
"(8494, 8503)",[[-1.]],-10.250589550827451,6.553640861662085,0.5
"(8495, 8504)",[[-1.]],-13.579064026439058,1.9599022135122546,0.5
"(8496, 8505)",[[-1.]],-12.923151634624316,2.4367567154785714,0.5
"(8497, 8506)",[[-1.]],-11.886906677864891,3.4337942587420187,0.5
"(8498, 8507)",[[-1.]],-12.424459692150549,2.9916691285949177,0.5
"(8499, 8508)",[[-1.]],-11.753748902070413,3.7426595780944663,0.5
"(8500, 8509)",[[-1.]],-10.302042235527702,5.728691551067715,0.5
"(8501, 8510)",[[-1.]],-11.558640758255663,3.6605046147806988,0.5
"(8502, 8511)",[[-1.]],-11.28132441639752,3.4026149009849753,0.5
"(8503, 8512)",[[-1.]],-11.111859619028499,3.6424872046269776,0.5
"(8504, 8513)",[[-1.]],-13.72319062970593,1.9851112007926979,0.5
"(8505, 8514)",[[1.]],-8.030975867309765,9.790419822382502,2.5
"(8506, 8515)",[[-1.]],-10.932226541048873,6.3568993756654955,0.5
"(8507, 8516)",[[-1.]],-15.24528503262264,0.9434859307220798,0.5
"(8508, 8517)",[[-1.]],-10.834272191171783,6.492774252587596,0.5
"(8509, 8518)",[[-1.]],-14.66084243279701,1.6922924229308318,0.5
"(8510, 8519)",[[-1.]],-12.666009002275102,4.197596762836543,0.5
"(8511, 8520)",[[1.]],-12.412771836119349,5.918977026603471,2.5
"(8512, 8521)",[[-1.]],-14.702909854666546,3.040192032389678,0.5
"(8513, 8522)",[[-1.]],-15.581411660968806,2.0390390639403293,0.5
"(8514, 8523)",[[-1.]],-14.169981326522352,3.595321808904801,0.5
"(8515, 8524)",[[1.]],-13.332941972790282,4.423311003437071,2.5
"(8516, 8525)",[[1.]],-14.450639588861133,3.006860464548053,2.5
"(8517, 8526)",[[1.]],-13.968972181969498,3.619898971307201,2.5
"(8518, 8527)",[[-1.]],-15.211168645136922,2.119019736178341,0.5
"(8519, 8528)",[[1.]],-13.976154353550747,3.895661650411448,2.5
"(8520, 8529)",[[-1.]],-14.522667988960906,3.0767588550844955,0.5
"(8521, 8530)",[[1.]],-10.97845566865103,4.262841545470813,2.5
"(8522, 8531)",[[-1.]],-9.752943287967435,6.494275476587095,0.5
"(8523, 8532)",[[1.]],-9.30940073738857,7.092443574702266,2.5
"(8524, 8533)",[[1.]],-10.043985751503511,6.268605263846256,2.5
"(8525, 8534)",[[1.]],-10.354531121697331,5.795267442115637,2.5
"(8526, 8535)",[[-1.]],-10.58646986682782,5.756940922183901,0.5
"(8527, 8536)",[[-1.]],-14.592427644733123,1.5783252378090644,0.5
"(8528, 8537)",[[1.]],-12.9981888643405,3.645915582745502,2.5
"(8529, 8538)",[[1.]],-14.069346363361486,2.0328862610727505,2.5
"(8530, 8539)",[[1.]],-12.408473188571772,4.308856889690173,2.5
"(8531, 8540)",[[-1.]],-14.204590444632414,2.035016404317595,0.5
"(8532, 8541)",[[-1.]],-14.56500742203354,1.3957853311934194,0.5
"(8533, 8542)",[[-1.]],-14.754757798099611,1.2230358254255185,0.5
"(8534, 8543)",[[-1.]],-13.568476940107617,2.5979151262259688,0.5
"(8535, 8544)",[[-1.]],-14.315498411636254,1.703285039554257,0.5
"(8536, 8545)",[[1.]],-11.17522806883641,5.596469790275698,2.5
"(8537, 8546)",[[-1.]],-14.057050939103114,1.280765819774837,0.5
"(8538, 8547)",[[-1.]],-11.032539897553322,4.903564920407918,0.5
"(8539, 8548)",[[-1.]],-14.385960343327186,0.7037368357682485,0.5
"(8540, 8549)",[[-1.]],-11.054517425653332,4.695105127652159,0.5
"(8541, 8550)",[[1.]],-13.009783737405474,3.280001057393653,2.5
"(8542, 8551)",[[-1.]],-11.281436788206198,5.4809600526509,0.5
"(8543, 8552)",[[-1.]],-13.270337207588767,3.13497996811048,0.5
"(8544, 8553)",[[-1.]],-13.3182324187114,2.986788913549802,0.5
"(8545, 8554)",[[1.]],-12.236896984119372,4.460908612062395,2.5
"(8546, 8555)",[[-1.]],-13.138680644993322,3.2836658150689964,0.5
"(8547, 8556)",[[-1.]],-11.7912926745737,4.842445971190807,0.5
"(8548, 8557)",[[-1.]],-12.895581602210651,3.5529589308216227,0.5
"(8549, 8558)",[[-1.]],-12.564690246941277,3.9055348672611423,0.5
"(8550, 8559)",[[-1.]],-13.853502766417858,2.2955884498042245,0.5
"(8551, 8560)",[[-1.]],-15.08953126215779,0.5342952898793136,0.5
"(8552, 8561)",[[-1.]],-13.511991360996285,2.5438244350631223,0.5
"(8553, 8562)",[[-1.]],-13.962589360052982,1.3913199220451737,0.5
"(8554, 8563)",[[-1.]],-11.98839910735827,3.79253507188961,0.5
"(8555, 8564)",[[-1.]],-14.311727671552699,0.8162436475191406,0.5
"(8556, 8565)",[[-1.]],-10.90123987302782,5.476542703323085,0.5
"(8557, 8566)",[[-1.]],-14.469938012893238,1.0336439696299937,0.5
"(8558, 8567)",[[-1.]],-9.123491444607156,7.661803575405003,0.5
"(8559, 8568)",[[-1.]],-13.269719671051131,2.3643641955791956,0.5
"(8560, 8569)",[[-1.]],-10.207386214301755,6.2388634191308,0.5
"(8561, 8570)",[[-1.]],-12.560557217927924,2.6696151375255326,0.5
"(8562, 8571)",[[-1.]],-9.183816208188906,6.798538367069046,0.5
"(8563, 8572)",[[-1.]],-12.609834369444519,2.551072011343294,0.5
"(8564, 8573)",[[-1.]],-9.91623493129923,5.961259991817013,0.5
"(8565, 8574)",[[1.]],-14.20889152478465,2.255425875828962,2.5
"(8566, 8575)",[[-1.]],-13.986619468023157,2.4063123225114715,0.5
"(8567, 8576)",[[-1.]],-15.015139884995904,1.147873226371198,0.5
"(8568, 8577)",[[-1.]],-15.07079959494882,2.2469511773796196,0.5
"(8569, 8578)",[[1.]],-14.716309322492965,2.7825207518758663,2.5
"(8570, 8579)",[[1.]],-14.970797108423291,2.2924827652526574,2.5
"(8571, 8580)",[[1.]],-14.403796961975765,2.9828450818365457,2.5
"(8572, 8581)",[[-1.]],-15.78676555896383,1.3715175081028281,0.5
"(8573, 8582)",[[1.]],-14.492350810940518,3.184641370495565,2.5
"(8574, 8583)",[[-1.]],-14.74421846480074,2.727178318441882,0.5
"(8575, 8584)",[[1.]],-12.279110188319438,4.9590123171763025,2.5
"(8576, 8585)",[[1.]],-12.79853772232308,4.260165967555542,2.5
"(8577, 8586)",[[1.]],-12.438559231079125,4.727776340665994,2.5
"(8578, 8587)",[[1.]],-12.650639471853319,2.613241267314038,2.5
"(8579, 8588)",[[1.]],-12.736243531822952,2.495197494060779,2.5
"(8580, 8589)",[[-1.]],-11.951005748301569,3.5086874272086312,0.5
"(8581, 8590)",[[1.]],-11.802093860526762,4.049868664842522,2.5
"(8582, 8591)",[[-1.]],-13.098984668924318,2.287592698980429,0.5
"(8583, 8592)",[[-1.]],-11.347483768854175,3.513094102204004,0.5
"(8584, 8593)",[[-1.]],-11.872801887725203,2.8176629802673396,0.5
"(8585, 8594)",[[-1.]],-11.2842058442249,3.6659103677952576,0.5
"(8586, 8595)",[[-1.]],-12.64692108595545,2.02344285379162,0.5
"(8587, 8596)",[[-1.]],-12.262951379643289,2.521361457820335,0.5
"(8588, 8597)",[[-1.]],-11.438343587415716,3.1541870404337633,0.5
"(8589, 8598)",[[-1.]],-10.91676658203568,3.80375780303039,0.5
"(8590, 8599)",[[-1.]],-13.099257652449637,0.9810569615729037,0.5
"(8591, 8600)",[[-1.]],-11.371117083109093,2.3752980601774567,0.5
"(8592, 8601)",[[-1.]],-12.585045190360779,0.7537053925911827,0.5
"(8593, 8602)",[[-1.]],-12.21179951798952,2.1781763726813725,0.5
"(8594, 8603)",[[-1.]],-13.429192872624863,0.6611560865252599,0.5
"(8595, 8604)",[[-1.]],-12.768646868897031,1.2508215796645423,0.5
"(8596, 8605)",[[-1.]],-12.963503977611973,0.9192838173001867,0.5
"(8597, 8606)",[[-1.]],-12.674219191323946,1.794263541897429,0.5
"(8598, 8607)",[[-1.]],-12.1722040122896,2.4657021387246303,0.5
"(8599, 8608)",[[-1.]],-12.094414224017994,2.519881026932847,0.5
"(8600, 8609)",[[-1.]],-12.152507924268049,2.41471058588904,0.5
"(8601, 8610)",[[-1.]],-12.85920205431326,1.7825171257576962,0.5
"(8602, 8611)",[[-1.]],-12.396227372193472,2.3957344285235713,0.5
"(8603, 8612)",[[-1.]],-10.96009918305985,3.4136525329093175,0.5
"(8604, 8613)",[[-1.]],-10.909395100839049,3.8735271186232225,0.5
"(8605, 8614)",[[-1.]],-11.636082164598312,4.119537911533968,0.5
"(8606, 8615)",[[-1.]],-12.364948881794215,3.207013789870011,0.5
"(8607, 8616)",[[-1.]],-13.440102807600123,2.8100485795412276,0.5
"(8608, 8617)",[[-1.]],-13.419817607008913,2.867916804146466,0.5
"(8609, 8618)",[[-1.]],-13.706260015085462,2.4488765690146153,0.5
"(8610, 8619)",[[-1.]],-13.112478452025083,3.226103976450549,0.5
"(8611, 8620)",[[-1.]],-13.759535480278572,2.4072505683592382,0.5
"(8612, 8621)",[[1.]],-12.745068463023642,3.7370794027533165,2.5
"(8613, 8622)",[[1.]],-14.808962059888122,1.4055559530535735,2.5
"(8614, 8623)",[[-1.]],-14.02957271124671,2.3135064409874744,0.5
"(8615, 8624)",[[-1.]],-15.346993680255682,1.0040672566513233,0.5
"(8616, 8625)",[[-1.]],-14.22813187218922,2.441229822150591,0.5
"(8617, 8626)",[[1.]],-14.363995961787996,1.5918221120696465,2.5
"(8618, 8627)",[[1.]],-13.959634850388891,2.0571543917438255,2.5
"(8619, 8628)",[[-1.]],-14.886734084691666,0.9045086506057523,0.5
"(8620, 8629)",[[-1.]],-14.20737647857127,1.7931527880927955,0.5
"(8621, 8630)",[[-1.]],-15.00452660485732,0.8421402676688814,0.5
"(8622, 8631)",[[1.]],-13.976822226260904,1.8842071536358684,2.5
"(8623, 8632)",[[1.]],-12.440856650469861,3.1892771448867983,2.5
"(8624, 8633)",[[1.]],-13.375215607601016,2.182187546060973,2.5
"(8625, 8634)",[[1.]],-14.641675305224878,0.8910200916269204,2.5
"(8626, 8635)",[[-1.]],-13.547700022880589,2.2891544150075323,0.5
"(8627, 8636)",[[-1.]],-14.76197473566444,0.8422399107056453,0.5
"(8628, 8637)",[[1.]],-12.928799352045376,3.237338891214785,2.5
"(8629, 8638)",[[1.]],-14.887288643236635,0.7800149348919199,2.5
"(8630, 8639)",[[-1.]],-13.539734391151715,2.507619801292181,0.5
"(8631, 8640)",[[1.]],-14.61238829048638,1.3951340477897105,2.5
"(8632, 8641)",[[-1.]],-12.822079234508651,3.842015533100639,0.5
"(8633, 8642)",[[1.]],-14.718890296397293,1.4561067410605357,2.5
"(8634, 8643)",[[-1.]],-11.128521079951103,5.751570868472148,0.5
"(8635, 8644)",[[-1.]],-11.845631035048157,2.6902820139955725,0.5
"(8636, 8645)",[[-1.]],-9.900960231984024,5.1454064812885925,0.5
"(8637, 8646)",[[-1.]],-13.696985205428374,1.0454825743456695,0.5
"(8638, 8647)",[[-1.]],-11.19420156578894,3.8040703464086327,0.5
"(8639, 8648)",[[-1.]],-11.796219235265015,3.055663566104041,0.5
"(8640, 8649)",[[-1.]],-11.901181206050218,2.81053734097884,0.5
"(8641, 8650)",[[-1.]],-12.156562323956354,2.189355268260609,0.5
"(8642, 8651)",[[-1.]],-10.924501913650369,4.470546766701135,0.5
"(8643, 8652)",[[-1.]],-11.982383156323802,3.109162925409704,0.5
"(8644, 8653)",[[-1.]],-11.947568970730746,3.090128211293692,0.5
"(8645, 8654)",[[-1.]],-12.253670849321486,2.69102123526849,0.5
"(8646, 8655)",[[-1.]],-11.811545271349068,3.171064273951096,0.5
"(8647, 8656)",[[-1.]],-12.554932419108768,2.2188956878190744,0.5
"(8648, 8657)",[[-1.]],-13.574489973164743,1.2349416682813086,0.5
"(8649, 8658)",[[-1.]],-12.637889482756133,2.249559985529043,0.5
"(8650, 8659)",[[-1.]],-14.225093710306272,0.8218605657178237,0.5
"(8651, 8660)",[[-1.]],-12.839470296172003,2.4045449918517754,0.5
"(8652, 8661)",[[-1.]],-14.026749777854855,0.3966046160020582,0.5
"(8653, 8662)",[[-1.]],-13.098753045855304,1.5562155378896492,0.5
"(8654, 8663)",[[-1.]],-13.412350246736192,1.5906138944922041,0.5
"(8655, 8664)",[[-1.]],-13.990560752755995,1.0921699691676672,0.5
"(8656, 8665)",[[-1.]],-12.935295228265527,2.390216835923539,0.5
"(8657, 8666)",[[-1.]],-13.810887181223432,1.069806454654664,0.5
"(8658, 8667)",[[-1.]],-12.354950791166102,2.6756536635493866,0.5
"(8659, 8668)",[[-1.]],-14.099272444677142,0.6631218893718582,0.5
"(8660, 8669)",[[-1.]],-13.98884039279227,2.0328799725641282,0.5
"(8661, 8670)",[[-1.]],-15.184291986197211,0.4407247006538668,0.5
"(8662, 8671)",[[1.]],-13.655984866330138,2.4215507742087965,2.5
"(8663, 8672)",[[-1.]],-14.644710488953486,1.0591702873633135,0.5
"(8664, 8673)",[[-1.]],-13.465272145711673,2.3235195805715385,0.5
"(8665, 8674)",[[-1.]],-13.782142068065214,1.6817218874842688,0.5
"(8666, 8675)",[[1.]],-13.401800502178126,2.7529600567713395,2.5
"(8667, 8676)",[[-1.]],-13.450047969462377,2.7822388746722204,0.5
"(8668, 8677)",[[-1.]],-13.76547259942091,2.555090556329107,0.5
"(8669, 8678)",[[0.9999461]],-13.134371566807296,3.3594663654776635,2.499946117401123
"(8670, 8679)",[[1.]],-12.452085102607072,3.417676961759989,2.5
"(8671, 8680)",[[-1.]],-11.74154168295806,4.38993800348026,0.5
"(8672, 8681)",[[-1.]],-14.4998921579354,0.844968308824054,0.5
"(8673, 8682)",[[-1.]],-12.004245918834293,3.9826680588292582,0.5
"(8674, 8683)",[[1.]],-13.770496651955026,1.7837880277892246,2.5
"(8675, 8684)",[[1.]],-12.297911644858548,3.593245072468683,2.5
"(8676, 8685)",[[-1.]],-14.217012499673409,-0.02612492702882463,0.5
"(8677, 8686)",[[-1.]],-12.630611476731445,1.619875488163368,0.5
"(8678, 8687)",[[-1.]],-13.333131521325718,0.7573826485674431,0.5
"(8679, 8688)",[[1.]],-12.060856918571416,2.379015265522071,2.5
"(8680, 8689)",[[-1.]],-13.167965403220707,1.2984954138563722,0.5
"(8681, 8690)",[[-1.]],-12.909490622744796,1.6010660679767845,0.5
"(8682, 8691)",[[-1.]],-12.687848493345099,1.839256922347639,0.5
"(8683, 8692)",[[-1.]],-13.159824157348519,1.4277888686937068,0.5
"(8684, 8693)",[[1.]],-13.205033760781731,2.5842355885806363,2.5
"(8685, 8694)",[[-1.]],-13.219366625419116,2.4953636000230883,0.5
"(8686, 8695)",[[-1.]],-13.177735420747469,2.4703219045888254,0.5
"(8687, 8696)",[[-1.]],-13.224173341600494,2.2644232748304987,0.5
"(8688, 8697)",[[-1.]],-12.80259767296608,2.513991174238088,0.5
"(8689, 8698)",[[-1.]],-12.904916738583236,2.4722496232775946,0.5
"(8690, 8699)",[[-1.]],-13.07555080201053,2.027808444441007,0.5
"(8691, 8700)",[[-1.]],-12.288817474681478,2.9081813215585104,0.5
"(8692, 8701)",[[-1.]],-13.539905392807263,1.713960993542397,0.5
"(8693, 8702)",[[-1.]],-13.17955159361762,2.128131468734388,0.5
"(8694, 8703)",[[-1.]],-12.962030294049177,1.467994976066871,0.5
"(8695, 8704)",[[-1.]],-10.687708161932672,4.614060827141024,0.5
"(8696, 8705)",[[-1.]],-12.527414386168012,3.40573434461618,0.5
"(8697, 8706)",[[-1.]],-12.703453536550565,3.323719132665074,0.5
"(8698, 8707)",[[-1.]],-15.022469891218657,1.368129122186934,0.5
"(8699, 8708)",[[-1.]],-14.670786050840013,1.9579887306822013,0.5
"(8700, 8709)",[[1.]],-15.354160837148465,2.343335068928745,2.5
"(8701, 8710)",[[-1.]],-15.090994268719426,2.6448486678907646,0.5
"(8702, 8711)",[[-1.]],-15.223760614332775,2.146080445585957,0.5
"(8703, 8712)",[[-1.]],-14.947220641617527,2.4240968766258035,0.5
"(8704, 8713)",[[1.]],-14.950660461774865,2.57864270703765,2.5
"(8705, 8714)",[[-1.]],-14.815514631867911,2.659629099070216,0.5
"(8706, 8715)",[[-1.]],-15.067700724303736,2.129284832237607,0.5
"(8707, 8716)",[[-1.]],-14.523002949744562,2.7776113129330113,0.5
"(8708, 8717)",[[1.]],-14.256394076891759,2.69333089417081,2.5
"(8709, 8718)",[[-1.]],-13.141451760854565,4.240124781942075,0.5
"(8710, 8719)",[[-1.]],-15.244991409973226,1.2481836296448474,0.5
"(8711, 8720)",[[-1.]],-13.103017315822845,3.936338510578828,0.5
"(8712, 8721)",[[-1.]],-14.94224864106881,1.4228213332153388,0.5
"(8713, 8722)",[[-1.]],-12.873484323196598,3.949073365025333,0.5
"(8714, 8723)",[[-1.]],-14.318275153967837,1.580903215271917,0.5
"(8715, 8724)",[[-1.]],-13.954556119566714,2.035571018833698,0.5
"(8716, 8725)",[[-1.]],-14.397154551504968,1.4580990608576752,0.5
"(8717, 8726)",[[-1.]],-14.884724787807748,0.8375098710612718,0.5
"(8718, 8727)",[[1.]],-13.924645764518703,2.0032494644709598,2.5
"(8719, 8728)",[[1.]],-12.71865723935262,3.8701417316108557,2.5
"(8720, 8729)",[[-1.]],-13.335842214140095,1.7703231609070986,0.5
"(8721, 8730)",[[-1.]],-14.289172646038262,0.9762709049932194,0.5
"(8722, 8731)",[[-1.]],-14.586648817227914,0.9058809636644174,0.5
"(8723, 8732)",[[1.]],-14.23606773942274,1.3475101229897302,2.5
"(8724, 8733)",[[1.]],-14.440340614432355,0.9299302823284119,2.5
"(8725, 8734)",[[-1.]],-13.47778461315097,1.9945119000812976,0.5
"(8726, 8735)",[[-1.]],-14.256499236230471,1.114569524664029,0.5
"(8727, 8736)",[[-1.]],-13.001467781116833,2.977037025045224,0.5
"(8728, 8737)",[[-1.]],-15.482063083728024,1.381048613061088,0.5
"(8729, 8738)",[[1.]],-13.323339456472482,3.8005684053856594,2.5
"(8730, 8739)",[[1.]],-15.28327138523199,1.2855589887160814,2.5
"(8731, 8740)",[[-1.]],-14.8676688975044,1.7607507148270862,0.5
"(8732, 8741)",[[-1.]],-15.11831953975731,1.4624201742576233,0.5
"(8733, 8742)",[[1.]],-13.575608777267128,3.5277015960872165,2.5
"(8734, 8743)",[[-1.]],-15.046645935100546,1.4847250817325275,0.5
"(8735, 8744)",[[-1.]],-14.584204237506123,2.0657588941892673,0.5
"(8736, 8745)",[[1.]],-14.130309603316,2.671817723993118,2.5
"(8737, 8746)",[[1.]],-12.71663965704365,4.286882725568555,2.5
"(8738, 8747)",[[-1.]],-7.087803081867386,8.63241482378934,0.5
"(8739, 8748)",[[-1.]],-13.23162214695123,0.9675053355693439,0.5
"(8740, 8749)",[[-1.]],-8.01977016082827,7.823469027048791,0.5
"(8741, 8750)",[[-1.]],-14.329222206018803,0.6547069672325652,0.5
"(8742, 8751)",[[-1.]],-10.315490123440275,5.664696817530638,0.5
"(8743, 8752)",[[-1.]],-14.246982854320896,0.8193437773672549,0.5
"(8744, 8753)",[[-1.]],-11.538442991260323,4.173137783020685,0.5
"(8745, 8754)",[[-1.]],-14.180915175158784,0.8175389493811824,0.5
"(8746, 8755)",[[-1.]],-11.938274130356541,3.505378293666155,0.5
"(8747, 8756)",[[-1.]],-14.312333903947957,0.5528598045519892,0.5
"(8748, 8757)",[[-1.]],-11.717162062049912,3.7792170745625047,0.5
"(8749, 8758)",[[-1.]],-14.196028794508441,0.5482509683778094,0.5
"(8750, 8759)",[[-1.]],-12.059822441621208,3.213131453799999,0.5
"(8751, 8760)",[[-1.]],-12.368338378061534,2.072741466340741,0.5
"(8752, 8761)",[[-1.]],-12.36202029830315,2.258772461952642,0.5
"(8753, 8762)",[[-1.]],-11.72909247814851,2.763268303644992,0.5
"(8754, 8763)",[[-1.]],-11.487779407051727,3.0939333444646735,0.5
"(8755, 8764)",[[-1.]],-12.124959720332328,2.0782343394943084,0.5
"(8756, 8765)",[[-1.]],-12.01253208677351,2.397443880763312,0.5
"(8757, 8766)",[[-1.]],-12.258108350299445,3.103115751356082,0.5
"(8758, 8767)",[[-1.]],-12.610799225773704,2.3813978298809566,0.5
"(8759, 8768)",[[-1.]],-11.513345521823778,4.038983157858404,0.5
"(8760, 8769)",[[-1.]],-13.285162559524926,1.8202127344831567,0.5
"(8761, 8770)",[[-1.]],-12.893915620832678,2.3463435704885036,0.5
"(8762, 8771)",[[-1.]],-13.291798072254037,2.028497452222407,0.5
"(8763, 8772)",[[-1.]],-13.941825129837017,1.3391752426231847,0.5
"(8764, 8773)",[[1.]],-13.307023234774892,2.5177591236505545,2.5
"(8765, 8774)",[[-1.]],-13.361668313919555,2.533726059541486,0.5
"(8766, 8775)",[[-1.]],-13.439145956394361,2.4697131180908425,0.5
"(8767, 8776)",[[-1.]],-13.195894753497548,2.3526026697447247,0.5
"(8768, 8777)",[[-1.]],-14.011195614655943,1.336442911437775,0.5
"(8769, 8778)",[[-1.]],-13.822120305161416,1.140019852479563,0.5
"(8770, 8779)",[[-1.]],-12.233212144844758,2.762319992903784,0.5
"(8771, 8780)",[[-1.]],-13.820734662934404,1.1351430133352949,0.5
"(8772, 8781)",[[-1.]],-13.841194941256731,1.237235987041327,0.5
"(8773, 8782)",[[1.]],-12.070496122143398,3.8060884000814372,2.5
"(8774, 8783)",[[1.]],-14.636932854591528,0.32368807922446763,2.5
"(8775, 8784)",[[-1.]],-12.894300242389674,2.348798263192803,0.5
"(8776, 8785)",[[1.]],-14.59936064540236,0.28499767373661555,2.5
"(8777, 8786)",[[-1.]],-13.014037522118468,2.56071640019497,0.5
"(8778, 8787)",[[-1.]],-14.768919554226771,0.4425847824151976,0.5
"(8779, 8788)",[[1.]],-13.030467247743392,2.6226580245375715,2.5
"(8780, 8789)",[[1.]],-14.46598714698174,1.1166903024362753,2.5
"(8781, 8790)",[[-1.]],-12.990642770158598,2.9114937841348194,0.5
"(8782, 8791)",[[-1.]],-14.344477408152162,1.2284393851593212,0.5
"(8783, 8792)",[[-1.]],-13.423605601499995,1.9922243215614763,0.5
"(8784, 8793)",[[-1.]],-13.793303697522205,0.9432283644459254,0.5
"(8785, 8794)",[[-1.]],-13.365879242042233,1.5364882570030307,0.5
"(8786, 8795)",[[1.]],-13.808146851504295,1.074994572358957,2.5
"(8787, 8796)",[[-1.]],-13.131121401026089,1.5231833001279504,0.5
"(8788, 8797)",[[-1.]],-12.067839327536445,2.888466135343821,0.5
"(8789, 8798)",[[-1.]],-13.829184067712168,2.0731764167149347,0.5
"(8790, 8799)",[[-1.]],-12.445943380448748,3.9920086044083867,0.5
"(8791, 8800)",[[-1.]],-13.188934245263278,3.1077502017838263,0.5
"(8792, 8801)",[[-1.]],-15.350401920895909,0.48421539873623765,0.5
"(8793, 8802)",[[-1.]],-12.596934165637855,3.863384684261531,0.5
"(8794, 8803)",[[-1.]],-13.836884599016708,2.349830761012141,0.5
"(8795, 8804)",[[-1.]],-12.747144316668033,3.726299838988286,0.5
"(8796, 8805)",[[-1.]],-12.27115300513188,4.248414664993033,0.5
"(8797, 8806)",[[-1.]],-12.917588054716505,3.4505648172631336,0.5
"(8798, 8807)",[[-1.]],-11.969959685711853,4.637275528504668,0.5
"(8799, 8808)",[[-1.]],-11.175932108913528,5.428140114932301,0.5
"(8800, 8809)",[[-1.]],-14.164335223711236,1.4550719525891687,0.5
"(8801, 8810)",[[-1.]],-9.555911529529604,7.469611845683062,0.5
"(8802, 8811)",[[-1.]],-13.593454692101162,2.4196259007255243,0.5
"(8803, 8812)",[[-1.]],-10.4947617053777,6.5850225937305,0.5
"(8804, 8813)",[[-1.]],-14.546999741353718,1.5335865122585286,0.5
"(8805, 8814)",[[-1.]],-13.174025219949762,3.7999432715483454,0.5
"(8806, 8815)",[[-1.]],-15.291353408340699,1.156056365464897,0.5
"(8807, 8816)",[[-1.]],-13.44786849290195,3.5965632396245883,0.5
"(8808, 8817)",[[-1.]],-15.526879778982746,1.1365523455146747,0.5
"(8809, 8818)",[[-1.]],-14.392923623585316,1.8399501863441614,0.5
"(8810, 8819)",[[-1.]],-14.587761584771021,1.4738175992110616,0.5
"(8811, 8820)",[[-1.]],-15.3080184310824,0.3462659107595094,0.5
"(8812, 8821)",[[-1.]],-14.554071109817581,1.250150597167158,0.5
"(8813, 8822)",[[-1.]],-15.004580885583213,0.35025864521356453,0.5
"(8814, 8823)",[[1.]],-13.691699700796102,1.961725886826061,2.5
"(8815, 8824)",[[-1.]],-13.563301530513124,0.8149005804052152,0.5
"(8816, 8825)",[[1.]],-11.104654496098417,5.070215320198118,2.5
"(8817, 8826)",[[1.]],-13.945686145992292,1.4453237485415933,2.5
"(8818, 8827)",[[-1.]],-11.447350823476885,4.437674782318249,0.5
"(8819, 8828)",[[-1.]],-13.0956972869207,2.380040472106403,0.5
"(8820, 8829)",[[0.08902955]],-11.545787866659541,4.37647207079911,1.5890295505523682
"(8821, 8830)",[[-1.]],-13.506037303539808,2.3447110610252455,0.5
"(8822, 8831)",[[1.]],-12.386006425110759,3.8038018441841697,2.5
"(8823, 8832)",[[-1.]],-13.577503612785593,2.4903472528172337,0.5
"(8824, 8833)",[[1.]],-12.648826430147219,3.8200253384171265,2.5
"(8825, 8834)",[[-1.]],-14.273935107466729,1.619405902822864,0.5
"(8826, 8835)",[[-1.]],-11.875188476717813,3.5241913390760686,0.5
"(8827, 8836)",[[-1.]],-13.228912852844358,1.8017780126692173,0.5
"(8828, 8837)",[[1.]],-11.285748982721424,4.233754691091793,2.5
"(8829, 8838)",[[1.]],-13.36067436681625,1.6078861203039914,2.5
"(8830, 8839)",[[-1.]],-11.25007659953404,4.2777787548010195,0.5
"(8831, 8840)",[[-1.]],-12.718346808331066,1.8855904559626158,0.5
"(8832, 8841)",[[-1.]],-9.034149861915708,6.570403712745005,0.5
"(8833, 8842)",[[-1.]],-12.965824437353724,1.5266655978862325,0.5
"(8834, 8843)",[[-1.]],-12.137311624654254,2.837718615809205,0.5
"(8835, 8844)",[[-1.]],-12.031638562121548,2.8702380265583898,0.5
"(8836, 8845)",[[-1.]],-12.836673701797462,2.029807248292899,0.5
"(8837, 8846)",[[-1.]],-11.483546910793144,3.5471276852155604,0.5
"(8838, 8847)",[[-1.]],-12.941960567078238,1.873297421671058,0.5
"(8839, 8848)",[[-1.]],-11.766791081992116,3.076446404926603,0.5
"(8840, 8849)",[[-1.]],-13.060649419352059,1.4436619819185612,0.5
"(8841, 8850)",[[-1.]],-10.219370310707903,5.044314236424642,0.5
"(8842, 8851)",[[-1.]],-13.305181942735274,1.229950659670516,0.5
"(8843, 8852)",[[-1.]],-9.076887291540043,6.215591004816687,0.5
"(8844, 8853)",[[-1.]],-9.92475271350654,4.730853089676838,0.5
"(8845, 8854)",[[-1.]],-8.606050511906401,6.34018905271752,0.5
"(8846, 8855)",[[-1.]],-8.85094021086857,6.02591687575875,0.5
"(8847, 8856)",[[-1.]],-10.487482218265841,5.489907008072976,0.5
"(8848, 8857)",[[-1.]],-14.07273993557115,1.285735725472037,0.5
"(8849, 8858)",[[-1.]],-10.868116252883876,5.154488671367659,0.5
"(8850, 8859)",[[-1.]],-14.333417850894918,1.3605576796873748,0.5
"(8851, 8860)",[[-1.]],-12.30533062665535,3.855087492251579,0.5
"(8852, 8861)",[[-1.]],-14.484587079783072,1.1217354746122155,0.5
"(8853, 8862)",[[-1.]],-12.141814050355318,4.165448459260487,0.5
"(8854, 8863)",[[-1.]],-14.331201509888878,1.4062603402027047,0.5
"(8855, 8864)",[[-1.]],-13.173389702656934,3.2199220608889725,0.5
"(8856, 8865)",[[-1.]],-14.106958278662566,2.297684724058559,0.5
"(8857, 8866)",[[-1.]],-13.314479872139273,2.9151616046103896,0.5
"(8858, 8867)",[[-1.]],-12.678773294463298,3.874040909433406,0.5
"(8859, 8868)",[[-1.]],-13.527987455725617,2.787552453368061,0.5
"(8860, 8869)",[[-1.]],-12.070489521829975,3.84177830072651,0.5
"(8861, 8870)",[[1.]],-14.287555055462292,2.2237166010047638,2.5
"(8862, 8871)",[[-1.]],-10.987376297188641,6.407830571351596,0.5
"(8863, 8872)",[[-1.]],-14.51173800818179,2.027981944866241,0.5
"(8864, 8873)",[[-1.]],-11.967994010507338,5.140372256155008,0.5
"(8865, 8874)",[[1.]],-14.339888763181678,2.25305051507949,2.5
"(8866, 8875)",[[-1.]],-13.579625995337546,3.1943022899936757,0.5
"(8867, 8876)",[[-1.]],-14.628118036096927,1.9655407600122228,0.5
"(8868, 8877)",[[-1.]],-10.999179057534082,6.535360280160827,0.5
"(8869, 8878)",[[1.]],-14.217380141646748,2.562373765935087,2.5
"(8870, 8879)",[[-1.]],-10.719115704628143,6.845077555432487,0.5
"(8871, 8880)",[[1.]],-13.460136748096202,3.40193246208322,2.5
"(8872, 8881)",[[-1.]],-12.8229292439763,4.1264522228361376,0.5
"(8873, 8882)",[[-1.]],-14.202230480847964,2.4738770267211176,0.5
"(8874, 8883)",[[-1.]],-13.04511368296625,3.87410976934593,0.5
"(8875, 8884)",[[1.]],-13.159180481319428,3.5542114003071124,2.5
"(8876, 8885)",[[-1.]],-13.33464449351266,3.29664323592179,0.5
"(8877, 8886)",[[-1.]],-13.629980349298851,2.987128298226537,0.5
"(8878, 8887)",[[1.]],-13.544734990389818,3.0796794704552095,2.5
"(8879, 8888)",[[1.]],-13.360080316060728,3.6117130604846057,2.5
"(8880, 8889)",[[-1.]],-14.992263853541731,1.7188717618462386,0.5
"(8881, 8890)",[[-1.]],-12.133936427020162,3.556403774929617,0.5
"(8882, 8891)",[[-1.]],-12.296266444271751,3.7333859793118336,0.5
"(8883, 8892)",[[-1.]],-12.488166576850334,3.554211203295818,0.5
"(8884, 8893)",[[-1.]],-12.159450416814986,3.8987038418455846,0.5
"(8885, 8894)",[[-1.]],-12.06410395106899,3.541775591105406,0.5
"(8886, 8895)",[[-1.]],-12.362592661422903,2.948096965085483,0.5
"(8887, 8896)",[[-1.]],-12.301464751186453,2.975877699663055,0.5
"(8888, 8897)",[[-1.]],-12.343502773751883,2.861597385452905,0.5
"(8889, 8898)",[[-1.]],-11.862940096750624,3.6857021734598856,0.5
"(8890, 8899)",[[-1.]],-12.431120923677657,2.121257396328348,0.5
"(8891, 8900)",[[-1.]],-11.704499202276036,3.1784044087819883,0.5
"(8892, 8901)",[[-1.]],-10.879021141880477,3.3785321089247127,0.5
"(8893, 8902)",[[-1.]],-11.377421364983475,2.784244032246466,0.5
"(8894, 8903)",[[-1.]],-11.70764053175625,3.0420348622771005,0.5
"(8895, 8904)",[[-1.]],-13.47111519844609,0.5003416592628689,0.5
"(8896, 8905)",[[-1.]],-12.92430943358854,1.2699889399724569,0.5
"(8897, 8906)",[[-1.]],-12.767636478007407,1.4545360334758222,0.5
"(8898, 8907)",[[-1.]],-12.579029048227286,1.755422183898684,0.5
"(8899, 8908)",[[-1.]],-12.627985543497719,1.7827807164902723,0.5
"(8900, 8909)",[[-1.]],-13.239953128735907,1.0915928033588358,0.5
"(8901, 8910)",[[-1.]],-13.285953493998873,1.0619706629510333,0.5
"(8902, 8911)",[[-1.]],-13.132017927476426,1.2887524129277743,0.5
"(8903, 8912)",[[-1.]],-13.212601490624161,1.243949320671156,0.5
"(8904, 8913)",[[-1.]],-11.18646507979353,3.6997829259530093,0.5
"(8905, 8914)",[[-1.]],-12.186453181686144,2.3368148737060324,0.5
"(8906, 8915)",[[-1.]],-12.123227779707205,2.404587757213836,0.5
"(8907, 8916)",[[-1.]],-12.052993775179688,2.6438191753368763,0.5
"(8908, 8917)",[[-1.]],-13.491480607708839,0.9158420758446937,0.5
"(8909, 8918)",[[-1.]],-12.143731987922566,1.9666514240539321,0.5
"(8910, 8919)",[[-1.]],-10.736281703960293,3.977629254410452,0.5
"(8911, 8920)",[[-1.]],-10.857351335397757,3.6105260492784623,0.5
"(8912, 8921)",[[-1.]],-11.531879483126538,2.729324877745139,0.5
"(8913, 8922)",[[1.]],-11.165966745987513,4.3630915200468365,2.5
"(8914, 8923)",[[-1.]],-13.36494582691885,1.3223054386127373,0.5
"(8915, 8924)",[[-1.]],-11.553963360662474,4.002956900122022,0.5
"(8916, 8925)",[[-1.]],-14.182093405818689,0.9472559602925479,0.5
"(8917, 8926)",[[-1.]],-13.185035817090347,2.344631479913531,0.5
"(8918, 8927)",[[1.]],-14.049391254366052,1.2152747005933442,2.5
"(8919, 8928)",[[1.]],-13.467753432351397,2.2672810313578484,2.5
"(8920, 8929)",[[-1.]],-14.74086579477762,0.5764964790983083,0.5
"(8921, 8930)",[[-1.]],-13.485137348150065,2.1980642079452064,0.5
"(8922, 8931)",[[-1.]],-15.028962295697578,0.32757964589053934,0.5
"(8923, 8932)",[[-0.9999999]],-13.488540405588386,1.4493693545851638,0.5000001192092896
"(8924, 8933)",[[-1.]],-14.515600285320142,0.48623365407406816,0.5
"(8925, 8934)",[[-1.]],-15.068443322680793,0.4784962844100775,0.5
"(8926, 8935)",[[-1.]],-14.672170907900224,0.9614036129247481,0.5
"(8927, 8936)",[[1.]],-14.900820598300003,0.8114131692418738,2.5
"(8928, 8937)",[[1.]],-15.049037123245027,0.6517716525493,2.5
"(8929, 8938)",[[-1.]],-14.498030865717734,0.9260593450845587,0.5
"(8930, 8939)",[[1.]],-14.53047741927811,0.8616182634710867,2.5
"(8931, 8940)",[[-1.]],-15.564861308297639,1.5243060212704567,0.5
"(8932, 8941)",[[-1.]],-14.773342330139595,2.501915518943622,0.5
"(8933, 8942)",[[1.]],-14.660609366925312,2.6960226355680925,2.5
"(8934, 8943)",[[1.]],-14.89274900901245,2.42866873266609,2.5
"(8935, 8944)",[[-1.]],-14.549130861982324,2.778123837323493,0.5
"(8936, 8945)",[[-1.]],-15.242925433549505,1.8564679555117687,0.5
"(8937, 8946)",[[-1.]],-14.804415100753625,2.930076604261181,0.5
"(8938, 8947)",[[1.]],-14.741574342810859,3.0428238007968886,2.5
"(8939, 8948)",[[-1.]],-15.104171841774683,2.760423212700354,0.5
"(8940, 8949)",[[-1.]],-15.00773843531757,2.8766847764783225,0.5
"(8941, 8950)",[[-1.]],-14.629437708854267,2.3955129320221538,0.5
"(8942, 8951)",[[-1.]],-15.407276843284377,1.4650228808636072,0.5
"(8943, 8952)",[[-1.]],-14.893167403933678,2.100834297035105,0.5
"(8944, 8953)",[[1.]],-14.657570611940907,2.442442613376125,2.5
"(8945, 8954)",[[-1.]],-15.30340014868264,1.4503140198115627,0.5
"(8946, 8955)",[[-1.]],-14.408940192133615,2.683311401682733,0.5
"(8947, 8956)",[[-1.]],-13.240627636440188,2.60778086537994,0.5
"(8948, 8957)",[[-1.]],-14.579946341749267,0.7749622517576036,0.5
"(8949, 8958)",[[-1.]],-13.242032893809718,2.5802848528897044,0.5
"(8950, 8959)",[[-1.]],-14.407885963612227,1.1295507083177228,0.5
"(8951, 8960)",[[-1.]],-13.399477465028463,1.4535762940562726,0.5
"(8952, 8961)",[[-1.]],-11.863587110883824,3.1172861294185807,0.5
"(8953, 8962)",[[-1.]],-12.240154384167806,2.684102954300382,0.5
"(8954, 8963)",[[-1.]],-11.651984528226945,3.5202969808987525,0.5
"(8955, 8964)",[[1.]],-14.867752029763752,1.378307854637134,2.5
"(8956, 8965)",[[-1.]],-14.391184563230892,1.9243844717522922,0.5
"(8957, 8966)",[[-1.]],-15.024561109949287,1.0992879818219556,0.5
"(8958, 8967)",[[1.]],-13.550128479889095,3.4599232810903757,2.5
"(8959, 8968)",[[-1.]],-15.009012002966767,1.4169945112367248,0.5
"(8960, 8969)",[[-1.]],-14.28991572260123,2.399110934216951,0.5
"(8961, 8970)",[[-1.]],-14.900737316506863,1.6360123954168628,0.5
"(8962, 8971)",[[-1.]],-14.045665300148418,2.725920587537038,0.5
"(8963, 8972)",[[1.]],-14.949071602853422,1.6627623504512474,2.5
"(8964, 8973)",[[-1.]],-14.725434152381359,1.936888784627083,0.5
"(8965, 8974)",[[-1.]],-14.667661788802498,1.0135548731754511,0.5
"(8966, 8975)",[[-1.]],-14.378266834213868,1.4129427796708907,0.5
"(8967, 8976)",[[-1.]],-14.636352736070172,1.1350281852674993,0.5
"(8968, 8977)",[[-1.]],-13.736721189706513,1.454590577580598,0.5
"(8969, 8978)",[[1.]],-14.29677083036527,0.7743660300574735,2.5
"(8970, 8979)",[[-1.]],-14.069777775825823,1.1896178268015927,0.5
"(8971, 8980)",[[-1.]],-14.607212344935636,0.5159800451168604,0.5
"(8972, 8981)",[[1.]],-14.843678399196818,1.574474612576914,2.5
"(8973, 8982)",[[-1.]],-15.267351865322624,0.8545874385982337,0.5
"(8974, 8983)",[[-1.]],-14.641914179717118,1.350533204248503,0.5
"(8975, 8984)",[[-1.]],-14.90580021028247,1.1365494778937144,0.5
"(8976, 8985)",[[1.]],-14.117689385723102,2.2494439108508733,2.5
"(8977, 8986)",[[1.]],-14.52595277771043,1.7602263426470035,2.5
"(8978, 8987)",[[1.]],-14.211668157317124,2.165161982017965,2.5
"(8979, 8988)",[[1.]],-14.58789146584632,1.7565329228314237,2.5
"(8980, 8989)",[[1.]],-14.35942163292056,2.5057340519666447,2.5
"(8981, 8990)",[[-1.]],-14.74515209085125,1.9622003634691492,0.5
"(8982, 8991)",[[-1.]],-13.721311759228673,1.817493672854539,0.5
"(8983, 8992)",[[-1.]],-12.079336819119577,3.903348259672695,0.5
"(8984, 8993)",[[-1.]],-13.422457252416327,2.271387636306317,0.5
"(8985, 8994)",[[-1.]],-13.835210985741497,1.4673668496823957,0.5
"(8986, 8995)",[[-1.]],-11.870476377156704,3.832853235083711,0.5
"(8987, 8996)",[[-1.]],-13.147646239007763,2.256528885017744,0.5
"(8988, 8997)",[[-1.]],-11.885226081436679,3.8019951663244367,0.5
"(8989, 8998)",[[-1.]],-11.877249144616734,3.9077306347449383,0.5
"(8990, 8999)",[[-1.]],-9.643614868358066,5.531244835211082,0.5
"(8991, 9000)",[[-1.]],-11.479055522246362,3.359341552520723,0.5
"(8992, 9001)",[[-1.]],-10.88882211978965,4.072851099981431,0.5
"(8993, 9002)",[[-1.]],-12.451847961812001,1.9437050174669501,0.5
"(8994, 9003)",[[-1.]],-11.239498641769922,2.582442620152097,0.5
"(8995, 9004)",[[-1.]],-11.708326476214289,2.285906956193738,0.5
"(8996, 9005)",[[-1.]],-11.127067663364079,3.1375743009746344,0.5
"(8997, 9006)",[[-1.]],-10.87809876939435,3.4828056225715187,0.5
"(8998, 9007)",[[-1.]],-11.71343231919977,2.7110275240936446,0.5
"(8999, 9008)",[[-1.]],-12.0207091937851,2.1541903037499353,0.5
"(9000, 9009)",[[-1.]],-10.541197033806537,4.862730574842267,0.5
"(9001, 9010)",[[-1.]],-14.379229731891217,0.1915339988008995,0.5
"(9002, 9011)",[[-1.]],-12.401907673123139,2.8335944911330095,0.5
"(9003, 9012)",[[-1.]],-13.995147854444737,0.9577073876813138,0.5
"(9004, 9013)",[[-1.]],-12.920932358462581,2.238916396757375,0.5
"(9005, 9014)",[[-1.]],-13.789049900471358,0.9094023087923837,0.5
"(9006, 9015)",[[1.]],-14.922832229350728,2.783346726571155,2.5
"(9007, 9016)",[[-1.]],-15.741239949798734,1.7934952530404793,0.5
"(9008, 9017)",[[-1.]],-16.644383749049428,0.7013245366812573,0.5
"(9009, 9018)",[[1.]],-14.914474143598474,2.9485183717567853,2.5
"(9010, 9019)",[[-1.]],-16.647029922779282,0.729201796480277,0.5
"(9011, 9020)",[[-1.]],-14.974222662500763,2.832546402251559,0.5
"(9012, 9021)",[[-1.]],-16.209206977067314,1.2071835989524207,0.5
"(9013, 9022)",[[-1.]],-15.144318107958142,2.5294255500914744,0.5
"(9014, 9023)",[[1.]],-14.645048473511416,3.260909004023894,2.5
"(9015, 9024)",[[-1.]],-14.675677414429863,3.1550711791717028,0.5
"(9016, 9025)",[[-1.]],-10.273625349381467,5.127468434888005,0.5
"(9017, 9026)",[[-1.]],-10.981700521912565,4.31182398156232,0.5
"(9018, 9027)",[[-1.]],-9.21485632194776,6.363050148850945,0.5
"(9019, 9028)",[[-1.]],-11.339686699323138,3.550017978937195,0.5
"(9020, 9029)",[[-1.]],-9.779028998231382,4.249298199541855,0.5
"(9021, 9030)",[[-1.]],-12.17020419459019,1.7018241626366724,0.5
"(9022, 9031)",[[1.]],-9.78098163856331,5.699784625161234,2.5
"(9023, 9032)",[[-1.]],-10.04479601635897,5.403461193451699,0.5
"(9024, 9033)",[[1.]],-9.473226141312578,6.482762579444588,2.5
"(9025, 9034)",[[-1.]],-10.080496995493686,5.666348203545262,0.5
"(9026, 9035)",[[1.]],-9.519091456250106,6.725549183875934,2.5
"(9027, 9036)",[[1.]],-10.433869751467304,5.518322563786112,2.5
"(9028, 9037)",[[1.]],-9.943826563443306,6.302154436734229,2.5
"(9029, 9038)",[[-1.]],-10.81524579008909,5.189703436285658,0.5
"(9030, 9039)",[[-1.]],-11.110955253938004,5.324654702072262,0.5
"(9031, 9040)",[[-1.]],-11.84273326454991,4.481823551384169,0.5
"(9032, 9041)",[[1.]],-11.278459431273106,4.725526946685136,2.5
"(9033, 9042)",[[1.]],-13.602410971235248,2.3652075196051037,2.5
"(9034, 9043)",[[-1.]],-10.895492288823885,5.509622572992505,0.5
"(9035, 9044)",[[-1.]],-13.591814806426992,1.9936094123953456,0.5
"(9036, 9045)",[[-1.]],-13.515705931558339,1.8387299743610157,0.5
"(9037, 9046)",[[-1.]],-14.011357807211546,1.2461694198150077,0.5
"(9038, 9047)",[[-1.]],-13.568003723506257,2.3885857967570185,0.5
"(9039, 9048)",[[1.]],-13.461327284226595,2.559100615256991,2.5
"(9040, 9049)",[[-1.]],-14.281480802906003,1.8126230209131382,0.5
"(9041, 9050)",[[-1.]],-12.535116075862113,4.768891848888968,0.5
"(9042, 9051)",[[-1.]],-12.811011621442836,4.90409627815967,0.5
"(9043, 9052)",[[-1.]],-13.143684995307646,4.507304115593884,0.5
"(9044, 9053)",[[-1.]],-12.796464417473256,4.897182705130327,0.5
"(9045, 9054)",[[-1.]],-13.13246158961184,4.63953945013612,0.5
"(9046, 9055)",[[1.]],-10.228723028881241,8.24522195499474,2.5
"(9047, 9056)",[[-1.]],-12.563323215914854,5.332094759483637,0.5
"(9048, 9057)",[[1.]],-10.738413775149992,7.485265200897269,2.5
"(9049, 9058)",[[-1.]],-14.402171357827791,3.329055194502308,0.5
"(9050, 9059)",[[-1.]],-13.95934978448143,3.8182671625843856,0.5
"(9051, 9060)",[[-1.]],-14.824492534431593,2.0001064982872023,0.5
"(9052, 9061)",[[1.]],-13.685198287790742,4.230939124370574,2.5
"(9053, 9062)",[[-1.]],-15.801102469223048,1.3968949029874427,0.5
"(9054, 9063)",[[-1.]],-13.87783787506502,3.770827001260164,0.5
"(9055, 9064)",[[-1.]],-15.190803400856272,1.6269110933471875,0.5
"(9056, 9065)",[[-1.]],-15.624295707604402,1.0140800198507645,0.5
"(9057, 9066)",[[-1.]],-15.61828928132767,0.9515064141810416,0.5
"(9058, 9067)",[[-1.]],-15.769243918600134,0.6649262157302935,0.5
"(9059, 9068)",[[-1.]],-14.483375465679899,1.9945094873465514,0.5
"(9060, 9069)",[[-1.]],-14.789473222901496,1.608685479242478,0.5
"(9061, 9070)",[[-1.]],-13.096072270477965,3.777872310643799,0.5
"(9062, 9071)",[[-1.]],-6.603185472781994,8.45614593332962,0.5
"(9063, 9072)",[[-1.]],-7.708941527452225,7.652382432575596,0.5
"(9064, 9073)",[[-1.]],-12.052321638520421,2.8060698175502594,0.5
"(9065, 9074)",[[-1.]],-10.821225292777282,4.1742713900260675,0.5
"(9066, 9075)",[[1.]],-12.393214375255413,2.5094470782325615,2.5
"(9067, 9076)",[[-1.]],-12.788929391308868,2.0649519245471843,0.5
"(9068, 9077)",[[-1.]],-12.872947043228413,1.8381914418845753,0.5
"(9069, 9078)",[[-1.]],-13.001911089864002,1.5117138505840302,0.5
"(9070, 9079)",[[-1.]],-13.344881160792285,1.0474476883702089,0.5
"(9071, 9080)",[[1.]],-13.056336469140208,3.47713283992611,2.5
"(9072, 9081)",[[1.]],-14.484241287338001,1.646782637048405,2.5
"(9073, 9082)",[[-1.]],-13.912283450652636,2.406796753311351,0.5
"(9074, 9083)",[[1.]],-14.010218351124745,2.8883230758745917,2.5
"(9075, 9084)",[[1.]],-14.172590366057607,2.6750013751500967,2.5
"(9076, 9085)",[[-1.]],-14.097220187347425,2.753059136407516,0.5
"(9077, 9086)",[[1.]],-13.80075527698606,3.2165071686890334,2.5
"(9078, 9087)",[[1.]],-14.1733744937281,2.7820904791610372,2.5
"(9079, 9088)",[[1.]],-13.977017189245325,3.2799327756402903,2.5
"(9080, 9089)",[[-1.]],-15.187300892616435,1.8738944048291568,0.5
"(9081, 9090)",[[1.]],-14.284461297006075,1.957083365163827,2.5
"(9082, 9091)",[[-1.]],-14.602094186710461,1.7767953597200492,0.5
"(9083, 9092)",[[-1.]],-13.679308867490832,2.993661542078752,0.5
"(9084, 9093)",[[-1.]],-12.397700179474514,3.0525361058577314,0.5
"(9085, 9094)",[[-1.]],-13.596902640883124,1.5641758470974114,0.5
"(9086, 9095)",[[-1.]],-13.023582629034518,2.3432060330277054,0.5
"(9087, 9096)",[[-1.]],-13.595836485588448,1.4870724323433393,0.5
"(9088, 9097)",[[-1.]],-13.869096684446781,1.1390338840602112,0.5
"(9089, 9098)",[[-1.]],-13.52125488895073,1.6115484470421446,0.5
"(9090, 9099)",[[-1.]],-12.700292655322762,2.587482544574872,0.5
"(9091, 9100)",[[-1.]],-13.429455631899382,1.173765371636641,0.5
"(9092, 9101)",[[-1.]],-12.62835910410899,2.230348167478244,0.5
"(9093, 9102)",[[-1.]],-13.553080833773032,1.144535657440084,0.5
"(9094, 9103)",[[-1.]],-13.449037499806899,1.4299572385057981,0.5
"(9095, 9104)",[[-1.]],-13.81272699553228,0.980965762151154,0.5
"(9096, 9105)",[[-1.]],-13.400896373281086,1.5859852474109317,0.5
"(9097, 9106)",[[-1.]],-13.59340187077995,0.8964003732410539,0.5
"(9098, 9107)",[[-1.]],-12.828572020128666,2.484284362055064,0.5
"(9099, 9108)",[[-1.]],-14.205132658190164,0.9517710985093082,0.5
"(9100, 9109)",[[-1.]],-12.243383265356114,3.46228454296498,0.5
"(9101, 9110)",[[-1.]],-14.074496345596847,1.1075673175926255,0.5
"(9102, 9111)",[[-1.]],-12.30481365898875,3.373556110257919,0.5
"(9103, 9112)",[[-1.]],-13.377638150784685,1.5387193582492174,0.5
"(9104, 9113)",[[-1.]],-11.001150308828338,4.516716535524232,0.5
"(9105, 9114)",[[-1.]],-13.515928772362122,1.424376149761521,0.5
"(9106, 9115)",[[-1.]],-11.312946973007536,4.34874498031439,0.5
"(9107, 9116)",[[-1.]],-13.833869734122107,1.1800282821806114,0.5
"(9108, 9117)",[[-1.]],-11.822459839637101,3.3485213561119025,0.5
"(9109, 9118)",[[-1.]],-13.001853405151518,1.6423339396511558,0.5
"(9110, 9119)",[[-1.]],-12.949164145462424,0.9152454521577909,0.5
"(9111, 9120)",[[-1.]],-13.109841818823567,0.7105239919957427,0.5
"(9112, 9121)",[[-1.]],-13.217013581422432,0.5293075195867125,0.5
"(9113, 9122)",[[-1.]],-12.375848725804723,1.5808579376768606,0.5
"(9114, 9123)",[[-1.]],-13.772317561120802,0.6476876714555502,0.5
"(9115, 9124)",[[1.]],-12.45763678170398,4.693585974312448,2.5
"(9116, 9125)",[[-1.]],-14.082351352695014,2.5317406332615278,0.5
"(9117, 9126)",[[-1.]],-15.486783106095821,0.8165922496577913,0.5
"(9118, 9127)",[[-1.]],-14.03037560515674,2.665550267833652,0.5
"(9119, 9128)",[[1.]],-12.390084400792167,4.727067913428829,2.5
"(9120, 9129)",[[1.]],-13.81333057262858,3.019135634125643,2.5
"(9121, 9130)",[[-1.]],-15.400071471188959,1.229003682039119,0.5
"(9122, 9131)",[[1.]],-12.953010521746283,4.302553909697917,2.5
"(9123, 9132)",[[-0.9856384]],-15.387501746595962,1.3177518618175412,0.5143616199493408
"(9124, 9133)",[[-1.]],-13.693799031283197,3.4286436113539995,0.5
"(9125, 9134)",[[-1.]],-11.446437291508866,3.6763101244442424,0.5
"(9126, 9135)",[[1.]],-9.041482996116722,7.257732200797534,2.5
"(9127, 9136)",[[1.]],-14.210270284631221,1.850271222522835,2.5
"(9128, 9137)",[[-1.]],-11.434238352340168,5.3409177567478405,0.5
"(9129, 9138)",[[-1.]],-13.901116536390079,2.4006619467366805,0.5
"(9130, 9139)",[[1.]],-12.21274572584383,4.413169342095622,2.5
"(9131, 9140)",[[-1.]],-14.427475065564765,1.3982278216734887,0.5
"(9132, 9141)",[[-1.]],-14.525300570814629,1.3594188628599442,0.5
"(9133, 9142)",[[1.]],-14.287790082361715,1.6371812918140254,2.5
"(9134, 9143)",[[-1.]],-14.143602564729663,1.896947379621503,0.5
"(9135, 9144)",[[-1.]],-14.504646971917479,1.4110128726145819,0.5
"(9136, 9145)",[[-1.]],-13.603717993692307,2.3607809538804467,0.5
"(9137, 9146)",[[-1.]],-11.68847876836508,3.3604652460694684,0.5
"(9138, 9147)",[[-1.]],-13.424546217853022,1.1829835747252666,0.5
"(9139, 9148)",[[-1.]],-10.560983990234917,4.619805280252786,0.5
"(9140, 9149)",[[-1.]],-10.979326610680388,4.706590341253708,0.5
"(9141, 9150)",[[-1.]],-10.403419527790314,5.412425586532422,0.5
"(9142, 9151)",[[-1.]],-11.646695956021379,3.9669584466315904,0.5
"(9143, 9152)",[[-1.]],-10.093634299972884,6.036846821762635,0.5
"(9144, 9153)",[[-1.]],-9.922772871783188,6.142397238778175,0.5
"(9145, 9154)",[[-1.]],-7.725855301252918,9.274288731605584,0.5
"(9146, 9155)",[[-1.]],-11.452524647388945,4.434290327829153,0.5
"(9147, 9156)",[[-1.]],-10.213095111661094,5.943143496154127,0.5
"(9148, 9157)",[[-1.]],-11.721357820999582,4.165964909220772,0.5
"(9149, 9158)",[[-1.]],-10.917889269964554,4.9159003409153375,0.5
"(9150, 9159)",[[-1.]],-12.098194679600548,2.9322207614254303,0.5
"(9151, 9160)",[[-1.]],-10.876400242940822,4.585315729488034,0.5
"(9152, 9161)",[[-1.]],-14.779201116008833,0.8574489454417247,0.5
"(9153, 9162)",[[-1.]],-15.012021158620964,0.504440882703566,0.5
"(9154, 9163)",[[-1.]],-14.787889337250611,0.8239878040086186,0.5
"(9155, 9164)",[[-1.]],-15.052700797843448,0.2928457185279498,0.5
"(9156, 9165)",[[-1.]],-15.117308962131373,0.557636916893868,0.5
"(9157, 9166)",[[-1.]],-15.747910244963037,0.49761238360093074,0.5
"(9158, 9167)",[[-1.]],-14.5205002997748,2.196180807170082,0.5
"(9159, 9168)",[[1.]],-14.608976257300613,2.1173181913074988,2.5
"(9160, 9169)",[[-1.]],-14.765402380439438,1.9052500771618632,0.5
"(9161, 9170)",[[-1.]],-15.52310378223575,0.9094073038690738,0.5
"(9162, 9171)",[[-1.]],-13.727464488507115,2.5301291016871694,0.5
"(9163, 9172)",[[-1.]],-14.096589248684129,2.124885985639457,0.5
"(9164, 9173)",[[-1.]],-11.453302443367305,5.449902074516583,0.5
"(9165, 9174)",[[-1.]],-14.100757981680403,2.1199284209118296,0.5
"(9166, 9175)",[[1.]],-10.858693991083872,5.935365441691701,2.5
"(9167, 9176)",[[-1.]],-13.681857811605914,1.0763129841641614,0.5
"(9168, 9177)",[[-1.]],-9.942929804126187,5.605680922237472,0.5
"(9169, 9178)",[[-1.]],-13.510786385204556,1.4182679976798624,0.5
"(9170, 9179)",[[1.]],-9.416599538039303,6.3821056404881915,2.5
"(9171, 9180)",[[1.]],-13.47785091491511,1.3493683965891297,2.5
"(9172, 9181)",[[0.99999976]],-11.516631004055547,3.8961724466615504,2.499999761581421
"(9173, 9182)",[[-1.]],-15.752649268343959,0.8792982607030506,0.5
"(9174, 9183)",[[1.]],-13.36762655738999,3.984266155804411,2.5
"(9175, 9184)",[[1.]],-13.896639263505698,3.333603258464798,2.5
"(9176, 9185)",[[-1.]],-13.676528369653141,3.5589585579757195,0.5
"(9177, 9186)",[[-1.]],-15.69486113442572,1.0879536395779015,0.5
"(9178, 9187)",[[-1.]],-13.281379826490863,4.1031797154477,0.5
"(9179, 9188)",[[-1.]],-16.186027431260936,0.40653798993018153,0.5
"(9180, 9189)",[[1.]],-12.917173442278914,4.503841664899108,2.5
"(9181, 9190)",[[-1.]],-14.706903771244482,2.6357373565388844,0.5
"(9182, 9191)",[[1.]],-13.359710782107978,4.338693049387762,2.5
"(9183, 9192)",[[1.]],-14.939129468679276,1.241852326415751,2.5
"(9184, 9193)",[[-1.]],-13.334562220107443,3.2688674937408813,0.5
"(9185, 9194)",[[-1.]],-15.265277819464286,0.32902008832592955,0.5
"(9186, 9195)",[[-1.]],-13.444434325065155,2.6799021506145504,0.5
"(9187, 9196)",[[-1.]],-15.185004911190253,0.45847662069570205,0.5
"(9188, 9197)",[[-1.]],-13.671995054808576,3.082472727044129,0.5
"(9189, 9198)",[[-1.]],-13.838095655965834,2.827583741594996,0.5
"(9190, 9199)",[[-1.]],-13.96535620539081,2.6635513948986436,0.5
"(9191, 9200)",[[-1.]],-13.56085923796847,2.6752758356185495,0.5
"(9192, 9201)",[[-1.]],-13.15312094370694,3.3064888172523013,0.5
"(9193, 9202)",[[-1.]],-13.706741727223159,2.653973460469304,0.5
"(9194, 9203)",[[1.]],-14.901637637935604,2.548957372769583,2.5
"(9195, 9204)",[[-1.]],-14.168828278291624,3.5455519423231827,0.5
"(9196, 9205)",[[-1.]],-14.811823130919008,2.74979752758264,0.5
"(9197, 9206)",[[-1.]],-15.119543754005987,2.290933932309855,0.5
"(9198, 9207)",[[1.]],-14.617348631498782,2.4363474088398362,2.5
"(9199, 9208)",[[-1.]],-15.03673600808039,1.9328144963340481,0.5
"(9200, 9209)",[[1.]],-14.527632553594968,2.507585127039592,2.5
"(9201, 9210)",[[-1.]],-15.391685815181402,1.1234343044553352,0.5
"(9202, 9211)",[[-1.]],-14.060962825543461,2.7659098644295756,0.5
"(9203, 9212)",[[-1.]],-15.438749785922544,1.1520130618009414,0.5
"(9204, 9213)",[[-1.]],-13.335589438293693,2.3659109838038344,0.5
"(9205, 9214)",[[-1.]],-14.580683885914745,0.994270578742201,0.5
"(9206, 9215)",[[-1.]],-13.468043271059893,2.593035259583413,0.5
"(9207, 9216)",[[-1.]],-13.893159532611806,1.8004528860266564,0.5
"(9208, 9217)",[[-1.]],-14.55243962872132,1.9846008395559736,0.5
"(9209, 9218)",[[-1.]],-15.119781640816635,1.403244474253004,0.5
"(9210, 9219)",[[-1.]],-14.206082145608347,2.495951649518206,0.5
"(9211, 9220)",[[1.]],-15.24927270438708,1.1221119022510138,2.5
"(9212, 9221)",[[-1.]],-14.059201269114965,2.6106335777913845,0.5
"(9213, 9222)",[[-1.]],-15.76326370860787,0.5021586765390573,0.5
"(9214, 9223)",[[1.]],-13.428719475186693,3.965702896798568,2.5
"(9215, 9224)",[[-1.]],-14.962666769838071,1.9690783812375585,0.5
"(9216, 9225)",[[-1.]],-12.812586715905546,4.586157107396408,0.5
"(9217, 9226)",[[-1.]],-14.870136067974729,2.059676590341999,0.5
"(9218, 9227)",[[1.]],-9.577990212639664,8.193668835473282,2.5
"(9219, 9228)",[[-1.]],-13.76282781902605,2.9344118045745606,0.5
"(9220, 9229)",[[-1.]],-13.739390434719548,2.8786398719131654,0.5
"(9221, 9230)",[[-1.]],-13.500676252541746,3.047747394266713,0.5
"(9222, 9231)",[[1.]],-11.384227394888677,5.90917823269983,2.5
"(9223, 9232)",[[-1.]],-13.430030356723046,3.1522887521817715,0.5
"(9224, 9233)",[[-1.]],-14.221200533683684,0.2016669463913754,0.5
"(9225, 9234)",[[-1.]],-13.22770156948155,1.4139503969810665,0.5
"(9226, 9235)",[[1.]],-9.693409248566146,5.558056969151492,2.5
"(9227, 9236)",[[-1.]],-12.115184506354913,2.5819531961997324,0.5
"(9228, 9237)",[[1.]],-9.375418956841179,6.455671288626725,2.5
"(9229, 9238)",[[-1.]],-13.903837344225263,0.7555314206038783,0.5
"(9230, 9239)",[[-1.]],-9.362197279320126,6.5187464289891786,0.5
"(9231, 9240)",[[1.]],-13.933404221146494,2.0751999847392,2.5
"(9232, 9241)",[[-1.]],-12.726061036886774,3.1371073293422658,0.5
"(9233, 9242)",[[-1.]],-13.313677325961192,2.9505578300984476,0.5
"(9234, 9243)",[[-1.]],-14.471646225520992,1.5752331553433532,0.5
"(9235, 9244)",[[-1.]],-13.590418299921003,2.6909468320576764,0.5
"(9236, 9245)",[[1.]],-14.46521611937161,1.5624089044873566,2.5
"(9237, 9246)",[[-1.]],-14.108998555549658,2.001216467921921,0.5
"(9238, 9247)",[[-1.]],-14.59380673505507,1.2362606407523877,0.5
"(9239, 9248)",[[1.]],-14.423540122065384,1.763592995296193,2.5
"(9240, 9249)",[[-1.]],-14.741727055342336,1.461727040396612,0.5
"(9241, 9250)",[[-1.]],-14.049977683660412,1.5484622422605927,0.5
"(9242, 9251)",[[1.]],-14.023263120547181,3.5845530818148053,2.5
"(9243, 9252)",[[1.]],-15.845350493147757,1.1408082756649272,2.5
"(9244, 9253)",[[-1.]],-15.345666162703631,1.5526201103478572,0.5
"(9245, 9254)",[[-1.]],-15.468449087325096,1.2350715362152425,0.5
"(9246, 9255)",[[-1.]],-15.141515994917219,1.57977141717679,0.5
"(9247, 9256)",[[-1.]],-15.386383999408288,1.292266236636955,0.5
"(9248, 9257)",[[-1.]],-15.236041594176301,1.4648698040053496,0.5
"(9249, 9258)",[[-1.]],-15.411932398816997,1.1005978188762473,0.5
"(9250, 9259)",[[-1.]],-15.535612474550021,0.9095291241724475,0.5
"(9251, 9260)",[[-1.]],-15.470329350503192,1.0107321898379915,0.5
"(9252, 9261)",[[-1.]],-14.111101878754805,0.6076223458570595,0.5
"(9253, 9262)",[[-1.]],-13.322644421770462,1.064995460339773,0.5
"(9254, 9263)",[[-1.]],-12.362208296678762,2.4450194763487936,0.5
"(9255, 9264)",[[-1.]],-13.992345457298063,1.1292786096970602,0.5
"(9256, 9265)",[[-1.]],-10.693562343489265,5.356823020053113,0.5
"(9257, 9266)",[[1.]],-14.550483471600572,3.35470046908155,2.5
"(9258, 9267)",[[-1.]],-14.900814923459532,2.9876332576311846,0.5
"(9259, 9268)",[[-1.]],-16.427165888903666,1.0494194448763956,0.5
"(9260, 9269)",[[-1.]],-14.57604824838568,3.40554667847767,0.5
"(9261, 9270)",[[-1.]],-16.097045174675277,1.4890656358499772,0.5
"(9262, 9271)",[[-1.]],-14.515785225202235,3.4585260437717746,0.5
"(9263, 9272)",[[1.]],-14.321058808955598,3.722118627011181,2.5
"(9264, 9273)",[[-1.]],-14.603630138022558,3.418547116977612,0.5
"(9265, 9274)",[[-1.]],-16.252255745632173,1.2398059383054125,0.5
"(9266, 9275)",[[-1.]],-14.893440960647197,3.0914568220260623,0.5
"(9267, 9276)",[[1.]],-13.118523159992666,2.3054626042578494,2.5
"(9268, 9277)",[[-1.]],-13.273043219810242,2.201023952979103,0.5
"(9269, 9278)",[[-1.]],-13.016421687974706,2.4696907562175383,0.5
"(9270, 9279)",[[1.]],-12.860510578314194,2.657721534460716,2.5
"(9271, 9280)",[[1.]],-13.2009166643561,1.9467400633383267,2.5
"(9272, 9281)",[[0.9999554]],-13.506748932457937,1.4906037789168423,2.499955415725708
"(9273, 9282)",[[1.]],-13.390531365301733,3.044240574193106,2.5
"(9274, 9283)",[[1.]],-14.462662403707569,1.5108714563706958,2.5
"(9275, 9284)",[[1.]],-13.327818821913466,2.947898497557709,2.5
"(9276, 9285)",[[1.]],-13.28317496596172,2.6017720996297165,2.5
"(9277, 9286)",[[1.]],-13.369542951754916,2.5204519764941047,2.5
"(9278, 9287)",[[1.]],-13.518887685542541,2.3008535001392882,2.5
"(9279, 9288)",[[1.]],-13.716412168328707,2.0907734883839293,2.5
"(9280, 9289)",[[0.75206566]],-13.721095266349623,2.1969578465855495,2.252065658569336
"(9281, 9290)",[[1.]],-14.591429660628302,1.5997864472456715,2.5
"(9282, 9291)",[[-1.]],-14.339420107732307,2.109590629017746,0.5
"(9283, 9292)",[[-1.]],-13.63226198500682,1.0949077243771477,0.5
"(9284, 9293)",[[-1.]],-13.016725607665116,1.9910974929643803,0.5
"(9285, 9294)",[[1.]],-13.51941560885878,1.614851877143515,2.5
"(9286, 9295)",[[-1.]],-12.014766134512342,3.4612270119645387,0.5
"(9287, 9296)",[[-1.]],-14.234719760112343,0.6434978389025243,0.5
"(9288, 9297)",[[-1.]],-11.860752055172712,3.5443054555544595,0.5
"(9289, 9298)",[[-1.]],-13.868745677656708,0.9872810192316681,0.5
"(9290, 9299)",[[-1.]],-11.126794886068948,4.699626802368458,0.5
"(9291, 9300)",[[-1.]],-13.038668578276642,1.4858047874450673,0.5
"(9292, 9301)",[[-1.]],-12.474610761845152,1.5844577837754716,0.5
"(9293, 9302)",[[-1.]],-11.54170494229602,2.860240718900368,0.5
"(9294, 9303)",[[-1.]],-11.812705135077454,2.4673550889252382,0.5
"(9295, 9304)",[[-1.]],-11.794206093809835,2.1436773332365497,0.5
"(9296, 9305)",[[1.]],-14.302416386807732,2.8772463741296423,2.5
"(9297, 9306)",[[1.]],-16.41528142492057,0.704544962854861,2.5
"(9298, 9307)",[[-1.]],-15.902158174130383,1.303295392117164,0.5
"(9299, 9308)",[[-1.]],-16.50557358580101,0.45993766777992917,0.5
"(9300, 9309)",[[-1.]],-15.791243205870645,1.5476582811815085,0.5
"(9301, 9310)",[[-1.]],-16.55692726052795,0.581400464117463,0.5
"(9302, 9311)",[[-1.]],-16.183811643469582,1.0583910750688652,0.5
"(9303, 9312)",[[-1.]],-16.560322371239877,0.560419922076143,0.5
"(9304, 9313)",[[-1.]],-16.141918183927526,1.1576688420648829,0.5
"(9305, 9314)",[[-1.]],-16.321671739955548,0.9404233686137324,0.5
"(9306, 9315)",[[-1.]],-15.256006512964667,1.1755343283918904,0.5
"(9307, 9316)",[[-1.]],-15.013985233781852,1.051335938219088,0.5
"(9308, 9317)",[[-1.]],-15.598779446400531,0.447779601720697,0.5
"(9309, 9318)",[[1.]],-13.848286442068819,3.839373595371594,2.5
"(9310, 9319)",[[-1.]],-14.986087640235993,1.7882192695106571,0.5
"(9311, 9320)",[[-1.]],-15.116388964507525,1.6162856393320268,0.5
"(9312, 9321)",[[-1.]],-14.749393219980183,2.1714362817045387,0.5
"(9313, 9322)",[[-1.]],-14.673150135686175,2.2509782144623127,0.5
"(9314, 9323)",[[-1.]],-15.533108290900076,0.8940706785625903,0.5
"(9315, 9324)",[[1.]],-13.122823305521273,3.9555537223119153,2.5
"(9316, 9325)",[[1.]],-15.226303776854941,2.124317191046238,2.5
"(9317, 9326)",[[-1.]],-14.414025059407875,3.225803320816768,0.5
"(9318, 9327)",[[-1.]],-16.01204730088627,1.2892409382024503,0.5
"(9319, 9328)",[[-1.]],-13.90981577935407,2.7015979038788362,0.5
"(9320, 9329)",[[1.]],-14.036770667738304,2.5358623197017156,2.5
"(9321, 9330)",[[-1.]],-13.785929541400796,3.0169557647924155,0.5
"(9322, 9331)",[[-1.]],-15.240646404178722,1.2127385539361324,0.5
"(9323, 9332)",[[-1.]],-13.830212364776362,2.955552312131257,0.5
"(9324, 9333)",[[-1.]],-14.715575375741096,1.9807392001774033,0.5
"(9325, 9334)",[[-1.]],-13.821410649718366,3.0724765149447606,0.5
"(9326, 9335)",[[1.]],-10.427100314066408,4.599358791224169,2.5
"(9327, 9336)",[[1.]],-12.813125055387482,3.0792959104983577,2.5
"(9328, 9337)",[[1.]],-14.047147894661787,1.7485787624715936,2.5
"(9329, 9338)",[[-1.]],-14.123900095365707,1.6501580972114205,0.5
"(9330, 9339)",[[1.]],-14.442865197743975,1.5386099187009084,2.5
"(9331, 9340)",[[-1.]],-13.727072136110069,2.3893150989551355,0.5
"(9332, 9341)",[[1.]],-14.73043588848563,1.081213917231179,2.5
"(9333, 9342)",[[1.]],-13.785587148867727,2.3216714145069233,2.5
"(9334, 9343)",[[-1.]],-15.095095638458252,0.695392099565538,0.5
"(9335, 9344)",[[-1.]],-13.887692787035862,2.085214277407749,0.5
"(9336, 9345)",[[-1.]],-15.347196014812285,0.28221025562652535,0.5
"(9337, 9346)",[[-1.]],-12.2694137604334,2.6744777522268723,0.5
"(9338, 9347)",[[-1.]],-11.797987025555551,2.702779945171814,0.5
"(9339, 9348)",[[-1.]],-13.404956679222328,0.9053075564442103,0.5
"(9340, 9349)",[[-1.]],-13.266971133396595,0.33547894588867777,0.5
"(9341, 9350)",[[-1.]],-13.314796632617664,0.26790278862501893,0.5
"(9342, 9351)",[[-1.]],-12.949944731709593,0.6146083137697715,0.5
"(9343, 9352)",[[-1.]],-11.99749813479356,1.916607846195511,0.5
"(9344, 9353)",[[-1.]],-13.00168863483354,0.5272142473038279,0.5
"(9345, 9354)",[[-1.]],-13.032182070644629,0.7335571973852311,0.5
"(9346, 9355)",[[-1.]],-13.866729318758372,-0.029940353772438755,0.5
"(9347, 9356)",[[1.]],-14.299516847282517,1.2196424742648801,2.5
"(9348, 9357)",[[-1.]],-14.34710741333182,1.0185059058410815,0.5
"(9349, 9358)",[[-1.]],-14.097021003235463,1.0787601795570865,0.5
"(9350, 9359)",[[-1.]],-13.919581581317095,1.27410834069142,0.5
"(9351, 9360)",[[-1.]],-14.211949305508465,0.9816933686500331,0.5
"(9352, 9361)",[[-1.]],-14.174638612414386,1.0625292567873608,0.5
"(9353, 9362)",[[-1.]],-14.279061703506855,0.7865099707689254,0.5
"(9354, 9363)",[[-1.]],-13.872145671647203,1.247533352509297,0.5
"(9355, 9364)",[[-1.]],-13.842270896941447,1.2560271071277036,0.5
"(9356, 9365)",[[-1.]],-13.090856908368695,2.1001996998471704,0.5
"(9357, 9366)",[[-1.]],-11.350163904716956,2.0998160412946376,0.5
"(9358, 9367)",[[-1.]],-12.160019340533887,1.4402914740976094,0.5
"(9359, 9368)",[[-1.]],-12.774744652626836,0.7952304470538856,0.5
"(9360, 9369)",[[-1.]],-11.89167880236825,1.8394944753864344,0.5
"(9361, 9370)",[[1.]],-13.112761688762463,1.6967850101776776,2.5
"(9362, 9371)",[[-1.]],-12.19113127051825,2.755074627444831,0.5
"(9363, 9372)",[[-1.]],-13.747855103282754,0.8619323556591532,0.5
"(9364, 9373)",[[-1.]],-12.171582925825499,2.8795222362298887,0.5
"(9365, 9374)",[[-1.]],-13.935190706684848,0.7217808578266407,0.5
"(9366, 9375)",[[1.]],-11.61388076250038,4.044159125678956,2.5
"(9367, 9376)",[[-1.]],-12.956798003599149,2.309403476103169,0.5
"(9368, 9377)",[[-1.]],-11.385495956461796,4.541728103207227,0.5
"(9369, 9378)",[[-1.]],-13.968517722253655,1.4025942978566093,0.5
"(9370, 9379)",[[1.]],-11.762291262299563,4.199899805837919,2.5
"(9371, 9380)",[[1.]],-13.83957045298705,0.9249726660437254,2.5
"(9372, 9381)",[[-1.]],-9.82836969462067,6.0228924516333535,0.5
"(9373, 9382)",[[-1.]],-13.398144144978389,1.677902358536027,0.5
"(9374, 9383)",[[-1.]],-9.446852128159414,6.815535544129551,0.5
"(9375, 9384)",[[-1.]],-14.07822081859223,1.0000996989449842,0.5
"(9376, 9385)",[[1.]],-9.74367294755958,6.021905792394911,2.5
"(9377, 9386)",[[1.]],-13.356452706655567,1.5116140088087437,2.5
"(9378, 9387)",[[1.]],-10.142913489630114,5.641461925779966,2.5
"(9379, 9388)",[[1.]],-13.215793101556427,2.0388554351282124,2.5
"(9380, 9389)",[[-1.]],-13.072361546220964,2.1876923022507384,0.5
"(9381, 9390)",[[1.]],-13.233147367722605,2.0083560937168503,2.5
"(9382, 9391)",[[-1.]],-13.079500405947073,2.1583409782019807,0.5
"(9383, 9392)",[[-1.]],-14.05576151297731,0.8080719650831885,0.5
"(9384, 9393)",[[-1.]],-13.648010174702907,1.198818135460849,0.5
"(9385, 9394)",[[-1.]],-13.926478313807461,0.9625847979705817,0.5
"(9386, 9395)",[[1.]],-14.171950695573125,1.0034400640048755,2.5
"(9387, 9396)",[[-1.]],-14.407991189763594,0.6759070152200621,0.5
"(9388, 9397)",[[-1.]],-13.938651185886425,0.8905569882202578,0.5
"(9389, 9398)",[[-1.]],-14.064617044460096,0.447998974890341,0.5
"(9390, 9399)",[[-1.]],-13.255601567736173,1.3923015431718593,0.5
"(9391, 9400)",[[-1.]],-13.392074551781317,0.8724423850081724,0.5
"(9392, 9401)",[[-1.]],-13.470151708115157,1.0814835944435437,0.5
"(9393, 9402)",[[-1.]],-13.161108232186972,1.435287440256218,0.5
"(9394, 9403)",[[-1.]],-13.20319297058784,1.2754918050839734,0.5
"(9395, 9404)",[[-1.]],-13.443793723174084,0.886323058346882,0.5
"(9396, 9405)",[[-1.]],-12.301618845549973,1.902478737238166,0.5
"(9397, 9406)",[[-1.]],-12.64675489379753,1.4488354740138796,0.5
"(9398, 9407)",[[-1.]],-12.250057552954381,1.8969159133367235,0.5
"(9399, 9408)",[[-1.]],-12.788625586419512,1.6590146034152617,0.5
"(9400, 9409)",[[-1.]],-11.63851101080788,2.72743628507045,0.5
"(9401, 9410)",[[-1.]],-13.081623616180329,0.9821569932126479,0.5
"(9402, 9411)",[[-1.]],-12.570708977337999,2.252062459555603,0.5
"(9403, 9412)",[[-1.]],-13.06451272192151,2.4653916566331873,0.5
"(9404, 9413)",[[-1.]],-12.76907890928391,2.8660127985890256,0.5
"(9405, 9414)",[[-1.]],-12.773907096802306,2.9188256489721525,0.5
"(9406, 9415)",[[-1.]],-13.271501233825044,2.0773495610492176,0.5
"(9407, 9416)",[[-1.]],-11.166831647561471,4.993740851626342,0.5
"(9408, 9417)",[[1.]],-15.18024102190383,1.1284627626423944,2.5
"(9409, 9418)",[[-1.]],-12.534993317620058,4.410182785349475,0.5
"(9410, 9419)",[[-1.]],-14.924068740314139,1.6195088123260444,0.5
"(9411, 9420)",[[-1.]],-12.440714416325298,4.815333000345795,0.5
"(9412, 9421)",[[-1.]],-15.017114543450429,1.401634134822121,0.5
"(9413, 9422)",[[-1.]],-14.444085413737211,1.8848796541586026,0.5
"(9414, 9423)",[[-1.]],-15.226848474754405,0.9034311893619886,0.5
"(9415, 9424)",[[-1.]],-14.742654042667557,1.4824713276668646,0.5
"(9416, 9425)",[[-1.]],-15.28462962634006,0.7641292782867986,0.5
"(9417, 9426)",[[-1.]],-13.492710284083289,2.7229391969417005,0.5
"(9418, 9427)",[[-1.]],-12.622184922828417,1.439916318158204,0.5
"(9419, 9428)",[[1.]],-11.266121277472049,3.625081162010275,2.5
"(9420, 9429)",[[-1.]],-12.307075025456044,2.0687722444038386,0.5
"(9421, 9430)",[[-1.]],-13.659171672618564,0.7668097737543427,0.5
"(9422, 9431)",[[-1.]],-13.472025404752708,0.9414208303445974,0.5
"(9423, 9432)",[[1.]],-12.5951358531329,1.9094684616152406,2.5
"(9424, 9433)",[[1.]],-13.33382630385589,1.1154159918560076,2.5
"(9425, 9434)",[[-1.]],-12.249552462511176,2.5474128697911382,0.5
"(9426, 9435)",[[-1.]],-14.113300017650008,0.5291539817557815,0.5
"(9427, 9436)",[[1.]],-12.204570664028038,3.106429839296828,2.5
"(9428, 9437)",[[-1.]],-13.384068254725511,1.5786287281885247,0.5
"(9429, 9438)",[[-1.]],-12.426431823435813,2.33263994478172,0.5
"(9430, 9439)",[[-1.]],-13.301206288028547,1.0849684921166691,0.5
"(9431, 9440)",[[-1.]],-10.09981569821423,5.25296030031166,0.5
"(9432, 9441)",[[-1.]],-14.136184820171993,0.9738861383052146,0.5
"(9433, 9442)",[[-1.]],-11.597407698718062,4.168422362363552,0.5
"(9434, 9443)",[[-1.]],-13.813285548669786,1.4353412554302984,0.5
"(9435, 9444)",[[-1.]],-13.38077081793742,1.9639407314837332,0.5
"(9436, 9445)",[[-1.]],-13.579876326694247,1.6316815330792949,0.5
"(9437, 9446)",[[1.]],-14.036954322664002,1.817911759865515,2.5
"(9438, 9447)",[[-1.]],-13.786522242248674,2.120186998188224,0.5
"(9439, 9448)",[[-1.]],-14.218977523369688,1.5548697084352945,0.5
"(9440, 9449)",[[-1.]],-13.571317846324202,2.330148526599203,0.5
"(9441, 9450)",[[-1.]],-14.754893363897922,1.848345255680691,0.5
"(9442, 9451)",[[-1.]],-11.62923160412102,5.60229575863668,0.5
"(9443, 9452)",[[-1.]],-14.813034557117382,1.6768097225596978,0.5
"(9444, 9453)",[[-1.]],-12.999668821214682,3.9197639271213767,0.5
"(9445, 9454)",[[-1.]],-14.319035774943806,2.308462151567987,0.5
"(9446, 9455)",[[-1.]],-13.270657675510359,3.676206683963379,0.5
"(9447, 9456)",[[-1.]],-14.923457155409617,1.352935312849576,0.5
"(9448, 9457)",[[-1.]],-14.419932012221764,1.965784835447593,0.5
"(9449, 9458)",[[-1.]],-14.418188886035024,2.064363642442272,0.5
"(9450, 9459)",[[-1.]],-15.092263609073406,1.183401138543001,0.5
"(9451, 9460)",[[-1.]],-13.837522602150875,1.4989550139804297,0.5
"(9452, 9461)",[[-1.]],-13.057493639740406,2.2820713210597123,0.5
"(9453, 9462)",[[-1.]],-13.902943411149135,1.2355041798403086,0.5
"(9454, 9463)",[[-1.]],-13.504889897526198,1.5318906645163004,0.5
"(9455, 9464)",[[-1.]],-14.174891185633676,0.6443784979024549,0.5
"(9456, 9465)",[[-1.]],-13.946527434286434,1.0687374065437503,0.5
"(9457, 9466)",[[-1.]],-13.503593317016449,2.1704571910734316,0.5
"(9458, 9467)",[[-1.]],-14.631497404461625,0.8509094431512629,0.5
"(9459, 9468)",[[-1.]],-12.392700856639205,3.240991416432056,0.5
"(9460, 9469)",[[-1.]],-14.365381299720546,0.7771450661875008,0.5
"(9461, 9470)",[[-1.]],-12.754138538604316,1.9697298679579873,0.5
"(9462, 9471)",[[-1.]],-14.346627985532935,0.4266072965282426,0.5
"(9463, 9472)",[[-1.]],-13.407756500394862,1.7945466527740273,0.5
"(9464, 9473)",[[-1.]],-14.336283175854609,0.6701241766521733,0.5
"(9465, 9474)",[[-1.]],-14.121835329500865,1.6969711942967063,0.5
"(9466, 9475)",[[-1.]],-15.147242184913573,0.5177324777644863,0.5
"(9467, 9476)",[[1.]],-14.729776887675081,0.8481532020287776,2.5
"(9468, 9477)",[[1.]],-14.824360668294984,0.528417286144153,2.5
"(9469, 9478)",[[1.]],-14.98928499502553,0.5183491188742639,2.5
"(9470, 9479)",[[-1.]],-14.152213382658768,1.484598799798869,0.5
"(9471, 9480)",[[-1.]],-14.76277524751965,0.6539916396438379,0.5
"(9472, 9481)",[[-1.]],-13.878229703770138,1.481605246331604,0.5
"(9473, 9482)",[[1.]],-13.425257800339592,1.8022730956576005,2.5
"(9474, 9483)",[[-1.]],-14.49398476531062,1.2488288620422718,0.5
"(9475, 9484)",[[1.]],-13.067337336037454,2.4676573093357828,2.5
"(9476, 9485)",[[1.]],-12.759293887246768,2.975252903963037,2.5
"(9477, 9486)",[[-1.]],-11.956273792978987,4.928536569609383,0.5
"(9478, 9487)",[[-1.]],-13.703137903603807,2.792710399372398,0.5
"(9479, 9488)",[[-1.]],-13.334187556867963,2.9837721108651305,0.5
"(9480, 9489)",[[-1.]],-13.722050159193568,2.5169689614656967,0.5
"(9481, 9490)",[[1.]],-11.947985361801656,4.665501710338232,2.5
"(9482, 9491)",[[-1.]],-13.660872080343955,2.4853995116488212,0.5
"(9483, 9492)",[[-1.]],-14.716335021466431,1.1814300447336743,0.5
"(9484, 9493)",[[1.]],-13.356691863336595,2.7403807800094064,2.5
"(9485, 9494)",[[-1.]],-13.605623861858044,3.247626009679914,0.5
"(9486, 9495)",[[-1.]],-14.967199781080813,1.4596935827522906,0.5
"(9487, 9496)",[[-1.]],-12.706670492516677,3.9688333243201708,0.5
"(9488, 9497)",[[1.]],-14.590189794486815,1.6396013578602258,2.5
"(9489, 9498)",[[-1.]],-12.483823273736887,4.180145555218374,0.5
"(9490, 9499)",[[-1.]],-14.26659969261269,1.8852632767335304,0.5
"(9491, 9500)",[[-1.]],-12.513876481009946,4.319659397779448,0.5
"(9492, 9501)",[[-1.]],-14.33883039784155,2.0405280327573685,0.5
"(9493, 9502)",[[-1.]],-12.794435809816765,4.030393817493863,0.5
"(9494, 9503)",[[-1.]],-15.046896019337549,1.0456020768904128,0.5
"(9495, 9504)",[[-1.]],-12.10030757375453,3.0708527062547972,0.5
"(9496, 9505)",[[-1.]],-12.064971056293992,2.9198290747161533,0.5
"(9497, 9506)",[[-1.]],-12.059346522968935,2.822970963718781,0.5
"(9498, 9507)",[[-1.]],-12.668568290125144,2.462706846180856,0.5
"(9499, 9508)",[[-1.]],-13.662404525004968,1.1255255030544689,0.5
"(9500, 9509)",[[-1.]],-12.69746043931211,2.3786478224027086,0.5
"(9501, 9510)",[[-1.]],-13.055770140809052,1.6360013944556293,0.5
"(9502, 9511)",[[-1.]],-11.598373297566898,3.6747518563173465,0.5
"(9503, 9512)",[[-1.]],-11.78549649921934,4.15388418163673,0.5
"(9504, 9513)",[[-1.]],-12.824226513181664,3.020906378164238,0.5
"(9505, 9514)",[[-1.]],-13.450087346465104,2.1290265023401176,0.5
"(9506, 9515)",[[-1.]],-14.014555518611033,1.5971579831788212,0.5
"(9507, 9516)",[[-1.]],-14.05408200332946,1.4397352631955869,0.5
"(9508, 9517)",[[-1.]],-12.089467248808853,3.960932731442771,0.5
"(9509, 9518)",[[-1.]],-13.658261251916757,1.9873677070647169,0.5
"(9510, 9519)",[[-1.]],-12.486397331511439,3.582432487620256,0.5
"(9511, 9520)",[[-1.]],-12.939319308345254,2.88293205046552,0.5
"(9512, 9521)",[[-1.]],-13.446003295822887,1.9874541287872844,0.5
"(9513, 9522)",[[-1.]],-14.310203145489037,2.392859503790742,0.5
"(9514, 9523)",[[-1.]],-13.083422971988742,3.7770838521398122,0.5
"(9515, 9524)",[[1.]],-12.55895196369523,4.243997415777418,2.5
"(9516, 9525)",[[1.]],-14.856568317588463,1.6314370861382592,2.5
"(9517, 9526)",[[-1.]],-13.219390659424793,3.693387728503776,0.5
"(9518, 9527)",[[1.]],-14.013951602021825,3.1111413679766553,2.5
"(9519, 9528)",[[1.]],-12.780033522588472,4.62425059930635,2.5
"(9520, 9529)",[[-1.]],-14.152184343025793,3.1267471272602627,0.5
"(9521, 9530)",[[-1.]],-13.108529690216532,4.453242824748392,0.5
"(9522, 9531)",[[1.]],-14.08781580315495,3.2545317000747875,2.5
"(9523, 9532)",[[-1.]],-13.901879964548629,2.784162915349148,0.5
"(9524, 9533)",[[-1.]],-13.0975671765515,3.9362188927333968,0.5
"(9525, 9534)",[[-1.]],-13.42529876371827,3.358371223210746,0.5
"(9526, 9535)",[[1.]],-10.729695811376116,6.1532589876126185,2.5
"(9527, 9536)",[[1.]],-14.317022632706056,1.820019190925736,2.5
"(9528, 9537)",[[-1.]],-12.089129074137778,3.3480804261697337,0.5
"(9529, 9538)",[[1.]],-11.340778334644856,4.364668306601494,2.5
"(9530, 9539)",[[1.]],-8.76841365213041,7.039474191131742,2.5
"(9531, 9540)",[[1.]],-13.009179657674903,2.0597144188723977,2.5
"(9532, 9541)",[[-1.]],-12.523274881853826,2.7070004460776254,0.5
"(9533, 9542)",[[-1.]],-13.559077741017505,1.5881278720625716,0.5
"(9534, 9543)",[[-1.]],-13.595777801453815,1.6780869358275776,0.5
"(9535, 9544)",[[1.]],-13.657731778426923,1.6703149583925327,2.5
"(9536, 9545)",[[-1.]],-13.833218707931298,1.4695249888365929,0.5
"(9537, 9546)",[[-1.]],-14.029063859141033,0.720320820864675,0.5
"(9538, 9547)",[[-1.]],-13.964535103620408,0.7661887445764073,0.5
"(9539, 9548)",[[-1.]],-14.217512708523353,0.8259449312309162,0.5
"(9540, 9549)",[[-1.]],-13.478183595240106,1.6290636529318832,0.5
"(9541, 9550)",[[-1.]],-11.694570862930133,3.5665992330110043,0.5
"(9542, 9551)",[[-1.]],-10.8399262114059,5.306135212739967,0.5
"(9543, 9552)",[[-1.]],-12.911825358316333,2.5723972132941793,0.5
"(9544, 9553)",[[-1.]],-11.265224602090035,4.621485863244342,0.5
"(9545, 9554)",[[-1.]],-11.621969464644298,4.120331225931158,0.5
"(9546, 9555)",[[-1.]],-11.26050757324413,4.512618226367927,0.5
"(9547, 9556)",[[-1.]],-11.755634354995511,3.8276774855530444,0.5
"(9548, 9557)",[[1.]],-13.596953933377568,4.352466762963364,2.5
"(9549, 9558)",[[-1.]],-15.129147512023197,2.3526967812675714,0.5
"(9550, 9559)",[[-1.]],-15.938750242199436,1.3301079330208516,0.5
"(9551, 9560)",[[-1.]],-14.163496274156314,3.534542374769382,0.5
"(9552, 9561)",[[-1.]],-16.206999762550293,0.7453685393788838,0.5
"(9553, 9562)",[[-1.]],-13.87239308791373,3.665940907123465,0.5
"(9554, 9563)",[[-1.]],-16.120959675838485,0.9072448285471424,0.5
"(9555, 9564)",[[-1.]],-14.211333545493966,3.308133766185895,0.5
"(9556, 9565)",[[-1.]],-15.799769599691986,1.2350118068490659,0.5
"(9557, 9566)",[[-1.]],-14.169202229883508,3.2162784642396165,0.5
"(9558, 9567)",[[-1.]],-12.543047938520125,1.8668239803685118,0.5
"(9559, 9568)",[[-1.]],-11.05212449408601,3.6660694454658014,0.5
"(9560, 9569)",[[-1.]],-12.211103063629313,3.241420387336877,0.5
"(9561, 9570)",[[-1.]],-12.973574468885088,2.320269095561258,0.5
"(9562, 9571)",[[-1.]],-13.730643341947848,2.077412215707799,0.5
"(9563, 9572)",[[-1.]],-12.900967839847825,2.969967854874964,0.5
"(9564, 9573)",[[-1.]],-13.238158491706873,2.0249641317779954,0.5
"(9565, 9574)",[[-1.]],-12.199922737324398,3.2742558197857647,0.5
"(9566, 9575)",[[-1.]],-12.885235326691014,2.392466353497287,0.5
"(9567, 9576)",[[1.]],-12.594796183158868,3.1157123103647457,2.5
"(9568, 9577)",[[-1.]],-12.282229755404995,3.683193525639947,0.5
"(9569, 9578)",[[1.]],-12.57104525151022,3.2823952223743618,2.5
"(9570, 9579)",[[-1.]],-12.330995391699668,3.111583830451311,0.5
"(9571, 9580)",[[1.]],-11.132892002004796,4.637140496422656,2.5
"(9572, 9581)",[[-1.]],-12.481137618005317,2.5683352482683794,0.5
"(9573, 9582)",[[1.]],-10.973198663686384,6.028151507582958,2.5
"(9574, 9583)",[[1.]],-13.347300316707553,3.0832942022339704,2.5
"(9575, 9584)",[[-1.]],-12.008767151474176,4.833506512307219,0.5
"(9576, 9585)",[[-1.]],-13.528679849312093,2.9787642378315695,0.5
"(9577, 9586)",[[1.]],-10.66870870188812,6.344924275855956,2.5
"(9578, 9587)",[[-1.]],-14.748189508273969,2.5956319759200372,0.5
"(9579, 9588)",[[1.]],-13.522019884050431,4.270977450299283,2.5
"(9580, 9589)",[[-1.]],-14.794408620608658,2.5916672063996806,0.5
"(9581, 9590)",[[-1.]],-13.35117778096941,4.538344564152649,0.5
"(9582, 9591)",[[-1.]],-15.953762233065573,1.1747131007736629,0.5
"(9583, 9592)",[[-1.]],-13.815801915973928,3.135276737027569,0.5
"(9584, 9593)",[[-1.]],-15.309560594588428,1.1321429574672717,0.5
"(9585, 9594)",[[1.]],-13.703571979454656,3.1499398903999483,2.5
"(9586, 9595)",[[-1.]],-15.159447852493615,1.3184841112491323,0.5
"(9587, 9596)",[[1.]],-14.395035690211198,2.238000178671715,2.5
"(9588, 9597)",[[-1.]],-12.366112057575181,1.3535031186243298,0.5
"(9589, 9598)",[[-1.]],-12.479957876608774,1.6266185964400321,0.5
"(9590, 9599)",[[-1.]],-14.807522607763111,0.9033523049188172,0.5
"(9591, 9600)",[[-1.]],-15.334648737794682,0.36426094046689883,0.5
"(9592, 9601)",[[1.]],-14.294677256967274,1.9136074824515195,2.5
"(9593, 9602)",[[-1.]],-15.656075530402289,0.331481152355142,0.5
"(9594, 9603)",[[-1.]],-14.779890859487102,1.5077618014261507,0.5
"(9595, 9604)",[[-1.]],-13.975723228900957,2.7460264932991016,0.5
"(9596, 9605)",[[-1.]],-14.243105932128215,2.3973677551856394,0.5
"(9597, 9606)",[[-1.]],-13.838263064265528,2.861305437129765,0.5
"(9598, 9607)",[[-1.]],-14.404597302993052,2.2577227604466064,0.5
"(9599, 9608)",[[-1.]],-14.179594220168152,2.557787897226776,0.5
"(9600, 9609)",[[-1.]],-10.930494134486183,5.384968909029709,0.5
"(9601, 9610)",[[-1.]],-7.88501140771907,9.105292315440725,0.5
"(9602, 9611)",[[-1.]],-12.423495042167703,3.095954863965108,0.5
"(9603, 9612)",[[-1.]],-9.934665895742823,6.0252469829923925,0.5
"(9604, 9613)",[[-1.]],-10.55566121183063,5.108136575955676,0.5
"(9605, 9614)",[[-1.]],-10.86914104513873,4.233001225589945,0.5
"(9606, 9615)",[[-1.]],-12.28806873188485,2.427295768399855,0.5
"(9607, 9616)",[[-1.]],-11.54827299050419,4.096154861535009,0.5
"(9608, 9617)",[[-1.]],-12.513966112029431,2.8607403875335073,0.5
"(9609, 9618)",[[-1.]],-11.11090405312183,3.8108287396006837,0.5
"(9610, 9619)",[[-1.]],-12.136672857517597,2.409189938579196,0.5
"(9611, 9620)",[[-1.]],-12.094737954607751,2.2884963384530685,0.5
"(9612, 9621)",[[-1.]],-12.428611544882486,1.8486341144438576,0.5
"(9613, 9622)",[[-1.]],-11.957696771389323,2.191302950629982,0.5
"(9614, 9623)",[[-1.]],-11.998017632130814,2.1432992029236075,0.5
"(9615, 9624)",[[1.]],-14.097670597122077,2.656812938762471,2.5
"(9616, 9625)",[[1.]],-14.682822885103084,1.8979536298864463,2.5
"(9617, 9626)",[[-1.]],-15.586557208553348,0.7208201705505495,0.5
"(9618, 9627)",[[1.]],-14.487171823856572,2.1397898039679166,2.5
"(9619, 9628)",[[1.]],-14.309644401353273,2.3876998174008808,2.5
"(9620, 9629)",[[-1.]],-15.148131477917673,1.3783932817194025,0.5
"(9621, 9630)",[[1.]],-14.241631364969686,2.578251655968792,2.5
"(9622, 9631)",[[1.]],-14.617784257255659,2.1616348564934444,2.5
"(9623, 9632)",[[1.]],-14.701455519240525,2.2588622024916933,2.5
"(9624, 9633)",[[-1.]],-15.545094160496854,1.0697620297757044,0.5
"(9625, 9634)",[[-1.]],-12.090284003311059,1.476242501656614,0.5
"(9626, 9635)",[[-1.]],-11.351464026250643,2.5607664290071455,0.5
"(9627, 9636)",[[1.]],-11.994305819648737,1.9730240578444587,2.5
"(9628, 9637)",[[-1.]],-11.626274456089874,3.2913285839786273,0.5
"(9629, 9638)",[[-0.9999941]],-10.827152048722137,4.0875681429926765,0.5000059008598328
"(9630, 9639)",[[1.]],-10.212248716729993,4.807412525193502,2.5
"(9631, 9640)",[[1.]],-12.044752383386045,2.826047774980374,2.5
"(9632, 9641)",[[-1.]],-9.150555760319524,6.64470175996412,0.5
"(9633, 9642)",[[-1.]],-12.148253014258026,2.9441060349382475,0.5
"(9634, 9643)",[[-1.]],-10.91928184838357,4.423378429407537,0.5
"(9635, 9644)",[[-1.]],-13.112957973668863,1.6790869435855669,0.5
"(9636, 9645)",[[-1.]],-9.878837732468488,6.200675174543646,0.5
"(9637, 9646)",[[-1.]],-12.582906193805954,2.7080948040919495,0.5
"(9638, 9647)",[[-1.]],-12.866025969406206,2.2673029449968425,0.5
"(9639, 9648)",[[-1.]],-12.78740404927648,3.43675732884331,0.5
"(9640, 9649)",[[-1.]],-12.162886670203347,4.196494835311764,0.5
"(9641, 9650)",[[-1.]],-14.175631730754983,1.5888559648817715,0.5
"(9642, 9651)",[[-1.]],-12.252061543462744,4.28488637325272,0.5
"(9643, 9652)",[[-1.]],-12.248942455467796,4.308189935612393,0.5
"(9644, 9653)",[[-1.]],-12.505417235254885,4.148862911434723,0.5
"(9645, 9654)",[[-1.]],-11.98101583048613,4.824901629145611,0.5
"(9646, 9655)",[[-1.]],-12.693146701301291,3.7554472414646156,0.5
"(9647, 9656)",[[-1.]],-11.922198495160954,4.851850045640342,0.5
"(9648, 9657)",[[-1.]],-13.461392789684892,2.7724076378263973,0.5
"(9649, 9658)",[[-1.]],-12.859033473011285,2.4065639769941107,0.5
"(9650, 9659)",[[-1.]],-13.9495672095959,1.6924491863145992,0.5
"(9651, 9660)",[[-1.]],-13.910148573861745,2.21479459333629,0.5
"(9652, 9661)",[[-1.]],-12.701270028342213,4.076797052482986,0.5
"(9653, 9662)",[[-1.]],-12.444453017767955,4.443182233886969,0.5
"(9654, 9663)",[[-1.]],-14.74789209552276,1.5379726645894927,0.5
"(9655, 9664)",[[-1.]],-14.545457595455531,1.9439297617410976,0.5
"(9656, 9665)",[[-1.]],-14.856568472995383,1.6357657693598053,0.5
"(9657, 9666)",[[-1.]],-12.709559546568332,4.62800207319313,0.5
"(9658, 9667)",[[-1.]],-14.444488357976978,2.4996114380878858,0.5
"(9659, 9668)",[[1.]],-12.51470873832312,4.915616762597631,2.5
"(9660, 9669)",[[-1.]],-15.101198944919638,2.050793621582125,0.5
"(9661, 9670)",[[-1.]],-13.907668639585383,3.3681290494989273,0.5
"(9662, 9671)",[[-1.]],-15.100830409399824,1.096485332241091,0.5
"(9663, 9672)",[[-1.]],-13.866959109537031,2.6206151504541797,0.5
"(9664, 9673)",[[-1.]],-14.775385990071694,1.4047935656664308,0.5
"(9665, 9674)",[[-1.]],-13.543335734140838,2.9261196555308793,0.5
"(9666, 9675)",[[-1.]],-14.907368713734463,1.1866118626934892,0.5
"(9667, 9676)",[[1.]],-13.359330024139403,2.758727248481655,2.5
"(9668, 9677)",[[1.]],-13.45552361577309,2.490478981901978,2.5
"(9669, 9678)",[[1.]],-13.477183213002318,2.7630779656366755,2.5
"(9670, 9679)",[[0.8748739]],-14.465413427734635,0.20596646674296615,2.3748738765716553
"(9671, 9680)",[[-1.]],-13.79253743499531,1.0530712608584682,0.5
"(9672, 9681)",[[1.]],-14.506355391329528,0.3762867689008118,2.5
"(9673, 9682)",[[1.]],-13.917758102929367,0.8074999708886619,2.5
"(9674, 9683)",[[1.]],-14.131427418997376,0.5655084776695869,2.5
"(9675, 9684)",[[1.]],-13.610756963178119,1.1224397185092503,2.5
"(9676, 9685)",[[-1.]],-13.546072053583428,1.5773530620052334,0.5
"(9677, 9686)",[[-1.]],-13.568154028855169,1.8323133574647343,0.5
"(9678, 9687)",[[-1.]],-14.109475353593279,1.0529045346509456,0.5
"(9679, 9688)",[[-1.]],-8.833198799082385,7.06287620494631,0.5
"(9680, 9689)",[[-1.]],-11.742081618878258,3.343714991882976,0.5
"(9681, 9690)",[[-1.]],-5.074337738497242,11.518470733051785,0.5
"(9682, 9691)",[[-1.]],-10.37503345039095,4.706457367891613,0.5
"(9683, 9692)",[[-1.]],-7.0002482308966725,9.113178195053882,0.5
"(9684, 9693)",[[-1.]],-9.075601622308934,6.454604397948218,0.5
"(9685, 9694)",[[-1.]],-6.530406132450958,9.708681168001917,0.5
"(9686, 9695)",[[-1.]],-9.279196311674328,5.729292044302705,0.5
"(9687, 9696)",[[-1.]],-9.32361134974456,5.616937793787331,0.5
"(9688, 9697)",[[-1.]],-8.354141393016711,7.048186555383067,0.5
"(9689, 9698)",[[-1.]],-11.790358956310484,2.4947705223400227,0.5
"(9690, 9699)",[[-1.]],-10.416450690029443,4.148335266667434,0.5
"(9691, 9700)",[[-1.]],-11.716663148256968,2.4891159182726206,0.5
"(9692, 9701)",[[-1.]],-9.760883337400605,4.607765035156852,0.5
"(9693, 9702)",[[-1.]],-11.834859012152044,1.9963468528415014,0.5
"(9694, 9703)",[[-1.]],-9.454958488860731,5.65760283539089,0.5
"(9695, 9704)",[[-1.]],-10.909243721730386,3.6358867801976835,0.5
"(9696, 9705)",[[-1.]],-12.43640218099109,2.0233794550382918,0.5
"(9697, 9706)",[[-1.]],-13.053159915100732,1.2177470906890484,0.5
"(9698, 9707)",[[-1.]],-13.212855408194836,0.8556249979041262,0.5
"(9699, 9708)",[[-1.]],-12.382844958297067,2.0643788388932016,0.5
"(9700, 9709)",[[-1.]],-12.518446624550897,1.9128938506927327,0.5
"(9701, 9710)",[[-1.]],-12.50373564198274,2.070827926086938,0.5
"(9702, 9711)",[[-1.]],-11.504336495805216,3.915400129664583,0.5
"(9703, 9712)",[[-1.]],-13.933679956739478,1.6314339670452256,0.5
"(9704, 9713)",[[-1.]],-11.841756777758569,4.040162191790298,0.5
"(9705, 9714)",[[-1.]],-13.8807461491259,2.2379590749706537,0.5
"(9706, 9715)",[[-1.]],-11.729918483373668,4.9935798904594595,0.5
"(9707, 9716)",[[-1.]],-13.019290362666128,3.402854227347097,0.5
"(9708, 9717)",[[-1.]],-12.598558266852722,3.9963409692906104,0.5
"(9709, 9718)",[[-1.]],-13.009360616855442,3.3951467250164047,0.5
"(9710, 9719)",[[1.]],-14.074834857958495,3.210983271095282,2.5
"(9711, 9720)",[[-1.]],-13.714081234599464,3.620695936893359,0.5
"(9712, 9721)",[[-1.]],-14.196145420369849,3.087413046599675,0.5
"(9713, 9722)",[[-1.]],-15.456801950483959,1.5626167511477451,0.5
"(9714, 9723)",[[1.]],-14.34353612962128,3.3850902667051805,2.5
"(9715, 9724)",[[1.]],-15.588592391660013,1.5568482097544933,2.5
"(9716, 9725)",[[-1.]],-15.688454423902702,1.4614570224450834,0.5
"(9717, 9726)",[[1.]],-15.516393096161833,1.7375671596438238,2.5
"(9718, 9727)",[[1.]],-14.0677080150442,3.657964280225844,2.5
"(9719, 9728)",[[-1.]],-14.878684322792923,2.7286186864055804,0.5
"(9720, 9729)",[[-1.]],-13.577056016914483,3.3921493526449087,0.5
"(9721, 9730)",[[1.]],-13.711355359509195,3.243210699506836,2.5
"(9722, 9731)",[[1.]],-12.519164570938264,4.814400373780339,2.5
"(9723, 9732)",[[-1.]],-13.959498985760492,2.8747179423166784,0.5
"(9724, 9733)",[[1.]],-13.500796433386224,2.070827772902863,2.5
"(9725, 9734)",[[-1.]],-6.1893457333528366,11.500766163309539,0.5
"(9726, 9735)",[[-1.]],-14.379792137909817,1.4976579873562663,0.5
"(9727, 9736)",[[-1.]],-10.996905895859035,5.803442101061371,0.5
"(9728, 9737)",[[1.]],-13.300330090049929,2.6600949586613876,2.5
"(9729, 9738)",[[1.]],-13.197515851902713,2.66124538024364,2.5
"(9730, 9739)",[[-1.]],-13.296785299663071,2.4254518824956435,0.5
"(9731, 9740)",[[-1.]],-15.112350733991562,0.11967831472857071,0.5
"(9732, 9741)",[[-1.]],-13.950876450717818,1.7444468708003065,0.5
"(9733, 9742)",[[-1.]],-15.267514549887627,0.2269792526489116,0.5
"(9734, 9743)",[[1.]],-14.037132863243604,1.223063518501828,2.5
"(9735, 9744)",[[1.]],-14.508657310698633,0.3785380774432223,2.5
"(9736, 9745)",[[-1.]],-13.668366827170596,1.7402388478046156,0.5
"(9737, 9746)",[[1.]],-15.72597968523983,0.44172596985542256,2.5
"(9738, 9747)",[[-1.]],-15.373976663560292,0.7662942490228026,0.5
"(9739, 9748)",[[1.]],-14.811832833913336,2.5512435096887325,2.5
"(9740, 9749)",[[-1.]],-15.952117848491493,1.04802463479324,0.5
"(9741, 9750)",[[-1.]],-15.712893380200217,1.2784752928802066,0.5
"(9742, 9751)",[[-1.]],-15.933490426578034,1.0548477158731773,0.5
"(9743, 9752)",[[1.]],-14.045562641206725,3.33056943417363,2.5
"(9744, 9753)",[[-1.]],-14.744469076718646,2.4604247553422702,0.5
"(9745, 9754)",[[1.]],-13.855696519127168,3.541591845657715,2.5
"(9746, 9755)",[[-1.]],-15.498816054310632,1.4524516504921543,0.5
"(9747, 9756)",[[-1.]],-14.114466235037888,2.6440795554786902,0.5
"(9748, 9757)",[[-1.]],-14.774861843423695,1.7942948562269798,0.5
"(9749, 9758)",[[-1.]],-12.531260634945292,3.151001247984235,0.5
"(9750, 9759)",[[-1.]],-13.531512253422218,1.517836242144842,0.5
"(9751, 9760)",[[-1.]],-10.079405265365054,5.579616389203686,0.5
"(9752, 9761)",[[-1.]],-9.569669757923382,4.458079587953453,0.5
"(9753, 9762)",[[-1.]],-8.667540435702527,5.376625923695933,0.5
"(9754, 9763)",[[-1.]],-8.271035911628388,5.908192151153646,0.5
"(9755, 9764)",[[-1.]],-7.688425342405747,6.710640394172664,0.5
"(9756, 9765)",[[-1.]],-3.7533708500093317,11.464166947558937,0.5
"(9757, 9766)",[[-1.]],-3.689626903608169,11.551973630284749,0.5
"(9758, 9767)",[[-1.]],-4.358056571285443,10.500159481103935,0.5
"(9759, 9768)",[[-1.]],-6.305449457026413,7.534568733124093,0.5
"(9760, 9769)",[[1.]],-13.170665568150786,3.352666260322845,2.5
"(9761, 9770)",[[-1.]],-14.462467861356004,1.8414319363516043,0.5
"(9762, 9771)",[[-1.]],-14.672417626033283,1.632118136027282,0.5
"(9763, 9772)",[[-1.]],-14.684323092096125,1.6532811576816524,0.5
"(9764, 9773)",[[-1.]],-14.960686826300647,1.5757723713973917,0.5
"(9765, 9774)",[[-1.]],-14.50772861629227,2.1866928198438327,0.5
"(9766, 9775)",[[1.]],-13.432437033484419,3.547007922141697,2.5
"(9767, 9776)",[[-1.]],-14.488782133732318,2.264412387535975,0.5
"(9768, 9777)",[[-1.]],-14.90751543951674,1.9954861756067892,0.5
"(9769, 9778)",[[-1.]],-15.264967652822545,1.7825771204054401,0.5
"(9770, 9779)",[[1.]],-13.279451418471242,2.635017543273671,2.5
"(9771, 9780)",[[1.]],-14.684878394733824,0.8325290179808196,2.5
"(9772, 9781)",[[-1.]],-14.375415776180642,1.1578033392556115,0.5
"(9773, 9782)",[[1.]],-14.256787047634472,1.5762629932774743,2.5
"(9774, 9783)",[[1.]],-13.205107816337303,2.6609404772430167,2.5
"(9775, 9784)",[[-1.]],-14.757362883331016,0.7065159224652611,0.5
"(9776, 9785)",[[1.]],-13.872494291908259,1.6083935011047856,2.5
"(9777, 9786)",[[1.]],-14.228346880133858,1.3010259453349082,2.5
"(9778, 9787)",[[1.]],-12.589057175765134,3.0758641468990113,2.5
"(9779, 9788)",[[-1.]],-13.111703915931638,1.7495519361613816,0.5
"(9780, 9789)",[[-1.]],-13.543771338734876,1.242910993561562,0.5
"(9781, 9790)",[[-1.]],-12.75351758494044,2.1767335756496173,0.5
"(9782, 9791)",[[-1.]],-13.791732375807195,1.5696629333568861,0.5
"(9783, 9792)",[[-1.]],-13.469737324814355,1.4140418853560774,0.5
"(9784, 9793)",[[1.]],-12.84921968959716,3.1011410558499133,2.5
"(9785, 9794)",[[-1.]],-14.294347229323181,1.1751769632073152,0.5
"(9786, 9795)",[[-1.]],-12.174214278169014,3.8387419184107756,0.5
"(9787, 9796)",[[-1.]],-14.564408254631335,0.603012669790056,0.5
"(9788, 9797)",[[1.]],-12.515961610871278,3.2623656285884373,2.5
"(9789, 9798)",[[-1.]],-14.362885325059601,0.9560001245679803,0.5
"(9790, 9799)",[[-1.]],-11.410394019938252,4.988569967608125,0.5
"(9791, 9800)",[[-1.]],-13.076194365998122,2.9383373925704674,0.5
"(9792, 9801)",[[-1.]],-10.797895269815243,5.415827994375524,0.5
"(9793, 9802)",[[-1.]],-11.703843007867526,4.448934772172514,0.5
"(9794, 9803)",[[-1.]],-10.865741628105306,4.6367011814422625,0.5
"(9795, 9804)",[[-1.]],-11.974230390120846,3.501350355285613,0.5
"(9796, 9805)",[[1.]],-10.015477961989127,6.871291025751779,2.5
"(9797, 9806)",[[-1.]],-12.200586741622743,4.072454514629593,0.5
"(9798, 9807)",[[-1.]],-11.402507717816054,5.000360672651395,0.5
"(9799, 9808)",[[-1.]],-12.69615222914883,3.730414686121776,0.5
"(9800, 9809)",[[-1.]],-12.291847154267844,4.095852763186283,0.5
"(9801, 9810)",[[-1.]],-12.161943061729405,4.136999056815682,0.5
"(9802, 9811)",[[-1.]],-13.172738551715167,2.843936834640779,0.5
"(9803, 9812)",[[-1.]],-11.947726864473855,4.154750145471734,0.5
"(9804, 9813)",[[-1.]],-12.913589576711269,2.873844242134725,0.5
"(9805, 9814)",[[-1.]],-13.384826669932433,2.059140256957896,0.5
"(9806, 9815)",[[-1.]],-11.8052082698421,3.5315314028986755,0.5
"(9807, 9816)",[[-1.]],-12.917177929278374,2.0746810901180446,0.5
"(9808, 9817)",[[-1.]],-10.493271603918071,5.588932142304877,0.5
"(9809, 9818)",[[-1.]],-13.101042660548739,1.9135063680590072,0.5
"(9810, 9819)",[[-1.]],-11.447875493826523,4.027558454609757,0.5
"(9811, 9820)",[[-1.]],-11.96238648124578,3.9779995305866898,0.5
"(9812, 9821)",[[-1.]],-12.69465873260593,3.137838188881947,0.5
"(9813, 9822)",[[-1.]],-11.62336384997182,4.352373870945648,0.5
"(9814, 9823)",[[-1.]],-12.948816886934164,2.6453137713515424,0.5
"(9815, 9824)",[[-1.]],-12.512488652534964,3.1085588808580713,0.5
"(9816, 9825)",[[-1.]],-12.603526209950642,2.46252135358824,0.5
"(9817, 9826)",[[-1.]],-11.795978984033114,3.572581563499657,0.5
"(9818, 9827)",[[-1.]],-12.589182759419392,2.113701346342374,0.5
"(9819, 9828)",[[-1.]],-10.266261979861833,4.969572162742853,0.5
"(9820, 9829)",[[1.]],-13.025672136337526,1.359588559041672,2.5
"(9821, 9830)",[[1.]],-12.38764202811225,1.7638039247534145,2.5
"(9822, 9831)",[[1.]],-13.045994079544135,0.9792476789469937,2.5
"(9823, 9832)",[[-1.]],-13.272618530307444,0.680720983897757,0.5
"(9824, 9833)",[[-1.]],-13.486964698593784,1.0160719528525437,0.5
"(9825, 9834)",[[-1.]],-13.242330913530342,1.345853530300456,0.5
"(9826, 9835)",[[1.]],-13.9453645236025,0.5525718409552027,2.5
"(9827, 9836)",[[1.]],-13.45846888409214,1.1458928829329569,2.5
"(9828, 9837)",[[-1.]],-13.988267458250553,0.6588846579143564,0.5
"(9829, 9838)",[[1.]],-13.540655782906105,1.9403795541525533,2.5
"(9830, 9839)",[[-1.]],-12.762008269159036,3.0063989362287895,0.5
"(9831, 9840)",[[1.]],-11.681064235768766,4.280980089515163,2.5
"(9832, 9841)",[[1.]],-13.367181121863483,3.034175892515587,2.5
"(9833, 9842)",[[-1.]],-13.263741255618884,3.136860937379346,0.5
"(9834, 9843)",[[-1.]],-13.868603002927706,2.270510049926882,0.5
"(9835, 9844)",[[-1.]],-13.750911183798266,2.4184047849560653,0.5
"(9836, 9845)",[[-1.]],-13.303006811541241,2.923469159795893,0.5
"(9837, 9846)",[[1.]],-12.729976835356346,3.5870831830162695,2.5
"(9838, 9847)",[[-1.]],-12.905305987401295,3.5656681456123227,0.5
"(9839, 9848)",[[-1.]],-14.40537509458444,1.3955904861581345,0.5
"(9840, 9849)",[[1.]],-14.466214538665147,1.2801529321826948,2.5
"(9841, 9850)",[[-1.]],-11.822353592779137,4.509912341682657,0.5
"(9842, 9851)",[[-1.]],-12.83811021934447,1.6978888249278796,0.5
"(9843, 9852)",[[-1.]],-8.997786497685428,6.933076502926809,0.5
"(9844, 9853)",[[-1.]],-12.804937905861648,2.1787211286953827,0.5
"(9845, 9854)",[[-1.]],-9.096022286919432,6.716001915992205,0.5
"(9846, 9855)",[[-1.]],-12.522940631246046,2.630406959839002,0.5
"(9847, 9856)",[[-1.]],-9.454652827874282,6.411225558314769,0.5
"(9848, 9857)",[[-1.]],-13.70969800664937,0.9879226465843445,0.5
"(9849, 9858)",[[-1.]],-12.56683505635165,2.4489908599870738,0.5
"(9850, 9859)",[[-1.]],-13.291279568815986,1.5269976384849748,0.5
"(9851, 9860)",[[-1.]],-14.170850620482371,1.2961119937094896,0.5
"(9852, 9861)",[[-1.]],-11.97817052832045,4.331221245179057,0.5
"(9853, 9862)",[[-1.]],-13.894937675427384,1.8737994529718769,0.5
"(9854, 9863)",[[-1.]],-13.312502790649058,2.6371931704636413,0.5
"(9855, 9864)",[[-1.]],-13.700819793718775,2.103371101379695,0.5
"(9856, 9865)",[[-1.]],-13.550361478671919,2.2623202358715453,0.5
"(9857, 9866)",[[-1.]],-13.154587289149536,2.7950115596105203,0.5
"(9858, 9867)",[[-1.]],-13.060970744987717,2.7161685353227956,0.5
"(9859, 9868)",[[-1.]],-12.209830071656368,3.861725962478932,0.5
"(9860, 9869)",[[-1.]],-13.466450763899962,2.477989738760458,0.5
"(9861, 9870)",[[-0.68876886]],-9.21369400796094,6.987141903228466,0.8112311363220215
"(9862, 9871)",[[-1.]],-12.336175253643836,2.6074946643243706,0.5
"(9863, 9872)",[[-1.]],-7.868846544223525,8.452995376038835,0.5
"(9864, 9873)",[[1.]],-13.684089971572293,2.8177949560411832,2.5
"(9865, 9874)",[[1.]],-14.991437681522484,1.3134123243681906,2.5
"(9866, 9875)",[[-1.]],-13.962274969030855,2.7117201220617364,0.5
"(9867, 9876)",[[1.]],-13.941634744016529,3.152238975044982,2.5
"(9868, 9877)",[[1.]],-14.645373945497033,2.2653179551740106,2.5
"(9869, 9878)",[[1.]],-14.299224760785291,2.802159698582267,2.5
"(9870, 9879)",[[-1.]],-14.671824393486384,2.3616985587536465,0.5
"(9871, 9880)",[[1.]],-14.77672650966329,2.2182670617710567,2.5
"(9872, 9881)",[[-1.]],-15.401218201077373,1.587408464013837,0.5
"(9873, 9882)",[[-1.]],-15.33079691822439,1.5401389652540285,0.5
"(9874, 9883)",[[-1.]],-12.843216041314069,3.3743361204754425,0.5
"(9875, 9884)",[[-1.]],-14.44948195835957,1.2069409959630608,0.5
"(9876, 9885)",[[1.]],-14.13275252022277,1.7694623494936597,2.5
"(9877, 9886)",[[1.]],-12.328282819879632,2.5785390706623605,2.5
"(9878, 9887)",[[-1.]],-6.686175791786842,9.970856940125854,0.5
"(9879, 9888)",[[1.]],-10.316496852363136,5.237217474570368,2.5
"(9880, 9889)",[[-1.]],-7.434866500597774,9.05816173292408,0.5
"(9881, 9890)",[[-1.]],-10.236957513902697,5.649266940822084,0.5
"(9882, 9891)",[[-1.]],-6.703403612020475,10.07644279816779,0.5
"(9883, 9892)",[[1.]],-10.517034564760255,5.545095820047756,2.5
"(9884, 9893)",[[-1.]],-8.14015809167439,8.97681467297404,0.5
"(9885, 9894)",[[-1.]],-10.578610239143286,5.539005335122926,0.5
"(9886, 9895)",[[-1.]],-9.468841678860336,6.9781085054821705,0.5
"(9887, 9896)",[[-1.]],-10.162344777188288,5.947018099484152,0.5
"(9888, 9897)",[[-1.]],-9.354610723451906,6.38754058096411,0.5
"(9889, 9898)",[[-1.]],-13.732614042434367,1.8855236400378228,0.5
"(9890, 9899)",[[1.]],-9.307275855007335,8.872802519324354,2.5
"(9891, 9900)",[[-1.]],-12.939803191014132,4.395934687182318,0.5
"(9892, 9901)",[[-1.]],-14.687318703489177,2.1669988714067685,0.5
"(9893, 9902)",[[-1.]],-13.171843714236255,4.008576506218029,0.5
"(9894, 9903)",[[-1.]],-14.225546587007718,2.718067974399336,0.5
"(9895, 9904)",[[-1.]],-13.853082482638762,3.2085392991026396,0.5
"(9896, 9905)",[[-1.]],-15.914816773736817,0.5644934942941582,0.5
"(9897, 9906)",[[-1.]],-14.77288524056945,2.019850129204741,0.5
"(9898, 9907)",[[-1.]],-15.678435414991513,0.9148152775655678,0.5
"(9899, 9908)",[[-1.]],-15.54202391287564,0.696546725704076,0.5
"(9900, 9909)",[[-1.]],-13.703153684673744,2.3073899120378965,0.5
"(9901, 9910)",[[-1.]],-12.916381410560323,3.4198785638691103,0.5
"(9902, 9911)",[[-1.]],-13.799855072282075,2.4237228834063593,0.5
"(9903, 9912)",[[-1.]],-15.467303637197286,0.4803150191202654,0.5
"(9904, 9913)",[[-1.]],-13.439123515243496,2.91240597529319,0.5
"(9905, 9914)",[[-1.]],-14.639232326231827,1.2954427274008768,0.5
"(9906, 9915)",[[-1.]],-13.144307941068572,3.186718737924915,0.5
"(9907, 9916)",[[-1.]],-12.93993489010598,3.752678367090807,0.5
"(9908, 9917)",[[1.]],-12.298270016475561,6.199762096934217,2.5
"(9909, 9918)",[[-1.]],-14.293074284028558,3.613633220161443,0.5
"(9910, 9919)",[[-1.]],-15.80452757787164,1.3842908901548423,0.5
"(9911, 9920)",[[-1.]],-15.277483736044623,2.06405176628955,0.5
"(9912, 9921)",[[-1.]],-15.96313218308569,1.2478629549904827,0.5
"(9913, 9922)",[[-1.]],-15.08550597575061,2.3351874697674315,0.5
"(9914, 9923)",[[-0.99748147]],-16.30886059317313,0.8278195808785114,0.5025185346603394
"(9915, 9924)",[[-1.]],-15.544422548357938,1.9474714451935036,0.5
"(9916, 9925)",[[1.]],-13.81422338549747,4.3344293246818335,2.5
"(9917, 9926)",[[-1.]],-15.202250463718809,2.3223199182978185,0.5
"(9918, 9927)",[[-1.]],-12.993717196872334,2.2192860629007445,0.5
"(9919, 9928)",[[-1.]],-12.055514947592611,3.3867242201736225,0.5
"(9920, 9929)",[[1.]],-7.9508101862741185,8.017161447601246,2.5
"(9921, 9930)",[[1.]],-12.894330656468986,2.071747594598534,2.5
"(9922, 9931)",[[-1.]],-11.520627349056214,3.756414161844411,0.5
"(9923, 9932)",[[1.]],-13.11071254717489,3.298804967761784,2.5
"(9924, 9933)",[[1.]],-12.719892073235913,3.7722537660838498,2.5
"(9925, 9934)",[[-1.]],-14.890414715486811,0.8218348773828268,0.5
"(9926, 9935)",[[1.]],-13.753509237895955,2.1625100132434465,2.5
"(9927, 9936)",[[1.]],-13.422762448712396,2.6169335958391766,2.5
"(9928, 9937)",[[-1.]],-13.980098272741428,2.0807175164531415,0.5
"(9929, 9938)",[[1.]],-13.45398458658765,2.9079322538538257,2.5
"(9930, 9939)",[[-1.]],-13.598913572245877,2.709252675042867,0.5
"(9931, 9940)",[[1.]],-13.366408158488753,3.1938528068331262,2.5
"(9932, 9941)",[[-1.]],-14.011246578641057,2.321752767049519,0.5
"(9933, 9942)",[[-1.]],-11.720579969866506,2.5278967754562185,0.5
"(9934, 9943)",[[1.]],-12.106141690838866,3.605479738253136,2.5
"(9935, 9944)",[[-1.]],-11.90861994833319,3.8185952807803645,0.5
"(9936, 9945)",[[-1.]],-12.440407220566703,2.9654197440196537,0.5
"(9937, 9946)",[[-1.]],-10.637089076768955,5.3429026621040805,0.5
"(9938, 9947)",[[-1.]],-12.513941289383002,2.9055597547500813,0.5
"(9939, 9948)",[[-1.]],-11.109859888186362,4.48764433821577,0.5
"(9940, 9949)",[[-1.]],-13.177189153234119,1.822111127578646,0.5
"(9941, 9950)",[[-1.]],-11.626573687439102,3.5761183560734118,0.5
"(9942, 9951)",[[-1.]],-14.386367826723385,0.37037411261334796,0.5
"(9943, 9952)",[[-1.]],-12.950767010589647,2.288002302325019,0.5
"(9944, 9953)",[[-1.]],-12.721978009507731,1.4302173530154825,0.5
"(9945, 9954)",[[-1.]],-13.932302541469271,0.2935174395722182,0.5
"(9946, 9955)",[[-1.]],-13.06808250865033,1.3880260927721686,0.5
"(9947, 9956)",[[-1.]],-14.022744701306275,0.06784271863964264,0.5
"(9948, 9957)",[[-1.]],-12.35447925872787,2.160244959869029,0.5
"(9949, 9958)",[[-1.]],-14.545556842416515,0.3716768286797141,0.5
"(9950, 9959)",[[-1.]],-13.622272693419841,1.4338296894854032,0.5
"(9951, 9960)",[[-1.]],-14.28259016788256,0.634265976157586,0.5
"(9952, 9961)",[[-1.]],-13.626152558120005,1.6903223436299655,0.5
"(9953, 9962)",[[-1.]],-14.463637845233329,0.7203270429835769,0.5
"(9954, 9963)",[[-1.]],-14.180343917217277,1.5774428708498682,0.5
"(9955, 9964)",[[-1.]],-13.650850547205376,2.0728782336534053,0.5
"(9956, 9965)",[[-1.]],-14.494427801084797,1.2637268763370706,0.5
"(9957, 9966)",[[-1.]],-14.10719236557262,2.064754383444832,0.5
"(9958, 9967)",[[-1.]],-13.62994711670947,2.7420553978844637,0.5
"(9959, 9968)",[[-1.]],-13.062304315849435,2.7467678123985735,0.5
"(9960, 9969)",[[-1.]],-12.519716076549948,3.369100765931883,0.5
"(9961, 9970)",[[-1.]],-13.246282252022866,2.5716340112007305,0.5
"(9962, 9971)",[[-1.]],-11.065745235558932,6.118281492885737,0.5
"(9963, 9972)",[[-1.]],-12.788000195535181,3.8638983332411954,0.5
"(9964, 9973)",[[1.]],-9.158942701219168,7.917759745720545,2.5
"(9965, 9974)",[[-1.]],-11.823254820268444,4.459370829360193,0.5
"(9966, 9975)",[[-1.]],-9.809991734547335,6.815640445561391,0.5
"(9967, 9976)",[[-1.]],-12.427555245244315,3.362062498693625,0.5
"(9968, 9977)",[[-1.]],-13.325596006934889,2.2170667117403156,0.5
"(9969, 9978)",[[1.]],-12.499412187119942,3.276960232010243,2.5
"(9970, 9979)",[[-1.]],-10.97470163112036,5.359084253052707,0.5
"(9971, 9980)",[[1.]],-12.267813727985766,3.4434647591615626,2.5
"(9972, 9981)",[[-1.]],-10.241759097190386,4.393608812263455,0.5
"(9973, 9982)",[[-1.]],-10.938314694388348,3.6509044109912594,0.5
"(9974, 9983)",[[1.]],-9.952901505620474,4.677429650401166,2.5
"(9975, 9984)",[[1.]],-10.207800518818296,4.382179832173012,2.5
"(9976, 9985)",[[-1.]],-9.519812185200763,5.142742630491064,0.5
"(9977, 9986)",[[1.]],-9.600286182325966,4.900320572906534,2.5
"(9978, 9987)",[[-1.]],-9.546085328665901,4.7374709943930675,0.5
"(9979, 9988)",[[-1.]],-12.193755055537247,1.6376370382914605,0.5
"(9980, 9989)",[[-1.]],-12.116569312430505,2.0583050699973455,0.5
"(9981, 9990)",[[-1.]],-14.456747626544697,0.3609105030161466,0.5
"(9982, 9991)",[[-1.]],-14.480096605962444,0.4081553739313293,0.5
"(9983, 9992)",[[-1.]],-14.622668208688978,0.3465568994454493,0.5
"(9984, 9993)",[[-1.]],-14.587827015884617,0.3298602152459065,0.5
"(9985, 9994)",[[-1.]],-14.528097533579116,0.33942235131298837,0.5
"(9986, 9995)",[[-1.]],-14.154604216386023,1.0392912756094983,0.5
"(9987, 9996)",[[-1.]],-14.767459155219681,0.32439998921128677,0.5
"(9988, 9997)",[[-1.]],-14.416848136788305,1.0390426333344092,0.5
"(9989, 9998)",[[-1.]],-14.793918134259506,0.3775964879308251,0.5
"(9990, 9999)",[[-1.]],-13.206787264965076,1.816125496553255,0.5
"(9991, 10000)",[[-1.]],-12.990798501331682,1.0848913490142316,0.5
"(9992, 10001)",[[-1.]],-12.062777809953525,2.2953633912642992,0.5
"(9993, 10002)",[[-1.]],-12.715899072532393,1.3246603607514444,0.5
"(9994, 10003)",[[-1.]],-12.100392698406509,2.0290168277853446,0.5
"(9995, 10004)",[[-1.]],-12.110476240228316,2.052348093387245,0.5
"(9996, 10005)",[[-1.]],-12.441200996942356,2.5603100035774347,0.5
"(9997, 10006)",[[-1.]],-12.66466024171618,2.3188326344578627,0.5
"(9998, 10007)",[[-1.]],-11.403884732534001,3.5803340044097993,0.5
"(9999, 10008)",[[-1.]],-11.732042298348466,3.4419558472214504,0.5
"(10000, 10009)",[[-1.]],-11.92082859159358,3.2683721358404085,0.5
"(10001, 10010)",[[-1.]],-10.94874549966122,4.4109075895322185,0.5
"(10002, 10011)",[[-1.]],-13.829382336690276,1.2002873008257353,0.5
"(10003, 10012)",[[-1.]],-13.006207917050396,2.356315572572406,0.5
"(10004, 10013)",[[-1.]],-13.749614340960164,1.6566277709345165,0.5
"(10005, 10014)",[[-1.]],-12.538149333685359,3.4143657543685606,0.5
"(10006, 10015)",[[-1.]],-14.757727632178156,0.21593106195697231,0.5
"(10007, 10016)",[[-1.]],-13.745336858352593,1.9050576564413788,0.5
"(10008, 10017)",[[-1.]],-14.478765922643591,1.00559024174464,0.5
"(10009, 10018)",[[-1.]],-13.919927052753486,1.6666844493734274,0.5
"(10010, 10019)",[[-1.]],-14.175172892716537,1.295251368403319,0.5
"(10011, 10020)",[[-1.]],-13.722729106990338,1.7830320551688619,0.5
"(10012, 10021)",[[1.]],-12.363714355796828,3.3232955642554813,2.5
"(10013, 10022)",[[-1.]],-13.096454751088203,2.2911444817730064,0.5
"(10014, 10023)",[[1.]],-12.86272449905024,2.6198158709229453,2.5
"(10015, 10024)",[[-1.]],-13.733199948729567,1.9619229003036551,0.5
"(10016, 10025)",[[-1.]],-13.271066311473232,2.618228050686721,0.5
"(10017, 10026)",[[1.]],-10.6598151316542,5.526581551151146,2.5
"(10018, 10027)",[[-1.]],-13.79727946764949,1.5471473093064887,0.5
"(10019, 10028)",[[-1.]],-11.462813733856363,4.536203035712873,0.5
"(10020, 10029)",[[-1.]],-13.43987142401045,2.1026902571493906,0.5
"(10021, 10030)",[[-1.]],-11.027025967284382,5.134556226632803,0.5
"(10022, 10031)",[[1.]],-12.546815852353859,3.1563579136080087,2.5
"(10023, 10032)",[[1.]],-11.59140415478521,4.466316992988883,2.5
"(10024, 10033)",[[1.]],-13.720821332771925,1.53257136240655,2.5
"(10025, 10034)",[[1.]],-13.514195497828576,2.508296832550421,2.5
"(10026, 10035)",[[-1.]],-13.311424383513717,2.7369185387092276,0.5
"(10027, 10036)",[[1.]],-13.820825440459368,2.7924886784241982,2.5
"(10028, 10037)",[[1.]],-15.060965810681582,1.6924312742701684,2.5
"(10029, 10038)",[[-1.]],-14.494007555714383,2.3394865473708393,0.5
"(10030, 10039)",[[1.]],-15.173533316094318,1.6737579166948295,2.5
"(10031, 10040)",[[-1.]],-15.073719444844928,1.9237712124669262,0.5
"(10032, 10041)",[[-1.]],-15.653758488493168,1.3228351357386865,0.5
"(10033, 10042)",[[1.]],-15.477636614069526,1.6399040815365602,2.5
"(10034, 10043)",[[1.]],-15.443173857011114,1.6178492299415188,2.5
"(10035, 10044)",[[1.]],-14.933633258807378,1.6655530958390168,2.5
"(10036, 10045)",[[-1.]],-15.886321250188624,0.46109285848032844,0.5
"(10037, 10046)",[[-1.]],-15.073366413587033,0.8699802035718598,0.5
"(10038, 10047)",[[-1.]],-14.109128457715055,1.1458285267608677,0.5
"(10039, 10048)",[[-1.]],-14.548546911583534,0.48559128591313794,0.5
"(10040, 10049)",[[1.]],-13.337549040092084,2.4363035822479837,2.5
"(10041, 10050)",[[-1.]],-15.17330910608494,0.23410440325831594,0.5
"(10042, 10051)",[[-1.]],-12.557076830496054,2.9447045969178696,0.5
"(10043, 10052)",[[-1.]],-13.636320642036763,0.8764266507908474,0.5
"(10044, 10053)",[[-1.]],-12.1037905521749,3.095797709613162,0.5
"(10045, 10054)",[[-1.]],-13.985461873182773,0.701398070445574,0.5
"(10046, 10055)",[[-1.]],-12.13609520248691,2.9524122434707767,0.5
"(10047, 10056)",[[-1.]],-14.281351915875321,0.3178511226004712,0.5
"(10048, 10057)",[[-1.]],-13.775814190307457,1.709268681077731,0.5
"(10049, 10058)",[[-1.]],-13.444228467601247,2.1609453959096854,0.5
"(10050, 10059)",[[-1.]],-13.240380414289733,2.1942788268600335,0.5
"(10051, 10060)",[[-1.]],-13.22514447145484,2.588920132951353,0.5
"(10052, 10061)",[[-1.]],-13.104632159088187,2.8719724907543895,0.5
"(10053, 10062)",[[-1.]],-12.423580262292568,3.710463184705972,0.5
"(10054, 10063)",[[-1.]],-13.034042029546894,2.827933345168244,0.5
"(10055, 10064)",[[-1.]],-13.862053362869053,2.070279577058823,0.5
"(10056, 10065)",[[-1.]],-11.413462580493583,5.069670355349743,0.5
"(10057, 10066)",[[-1.]],-13.856336878977038,2.5855644662218165,0.5
"(10058, 10067)",[[-1.]],-12.062978978600148,4.509495960177917,0.5
"(10059, 10068)",[[1.]],-14.873362680006238,0.9378098594136972,2.5
"(10060, 10069)",[[-1.]],-12.218260149633673,4.211595145872614,0.5
"(10061, 10070)",[[-1.]],-14.607004397638148,0.8647079878948176,0.5
"(10062, 10071)",[[-1.]],-12.745694434420562,3.4891876431279876,0.5
"(10063, 10072)",[[-1.]],-15.207324118670773,0.4960598599053103,0.5
"(10064, 10073)",[[-1.]],-12.654814564152483,3.4946977652948803,0.5
"(10065, 10074)",[[1.]],-14.374284052176684,0.9031410902232224,2.5
"(10066, 10075)",[[1.]],-12.965753630565903,2.6417191181838735,2.5
"(10067, 10076)",[[-1.]],-13.464271065198275,1.0670553653456025,0.5
"(10068, 10077)",[[-1.]],-13.536786238233216,1.0414891058037803,0.5
"(10069, 10078)",[[1.]],-13.362259486456594,1.1074423502326418,2.5
"(10070, 10079)",[[1.]],-13.547827513178385,1.1806787771293727,2.5
"(10071, 10080)",[[1.]],-14.092376181258583,0.509568322209125,2.5
"(10072, 10081)",[[-1.]],-13.634533724788751,0.6173957793146627,0.5
"(10073, 10082)",[[1.]],-12.019651669098815,2.537179008659333,2.5
"(10074, 10083)",[[-1.]],-12.509792339908229,2.1890699900651835,0.5
"(10075, 10084)",[[1.]],-11.257919129720841,3.8159599114828744,2.5
"(10076, 10085)",[[1.]],-12.917830373026746,2.1759545355940784,2.5
"(10077, 10086)",[[-1.]],-12.998969291430836,2.1021596657704986,0.5
"(10078, 10087)",[[-1.]],-12.578470900247604,2.726420809251902,0.5
"(10079, 10088)",[[-1.]],-14.12232658397052,1.369485758088377,0.5
"(10080, 10089)",[[-1.]],-12.574980123654832,3.079992571468013,0.5
"(10081, 10090)",[[1.]],-14.188889602286462,1.2117493165844486,2.5
"(10082, 10091)",[[1.]],-12.913700832546121,2.821988438511873,2.5
"(10083, 10092)",[[-1.]],-14.347940643540618,1.1295591301282393,0.5
"(10084, 10093)",[[-1.]],-14.517128833038065,1.0952804931315594,0.5
"(10085, 10094)",[[-1.]],-14.400886288097077,1.0488496326334662,0.5
"(10086, 10095)",[[-1.]],-14.074848593994771,0.8845204055466773,0.5
"(10087, 10096)",[[-1.]],-13.601431771630793,1.406936004766397,0.5
"(10088, 10097)",[[1.]],-13.44242652195442,1.5787048028989403,2.5
"(10089, 10098)",[[-1.]],-13.099823788386773,1.0066140549836007,0.5
"(10090, 10099)",[[-1.]],-13.244834736624673,0.7748408288645425,0.5
"(10091, 10100)",[[-1.]],-13.049153641123102,0.4649617781851312,0.5
"(10092, 10101)",[[-1.]],-13.049003101953726,0.648412990733604,0.5
"(10093, 10102)",[[-1.]],-13.878417386026577,0.31451046134866445,0.5
"(10094, 10103)",[[-1.]],-12.787366812909964,2.026036072108109,0.5
"(10095, 10104)",[[1.]],-12.482120314618584,5.0828443766590805,2.5
"(10096, 10105)",[[-1.]],-14.357755820633336,2.7849808510742466,0.5
"(10097, 10106)",[[-1.]],-15.476185673709647,1.385004540738496,0.5
"(10098, 10107)",[[-1.]],-15.213398607143214,1.668237377541164,0.5
"(10099, 10108)",[[-1.]],-14.996098640884417,2.0742454027499058,0.5
"(10100, 10109)",[[1.]],-13.033024889884874,5.353434956918486,2.5
"(10101, 10110)",[[-1.]],-13.743093945858053,4.487937836429044,0.5
"(10102, 10111)",[[-1.]],-12.908259195003376,5.516787889372742,0.5
"(10103, 10112)",[[-1.]],-14.756911676423574,3.1278710900352147,0.5
"(10104, 10113)",[[-1.]],-15.623901592176459,2.02580194534384,0.5
"(10105, 10114)",[[-1.]],-14.143828353204059,3.185899517334594,0.5
"(10106, 10115)",[[-1.]],-14.79122977762571,2.3739278127501002,0.5
"(10107, 10116)",[[-1.]],-14.065304216890587,3.357536754089356,0.5
"(10108, 10117)",[[-1.]],-14.864493599705519,2.2872025508045546,0.5
"(10109, 10118)",[[-1.]],-14.500252825511767,2.4324155092121664,0.5
"(10110, 10119)",[[-1.]],-13.527889601962242,2.2289034925635427,0.5
"(10111, 10120)",[[-1.]],-10.984403685977266,5.420716593209521,0.5
"(10112, 10121)",[[1.]],-11.649327123073705,4.953636457727178,2.5
"(10113, 10122)",[[-1.]],-12.920459488216597,2.972734030874051,0.5
"(10114, 10123)",[[-1.]],-13.42184740968987,2.159131918047814,0.5
"(10115, 10124)",[[-1.]],-13.16091589692608,2.479979760604424,0.5
"(10116, 10125)",[[-1.]],-13.595511599445535,1.9378753279302323,0.5
"(10117, 10126)",[[-1.]],-13.725048264802023,1.6588564005804347,0.5
"(10118, 10127)",[[1.]],-12.66430183873742,2.9847789465722165,2.5
"(10119, 10128)",[[-1.]],-13.984745795237963,1.3962474147949635,0.5
"(10120, 10129)",[[1.]],-13.036610891459388,2.1410872581631253,2.5
"(10121, 10130)",[[-1.]],-13.167215281179425,1.9502096732701553,0.5
"(10122, 10131)",[[-1.]],-10.652093163578595,3.2178131625696054,0.5
"(10123, 10132)",[[-1.]],-10.662013140449828,3.165027315185487,0.5
"(10124, 10133)",[[-1.]],-11.535040303138883,2.2020838862933267,0.5
"(10125, 10134)",[[1.]],-8.722726781139146,6.086099004299658,2.5
"(10126, 10135)",[[1.]],-10.60074810621043,3.7287829873571496,2.5
"(10127, 10136)",[[-1.]],-9.23651503265701,5.688869808775442,0.5
"(10128, 10137)",[[-1.]],-13.523409560564032,1.0726199709548698,0.5
"(10129, 10138)",[[1.]],-9.872146632008642,6.043642724059126,2.5
"(10130, 10139)",[[1.]],-13.83949701379974,0.9653942807259099,2.5
"(10131, 10140)",[[1.]],-13.268650028458547,2.6009892511459967,2.5
"(10132, 10141)",[[-1.]],-13.902495475242995,2.0407026633213334,0.5
"(10133, 10142)",[[-1.]],-13.309377686126632,2.8268990396497973,0.5
"(10134, 10143)",[[-1.]],-13.833025027111553,2.0999369441528497,0.5
"(10135, 10144)",[[1.]],-13.526721599009134,2.344251238147553,2.5
"(10136, 10145)",[[-1.]],-13.091940407034851,2.8842341638504987,0.5
"(10137, 10146)",[[1.]],-13.656060723320412,2.1099122124193155,2.5
"(10138, 10147)",[[-1.]],-12.807108724988732,2.9870858346403217,0.5
"(10139, 10148)",[[-1.]],-14.174291634933992,1.2248881003132936,0.5
"(10140, 10149)",[[-1.]],-14.330643462450402,0.9787977776717565,0.5
"(10141, 10150)",[[-1.]],-13.584851696843923,0.7266508996563914,0.5
"(10142, 10151)",[[-1.]],-13.493101394645256,1.1194134355889194,0.5
"(10143, 10152)",[[-1.]],-14.772762949634698,0.12957870017496376,0.5
"(10144, 10153)",[[-1.]],-14.632596211639086,0.552128597214324,0.5
"(10145, 10154)",[[-1.]],-14.83162928583816,0.19097230677080823,0.5
"(10146, 10155)",[[-1.]],-14.618236292943347,0.3867358210667078,0.5
"(10147, 10156)",[[-1.]],-14.534487640093221,0.33913716267702654,0.5
"(10148, 10157)",[[-1.]],-14.067704504085665,0.725205122179231,0.5
"(10149, 10158)",[[-1.]],-13.576116016005983,1.4092623823433819,0.5
"(10150, 10159)",[[-1.]],-12.763738993043084,2.462645154932776,0.5
"(10151, 10160)",[[-1.]],-13.936105092194367,1.184834365019487,0.5
"(10152, 10161)",[[-1.]],-11.522788684742906,3.775070525947946,0.5
"(10153, 10162)",[[-1.]],-9.692009029557582,5.630457868917514,0.5
"(10154, 10163)",[[-1.]],-7.673224791276592,7.915829584194771,0.5
"(10155, 10164)",[[-1.]],-10.922599999714238,4.892648987781957,0.5
"(10156, 10165)",[[-1.]],-14.310429222977442,1.4912035471750489,0.5
"(10157, 10166)",[[-1.]],-12.488237570138736,3.848264804904211,0.5
"(10158, 10167)",[[-1.]],-14.412708552997293,1.3030114537751238,0.5
"(10159, 10168)",[[-1.]],-14.533058783090587,1.5211276319031999,0.5
"(10160, 10169)",[[-1.]],-14.58539534482694,1.379371639531394,0.5
"(10161, 10170)",[[-1.]],-14.358728502205722,1.4937733220284066,0.5
"(10162, 10171)",[[-1.]],-14.603070974160547,1.250851017522594,0.5
"(10163, 10172)",[[-1.]],-13.972555560042288,1.983001897226469,0.5
"(10164, 10173)",[[-1.]],-14.629402135329316,1.1519170200890656,0.5
"(10165, 10174)",[[-1.]],-13.561926413932172,1.959405676947826,0.5
"(10166, 10175)",[[-1.]],-12.557940625421608,2.28026119407588,0.5
"(10167, 10176)",[[-1.]],-12.015417671276278,2.9658546508992245,0.5
"(10168, 10177)",[[-1.]],-12.401809390451616,2.5318157303778257,0.5
"(10169, 10178)",[[-1.]],-10.60932088084632,3.6475285946638074,0.5
"(10170, 10179)",[[1.]],-10.805888322170924,3.319259330859431,2.5
"(10171, 10180)",[[-1.]],-11.007280079431425,3.0343112052662065,0.5
"(10172, 10181)",[[-1.]],-11.011633909011316,1.7075511665664926,0.5
"(10173, 10182)",[[-1.]],-11.916208505415417,1.0434875552752665,0.5
"(10174, 10183)",[[-1.]],-12.903857290254743,1.6269947865026317,0.5
"(10175, 10184)",[[-1.]],-14.417599713964488,0.16402724503129917,0.5
"(10176, 10185)",[[1.]],-12.605830964727442,2.85185094725159,2.5
"(10177, 10186)",[[-1.]],-13.657922607880028,2.2906614178361284,0.5
"(10178, 10187)",[[-1.]],-13.820122806376087,2.119017875853137,0.5
"(10179, 10188)",[[1.]],-12.060257002443631,4.2809728765444355,2.5
"(10180, 10189)",[[1.]],-13.369770025720667,2.649233619364683,2.5
"(10181, 10190)",[[-1.]],-13.890958044513239,1.9665447365296487,0.5
"(10182, 10191)",[[-1.]],-14.179547573189035,1.7824054500905895,0.5
"(10183, 10192)",[[-1.]],-14.122979269187745,1.84680793276842,0.5
"(10184, 10193)",[[1.]],-12.525953616347678,3.601144918410391,2.5
"(10185, 10194)",[[-1.]],-13.220410288191108,2.6187028611651524,0.5
"(10186, 10195)",[[1.]],-13.756377462868825,1.9825989986655355,2.5
"(10187, 10196)",[[-1.]],-13.11112318203669,1.8098014224182144,0.5
"(10188, 10197)",[[-1.]],-13.480319922830267,1.3928213088281982,0.5
"(10189, 10198)",[[-1.]],-12.643986549307362,2.7017203760702078,0.5
"(10190, 10199)",[[-1.]],-13.41942937851494,1.5603209511197331,0.5
"(10191, 10200)",[[-1.]],-14.659432190615393,2.077562722700221,0.5
"(10192, 10201)",[[-1.]],-14.62902078922545,2.1204170156782123,0.5
"(10193, 10202)",[[-1.]],-13.086651996935721,4.050445661445304,0.5
"(10194, 10203)",[[-1.]],-15.374427025824765,1.401678915995073,0.5
"(10195, 10204)",[[-1.]],-13.157902563701393,4.2245431211139906,0.5
"(10196, 10205)",[[-1.]],-15.350950830062054,1.5234205762345496,0.5
"(10197, 10206)",[[-1.]],-13.465423333559375,3.892221774657086,0.5
"(10198, 10207)",[[-1.]],-15.296812884874752,1.5412267987761492,0.5
"(10199, 10208)",[[-1.]],-13.974638580780107,3.2392045294844714,0.5
"(10200, 10209)",[[1.]],-12.630549089517395,4.865104984347967,2.5
"(10201, 10210)",[[-1.]],-11.855756003759154,3.7805852168846705,0.5
"(10202, 10211)",[[-1.]],-10.522100040838646,5.09718151971661,0.5
"(10203, 10212)",[[-1.]],-12.070683011781412,3.8284654931449253,0.5
"(10204, 10213)",[[-1.]],-12.08493157597625,3.4446584883617355,0.5
"(10205, 10214)",[[-1.]],-10.838212745691932,5.237157522159961,0.5
"(10206, 10215)",[[1.]],-10.093695293316655,6.748176255370241,2.5
"(10207, 10216)",[[-1.]],-12.252167757886154,4.064396393693206,0.5
"(10208, 10217)",[[-1.]],-12.439654460297529,3.8712908296506594,0.5
"(10209, 10218)",[[-1.]],-11.946974799852915,4.3283496230285365,0.5
"(10210, 10219)",[[1.]],-11.280108774524772,5.272387711390039,2.5
"(10211, 10220)",[[-1.]],-11.975365054004149,4.465577099093171,0.5
"(10212, 10221)",[[-1.]],-11.44425127684908,5.233713143632988,0.5
"(10213, 10222)",[[-1.]],-10.645134416350256,5.64820403321853,0.5
"(10214, 10223)",[[-1.]],-12.375014617649775,3.4876391282968413,0.5
"(10215, 10224)",[[-1.]],-12.025958518610674,3.90376305768101,0.5
"(10216, 10225)",[[-1.]],-12.683259798505436,2.12250286540203,0.5
"(10217, 10226)",[[-1.]],-11.099298393548683,3.9970638072047393,0.5
"(10218, 10227)",[[1.]],-13.423919552355354,2.0637718118937425,2.5
"(10219, 10228)",[[-1.]],-13.359054336806807,2.2320278505116367,0.5
"(10220, 10229)",[[-1.]],-12.574500504647345,3.141496406809365,0.5
"(10221, 10230)",[[1.]],-10.991346527319584,5.059210169774209,2.5
"(10222, 10231)",[[1.]],-13.935910814509219,2.6518762907635,2.5
"(10223, 10232)",[[1.]],-13.333121302152854,3.338477869603059,2.5
"(10224, 10233)",[[1.]],-13.695525652619365,2.900404583308763,2.5
"(10225, 10234)",[[1.]],-13.010448488439945,3.80157963387229,2.5
"(10226, 10235)",[[1.]],-13.72377904431289,3.0436076503818015,2.5
"(10227, 10236)",[[-1.]],-13.39521054797353,3.48517573411476,0.5
"(10228, 10237)",[[1.]],-13.402283188037297,2.9948997004099542,2.5
"(10229, 10238)",[[-1.]],-13.912361514368841,2.389441486854164,0.5
"(10230, 10239)",[[-1.]],-15.040328048850823,0.9417104201154167,0.5
"(10231, 10240)",[[-1.]],-14.1739462316336,2.119414414804318,0.5
"(10232, 10241)",[[-1.]],-14.999468959317639,1.608188791335074,0.5
"(10233, 10242)",[[-1.]],-14.156244037774155,2.6569720731345603,0.5
"(10234, 10243)",[[-1.]],-15.968888934798688,0.3035302987647608,0.5
"(10235, 10244)",[[1.]],-13.810487220356205,3.051723541249083,2.5
"(10236, 10245)",[[-1.]],-16.41509239354686,0.4880304250484233,0.5
"(10237, 10246)",[[-1.]],-14.466331883412092,2.9959639198192063,0.5
"(10238, 10247)",[[-1.]],-14.802103524149537,2.4789084678975737,0.5
"(10239, 10248)",[[-1.]],-14.410902032648048,2.9192963456847405,0.5
"(10240, 10249)",[[-1.]],-15.182732893691975,1.9581107754706597,0.5
"(10241, 10250)",[[1.]],-13.927917875565665,3.7393101550311387,2.5
"(10242, 10251)",[[-1.]],-13.909066640252957,2.3750544997095755,0.5
"(10243, 10252)",[[-1.]],-13.837030432304289,2.4355850668027283,0.5
"(10244, 10253)",[[-1.]],-13.8113327667054,2.4356910015328204,0.5
"(10245, 10254)",[[-1.]],-14.262446706224718,1.9671907646578912,0.5
"(10246, 10255)",[[-1.]],-12.997432019520813,2.0142785982443847,0.5
"(10247, 10256)",[[-1.]],-13.311174813277038,1.595237689120811,0.5
"(10248, 10257)",[[-1.]],-13.133463848301384,1.7929945278456767,0.5
"(10249, 10258)",[[-1.]],-14.281536710648714,0.3183779770005195,0.5
"(10250, 10259)",[[-1.]],-13.692091754604132,1.0467850886552377,0.5
"(10251, 10260)",[[-1.]],-13.131633909304389,0.12205754722454287,0.5
"(10252, 10261)",[[-1.]],-13.317057490575726,0.07196333862562199,0.5
"(10253, 10262)",[[-1.]],-12.599668164542399,0.869437223491154,0.5
"(10254, 10263)",[[-1.]],-12.406969639497317,1.5496201651747192,0.5
"(10255, 10264)",[[-1.]],-12.702828046867058,0.8295912219709329,0.5
"(10256, 10265)",[[-1.]],-12.543666860239822,1.2120091582048218,0.5
"(10257, 10266)",[[-1.]],-13.419950320147152,1.0768399290839241,0.5
"(10258, 10267)",[[-1.]],-13.942747787419961,0.45978307055720435,0.5
"(10259, 10268)",[[-1.]],-13.076546962628546,1.5028911168088115,0.5
"(10260, 10269)",[[-1.]],-13.864457743304955,1.3946528881646714,0.5
"(10261, 10270)",[[1.]],-12.364222354294931,3.41839197769497,2.5
"(10262, 10271)",[[1.]],-13.77841917116994,1.7411791160225292,2.5
"(10263, 10272)",[[-0.99999994]],-13.854833546969953,1.8600639456908539,0.5000000596046448
"(10264, 10273)",[[-1.]],-14.905861806994434,0.4786980637630336,0.5
"(10265, 10274)",[[-1.]],-14.559525727048305,0.9142589185640766,0.5
"(10266, 10275)",[[1.]],-13.533238674767631,3.1728214085373487,2.5
"(10267, 10276)",[[1.]],-13.912766959100878,2.556242676899906,2.5
"(10268, 10277)",[[-1.]],-15.264924417600724,2.2490206589330626,0.5
"(10269, 10278)",[[-1.]],-15.845954135341783,1.5716757890864734,0.5
"(10270, 10279)",[[1.]],-14.929364463403092,2.6904649399055636,2.5
"(10271, 10280)",[[-1.]],-15.281626098970913,2.1158721150260833,0.5
"(10272, 10281)",[[-1.]],-15.540203397481907,1.700892885185315,0.5
"(10273, 10282)",[[1.]],-14.65712676883031,3.0723379182776016,2.5
"(10274, 10283)",[[1.]],-14.111012437847538,3.727804113262769,2.5
"(10275, 10284)",[[-1.]],-14.645511221713422,3.0576220710333892,0.5
"(10276, 10285)",[[-1.]],-15.66693033838391,2.1841075775845056,0.5
"(10277, 10286)",[[1.]],-14.247361272694675,4.087295864976531,2.5
"(10278, 10287)",[[1.]],-15.263082785097247,2.1573267723887453,2.5
"(10279, 10288)",[[1.]],-13.549275659550435,4.371250247277236,2.5
"(10280, 10289)",[[-1.]],-16.011807055739553,1.3580163730438723,0.5
"(10281, 10290)",[[1.]],-14.740666425181137,3.1100188315193313,2.5
"(10282, 10291)",[[-1.]],-16.013878098732622,1.4119803182413806,0.5
"(10283, 10292)",[[1.]],-13.611459604724159,3.826191881760205,2.5
"(10284, 10293)",[[-1.]],-16.049763656208356,0.7139311918868314,0.5
"(10285, 10294)",[[1.]],-13.418925552575724,4.099247581607801,2.5
"(10286, 10295)",[[-1.]],-14.370596633737962,0.410315102468223,0.5
"(10287, 10296)",[[-1.]],-13.109915024285419,1.953561204601769,0.5
"(10288, 10297)",[[-1.]],-13.653411810963947,1.912867437431542,0.5
"(10289, 10298)",[[-1.]],-12.758131691530297,2.8210032593364307,0.5
"(10290, 10299)",[[-1.]],-13.111164283621141,1.2140720745535187,0.5
"(10291, 10300)",[[-1.]],-14.176860564540107,2.7188532717790928,0.5
"(10292, 10301)",[[-1.]],-13.65753569360241,3.3430023324221807,0.5
"(10293, 10302)",[[-1.]],-14.416792701360642,2.4814418796840023,0.5
"(10294, 10303)",[[-1.]],-13.666451510825178,3.5241728338508356,0.5
"(10295, 10304)",[[-1.]],-14.70073347380027,2.266953775810472,0.5
"(10296, 10305)",[[-1.]],-14.24283735905947,2.8565967618817716,0.5
"(10297, 10306)",[[-1.]],-16.054070528224262,0.7199765121120159,0.5
"(10298, 10307)",[[-1.]],-13.86947928569182,3.479875010719537,0.5
"(10299, 10308)",[[-1.]],-15.689079436898515,1.896748584915529,0.5
"(10300, 10309)",[[-1.]],-14.893594570806949,3.0685589426018947,0.5
"(10301, 10310)",[[-1.]],-14.64478558144314,1.9533764881175006,0.5
"(10302, 10311)",[[-1.]],-13.151542178633541,3.8366591856730103,0.5
"(10303, 10312)",[[-1.]],-14.708205669563855,1.7672367289772417,0.5
"(10304, 10313)",[[1.]],-12.101451426683486,5.448563976994922,2.5
"(10305, 10314)",[[-1.]],-12.423909494150935,4.9892649127255115,0.5
"(10306, 10315)",[[-1.]],-12.581219593051495,4.830275679783401,0.5
"(10307, 10316)",[[-1.]],-12.695456292596559,4.5870153985917685,0.5
"(10308, 10317)",[[-1.]],-14.12080344306796,2.8007982118037766,0.5
"(10309, 10318)",[[-1.]],-12.636968613817047,3.963060180625888,0.5
"(10310, 10319)",[[-1.]],-13.822383941571779,2.43734291989521,0.5
"(10311, 10320)",[[-1.]],-12.399457388087326,4.217073671253527,0.5
"(10312, 10321)",[[1.]],-12.767852981125639,3.779429053265936,2.5
"(10313, 10322)",[[-1.]],-13.85625782043954,2.241564205279726,0.5
"(10314, 10323)",[[-1.]],-13.029572065537748,2.6624709717281867,0.5
"(10315, 10324)",[[-1.]],-15.410761700345747,0.3695405159355829,0.5
"(10316, 10325)",[[-1.]],-14.400362713834127,1.6560731382605063,0.5
"(10317, 10326)",[[1.]],-14.65130084504492,1.091767359446143,2.5
"(10318, 10327)",[[1.]],-13.460436243770515,2.245454218563294,2.5
"(10319, 10328)",[[-1.]],-15.063629420729942,0.14073543768320285,0.5
"(10320, 10329)",[[-1.]],-13.448422268488274,2.237307005234058,0.5
"(10321, 10330)",[[-1.]],-14.746238046188704,0.6518426306564393,0.5
"(10322, 10331)",[[-1.]],-14.022578165582354,1.7291363622699176,0.5
"(10323, 10332)",[[1.]],-13.717167441420628,2.095538300124799,2.5
"(10324, 10333)",[[1.]],-13.941326544225662,1.3078590651772988,2.5
"(10325, 10334)",[[-1.]],-12.186754100415637,2.6399774892737717,0.5
"(10326, 10335)",[[-1.]],-12.934095948249222,1.7909762373113498,0.5
"(10327, 10336)",[[-1.]],-11.840724835241963,3.150974174977783,0.5
"(10328, 10337)",[[-1.]],-12.036740018170251,2.9267551701856878,0.5
"(10329, 10338)",[[1.]],-9.354840421642553,7.656524522932811,2.5
"(10330, 10339)",[[1.]],-13.583103312472616,2.2129318991694014,2.5
"(10331, 10340)",[[-1.]],-11.13901589998148,5.438868472018536,0.5
"(10332, 10341)",[[-1.]],-12.597452025986453,3.4456718108999382,0.5
"(10333, 10342)",[[1.]],-8.375470423213685,8.586076897973232,2.5
"(10334, 10343)",[[-1.]],-12.222828922386999,3.8128257229496576,0.5
"(10335, 10344)",[[-1.]],-13.638016152954837,2.0176830430343884,0.5
"(10336, 10345)",[[-1.]],-12.405274694670894,3.548088882841487,0.5
"(10337, 10346)",[[-1.]],-13.529140797021732,2.09134918222324,0.5
"(10338, 10347)",[[-1.]],-13.329180949919644,2.1511923690120547,0.5
"(10339, 10348)",[[-1.]],-9.614831411172467,4.203984445831967,0.5
"(10340, 10349)",[[-1.]],-10.371110483481614,4.609023565446671,0.5
"(10341, 10350)",[[-1.]],-11.041069285868886,3.358872644561103,0.5
"(10342, 10351)",[[-1.]],-9.87376648166252,5.5804182935702435,0.5
"(10343, 10352)",[[-1.]],-13.647226993510623,1.8914233560883922,0.5
"(10344, 10353)",[[-1.]],-13.279591412834527,2.30964628245823,0.5
"(10345, 10354)",[[-1.]],-13.43589316780685,2.0789126822905217,0.5
"(10346, 10355)",[[-1.]],-12.84961112570734,3.1112375639478955,0.5
"(10347, 10356)",[[-1.]],-13.17869744045521,2.7642143632208995,0.5
"(10348, 10357)",[[-1.]],-12.693752575768295,3.3512620686715255,0.5
"(10349, 10358)",[[-1.]],-13.193787304711714,2.701004697469058,0.5
"(10350, 10359)",[[-1.]],-13.16781057207443,2.762000537447326,0.5
"(10351, 10360)",[[-1.]],-14.874579844222875,0.534413415007883,0.5
"(10352, 10361)",[[-1.]],-12.60904579136174,3.1548770760793,0.5
"(10353, 10362)",[[-1.]],-11.576021577943033,3.7989573083954795,0.5
"(10354, 10363)",[[-1.]],-13.21978627226895,2.2483659995156913,0.5
"(10355, 10364)",[[-1.]],-13.569966270666459,1.8121032442929348,0.5
"(10356, 10365)",[[-1.]],-13.37490391451258,2.0052197751772027,0.5
"(10357, 10366)",[[-1.]],-13.329707998932392,2.027165207826833,0.5
"(10358, 10367)",[[-1.]],-13.801759112164676,1.5783049343810482,0.5
"(10359, 10368)",[[-1.]],-12.884999048585168,2.7837666083398567,0.5
"(10360, 10369)",[[-1.]],-13.317408165985745,1.6990869706833465,0.5
"(10361, 10370)",[[-1.]],-12.972587798693604,2.165152707084392,0.5
"(10362, 10371)",[[-1.]],-13.171853381520418,1.8731868447635946,0.5
"(10363, 10372)",[[1.]],-11.99114609533862,3.3925404204837015,2.5
"(10364, 10373)",[[-1.]],-12.652170770899739,2.756466159001409,0.5
"(10365, 10374)",[[-1.]],-14.020867921039358,1.4281603917578956,0.5
"(10366, 10375)",[[1.]],-9.383925455574362,7.28046407513097,2.5
"(10367, 10376)",[[-1.]],-14.148725968790083,3.2742611042318224,0.5
"(10368, 10377)",[[-1.]],-13.412249624463966,4.266475530349698,0.5
"(10369, 10378)",[[-1.]],-14.941952307659777,2.0678203940245847,0.5
"(10370, 10379)",[[1.]],-12.896884465719147,4.5519580856401625,2.5
"(10371, 10380)",[[-1.]],-15.871485198242144,0.8145103314393118,0.5
"(10372, 10381)",[[1.]],-12.813044521540212,4.592112719794404,2.5
"(10373, 10382)",[[-1.]],-15.4204557833753,1.2919781215728143,0.5
"(10374, 10383)",[[1.]],-12.675893258386694,4.578694052847743,2.5
"(10375, 10384)",[[-1.]],-15.371497326428136,1.1068702577067286,0.5
"(10376, 10385)",[[1.]],-13.935119259682303,2.6878597037104655,2.5
"(10377, 10386)",[[-1.]],-12.476117214257656,0.6573516326046871,0.5
"(10378, 10387)",[[1.]],-7.437711468091047,8.544888718639944,2.5
"(10379, 10388)",[[-1.]],-11.616301592732912,3.500160400613318,0.5
"(10380, 10389)",[[-1.]],-10.679989884336283,4.722232964709924,0.5
"(10381, 10390)",[[-1.]],-12.63611425223651,3.278020479277046,0.5
"(10382, 10391)",[[-1.]],-12.230048463924017,3.95246759630896,0.5
"(10383, 10392)",[[-1.]],-13.284625283939947,2.6774465579307964,0.5
"(10384, 10393)",[[-1.]],-12.285876893737973,3.819910764463444,0.5
"(10385, 10394)",[[-1.]],-12.591200463956982,3.4742767001691384,0.5
"(10386, 10395)",[[-1.]],-12.534063083765483,3.559693979212039,0.5
"(10387, 10396)",[[-1.]],-13.211996125165097,2.6168788325200136,0.5
"(10388, 10397)",[[-1.]],-13.157469614908575,2.0460488634915617,0.5
"(10389, 10398)",[[-1.]],-12.671781770493777,2.5962699527584494,0.5
"(10390, 10399)",[[-1.]],-13.685521544319117,1.4666347766614969,0.5
"(10391, 10400)",[[-1.]],-10.555248107299427,4.388149418405606,0.5
"(10392, 10401)",[[-1.]],-11.902485713305264,2.537560094225224,0.5
"(10393, 10402)",[[-1.]],-11.65989526138898,2.830212210057919,0.5
"(10394, 10403)",[[-1.]],-12.6161492636585,1.7415086620903928,0.5
"(10395, 10404)",[[-1.]],-10.44455408321242,5.1802641460848164,0.5
"(10396, 10405)",[[-1.]],-9.420880770306653,6.837870578596165,0.5
"(10397, 10406)",[[0.99991465]],-13.1064666577591,3.2205269923039417,2.4999146461486816
"(10398, 10407)",[[-1.]],-11.46898413771165,5.447870865122686,0.5
"(10399, 10408)",[[-1.]],-14.204783090508394,2.3380487697925822,0.5
"(10400, 10409)",[[-1.]],-12.830288814575988,4.003614700335113,0.5
"(10401, 10410)",[[-1.]],-14.78916137361115,1.4753919373960578,0.5
"(10402, 10411)",[[-1.]],-12.702288673399641,4.090824210228115,0.5
"(10403, 10412)",[[-1.]],-15.247715958062836,0.9389836074653193,0.5
"(10404, 10413)",[[-1.]],-13.13759761760393,3.6209149110913614,0.5
"(10405, 10414)",[[-1.]],-15.563798443804162,0.30222842202774025,0.5
"(10406, 10415)",[[-1.]],-13.75444807085736,2.5283960022908847,0.5
"(10407, 10416)",[[-1.]],-15.092312261162903,0.4058833879997188,0.5
"(10408, 10417)",[[-1.]],-14.148900402644697,1.152179908332883,0.5
"(10409, 10418)",[[-1.]],-12.174515345903032,2.061990469173182,0.5
"(10410, 10419)",[[-1.]],-13.82810088410555,1.3127493889478146,0.5
"(10411, 10420)",[[-1.]],-12.758322075632517,2.5060595580321987,0.5
"(10412, 10421)",[[1.]],-12.364241890976839,3.6486892699767868,2.5
"(10413, 10422)",[[-1.]],-12.267655390086905,3.9784721984507865,0.5
"(10414, 10423)",[[-1.]],-11.887945523012942,4.459255394593292,0.5
"(10415, 10424)",[[-1.]],-14.124876172848769,1.6202825156338712,0.5
"(10416, 10425)",[[-1.]],-11.520923042781392,4.855499333278772,0.5
"(10417, 10426)",[[-1.]],-14.452356473927418,1.4040328934604265,0.5
"(10418, 10427)",[[-1.]],-15.088237957620345,2.287543146759832,0.5
"(10419, 10428)",[[-1.]],-16.121063275839106,1.0038067610724966,0.5
"(10420, 10429)",[[-1.]],-15.388728378856534,1.975566850347347,0.5
"(10421, 10430)",[[-1.]],-14.87802596272912,2.668609829177626,0.5
"(10422, 10431)",[[-1.]],-15.342659558262072,1.7261271036199606,0.5
"(10423, 10432)",[[-1.]],-15.452349663552566,1.4599374591986063,0.5
"(10424, 10433)",[[-1.]],-15.735106646042647,0.9980811984539475,0.5
"(10425, 10434)",[[1.]],-14.784017527385318,2.1274872196925223,2.5
"(10426, 10435)",[[1.]],-15.265200070046275,1.4676055258821012,2.5
"(10427, 10436)",[[1.]],-14.380094220521185,2.5197284195658396,2.5
"(10428, 10437)",[[-1.]],-14.018485831306204,0.5513938783707744,0.5
"(10429, 10438)",[[-1.]],-13.742032154192088,0.9185641658225734,0.5
"(10430, 10439)",[[1.]],-10.971133505794707,3.8222665695718945,2.5
"(10431, 10440)",[[1.]],-10.843353233157023,3.226322516487105,2.5
"(10432, 10441)",[[-1.]],-12.416782613139182,1.1771207273360922,0.5
"(10433, 10442)",[[-1.]],-12.639483824669913,1.3245197001475315,0.5
"(10434, 10443)",[[1.]],-11.631358918158691,3.460501162650491,2.5
"(10435, 10444)",[[-1.]],-13.235898324965165,1.641775673969006,0.5
"(10436, 10445)",[[-1.]],-16.129092074875793,0.7009510684213711,0.5
"(10437, 10446)",[[-1.]],-15.379006989731831,1.6662965463421973,0.5
"(10438, 10447)",[[-1.]],-15.97680442231221,0.9951462541156637,0.5
"(10439, 10448)",[[1.]],-15.204238076533803,1.9788732011654844,2.5
"(10440, 10449)",[[-1.]],-15.97032099506785,1.1820583668668618,0.5
"(10441, 10450)",[[-1.]],-15.920368977438045,1.3345964906217906,0.5
"(10442, 10451)",[[-1.]],-15.8479152778195,1.4225069076977999,0.5
"(10443, 10452)",[[-1.]],-15.88757984778419,1.356243121180114,0.5
"(10444, 10453)",[[-1.]],-16.208618601816585,0.9601169702430186,0.5
"(10445, 10454)",[[1.]],-15.613138442202734,1.7180164234377813,2.5
"(10446, 10455)",[[-1.]],-13.701341353259515,1.2641675298288177,0.5
"(10447, 10456)",[[-1.]],-14.403477708788401,0.10663962327059018,0.5
"(10448, 10457)",[[-1.]],-11.81060228539416,2.917836266311319,0.5
"(10449, 10458)",[[-1.]],-13.18939526170795,1.1715994149630582,0.5
"(10450, 10459)",[[-1.]],-11.88842022928185,1.802036080898496,0.5
"(10451, 10460)",[[-1.]],-11.768043193324976,3.1412751258586447,0.5
"(10452, 10461)",[[-1.]],-12.415649931860397,2.289179788877341,0.5
"(10453, 10462)",[[-1.]],-12.553222563094923,2.372676753513094,0.5
"(10454, 10463)",[[-1.]],-12.480835903835125,2.456898874393609,0.5
"(10455, 10464)",[[-1.]],-12.551911445092944,2.6933523759263167,0.5
"(10456, 10465)",[[-1.]],-12.67841992942871,2.5454788535793647,0.5
"(10457, 10466)",[[-1.]],-12.706638347743327,2.6991850088873726,0.5
"(10458, 10467)",[[1.]],-13.347619733270697,2.179932483372312,2.5
"(10459, 10468)",[[-1.]],-12.761250015440154,3.060265504127681,0.5
"(10460, 10469)",[[-1.]],-12.99824233298564,2.741194961662714,0.5
"(10461, 10470)",[[-1.]],-10.808486442588736,4.611140700897838,0.5
"(10462, 10471)",[[-1.]],-12.65036636390645,2.3289685668384976,0.5
"(10463, 10472)",[[-1.]],-11.036965779171156,4.250210125344431,0.5
"(10464, 10473)",[[-1.]],-12.994160728764598,1.8719823946652987,0.5
"(10465, 10474)",[[-1.]],-11.733024096952297,2.9680942875375855,0.5
"(10466, 10475)",[[-1.]],-12.431861885540242,2.053455776769905,0.5
"(10467, 10476)",[[-1.]],-14.87209979702292,1.561592590099247,0.5
"(10468, 10477)",[[-1.]],-14.895197039063245,1.3310726856608852,0.5
"(10469, 10478)",[[-1.]],-15.019333162132504,1.5261193853810653,0.5
"(10470, 10479)",[[-1.]],-15.398789941217455,1.0400089878958347,0.5
"(10471, 10480)",[[1.]],-13.814715262675668,2.908031705395688,2.5
"(10472, 10481)",[[-1.]],-14.540560864119017,2.1158363940991833,0.5
"(10473, 10482)",[[-1.]],-13.7398337204048,3.131517289350681,0.5
"(10474, 10483)",[[1.]],-13.559390406176925,3.3793924124067054,2.5
"(10475, 10484)",[[-1.]],-14.175082566194598,3.4229711294369096,0.5
"(10476, 10485)",[[1.]],-13.706641751074946,4.080101960344191,2.5
"(10477, 10486)",[[-1.]],-13.308792276469353,3.9022838262632584,0.5
"(10478, 10487)",[[1.]],-13.431328729139633,3.789216834283229,2.5
"(10479, 10488)",[[-1.]],-12.910200942268185,4.242839200431583,0.5
"(10480, 10489)",[[-1.]],-13.374706853619736,3.5992373456002777,0.5
"(10481, 10490)",[[-1.]],-14.686851678312172,1.9085335630243474,0.5
"(10482, 10491)",[[1.]],-14.77452996625363,1.713714953811131,2.5
"(10483, 10492)",[[1.]],-12.922225055355046,4.436362305608903,2.5
"(10484, 10493)",[[1.]],-13.521208716333584,3.663229847785618,2.5
"(10485, 10494)",[[-1.]],-12.664869052655668,3.5338932501252014,0.5
"(10486, 10495)",[[1.]],-12.367135185435766,4.92463761018965,2.5
"(10487, 10496)",[[-1.]],-13.798592126678995,2.8252974129284487,0.5
"(10488, 10497)",[[-1.]],-14.133749267071595,2.2968286209582898,0.5
"(10489, 10498)",[[-1.]],-13.609973293989873,2.90645554466985,0.5
"(10490, 10499)",[[-1.]],-13.034761898662794,3.580851199291402,0.5
"(10491, 10500)",[[-1.]],-13.287721717647502,3.2335402049166646,0.5
"(10492, 10501)",[[-1.]],-12.055648410134838,4.84176619809797,0.5
"(10493, 10502)",[[-1.]],-14.075897866049555,1.4215008449843296,0.5
"(10494, 10503)",[[-1.]],-13.968401653729867,1.372749183398927,0.5
"(10495, 10504)",[[-1.]],-13.277726935550328,2.11775728668853,0.5
"(10496, 10505)",[[-1.]],-12.374567258894983,1.2170505193090726,0.5
"(10497, 10506)",[[-1.]],-12.75921978212662,2.031005421435715,0.5
"(10498, 10507)",[[-1.]],-13.943912428759853,1.4568728387194483,0.5
"(10499, 10508)",[[-1.]],-14.325691221098115,1.2773084463830138,0.5
"(10500, 10509)",[[-1.]],-14.254203583631375,1.3992304494870957,0.5
"(10501, 10510)",[[-1.]],-14.537328963344589,0.9411836532355053,0.5
"(10502, 10511)",[[-1.]],-12.791860215526999,3.006988388695893,0.5
"(10503, 10512)",[[-1.]],-13.91872865460759,1.7696630176075914,0.5
"(10504, 10513)",[[-1.]],-13.066005775937455,3.1077891063353285,0.5
"(10505, 10514)",[[-1.]],-14.73265150010636,1.1425667583528938,0.5
"(10506, 10515)",[[1.]],-12.403009067523048,4.388785913890601,2.5
"(10507, 10516)",[[-1.]],-15.01116271710694,0.6821628370093258,0.5
"(10508, 10517)",[[-1.]],-14.148254652363704,1.523096556030648,0.5
"(10509, 10518)",[[-1.]],-13.45962986288344,2.619464928426151,0.5
"(10510, 10519)",[[-1.]],-13.605597518521773,2.471390328087649,0.5
"(10511, 10520)",[[-1.]],-13.459041050925455,2.607427800667738,0.5
"(10512, 10521)",[[-1.]],-13.597473162735911,2.4042708625519005,0.5
"(10513, 10522)",[[1.]],-12.69790879373448,3.492183604260683,2.5
"(10514, 10523)",[[-1.]],-10.625074865264011,5.86634431706463,0.5
"(10515, 10524)",[[-1.]],-12.176493112436145,3.984490227466857,0.5
"(10516, 10525)",[[-1.]],-8.802849728434492,8.30840858193311,0.5
"(10517, 10526)",[[-1.]],-11.688544069086024,4.9560819462473695,0.5
"(10518, 10527)",[[1.]],-10.276860548018941,6.479182674503937,2.5
"(10519, 10528)",[[-1.]],-13.335963730929276,2.386667636133275,0.5
"(10520, 10529)",[[-1.]],-9.780544849013543,6.817821619165308,0.5
"(10521, 10530)",[[-1.]],-13.151499953309733,2.7369899691950597,0.5
"(10522, 10531)",[[-1.]],-10.197918264113309,6.374967432727338,0.5
"(10523, 10532)",[[1.]],-12.94577024276011,2.751300315871921,2.5
"(10524, 10533)",[[1.]],-10.054729511948391,6.401843568630831,2.5
"(10525, 10534)",[[1.]],-14.159250779649462,0.871888526979042,2.5
"(10526, 10535)",[[-1.]],-10.078158633610794,5.029328282123206,0.5
"(10527, 10536)",[[1.]],-10.80457390480443,4.493657329193464,2.5
"(10528, 10537)",[[1.]],-13.53797196032857,1.5127175236744215,2.5
"(10529, 10538)",[[-1.]],-12.951480236024313,2.2048065378702972,0.5
"(10530, 10539)",[[-1.]],-13.620768449877241,1.4371242018815433,0.5
"(10531, 10540)",[[-0.99571383]],-11.73957633985522,3.8300942612626816,0.5042861700057983
"(10532, 10541)",[[1.]],-14.471377144887144,1.5090569407116359,2.5
"(10533, 10542)",[[-1.]],-14.205616169460468,1.8743419127099994,0.5
"(10534, 10543)",[[-1.]],-14.8370408531616,0.9914019444837461,0.5
"(10535, 10544)",[[-1.]],-13.983451867503907,2.072913764298148,0.5
"(10536, 10545)",[[-1.]],-15.0880314766342,0.729742224657568,0.5
"(10537, 10546)",[[-1.]],-14.440564481549824,1.4271342607669126,0.5
"(10538, 10547)",[[-1.]],-14.253201700525958,1.362011296495357,0.5
"(10539, 10548)",[[-1.]],-14.068125435345157,1.541033477761708,0.5
"(10540, 10549)",[[-1.]],-14.430833839081634,1.0706469971172243,0.5
"(10541, 10550)",[[-1.]],-13.534270280364641,2.1187992906395863,0.5
"(10542, 10551)",[[-1.]],-10.934532411515447,3.7575263867793716,0.5
"(10543, 10552)",[[-1.]],-12.244463393792623,1.9431755361858798,0.5
"(10544, 10553)",[[-1.]],-11.600441850079118,2.444923828305665,0.5
"(10545, 10554)",[[-1.]],-12.284081766560925,1.8967694656533958,0.5
"(10546, 10555)",[[-1.]],-12.678865167379781,1.33620101606612,0.5
"(10547, 10556)",[[-1.]],-11.521597871137061,2.832033146679308,0.5
"(10548, 10557)",[[-1.]],-12.70426880196694,1.452090502813217,0.5
"(10549, 10558)",[[-1.]],-11.444901777611307,3.033111693893794,0.5
"(10550, 10559)",[[-1.]],-13.404802394498992,1.354080380161733,0.5
"(10551, 10560)",[[-1.]],-12.018611344136824,3.071501481153607,0.5
"(10552, 10561)",[[-1.]],-13.783110876577148,1.9392965078825384,0.5
"(10553, 10562)",[[-1.]],-11.833799823493479,4.39195812279616,0.5
"(10554, 10563)",[[-1.]],-13.774082043931976,1.9700741753557445,0.5
"(10555, 10564)",[[-1.]],-12.715762340309885,3.1248669037348034,0.5
"(10556, 10565)",[[-1.]],-10.996511956843658,5.427666516725461,0.5
"(10557, 10566)",[[-1.]],-14.238492126645253,1.3359386673345117,0.5
"(10558, 10567)",[[-1.]],-11.912406159148558,4.199451115944807,0.5
"(10559, 10568)",[[-1.]],-14.022920824202682,1.517476324261775,0.5
"(10560, 10569)",[[-1.]],-12.224622094141465,3.411091694782879,0.5
"(10561, 10570)",[[-1.]],-13.766172737218906,1.4709755852647923,0.5
"(10562, 10571)",[[-1.]],-11.507325143367282,2.4919134039935464,0.5
"(10563, 10572)",[[-1.]],-12.765191597164444,0.8930938015363452,0.5
"(10564, 10573)",[[-1.]],-11.407169064669244,2.6431438935767133,0.5
"(10565, 10574)",[[-1.]],-12.636766096234053,0.9890441301098996,0.5
"(10566, 10575)",[[-1.]],-11.579451074171843,1.7712745319062329,0.5
"(10567, 10576)",[[1.]],-10.352420545128327,4.01711422573835,2.5
"(10568, 10577)",[[1.]],-13.560909097047725,0.5278739115813273,2.5
"(10569, 10578)",[[-1.]],-9.821778097297234,5.628150946677799,0.5
"(10570, 10579)",[[-1.]],-13.165845107768423,1.558595177215789,0.5
"(10571, 10580)",[[1.]],-10.826873162321649,4.669177778711855,2.5
"(10572, 10581)",[[-1.]],-12.030654814688187,3.1884942026339775,0.5
"(10573, 10582)",[[-1.]],-10.974970645314569,4.537451047662341,0.5
"(10574, 10583)",[[-1.]],-11.978508031026745,3.2711178147413733,0.5
"(10575, 10584)",[[1.]],-10.464118836248536,5.217503670362458,2.5
"(10576, 10585)",[[-1.]],-12.456716841532616,2.6902533407953815,0.5
"(10577, 10586)",[[-1.]],-12.71436896938688,1.7525608615695134,0.5
"(10578, 10587)",[[1.]],-9.425857608093564,6.0673083820694345,2.5
"(10579, 10588)",[[1.]],-13.9998546168081,0.4724764097461591,2.5
"(10580, 10589)",[[-1.]],-13.143961029331193,1.4741071322192703,0.5
"(10581, 10590)",[[-1.]],-13.903055721342259,0.25291659089308105,0.5
"(10582, 10591)",[[-1.]],-13.28261854088782,0.9574236058409795,0.5
"(10583, 10592)",[[1.]],-13.530979760251372,0.9941273185829562,2.5
"(10584, 10593)",[[-1.]],-12.832397514560645,1.9886886005201294,0.5
"(10585, 10594)",[[-1.]],-13.08059157865859,1.7224778145447228,0.5
"(10586, 10595)",[[-1.]],-12.33004642010267,3.008799070731321,0.5
"(10587, 10596)",[[-1.]],-13.252059294564384,1.909705873903949,0.5
"(10588, 10597)",[[-1.]],-10.686409290885642,4.857100438815202,0.5
"(10589, 10598)",[[-1.]],-8.885946819395029,6.697265071868484,0.5
"(10590, 10599)",[[-1.]],-9.057371905272415,6.57203478081226,0.5
"(10591, 10600)",[[-1.]],-12.561963171332572,2.9501711887918454,0.5
"(10592, 10601)",[[-1.]],-10.663366914376422,5.437083597556857,0.5
"(10593, 10602)",[[-1.]],-12.137275874776872,3.524291721239285,0.5
"(10594, 10603)",[[-1.]],-11.990401084993763,3.771944551147472,0.5
"(10595, 10604)",[[-1.]],-12.191606778235588,3.497018931741877,0.5
"(10596, 10605)",[[-1.]],-12.005926081595424,3.913813129727778,0.5
"(10597, 10606)",[[-1.]],-12.434305572575365,3.3973562826680084,0.5
"(10598, 10607)",[[-1.]],-12.168309535326271,3.7734559901627307,0.5
"(10599, 10608)",[[-1.]],-13.072098571379563,2.726184042126576,0.5
"(10600, 10609)",[[-1.]],-11.07893883359587,4.96167974167599,0.5
"(10601, 10610)",[[-1.]],-11.338690295424803,4.700193240223427,0.5
"(10602, 10611)",[[-1.]],-12.816319713954575,2.7454415947775708,0.5
"(10603, 10612)",[[-1.]],-12.187583432501363,3.6604748363974604,0.5
"(10604, 10613)",[[-1.]],-11.198628106892498,5.005879973168264,0.5
"(10605, 10614)",[[-1.]],-13.427664848687389,2.7849396900599075,0.5
"(10606, 10615)",[[-1.]],-13.499303374462624,2.439237055588702,0.5
"(10607, 10616)",[[-1.]],-13.888492696984493,2.0261314900182033,0.5
"(10608, 10617)",[[1.]],-13.974924274634365,2.086213448107621,2.5
"(10609, 10618)",[[-1.]],-13.762092562218287,2.482528592689974,0.5
"(10610, 10619)",[[-1.]],-13.965293186457979,2.2307300700050217,0.5
"(10611, 10620)",[[-1.]],-13.173928692937121,2.6041702707412675,0.5
"(10612, 10621)",[[0.99999857]],-13.89929695938723,1.6580394632647568,2.4999985694885254
"(10613, 10622)",[[1.]],-13.905222903403576,1.6651099697835239,2.5
"(10614, 10623)",[[-1.]],-14.27991776139631,1.0833792150585975,0.5
"(10615, 10624)",[[-1.]],-13.42933968568538,1.5685325539277777,0.5
"(10616, 10625)",[[1.]],-12.200450226064113,3.3252948914281113,2.5
"(10617, 10626)",[[1.]],-13.06686431049586,2.122532241492248,2.5
"(10618, 10627)",[[-1.]],-10.428258354537949,5.803930034851865,0.5
"(10619, 10628)",[[-1.]],-13.013404377364619,2.5888198048249187,0.5
"(10620, 10629)",[[-1.]],-8.858194471549908,8.007964098827767,0.5
"(10621, 10630)",[[-1.]],-13.6543535205234,2.078238309953516,0.5
"(10622, 10631)",[[-1.]],-8.492927223386626,8.466498109796774,0.5
"(10623, 10632)",[[-1.]],-14.156219351239015,1.702325832156081,0.5
"(10624, 10633)",[[1.]],-11.25056607932888,5.275821528914808,2.5
"(10625, 10634)",[[1.]],-12.169463676262621,4.050357400515036,2.5
"(10626, 10635)",[[-1.]],-11.420880206534653,4.74361006746158,0.5
"(10627, 10636)",[[1.]],-11.834061333437651,4.231170371591286,2.5
"(10628, 10637)",[[-1.]],-13.124649731546928,2.0058455538139253,0.5
"(10629, 10638)",[[-1.]],-12.94005972218162,2.2447714351355508,0.5
"(10630, 10639)",[[1.]],-11.604353706000559,3.5734654508400414,2.5
"(10631, 10640)",[[1.]],-12.613664117508868,2.5499890655267983,2.5
"(10632, 10641)",[[1.]],-12.104213860144277,3.285182957720954,2.5
"(10633, 10642)",[[-1.]],-13.153111622563381,1.2502887427563998,0.5
"(10634, 10643)",[[-1.]],-12.939818306348194,1.6129655010026607,0.5
"(10635, 10644)",[[-1.]],-13.506465717449522,0.8256519155962216,0.5
"(10636, 10645)",[[-1.]],-13.255716669756998,1.1783258758683797,0.5
"(10637, 10646)",[[0.9999918]],-13.10853522095012,1.4259738620486058,2.499991774559021
"(10638, 10647)",[[-1.]],-13.651291301270806,0.7651593293236036,0.5
"(10639, 10648)",[[-1.]],-13.098185923205946,1.1500110445891085,0.5
"(10640, 10649)",[[-1.]],-12.765417664549663,1.6657704529336126,0.5
"(10641, 10650)",[[-1.]],-13.6635560847488,0.8421456758972159,0.5
"(10642, 10651)",[[-1.]],-13.481699401834044,0.8940198957673235,0.5
"(10643, 10652)",[[-1.]],-13.8754344491308,0.1303630606825763,0.5
"(10644, 10653)",[[-1.]],-12.918438294219767,1.703360104510029,0.5
"(10645, 10654)",[[-1.]],-13.762769499814214,0.6111865145031778,0.5
"(10646, 10655)",[[-1.]],-12.717725842260274,1.8980239855287557,0.5
"(10647, 10656)",[[-1.]],-13.390983968232492,1.2081179319884026,0.5
"(10648, 10657)",[[-1.]],-12.363786764616417,2.4731202358837088,0.5
"(10649, 10658)",[[-1.]],-13.595017452950422,1.0505721038463882,0.5
"(10650, 10659)",[[-1.]],-12.159590451364986,2.7886647204917487,0.5
"(10651, 10660)",[[-1.]],-12.071618694008414,2.267147348177808,0.5
"(10652, 10661)",[[-1.]],-11.403318712543937,3.2704516655111817,0.5
"(10653, 10662)",[[-1.]],-12.683762553095542,1.7737126054018546,0.5
"(10654, 10663)",[[-1.]],-13.605869925634991,1.9061144705692428,0.5
"(10655, 10664)",[[-1.]],-12.368996266511708,3.454928085261626,0.5
"(10656, 10665)",[[-1.]],-13.464325070383682,2.135988451080827,0.5
"(10657, 10666)",[[-1.]],-12.746140007638571,2.927237911378395,0.5
"(10658, 10667)",[[-1.]],-13.703042188569231,1.7573983982040708,0.5
"(10659, 10668)",[[1.]],-12.434241582337949,3.643252468942645,2.5
"(10660, 10669)",[[1.]],-15.184065619718401,0.9577526683372906,2.5
"(10661, 10670)",[[-1.]],-13.123908969950321,3.6111337305400824,0.5
"(10662, 10671)",[[-1.]],-14.606645605771522,1.8378348245666913,0.5
"(10663, 10672)",[[1.]],-12.454044351826656,4.752131606601935,2.5
"(10664, 10673)",[[-1.]],-14.334391521580038,2.066642684403897,0.5
"(10665, 10674)",[[-1.]],-12.276285770441339,4.7111720172965725,0.5
"(10666, 10675)",[[-1.]],-14.242562079036263,2.345531344732068,0.5
"(10667, 10676)",[[-1.]],-12.146565079351065,4.989107661091115,0.5
"(10668, 10677)",[[-1.]],-14.386115997705053,2.3176162157313485,0.5
"(10669, 10678)",[[-1.]],-12.262238232803153,4.608805657754093,0.5
"(10670, 10679)",[[1.]],-11.725317904803063,4.602859814315304,2.5
"(10671, 10680)",[[1.]],-13.749869632517747,2.167695499315702,2.5
"(10672, 10681)",[[-1.]],-13.096875079143425,2.8799140211453107,0.5
"(10673, 10682)",[[-1.]],-13.60988310809446,1.8265843102461208,0.5
"(10674, 10683)",[[1.]],-13.836854393707751,1.537214177401541,2.5
"(10675, 10684)",[[1.]],-14.09993530111276,1.1330167697079538,2.5
"(10676, 10685)",[[-1.]],-12.992924734108495,2.2669364041987574,0.5
"(10677, 10686)",[[-1.]],-15.048992050686632,0.2549665582655365,0.5
"(10678, 10687)",[[-1.]],-14.292990865515481,1.4336683452132686,0.5
"(10679, 10688)",[[-1.]],-15.075254068903751,0.23748008706252222,0.5
"(10680, 10689)",[[1.]],-12.305885164501417,3.2791835298716006,2.5
"(10681, 10690)",[[1.]],-14.469045927585393,0.8574657494551001,2.5
"(10682, 10691)",[[1.]],-14.932802109258377,1.1573919864820894,2.5
"(10683, 10692)",[[-1.]],-15.364919100324867,0.6236744627483874,0.5
"(10684, 10693)",[[-1.]],-15.457474155871108,0.2803346042507906,0.5
"(10685, 10694)",[[-1.]],-14.470261825379632,1.4963748394246101,0.5
"(10686, 10695)",[[-1.]],-16.4513432899501,0.7570399425955463,0.5
"(10687, 10696)",[[1.]],-13.945002823717688,3.835889188476514,2.5
"(10688, 10697)",[[1.]],-15.148241597020341,2.4128607104739572,2.5
"(10689, 10698)",[[-1.]],-13.919494831502536,3.9586863217259953,0.5
"(10690, 10699)",[[-1.]],-16.504104782831703,0.7197783286715991,0.5
"(10691, 10700)",[[-1.]],-14.230587822389761,3.570883563677489,0.5
"(10692, 10701)",[[-1.]],-16.454691477360907,0.6002492710171614,0.5
"(10693, 10702)",[[1.]],-13.906189367623643,4.366361251616759,2.5
"(10694, 10703)",[[-1.]],-16.74668344198908,0.8725440788739656,0.5
"(10695, 10704)",[[1.]],-13.701116786497712,4.7054651065724045,2.5
"(10696, 10705)",[[-1.]],-15.090233669469859,1.433116979272807,0.5
"(10697, 10706)",[[-1.]],-13.42093927174959,4.023149457383214,0.5
"(10698, 10707)",[[-1.]],-15.56183222961667,1.39757574393861,0.5
"(10699, 10708)",[[-1.]],-13.712384346284656,3.7116258306823706,0.5
"(10700, 10709)",[[-1.]],-14.905741013800924,2.229710184474124,0.5
"(10701, 10710)",[[-1.]],-13.176392931731733,4.172227264634126,0.5
"(10702, 10711)",[[1.]],-15.273715845198561,2.8136726528245797,2.5
"(10703, 10712)",[[-1.]],-13.000345098080873,5.662904359287742,0.5
"(10704, 10713)",[[-1.]],-15.657980878254762,2.040087975272753,0.5
"(10705, 10714)",[[-1.]],-14.524597514238318,3.6889809484946134,0.5
"(10706, 10715)",[[1.]],-15.157259092477556,2.934985743406795,2.5
"(10707, 10716)",[[-1.]],-14.786536249997589,2.9584718203131004,0.5
"(10708, 10717)",[[-1.]],-14.752058198429893,2.9097783055611757,0.5
"(10709, 10718)",[[-1.]],-14.325909789453473,3.454920484418169,0.5
"(10710, 10719)",[[-1.]],-14.250952466193953,3.551276725666103,0.5
"(10711, 10720)",[[-1.]],-13.19726805809897,5.139280708293416,0.5
"(10712, 10721)",[[1.]],-9.065177130555814,8.735148961034886,2.5
"(10713, 10722)",[[-1.]],-12.910039624713123,3.239130166783367,0.5
"(10714, 10723)",[[-1.]],-9.450799109522931,7.507084107883365,0.5
"(10715, 10724)",[[-1.]],-13.24501097310068,2.504429933494677,0.5
"(10716, 10725)",[[-1.]],-9.988946347988877,6.584537357003743,0.5
"(10717, 10726)",[[-1.]],-12.335054743744562,3.7203729445293394,0.5
"(10718, 10727)",[[-1.]],-10.933510932725179,5.513147457100816,0.5
"(10719, 10728)",[[-1.]],-13.812424903996083,1.9348091094653324,0.5
"(10720, 10729)",[[1.]],-11.282121473146194,5.001420074410037,2.5
"(10721, 10730)",[[-1.]],-12.93820365165867,2.4352340131782526,0.5
"(10722, 10731)",[[-1.]],-13.185329915058391,1.6413158725926014,0.5
"(10723, 10732)",[[-1.]],-13.874874543032044,1.1265208404779532,0.5
"(10724, 10733)",[[1.]],-13.144981222561963,1.9780568662754305,2.5
"(10725, 10734)",[[1.]],-13.822561921821439,1.1019041491395338,2.5
"(10726, 10735)",[[-1.]],-14.702221951884976,2.0972529547685568,0.5
"(10727, 10736)",[[-1.]],-14.952128488780268,1.8702578058550365,0.5
"(10728, 10737)",[[1.]],-12.730471832885712,4.77479823565411,2.5
"(10729, 10738)",[[1.]],-15.029700724501703,1.7225352913566692,2.5
"(10730, 10739)",[[-1.]],-14.426294814405162,2.591985658488249,0.5
"(10731, 10740)",[[-1.]],-14.777332398073433,2.1294335803499838,0.5
"(10732, 10741)",[[1.]],-12.39685198761692,5.153595933904439,2.5
"(10733, 10742)",[[-1.]],-14.36776517101656,2.7318066545684863,0.5
"(10734, 10743)",[[-1.]],-13.490600606448014,3.766249873897735,0.5
"(10735, 10744)",[[1.]],-14.12628892300657,3.055356634419259,2.5
"(10736, 10745)",[[1.]],-12.495879107413776,3.7074520657531647,2.5
"(10737, 10746)",[[-1.]],-11.767329673616093,4.5743610608060905,0.5
"(10738, 10747)",[[-1.]],-14.036488955829517,1.3327586714794055,0.5
"(10739, 10748)",[[-1.]],-9.422511797716405,7.159642077541864,0.5
"(10740, 10749)",[[-1.]],-13.14939331404805,2.2127248640630146,0.5
"(10741, 10750)",[[-1.]],-9.91410900143122,6.303260702283879,0.5
"(10742, 10751)",[[-1.]],-12.83226394297537,2.591588707892244,0.5
"(10743, 10752)",[[-1.]],-10.341386706146636,5.401917940357146,0.5
"(10744, 10753)",[[-1.]],-11.882317489426535,3.2566987839187114,0.5
"(10745, 10754)",[[-1.]],-11.890091140900743,3.252484800989688,0.5
"(10746, 10755)",[[-1.]],-12.82060762197575,2.560652823525256,0.5
"(10747, 10756)",[[-1.]],-7.76787636775872,8.888470043512486,0.5
"(10748, 10757)",[[-1.]],-13.578973131653637,1.7629513583925647,0.5
"(10749, 10758)",[[-1.]],-9.543744665859188,6.769757408253225,0.5
"(10750, 10759)",[[-1.]],-14.009668369055968,1.1368395076293467,0.5
"(10751, 10760)",[[-1.]],-11.258133127926124,4.649909012941865,0.5
"(10752, 10761)",[[-1.]],-14.368622884743631,1.1775878919995488,0.5
"(10753, 10762)",[[-1.]],-12.790961872428392,3.005671795901602,0.5
"(10754, 10763)",[[-1.]],-14.117838309732317,1.2827830587581932,0.5
"(10755, 10764)",[[-1.]],-12.056189059277349,3.941936755317281,0.5
"(10756, 10765)",[[-1.]],-13.38488931811722,2.1243826400512837,0.5
"(10757, 10766)",[[-1.]],-13.906374513903101,1.501974458887947,0.5
"(10758, 10767)",[[-1.]],-13.27822352998069,1.7847501396160368,0.5
"(10759, 10768)",[[-1.]],-13.79563306240687,1.1009171872659422,0.5
"(10760, 10769)",[[-0.9997268]],-13.468151064808602,1.771954593167365,0.5002732276916504
"(10761, 10770)",[[-1.]],-14.490848022589894,0.40693589612769543,0.5
"(10762, 10771)",[[-1.]],-14.855851010007923,1.3840982938022837,0.5
"(10763, 10772)",[[1.]],-14.616414897829602,1.743506120475029,2.5
"(10764, 10773)",[[1.]],-13.983155754339634,2.6116554858535004,2.5
"(10765, 10774)",[[1.]],-13.601956820903986,3.0763975781107735,2.5
"(10766, 10775)",[[-1.]],-15.086289456765272,1.202339498527353,0.5
"(10767, 10776)",[[-1.]],-13.978356283642187,2.517771385449363,0.5
"(10768, 10777)",[[-1.]],-15.608351099250964,0.47951945464207135,0.5
"(10769, 10778)",[[1.]],-12.965962355737828,3.7986149223691736,2.5
"(10770, 10779)",[[1.]],-13.502236401167231,2.964342298190399,2.5
"(10771, 10780)",[[1.]],-12.786162088896985,3.9040205264269012,2.5
"(10772, 10781)",[[-1.]],-14.402804961292654,0.1740043728329681,0.5
"(10773, 10782)",[[-1.]],-13.72026178529407,0.2530075921715458,0.5
"(10774, 10783)",[[-1.]],-12.15335065477453,1.789894376777962,0.5
"(10775, 10784)",[[1.]],-11.758770596632846,1.8315948828278046,2.5
"(10776, 10785)",[[-1.]],-15.411999347918364,0.7049061140477164,0.5
"(10777, 10786)",[[1.]],-13.567919959698864,3.1488236047115485,2.5
"(10778, 10787)",[[-1.]],-15.009110761161658,1.3321092244050696,0.5
"(10779, 10788)",[[-1.]],-14.551715091711412,1.873024491393858,0.5
"(10780, 10789)",[[-1.]],-14.261080618876964,2.3525327614970255,0.5
"(10781, 10790)",[[1.]],-13.3189629771629,3.5516523422140827,2.5
"(10782, 10791)",[[-1.]],-14.089059896243512,2.5731360744249017,0.5
"(10783, 10792)",[[1.]],-13.089240571206435,3.9309033240918643,2.5
"(10784, 10793)",[[1.]],-14.325307855009992,2.791064014267551,2.5
"(10785, 10794)",[[1.]],-14.422637300488311,2.7684428786123103,2.5
"(10786, 10795)",[[-1.]],-14.71100955082597,1.6536084251774676,0.5
"(10787, 10796)",[[1.]],-14.616220085800299,1.8043060234134538,2.5
"(10788, 10797)",[[-1.]],-14.8080356996862,1.3153165288482853,0.5
"(10789, 10798)",[[-1.]],-14.886511190975355,1.0686425046497874,0.5
"(10790, 10799)",[[-1.]],-14.67325218796143,1.1796194707350889,0.5
"(10791, 10800)",[[-1.]],-15.357316640484612,0.4075362412385495,0.5
"(10792, 10801)",[[-1.]],-15.263554235969444,0.41337423660327133,0.5
"(10793, 10802)",[[-1.]],-14.997566193706612,0.7038211063562851,0.5
"(10794, 10803)",[[-1.]],-14.482991727827882,0.6277334606381082,0.5
"(10795, 10804)",[[-1.]],-14.103286780433066,1.5510064357268618,0.5
"(10796, 10805)",[[-1.]],-13.891150017987,1.2327487563989976,0.5
"(10797, 10806)",[[-1.]],-13.973301436416742,1.0233342645808268,0.5
"(10798, 10807)",[[-1.]],-14.024034833383219,1.1219773386805283,0.5
"(10799, 10808)",[[-1.]],-14.073817801621582,1.0642581256520494,0.5
"(10800, 10809)",[[-1.]],-13.032659572969008,2.0036918495008216,0.5
"(10801, 10810)",[[-1.]],-12.702342732777055,1.9935318828588997,0.5
"(10802, 10811)",[[-1.]],-13.616858485844402,1.1580944565704563,0.5
"(10803, 10812)",[[-1.]],-11.724058531136235,3.425610100396522,0.5
"(10804, 10813)",[[-1.]],-13.249951206727495,2.215300829937359,0.5
"(10805, 10814)",[[-1.]],-11.486327639743728,3.3766301579729117,0.5
"(10806, 10815)",[[-1.]],-13.496273843356217,2.3029190426376136,0.5
"(10807, 10816)",[[-1.]],-13.165453801744157,2.7343639223912515,0.5
"(10808, 10817)",[[1.]],-13.425742714231239,2.6887679402423963,2.5
"(10809, 10818)",[[-1.]],-13.249834670269731,3.338327482603125,0.5
"(10810, 10819)",[[-1.]],-14.063757269383073,2.4982660200549898,0.5
"(10811, 10820)",[[-1.]],-12.578192924487206,4.380268809018117,0.5
"(10812, 10821)",[[-1.]],-14.178486154310828,2.234132595762672,0.5
"(10813, 10822)",[[-1.]],-12.804979094162736,3.983823557207966,0.5
"(10814, 10823)",[[1.]],-13.192800453879101,3.482366711024195,2.5
"(10815, 10824)",[[-1.]],-12.790373438869617,3.9624429508902743,0.5
"(10816, 10825)",[[-1.]],-14.092997596684304,1.7067151267770058,0.5
"(10817, 10826)",[[-1.]],-11.957706565236679,4.337347174485844,0.5
"(10818, 10827)",[[1.]],-13.109455732712782,2.5308141349656577,2.5
"(10819, 10828)",[[1.]],-12.341294283210091,2.9671537745204812,2.5
"(10820, 10829)",[[1.]],-13.276599618274295,3.473710955350402,2.5
"(10821, 10830)",[[-1.]],-14.507830590565385,1.9252733783142322,0.5
"(10822, 10831)",[[-1.]],-15.162515975850356,1.248527022872187,0.5
"(10823, 10832)",[[1.]],-12.745747787446831,4.51940551669813,2.5
"(10824, 10833)",[[1.]],-13.57009451153557,3.1936255498757493,2.5
"(10825, 10834)",[[1.]],-11.44472052602141,5.973738997565643,2.5
"(10826, 10835)",[[1.]],-13.899751209358604,3.1310997908049947,2.5
"(10827, 10836)",[[-1.]],-13.207058455609316,4.026886188449179,0.5
"(10828, 10837)",[[1.]],-14.253984719284055,3.21406183855457,2.5
"(10829, 10838)",[[-1.]],-12.319212725262224,5.539989706990321,0.5
"(10830, 10839)",[[-1.]],-12.512523388822181,4.374988089748505,0.5
"(10831, 10840)",[[1.]],-11.832589205888901,5.352351435374867,2.5
"(10832, 10841)",[[-1.]],-12.67745938366459,4.257595817204563,0.5
"(10833, 10842)",[[1.]],-12.454514659354297,4.30992519435957,2.5
"(10834, 10843)",[[-1.]],-14.259690233821987,2.171480541481168,0.5
"(10835, 10844)",[[-1.]],-13.897005553317799,2.4747965865437385,0.5
"(10836, 10845)",[[-1.]],-14.638945314668673,0.9759711453676765,0.5
"(10837, 10846)",[[-1.]],-13.313360447930826,2.561722979889552,0.5
"(10838, 10847)",[[-1.]],-13.575357087450172,0.6485241639891992,0.5
"(10839, 10848)",[[-1.]],-13.846790901411712,0.48338796316748045,0.5
"(10840, 10849)",[[-1.]],-12.984219451818202,2.0160336609715515,0.5
"(10841, 10850)",[[-1.]],-12.90335024531622,2.2604120926338336,0.5
"(10842, 10851)",[[-1.]],-13.361876408974503,1.6868509829285436,0.5
"(10843, 10852)",[[-1.]],-13.121360832117297,1.520527632291289,0.5
"(10844, 10853)",[[-1.]],-12.831326559530659,1.7933122043041827,0.5
"(10845, 10854)",[[-1.]],-13.019568693331468,2.026538945426566,0.5
"(10846, 10855)",[[-1.]],-13.372965163161409,1.6423622278646839,0.5
"(10847, 10856)",[[-1.]],-12.250953541712748,3.074521556370133,0.5
"(10848, 10857)",[[-1.]],-13.266027522899247,1.645228470936626,0.5
"(10849, 10858)",[[-1.]],-10.881373715528813,4.807296798471212,0.5
"(10850, 10859)",[[1.]],-14.815385766819878,0.5646551126428285,2.5
"(10851, 10860)",[[-1.]],-14.284061060474302,1.3117012085105095,0.5
"(10852, 10861)",[[-1.]],-14.989123254843577,0.460503754771473,0.5
"(10853, 10862)",[[-1.]],-14.015044071517117,1.626499073805661,0.5
"(10854, 10863)",[[-1.]],-14.584189049337681,1.0797476549112268,0.5
"(10855, 10864)",[[-1.]],-13.856843593410725,1.8540247312607114,0.5
"(10856, 10865)",[[-1.]],-14.009024511523634,1.7959385135429766,0.5
"(10857, 10866)",[[1.]],-15.801349876806048,1.8318707270415633,2.5
"(10858, 10867)",[[-1.]],-15.647432024041157,1.9612137616204812,0.5
"(10859, 10868)",[[-1.]],-16.06575860515041,1.479253975863612,0.5
"(10860, 10869)",[[-1.]],-15.223799067218524,2.48304677367595,0.5
"(10861, 10870)",[[1.]],-15.670292720885776,1.9218151397990422,2.5
"(10862, 10871)",[[-1.]],-15.220335035043732,2.515981058808702,0.5
"(10863, 10872)",[[1.]],-15.704425355436996,1.9549639920162818,2.5
"(10864, 10873)",[[1.]],-15.1112479657309,2.715835728680185,2.5
"(10865, 10874)",[[1.]],-15.631928186872436,2.1146327970242034,2.5
"(10866, 10875)",[[-1.]],-15.045355957263412,2.7117976427281416,0.5
"(10867, 10876)",[[-1.]],-11.934361800298863,3.268198518876673,0.5
"(10868, 10877)",[[-1.]],-13.948087335933348,0.7600152869019112,0.5
"(10869, 10878)",[[1.]],-12.417905783286653,2.6692657056068256,2.5
"(10870, 10879)",[[1.]],-11.552435310707668,3.8354226707307078,2.5
"(10871, 10880)",[[-1.]],-11.50626464898958,2.8666411415302875,0.5
"(10872, 10881)",[[-1.]],-12.575444414987818,1.0385367989947198,0.5
"(10873, 10882)",[[1.]],-11.205506793992962,2.9796929510957995,2.5
"(10874, 10883)",[[-1.]],-11.720814655542627,2.498683961183108,0.5
"(10875, 10884)",[[1.]],-10.906857698353319,3.601639408636263,2.5
"(10876, 10885)",[[1.]],-12.009709785357368,2.475589706802719,2.5
"(10877, 10886)",[[-1.]],-8.834561047064543,6.314036842003205,0.5
"(10878, 10887)",[[-1.]],-12.462352553466529,1.8700143158667846,0.5
"(10879, 10888)",[[-1.]],-9.461697844571036,5.253933002349843,0.5
"(10880, 10889)",[[-1.]],-10.084397954627288,4.244179873174753,0.5
"(10881, 10890)",[[-1.]],-7.809851787060391,7.245587340418423,0.5
"(10882, 10891)",[[-1.]],-9.5412401299625,5.1384953887985585,0.5
"(10883, 10892)",[[1.]],-9.377526772231027,5.798617005440573,2.5
"(10884, 10893)",[[1.]],-14.12287322032052,0.8056505029981018,2.5
"(10885, 10894)",[[-1.]],-14.652559965764713,0.7331281382970847,0.5
"(10886, 10895)",[[-1.]],-14.501763276933882,0.9003767967085299,0.5
"(10887, 10896)",[[-1.]],-13.898652840174123,1.5620466822181616,0.5
"(10888, 10897)",[[-1.]],-14.453667230292405,0.9265407506124443,0.5
"(10889, 10898)",[[-1.]],-13.898744359869907,1.637260753497257,0.5
"(10890, 10899)",[[-1.]],-14.623320629717648,0.6921634659424587,0.5
"(10891, 10900)",[[-1.]],-14.138839446297446,1.260146822500925,0.5
"(10892, 10901)",[[-1.]],-13.935956920773132,1.5036690954483323,0.5
"(10893, 10902)",[[-1.]],-14.225496950747603,1.0297045562191869,0.5
"(10894, 10903)",[[-1.]],-13.257398188176253,2.4174921608175364,0.5
"(10895, 10904)",[[-1.]],-14.683026543050255,0.3905655888639572,0.5
"(10896, 10905)",[[-1.]],-14.216251123096816,0.6853273103112336,0.5
"(10897, 10906)",[[-1.]],-15.046849749929041,0.3606594114910031,0.5
"(10898, 10907)",[[-1.]],-14.932976736343184,0.40622001786078776,0.5
"(10899, 10908)",[[-1.]],-14.528618030624981,1.0101876689248819,0.5
"(10900, 10909)",[[-1.]],-14.861381622712104,0.9863784237242346,0.5
"(10901, 10910)",[[-1.]],-14.883382961737235,1.1330233504439224,0.5
"(10902, 10911)",[[-1.]],-14.908713266743812,1.2640881682695593,0.5
"(10903, 10912)",[[-1.]],-15.06317867455418,1.0088748372224483,0.5
"(10904, 10913)",[[-1.]],-14.075991357461403,1.8205969795197294,0.5
"(10905, 10914)",[[-1.]],-14.231327470573177,1.693808829934616,0.5
"(10906, 10915)",[[-1.]],-13.093073581121114,2.9739503638388385,0.5
"(10907, 10916)",[[-1.]],-13.000848857954013,2.0524895609946476,0.5
"(10908, 10917)",[[-1.]],-9.901081086799783,5.913502431579666,0.5
"(10909, 10918)",[[-1.]],-12.931877870126288,1.8704160112769763,0.5
"(10910, 10919)",[[1.]],-10.947404435182056,4.191161635449699,2.5
"(10911, 10920)",[[-1.]],-13.829541927539774,0.7786457102282895,0.5
"(10912, 10921)",[[-1.]],-11.575163391706672,3.6262153576018576,0.5
"(10913, 10922)",[[-1.]],-13.148221063598552,1.509179810369357,0.5
"(10914, 10923)",[[-1.]],-12.700532426685152,2.800644346952403,0.5
"(10915, 10924)",[[-1.]],-13.954415451202786,1.0295001246726692,0.5
"(10916, 10925)",[[-1.]],-13.71495591353255,1.334157233916109,0.5
"(10917, 10926)",[[-1.]],-14.049586607845619,0.8690352266586245,0.5
"(10918, 10927)",[[1.]],-13.910624271981051,1.2845923820278102,2.5
"(10919, 10928)",[[-1.]],-14.14714432995506,0.9344608939842161,0.5
"(10920, 10929)",[[-1.]],-14.059766707101675,0.5733950550312805,0.5
"(10921, 10930)",[[-1.]],-13.936549515929887,0.7992584056619396,0.5
"(10922, 10931)",[[1.]],-12.068352764639513,3.6044440778712623,2.5
"(10923, 10932)",[[1.]],-13.69452379670473,1.5138483329954209,2.5
"(10924, 10933)",[[1.]],-11.704881547773418,3.51993626031334,2.5
"(10925, 10934)",[[1.]],-12.685423813629136,2.404135790287725,2.5
"(10926, 10935)",[[-1.]],-13.385322712226808,3.7374144343075866,0.5
"(10927, 10936)",[[-1.]],-14.347512636851135,2.5751120488836907,0.5
"(10928, 10937)",[[1.]],-12.30642862553041,4.999328263415478,2.5
"(10929, 10938)",[[1.]],-14.267339457274595,2.4702927625496134,2.5
"(10930, 10939)",[[-1.]],-13.254483754115823,4.094982709128221,0.5
"(10931, 10940)",[[-1.]],-14.308914707357932,2.6899908322024713,0.5
"(10932, 10941)",[[-1.]],-14.217942510053222,2.6607878748647247,0.5
"(10933, 10942)",[[1.]],-14.323471689598403,2.5397359513316564,2.5
"(10934, 10943)",[[-1.]],-14.230648967932508,2.582245602273731,0.5
"(10935, 10944)",[[1.]],-14.317888387933886,2.8746576475400403,2.5
"(10936, 10945)",[[-1.]],-12.231555992467099,4.306995562931865,0.5
"(10937, 10946)",[[-1.]],-13.685817900064324,2.407015451645532,0.5
"(10938, 10947)",[[-1.]],-14.164853041992169,1.7599267691450144,0.5
"(10939, 10948)",[[-1.]],-13.420205163166909,2.7185533179365784,0.5
"(10940, 10949)",[[-1.]],-13.419152505266123,2.2434356836653304,0.5
"(10941, 10950)",[[-1.]],-14.354015799744722,1.5189738460623161,0.5
"(10942, 10951)",[[-1.]],-14.216597266711064,1.6050402377704458,0.5
"(10943, 10952)",[[-1.]],-14.152954706249801,1.6484401289455466,0.5
"(10944, 10953)",[[-1.]],-13.345925246584411,2.693591824001617,0.5
"(10945, 10954)",[[-1.]],-14.491198267067368,0.46653649633730687,0.5
"(10946, 10955)",[[-1.]],-13.809939215820394,0.8274221135038111,0.5
"(10947, 10956)",[[-1.]],-14.518700336214206,0.06567804234823704,0.5
"(10948, 10957)",[[-1.]],-14.228313488014154,0.5076721886388444,0.5
"(10949, 10958)",[[-1.]],-14.551529838624853,0.07277636069276028,0.5
"(10950, 10959)",[[1.]],-14.590574725156317,1.5230649638333666,2.5
"(10951, 10960)",[[-1.]],-15.142863133573984,0.6205478581923938,0.5
"(10952, 10961)",[[-1.]],-15.252818203676506,0.5320587452798069,0.5
"(10953, 10962)",[[-1.]],-15.556149582873303,0.14820993167799124,0.5
"(10954, 10963)",[[-1.]],-15.366513105125065,0.36662290771071504,0.5
"(10955, 10964)",[[-1.]],-15.125236803097849,0.7007499184366921,0.5
"(10956, 10965)",[[-1.]],-15.204596975334816,0.5842923558245552,0.5
"(10957, 10966)",[[-1.]],-14.943229692851638,0.7947064893532954,0.5
"(10958, 10967)",[[-1.]],-15.011445675859544,0.4645385270012845,0.5
"(10959, 10968)",[[-1.]],-14.713538916136386,0.7813184377289453,0.5
"(10960, 10969)",[[1.]],-13.356594703844806,0.5561876481357828,2.5
"(10961, 10970)",[[-1.]],-13.895161206088394,0.07803040296492725,0.5
"(10962, 10971)",[[1.]],-14.14706896735451,1.2206760643255379,2.5
"(10963, 10972)",[[-1.]],-14.044016824023972,1.314889844342762,0.5
"(10964, 10973)",[[1.]],-14.843248754492423,2.305620253463049,2.5
"(10965, 10974)",[[-1.]],-14.723806295422495,2.477465285669366,0.5
"(10966, 10975)",[[-1.]],-16.239308481111664,0.6922156526306651,0.5
"(10967, 10976)",[[-1.]],-14.196719426432468,3.320083304823024,0.5
"(10968, 10977)",[[1.]],-14.52761034669899,2.9325572454721893,2.5
"(10969, 10978)",[[-1.]],-14.426786884845052,3.1013576407802432,0.5
"(10970, 10979)",[[-1.]],-15.865994990883056,1.2683219054473192,0.5
"(10971, 10980)",[[-1.]],-14.011786047595642,3.595138562799762,0.5
"(10972, 10981)",[[1.]],-14.111284592530382,3.296502089204557,2.5
"(10973, 10982)",[[-1.]],-12.906322295568952,4.836985936065868,0.5
"(10974, 10983)",[[1.]],-9.498664492867087,6.774425951817497,2.5
"(10975, 10984)",[[1.]],-9.130048092755086,7.257097459070575,2.5
"(10976, 10985)",[[-1.]],-11.044431795437145,4.864376847237656,0.5
"(10977, 10986)",[[1.]],-9.500943764841923,6.7328449138842466,2.5
"(10978, 10987)",[[-1.]],-8.104809786736832,8.752922236795673,0.5
"(10979, 10988)",[[-1.]],-13.45479792941588,2.3464888580130996,0.5
"(10980, 10989)",[[1.]],-11.279087018759705,5.3159668646800124,2.5
"(10981, 10990)",[[-1.]],-11.435928799573666,5.268785644255958,0.5
"(10982, 10991)",[[-1.]],-12.30064265817189,4.012410393161277,0.5
"(10983, 10992)",[[-1.]],-12.829033714597122,3.29377021581616,0.5
"(10984, 10993)",[[-1.]],-11.229526838985812,5.427798796973363,0.5
"(10985, 10994)",[[-1.]],-13.560478470946933,2.3993941282035127,0.5
"(10986, 10995)",[[-1.]],-11.607030957620049,4.800612061008941,0.5
"(10987, 10996)",[[-1.]],-12.852651361943632,3.200891174392897,0.5
"(10988, 10997)",[[1.]],-11.55273887426611,5.110178788234538,2.5
"(10989, 10998)",[[-1.]],-12.744621019076813,3.4216109983977034,0.5
"(10990, 10999)",[[-1.]],-13.44185051604108,2.727492256937124,0.5
"(10991, 11000)",[[-1.]],-11.908493782192703,4.354227151873529,0.5
"(10992, 11001)",[[-1.]],-13.229367552348783,2.8351640545428616,0.5
"(10993, 11002)",[[-1.]],-14.4610588134689,1.3931958556509425,0.5
"(10994, 11003)",[[-1.]],-13.684471420483696,1.8862401328134535,0.5
"(10995, 11004)",[[-1.]],-14.927040779124807,0.48860385101252213,0.5
"(10996, 11005)",[[-1.]],-13.224154227005299,2.5721572579732843,0.5
"(10997, 11006)",[[-1.]],-14.772677858914875,0.6505783513350138,0.5
"(10998, 11007)",[[-1.]],-13.438292454142031,2.032918076036239,0.5
"(10999, 11008)",[[-1.]],-14.25691440001162,1.098713498953563,0.5
"(11000, 11009)",[[-1.]],-13.94153285390942,1.4494687344877555,0.5
"(11001, 11010)",[[-1.]],-13.98572707684768,1.0286018609639065,0.5
"(11002, 11011)",[[-1.]],-9.56509298713267,5.7892769868523715,0.5
"(11003, 11012)",[[-1.]],-10.270511148135515,4.7454455740194845,0.5
"(11004, 11013)",[[-1.]],-6.743549426922491,9.725808026767474,0.5
"(11005, 11014)",[[-1.]],-13.07726406379809,2.406537803522621,0.5
"(11006, 11015)",[[-1.]],-13.42454076539401,2.074216680090764,0.5
"(11007, 11016)",[[-1.]],-13.636593211735192,1.8434128988746608,0.5
"(11008, 11017)",[[-1.]],-12.889579706820214,2.9950030225073405,0.5
"(11009, 11018)",[[-1.]],-13.690940443336821,2.0113257392231674,0.5
"(11010, 11019)",[[-1.]],-12.960662279206561,2.7499900086803137,0.5
"(11011, 11020)",[[-1.]],-14.025875247988168,1.7347122415288396,0.5
"(11012, 11021)",[[-1.]],-13.321125401266006,2.6530403828092872,0.5
"(11013, 11022)",[[-1.]],-14.287795030795003,1.1746541191524678,0.5
"(11014, 11023)",[[-1.]],-13.115998658305985,2.415243516752991,0.5
"(11015, 11024)",[[-1.]],-15.212369280134563,1.4739435030344445,0.5
"(11016, 11025)",[[-1.]],-15.311972030334674,1.182106941215391,0.5
"(11017, 11026)",[[1.]],-14.964645002088535,1.5222658338674808,2.5
"(11018, 11027)",[[-1.]],-15.170611034155899,2.540941772258229,0.5
"(11019, 11028)",[[-1.]],-15.115155241768605,2.454671319442025,0.5
"(11020, 11029)",[[1.]],-13.954101223794368,3.814423161743896,2.5
"(11021, 11030)",[[-1.]],-15.373378609868332,1.9919233148607312,0.5
"(11022, 11031)",[[1.]],-13.782412952569638,3.9184523237448428,2.5
"(11023, 11032)",[[-1.]],-15.317141238001176,2.045210437963176,0.5
"(11024, 11033)",[[1.]],-13.548132507455561,4.244341993985438,2.5
"(11025, 11034)",[[1.]],-13.270534977473949,3.954918515016562,2.5
"(11026, 11035)",[[1.]],-14.152215898854962,2.7817733662679167,2.5
"(11027, 11036)",[[1.]],-13.006780643192783,4.2622231417557135,2.5
"(11028, 11037)",[[-1.]],-11.527261994722043,4.238278382252396,0.5
"(11029, 11038)",[[-1.]],-10.945767299621794,5.019135790839815,0.5
"(11030, 11039)",[[-1.]],-12.852425966951664,2.9979059372427184,0.5
"(11031, 11040)",[[1.]],-10.99860740654969,5.308570395599228,2.5
"(11032, 11041)",[[1.]],-12.90600167685295,2.9852026496594313,2.5
"(11033, 11042)",[[-1.]],-11.372208942430373,4.92342148016675,0.5
"(11034, 11043)",[[-1.]],-13.014920627591435,2.762248402370915,0.5
"(11035, 11044)",[[1.]],-11.28432443937933,5.100363209362994,2.5
"(11036, 11045)",[[-1.]],-12.376467938627814,3.730540606728935,0.5
"(11037, 11046)",[[-1.]],-11.792706931830484,4.283705689408617,0.5
"(11038, 11047)",[[-1.]],-10.923957071588259,4.844519768004002,0.5
"(11039, 11048)",[[-1.]],-11.453168172446446,4.158488341683455,0.5
"(11040, 11049)",[[-1.]],-10.554152150196042,4.817173953448814,0.5
"(11041, 11050)",[[-1.]],-8.742227466082234,7.49755010156081,0.5
"(11042, 11051)",[[-1.]],-7.95197385319502,8.310192718899371,0.5
"(11043, 11052)",[[-1.]],-9.824000270837995,5.95815532150605,0.5
"(11044, 11053)",[[-1.]],-8.939057378744863,7.221680475775697,0.5
"(11045, 11054)",[[-1.]],-12.901365094081724,2.1007856337902417,0.5
"(11046, 11055)",[[-1.]],-13.507494525427969,1.1789978637579104,0.5
"(11047, 11056)",[[-1.]],-14.089718072203253,2.143396140822455,0.5
"(11048, 11057)",[[-1.]],-14.136454310053214,2.0824446896165636,0.5
"(11049, 11058)",[[-1.]],-14.499557852126587,1.7667658538440119,0.5
"(11050, 11059)",[[-1.]],-14.200179713425516,2.174482100632055,0.5
"(11051, 11060)",[[-1.]],-14.747330360118164,1.38658300740307,0.5
"(11052, 11061)",[[-1.]],-14.564188427310267,1.7512397863128442,0.5
"(11053, 11062)",[[-1.]],-15.462836374381736,0.6526629736103278,0.5
"(11054, 11063)",[[-1.]],-14.439306593534607,1.9499403215902529,0.5
"(11055, 11064)",[[-1.]],-14.323439454232902,2.2162750895032826,0.5
"(11056, 11065)",[[-1.]],-14.03561701250811,2.539761343262594,0.5
"(11057, 11066)",[[-1.]],-11.34589292905283,3.872958184772159,0.5
"(11058, 11067)",[[1.]],-13.448091788834457,2.1557068725166246,2.5
"(11059, 11068)",[[-1.]],-13.278774648648653,2.3389705922077653,0.5
"(11060, 11069)",[[-1.]],-13.160615093199647,2.5105171548926357,0.5
"(11061, 11070)",[[-1.]],-13.425224090257126,2.2689977897346623,0.5
"(11062, 11071)",[[-1.]],-12.982076448144623,2.7938445554934823,0.5
"(11063, 11072)",[[-1.]],-13.567197395425888,2.0938647680677,0.5
"(11064, 11073)",[[-1.]],-13.343521812369644,2.304021011154216,0.5
"(11065, 11074)",[[-1.]],-13.433611443746047,1.8862167929556826,0.5
"(11066, 11075)",[[-1.]],-14.26343209764257,0.8678482462720485,0.5
"(11067, 11076)",[[-1.]],-13.848693522326592,1.1260918983825583,0.5
"(11068, 11077)",[[-1.]],-13.706756391805758,0.09473647189895829,0.5
"(11069, 11078)",[[1.]],-12.169123239184806,2.324997750168894,2.5
"(11070, 11079)",[[-1.]],-13.201960674894398,1.1831827731172027,0.5
"(11071, 11080)",[[-1.]],-14.071609839844362,0.6853715031299821,0.5
"(11072, 11081)",[[-1.]],-12.836573100383603,2.251693404977596,0.5
"(11073, 11082)",[[1.]],-13.827310357665196,1.8743601613047094,2.5
"(11074, 11083)",[[-1.]],-12.518633940704449,3.4748231992555496,0.5
"(11075, 11084)",[[-1.]],-13.330873356303705,2.4709092269320063,0.5
"(11076, 11085)",[[1.]],-9.924225699627527,6.885432520252625,2.5
"(11077, 11086)",[[1.]],-12.881499767705881,3.2924735936819562,2.5
"(11078, 11087)",[[1.]],-10.273208634213333,6.770284210550086,2.5
"(11079, 11088)",[[-1.]],-13.415709485614666,2.964277264812025,0.5
"(11080, 11089)",[[1.]],-15.460656751104128,2.503030476998773,2.5
"(11081, 11090)",[[-1.]],-17.4066386901827,0.39627529135976314,0.5
"(11082, 11091)",[[1.]],-16.026972678335742,2.1606357007852486,2.5
"(11083, 11092)",[[1.]],-16.96228296796931,0.7562704254890367,2.5
"(11084, 11093)",[[-1.]],-16.18796757004445,1.829833184477032,0.5
"(11085, 11094)",[[-1.]],-17.102630573749217,0.8179918440133389,0.5
"(11086, 11095)",[[-1.]],-16.059831560735468,2.1075700966120214,0.5
"(11087, 11096)",[[-1.]],-17.063740479221305,0.7350305534874408,0.5
"(11088, 11097)",[[-1.]],-16.626148047503438,1.304631642873475,0.5
"(11089, 11098)",[[1.]],-16.765384506466216,0.9785505479583163,2.5
"(11090, 11099)",[[1.]],-13.750546448085224,2.9770157205004875,2.5
"(11091, 11100)",[[-1.]],-13.112034361720717,2.6469835951526477,0.5
"(11092, 11101)",[[-1.]],-13.613197864134513,2.0595423871760055,0.5
"(11093, 11102)",[[-1.]],-13.46644809937166,2.2255396087349713,0.5
"(11094, 11103)",[[-1.]],-13.239588171551521,2.5414341955867705,0.5
"(11095, 11104)",[[-1.]],-12.47403535294145,2.6477743277831483,0.5
"(11096, 11105)",[[-1.]],-12.540349404207333,2.5484601506196434,0.5
"(11097, 11106)",[[-1.]],-13.182620258947864,1.7568329170655126,0.5
"(11098, 11107)",[[-1.]],-13.60090302094877,0.9365454674962699,0.5
"(11099, 11108)",[[-1.]],-13.232878491070082,1.4849248904458854,0.5
"(11100, 11109)",[[-1.]],-13.441981521722335,1.3219959370441003,0.5
"(11101, 11110)",[[-1.]],-13.266522267036185,1.328446619669947,0.5
"(11102, 11111)",[[-1.]],-13.195404702409656,1.3145979679419213,0.5
"(11103, 11112)",[[-1.]],-12.920163246843762,1.6439745609891219,0.5
"(11104, 11113)",[[-1.]],-13.367405008471595,1.251115196686694,0.5
"(11105, 11114)",[[-1.]],-13.277533416508584,1.0723502502043694,0.5
"(11106, 11115)",[[-1.]],-12.908911281065551,1.7694456647970185,0.5
"(11107, 11116)",[[-1.]],-12.964020331250952,1.5376647343093772,0.5
"(11108, 11117)",[[-1.]],-11.406094575689378,3.2672431659041408,0.5
"(11109, 11118)",[[-1.]],-12.100499151859196,2.211757295419133,0.5
"(11110, 11119)",[[-1.]],-11.876667860057115,2.341828714163462,0.5
"(11111, 11120)",[[-1.]],-12.640811736847473,2.471216203285053,0.5
"(11112, 11121)",[[-1.]],-14.643531672917337,0.6637497190427091,0.5
"(11113, 11122)",[[-1.]],-14.499466294259594,1.0046687933334582,0.5
"(11114, 11123)",[[-1.]],-14.781563630710327,0.4172664113813376,0.5
"(11115, 11124)",[[-1.]],-14.405265525775436,0.8215776992651964,0.5
"(11116, 11125)",[[-1.]],-14.448924901614914,0.6975992650487086,0.5
"(11117, 11126)",[[-1.]],-14.333940069842063,0.8014793680583612,0.5
"(11118, 11127)",[[1.]],-14.516824493071663,0.3209859747147643,2.5
"(11119, 11128)",[[1.]],-14.404114140531389,0.4226810273078545,2.5
"(11120, 11129)",[[1.]],-14.651530648588368,0.266222779336303,2.5
"(11121, 11130)",[[-1.]],-13.908006122720435,0.9743515061692332,0.5
"(11122, 11131)",[[-1.]],-12.989498176533264,1.3687749096611874,0.5
"(11123, 11132)",[[1.]],-11.296387057590271,3.165065630007568,2.5
"(11124, 11133)",[[1.]],-12.974101938883273,1.2678901498806852,2.5
"(11125, 11134)",[[-1.]],-11.406674670102433,3.5245347673064025,0.5
"(11126, 11135)",[[-1.]],-14.307616852355437,0.6403495535756623,0.5
"(11127, 11136)",[[1.]],-10.176352270712076,6.09723253458926,2.5
"(11128, 11137)",[[-1.]],-12.97517699535513,2.643313219158335,0.5
"(11129, 11138)",[[-1.]],-6.988428649719017,10.070510030165,0.5
"(11130, 11139)",[[-1.]],-14.467319905442382,1.3783489512703309,0.5
"(11131, 11140)",[[-1.]],-12.321088237182355,4.158533195667541,0.5
"(11132, 11141)",[[1.]],-14.071213328287884,1.9214778167248188,2.5
"(11133, 11142)",[[1.]],-12.598884241083429,3.8292535872522553,2.5
"(11134, 11143)",[[-1.]],-13.78473285907887,2.257554839290407,0.5
"(11135, 11144)",[[1.]],-11.773214674164748,5.042577815101932,2.5
"(11136, 11145)",[[-1.]],-11.541876985643327,5.239868862647755,0.5
"(11137, 11146)",[[1.]],-11.924048331898316,4.640959995013789,2.5
"(11138, 11147)",[[-1.]],-11.683530471356093,5.000896960387529,0.5
"(11139, 11148)",[[-1.]],-12.731113901084719,3.6078792450830655,0.5
"(11140, 11149)",[[-1.]],-7.0767154492146,10.084901697218559,0.5
"(11141, 11150)",[[-1.]],-12.386071980628559,3.6028111447800395,0.5
"(11142, 11151)",[[-1.]],-7.612923092285367,9.623177887075093,0.5
"(11143, 11152)",[[-1.]],-10.608323584350668,5.90146464009646,0.5
"(11144, 11153)",[[-1.]],-9.334757193437357,7.289540190407427,0.5
"(11145, 11154)",[[-1.]],-12.14208394082837,3.778919115869984,0.5
"(11146, 11155)",[[-1.]],-9.673050457599404,6.433918763055811,0.5
"(11147, 11156)",[[-1.]],-14.039167640727433,0.8407998964631798,0.5
"(11148, 11157)",[[-1.]],-11.593912926544615,3.4934639476144937,0.5
"(11149, 11158)",[[-1.]],-12.789089164485908,2.62325260583677,0.5
"(11150, 11159)",[[-1.]],-13.226928135449164,1.9655171746572098,0.5
"(11151, 11160)",[[-1.]],-12.672217416862555,2.682093220752062,0.5
"(11152, 11161)",[[-1.]],-13.668482994136571,1.4475803711897832,0.5
"(11153, 11162)",[[-1.]],-13.054844958255462,2.4118113958137997,0.5
"(11154, 11163)",[[-1.]],-14.32929744800925,0.8958550420877991,0.5
"(11155, 11164)",[[-1.]],-14.007058599417096,1.395596573698901,0.5
"(11156, 11165)",[[-1.]],-14.27709284895806,1.0905991967640531,0.5
"(11157, 11166)",[[-1.]],-14.034086232768452,1.4704265894510442,0.5
"(11158, 11167)",[[-1.]],-14.221797143703936,1.159263672465471,0.5
"(11159, 11168)",[[-1.]],-13.273314872629298,1.5181117854677737,0.5
"(11160, 11169)",[[-1.]],-13.873634230541676,0.8254823375208247,0.5
"(11161, 11170)",[[-1.]],-13.23030017059241,1.47954086246013,0.5
"(11162, 11171)",[[1.]],-13.755658392431174,1.0234561478208661,2.5
"(11163, 11172)",[[-1.]],-13.55579425685361,0.8831670655071591,0.5
"(11164, 11173)",[[-1.]],-12.88569032695075,1.6201349017379272,0.5
"(11165, 11174)",[[-1.]],-11.539203409020297,2.5139246305529497,0.5
"(11166, 11175)",[[-1.]],-12.646100860782271,1.1412671718717,0.5
"(11167, 11176)",[[1.]],-10.795700536572657,3.7893180805194824,2.5
"(11168, 11177)",[[-1.]],-13.048650068775334,0.9368832223950427,0.5
"(11169, 11178)",[[-1.]],-11.121108002787748,3.7494945135688305,0.5
"(11170, 11179)",[[-1.]],-13.702126689176936,0.6628878186425204,0.5
"(11171, 11180)",[[1.]],-11.10978379904607,3.9074617340289137,2.5
"(11172, 11181)",[[1.]],-12.845459987598183,1.2883230012506495,2.5
"(11173, 11182)",[[-1.]],-10.951932309308596,3.750167628168306,0.5
"(11174, 11183)",[[-1.]],-13.173267833149769,0.9343824032879269,0.5
"(11175, 11184)",[[-1.]],-11.441705757946826,2.912578238060828,0.5
"(11176, 11185)",[[-1.]],-13.420300981370467,0.922069926755249,0.5
"(11177, 11186)",[[-0.99999565]],-11.707558969162879,2.7659679793704743,0.5000043511390686
"(11178, 11187)",[[-1.]],-13.486900932788279,0.7192286994576751,0.5
"(11179, 11188)",[[-1.]],-13.053279818134154,1.378424750661809,0.5
"(11180, 11189)",[[-1.]],-13.984481355066627,0.8192292335092795,0.5
"(11181, 11190)",[[1.]],-12.411635542142825,3.9657651409234074,2.5
"(11182, 11191)",[[-1.]],-14.380268888216186,1.4196584442427582,0.5
"(11183, 11192)",[[-1.]],-13.74141280148656,2.1575086277789133,0.5
"(11184, 11193)",[[-1.]],-13.149073271657562,3.020304862487974,0.5
"(11185, 11194)",[[1.]],-11.577750187559559,5.026288782177678,2.5
"(11186, 11195)",[[-1.]],-13.154586759068797,3.172026907389661,0.5
"(11187, 11196)",[[-1.]],-13.293107562043145,3.58487290407835,0.5
"(11188, 11197)",[[-1.]],-14.18874823881508,2.5140612596624203,0.5
"(11189, 11198)",[[-1.]],-13.647307430106377,3.1142011763744204,0.5
"(11190, 11199)",[[-1.]],-14.057367349734916,2.6337534203336936,0.5
"(11191, 11200)",[[-1.]],-13.285718944856596,3.0636330504627196,0.5
"(11192, 11201)",[[-1.]],-14.261840008301583,1.8894240450525412,0.5
"(11193, 11202)",[[-1.]],-13.428712119007095,2.945944792323523,0.5
"(11194, 11203)",[[-1.]],-14.436347050672879,1.6296433819461527,0.5
"(11195, 11204)",[[-1.]],-13.596288957027843,2.7739094211815924,0.5
"(11196, 11205)",[[-1.]],-15.251573366558345,0.6002678118618157,0.5
"(11197, 11206)",[[-1.]],-13.093588464118245,1.6198611126334974,0.5
"(11198, 11207)",[[-1.]],-12.627586706508367,2.502331291896134,0.5
"(11199, 11208)",[[-1.]],-9.150227232341328,6.727463210977554,0.5
"(11200, 11209)",[[-1.]],-13.260554599638454,2.4469634198264565,0.5
"(11201, 11210)",[[-1.]],-13.213793852580771,2.436233336384868,0.5
"(11202, 11211)",[[-1.]],-13.267822936796032,2.402982622561634,0.5
"(11203, 11212)",[[-1.]],-13.055948494447652,2.725306699629199,0.5
"(11204, 11213)",[[-1.]],-13.0843723269983,2.895184593150981,0.5
"(11205, 11214)",[[-1.]],-12.750558711472811,3.4012889843591587,0.5
"(11206, 11215)",[[-1.]],-13.768955596017271,2.411423867652843,0.5
"(11207, 11216)",[[-1.]],-13.279709423630619,3.0709003738961513,0.5
"(11208, 11217)",[[-1.]],-14.062395643537545,2.017796057237721,0.5
"(11209, 11218)",[[1.]],-13.19478565016755,3.051631968739578,2.5
"(11210, 11219)",[[-1.]],-13.205031996025594,1.8681359675814875,0.5
"(11211, 11220)",[[-1.]],-13.338149993769225,1.731747789528903,0.5
"(11212, 11221)",[[-1.]],-12.785113836247067,2.8989727941589933,0.5
"(11213, 11222)",[[-1.]],-13.823860194218964,1.6523632680320919,0.5
"(11214, 11223)",[[-1.]],-14.44299347285859,0.9739983914024322,0.5
"(11215, 11224)",[[-1.]],-15.82617154335828,0.9515242728039368,0.5
"(11216, 11225)",[[-1.]],-15.120807507021494,1.6797505933757222,0.5
"(11217, 11226)",[[-1.]],-15.431826279487488,1.1635274958240025,0.5
"(11218, 11227)",[[1.]],-15.125736381497786,1.52174284497778,2.5
"(11219, 11228)",[[-1.]],-15.395786380842921,1.0676531072916422,0.5
"(11220, 11229)",[[-1.]],-15.16335603310487,1.3705875949331823,0.5
"(11221, 11230)",[[-1.]],-15.524986044684068,0.9486430335125196,0.5
"(11222, 11231)",[[1.]],-14.952482432508836,1.6189215869532845,2.5
"(11223, 11232)",[[1.]],-15.096776958060097,1.4022073099891976,2.5
"(11224, 11233)",[[1.]],-14.410112897647554,2.1661627430731993,2.5
"(11225, 11234)",[[-1.]],-13.609726278490465,1.4436090353119724,0.5
"(11226, 11235)",[[1.]],-12.69840644430878,2.7227574061220796,2.5
"(11227, 11236)",[[1.]],-13.42090532186216,1.7727387140943538,2.5
"(11228, 11237)",[[1.]],-13.915436926808876,2.01656651453499,2.5
"(11229, 11238)",[[1.]],-13.910335124659222,1.8803972455692843,2.5
"(11230, 11239)",[[-1.]],-14.456498187671082,1.067134219346162,0.5
"(11231, 11240)",[[-1.]],-13.795242681612748,2.170417991132746,0.5
"(11232, 11241)",[[-1.]],-15.179644076716402,0.7563217579046633,0.5
"(11233, 11242)",[[-1.]],-14.400372357196863,1.6839238995000958,0.5
"(11234, 11243)",[[1.]],-14.933189005535393,1.151037967497646,2.5
"(11235, 11244)",[[1.]],-14.660388959777677,1.4653816817288696,2.5
"(11236, 11245)",[[-1.]],-15.58974795296695,0.4642612687988663,0.5
"(11237, 11246)",[[-1.]],-14.125482708858186,2.3616620461398794,0.5
"(11238, 11247)",[[-1.]],-15.007586386849525,0.4402550972764736,0.5
"(11239, 11248)",[[-1.]],-13.52449805547468,2.3015302540244456,0.5
"(11240, 11249)",[[-1.]],-15.080745605031176,0.5299781459090394,0.5
"(11241, 11250)",[[1.]],-11.890835116811049,4.805128989087876,2.5
"(11242, 11251)",[[-1.]],-13.964743929636553,1.8330257114007686,0.5
"(11243, 11252)",[[-1.]],-11.459541562387484,4.883309267914406,0.5
"(11244, 11253)",[[-1.]],-13.825310795289516,1.6231506743218986,0.5
"(11245, 11254)",[[-1.]],-10.871893797569525,5.364229719157862,0.5
"(11246, 11255)",[[-1.]],-13.444239099938676,2.021064713563911,0.5
"(11247, 11256)",[[-1.]],-13.721636653112391,1.5245633189182222,0.5
"(11248, 11257)",[[-1.]],-13.122153686796672,2.1494871171325194,0.5
"(11249, 11258)",[[-1.]],-13.317932612091482,1.8587209127556292,0.5
"(11250, 11259)",[[-1.]],-12.375429671069785,2.7022162788605293,0.5
"(11251, 11260)",[[-1.]],-12.420276158143778,1.0903746563676187,0.5
"(11252, 11261)",[[-1.]],-12.289019605619796,1.4820202683387649,0.5
"(11253, 11262)",[[-1.]],-11.96599788566615,2.0769722034838303,0.5
"(11254, 11263)",[[-1.]],-12.494185487675216,1.503426427334574,0.5
"(11255, 11264)",[[-1.]],-12.899103932345687,1.3628687066236296,0.5
"(11256, 11265)",[[-1.]],-12.765307254386515,1.3097879277495714,0.5
"(11257, 11266)",[[-1.]],-13.168809186681205,0.9175127474929035,0.5
"(11258, 11267)",[[-1.]],-12.29799997581313,2.1276677629217495,0.5
"(11259, 11268)",[[-1.]],-13.14408768139426,1.067889629053056,0.5
"(11260, 11269)",[[-1.]],-12.46573621349969,2.3366462270772956,0.5
"(11261, 11270)",[[-1.]],-14.264058217534252,0.4645812318418159,0.5
"(11262, 11271)",[[1.]],-11.953809536428322,3.233347512675813,2.5
"(11263, 11272)",[[-1.]],-14.018598549908448,0.536788005790541,0.5
"(11264, 11273)",[[-1.]],-12.394406041279794,2.5986850256826983,0.5
"(11265, 11274)",[[1.]],-12.093345895178212,3.331662276840323,2.5
"(11266, 11275)",[[-1.]],-9.898068057755927,5.990936407948759,0.5
"(11267, 11276)",[[-1.]],-12.541095866708593,2.7761224526546044,0.5
"(11268, 11277)",[[-1.]],-11.255961914439396,4.495913737319189,0.5
"(11269, 11278)",[[1.]],-10.508745304872548,5.881856183072166,2.5
"(11270, 11279)",[[1.]],-10.681264295168534,5.49241745270524,2.5
"(11271, 11280)",[[-1.]],-9.904051159718842,6.307329371074843,0.5
"(11272, 11281)",[[1.]],-11.085088280661886,4.797023877932157,2.5
"(11273, 11282)",[[-1.]],-8.729865447737177,7.8637428474599815,0.5
"(11274, 11283)",[[-1.]],-11.3713481365481,4.588481007214311,0.5
"(11275, 11284)",[[-1.]],-10.34371858856428,5.379034481826249,0.5
"(11276, 11285)",[[-1.]],-11.507920946438754,4.094815843050053,0.5
"(11277, 11286)",[[-1.]],-11.238739294103114,4.29673185645847,0.5
"(11278, 11287)",[[-1.]],-12.494629935985133,2.7766138840850747,0.5
"(11279, 11288)",[[-1.]],-11.245495830963826,3.337961311726332,0.5
"(11280, 11289)",[[-1.]],-12.219805440940595,2.0937350550024867,0.5
"(11281, 11290)",[[-1.]],-11.257515032305017,3.4964839564565793,0.5
"(11282, 11291)",[[-1.]],-14.636161874016812,0.6681739880203477,0.5
"(11283, 11292)",[[1.]],-11.938969598671804,4.048136871956874,2.5
"(11284, 11293)",[[1.]],-14.794660850391015,1.2786080918149496,2.5
"(11285, 11294)",[[-1.]],-13.99975475535434,2.3553786398477135,0.5
"(11286, 11295)",[[-1.]],-15.154102348331383,0.899079601694794,0.5
"(11287, 11296)",[[-1.]],-13.6970473151532,2.678783660921053,0.5
"(11288, 11297)",[[-1.]],-14.912125344527507,1.0136634317632858,0.5
"(11289, 11298)",[[-1.]],-14.69508234346792,1.2292092768428073,0.5
"(11290, 11299)",[[-1.]],-14.861042215893661,1.1662063876762492,0.5
"(11291, 11300)",[[-1.]],-14.104445129278458,1.9713533156549037,0.5
"(11292, 11301)",[[-1.]],-13.991242208694226,1.2950165886082736,0.5
"(11293, 11302)",[[-1.]],-13.32090438368141,2.114793059268221,0.5
"(11294, 11303)",[[-1.]],-13.056936914521824,1.5874061884495205,0.5
"(11295, 11304)",[[-1.]],-12.42975780438431,2.3582680390825796,0.5
"(11296, 11305)",[[-1.]],-12.230287870376886,2.163775334226141,0.5
"(11297, 11306)",[[-1.]],-13.00405938799894,1.3238110777859262,0.5
"(11298, 11307)",[[-1.]],-11.830748148661332,2.732648295283095,0.5
"(11299, 11308)",[[-1.]],-12.970507139514229,1.3237999832443528,0.5
"(11300, 11309)",[[-1.]],-12.083065599264328,1.958018819970441,0.5
"(11301, 11310)",[[-1.]],-13.55267020946577,0.6055681385453653,0.5
"(11302, 11311)",[[-1.]],-14.101917422419767,1.5272393208869612,0.5
"(11303, 11312)",[[-1.]],-13.168836304037177,2.7017962560383033,0.5
"(11304, 11313)",[[-1.]],-14.883997676740579,0.482292794207936,0.5
"(11305, 11314)",[[-1.]],-13.196580498290775,2.644750272499346,0.5
"(11306, 11315)",[[-1.]],-14.595298077951314,0.9141027379463083,0.5
"(11307, 11316)",[[-0.9999733]],-13.652020116115182,2.9009973127280997,0.5000267028808594
"(11308, 11317)",[[-1.]],-13.617491753768384,2.9173059144985682,0.5
"(11309, 11318)",[[-1.]],-13.677886620252918,2.8390718136966058,0.5
"(11310, 11319)",[[-1.]],-11.942329950524913,5.195866524366675,0.5
"(11311, 11320)",[[-1.]],-13.745462255931217,2.951241335248806,0.5
"(11312, 11321)",[[-1.]],-14.617284094213266,1.2080723706872956,0.5
"(11313, 11322)",[[-1.]],-13.092405332104823,3.169265053533156,0.5
"(11314, 11323)",[[-1.]],-13.512954334635138,2.8915347917209395,0.5
"(11315, 11324)",[[1.]],-13.479818878264103,3.1511027114687824,2.5
"(11316, 11325)",[[-1.]],-11.828404306103108,5.068927453348982,0.5
"(11317, 11326)",[[-1.]],-9.918406134712999,6.489939477152742,0.5
"(11318, 11327)",[[-1.]],-13.99856446038475,2.1330102636604344,0.5
"(11319, 11328)",[[-1.]],-12.316237449687785,4.210092813463206,0.5
"(11320, 11329)",[[1.]],-13.717752348447398,1.9069691060768754,2.5
"(11321, 11330)",[[1.]],-12.840095377879752,2.873526840106038,2.5
"(11322, 11331)",[[-1.]],-13.76243455930814,1.6691508013262766,0.5
"(11323, 11332)",[[1.]],-12.372689641453686,3.4329883559332117,2.5
"(11324, 11333)",[[-1.]],-14.045694210202587,1.0193274436605861,0.5
"(11325, 11334)",[[1.]],-13.812577138301881,0.7692157591236821,2.5
"(11326, 11335)",[[1.]],-13.711185242474949,2.2484441781867552,2.5
"(11327, 11336)",[[1.]],-14.41281843198514,1.3367062557580685,2.5
"(11328, 11337)",[[-1.]],-14.072950034129107,1.2932989467584797,0.5
"(11329, 11338)",[[1.]],-12.818391913165328,3.223526916417951,2.5
"(11330, 11339)",[[1.]],-13.151812949192355,2.776972561213981,2.5
"(11331, 11340)",[[-1.]],-13.632940066379092,2.413299952486234,0.5
"(11332, 11341)",[[-1.]],-13.211039070273912,2.9656986968618213,0.5
"(11333, 11342)",[[-1.]],-13.469238160295351,2.735558003547543,0.5
"(11334, 11343)",[[-1.]],-13.599665367511358,2.6736705924697635,0.5
"(11335, 11344)",[[-1.]],-12.67269829060772,3.7602838733611286,0.5
"(11336, 11345)",[[-1.]],-9.984132391010158,5.6163780423461045,0.5
"(11337, 11346)",[[-1.]],-11.623019034405061,3.6782919883929566,0.5
"(11338, 11347)",[[-1.]],-9.839734442329203,5.892902424199621,0.5
"(11339, 11348)",[[-1.]],-11.671430717807288,2.696347715786077,0.5
"(11340, 11349)",[[-0.73727685]],-10.551197701660668,5.3303497033083325,0.7627231478691101
"(11341, 11350)",[[-1.]],-11.865951966047334,3.416752969349444,0.5
"(11342, 11351)",[[-1.]],-9.828035618687835,6.599211986053431,0.5
"(11343, 11352)",[[-1.]],-12.728463452470843,2.9666460257369582,0.5
"(11344, 11353)",[[-1.]],-10.410818148133304,5.829834918437909,0.5
"(11345, 11354)",[[-1.]],-14.313595551549023,0.8981836828853904,0.5
"(11346, 11355)",[[-1.]],-10.408176225055923,5.792412124885157,0.5
"(11347, 11356)",[[-1.]],-13.597282676750707,1.7508229515960583,0.5
"(11348, 11357)",[[-1.]],-11.917875486066606,3.7781326340203556,0.5
"(11349, 11358)",[[-1.]],-12.734545928174622,2.7819076160833855,0.5
"(11350, 11359)",[[-1.]],-12.526700973426802,2.546714078622635,0.5
"(11351, 11360)",[[-1.]],-12.803167639782702,2.827547775618383,0.5
"(11352, 11361)",[[-1.]],-13.660469438190585,1.2277505128245743,0.5
"(11353, 11362)",[[-1.]],-12.334764834166707,2.884587588985948,0.5
"(11354, 11363)",[[-1.]],-14.097828416380088,0.6028942384374396,0.5
"(11355, 11364)",[[-1.]],-11.17167064628985,4.268058215473243,0.5
"(11356, 11365)",[[-1.]],-13.20787186422689,2.030121267051026,0.5
"(11357, 11366)",[[-1.]],-9.188788299698947,7.1169933598083475,0.5
"(11358, 11367)",[[-1.]],-13.247402730415736,2.0669571312293478,0.5
"(11359, 11368)",[[-1.]],-12.146459421319399,4.8145483980264405,0.5
"(11360, 11369)",[[-1.]],-15.249292023396448,0.953188340836288,0.5
"(11361, 11370)",[[-1.]],-13.519066853658275,2.808533350554166,0.5
"(11362, 11371)",[[-1.]],-14.621653100340106,1.589739236169823,0.5
"(11363, 11372)",[[1.]],-13.140274914232348,3.441698526546869,2.5
"(11364, 11373)",[[1.]],-14.8052722243004,1.4337277986250285,2.5
"(11365, 11374)",[[-1.]],-13.330481320342253,3.230908535466053,0.5
"(11366, 11375)",[[1.]],-14.865116870159984,2.3148699187880837,2.5
"(11367, 11376)",[[1.]],-15.40907364422102,1.6055965091062632,2.5
"(11368, 11377)",[[-1.]],-15.092577425259211,2.041729872755589,0.5
"(11369, 11378)",[[1.]],-14.4992139430852,2.4158037403075507,2.5
"(11370, 11379)",[[1.]],-14.408027345535602,2.4343168331408,2.5
"(11371, 11380)",[[-1.]],-14.47530798456275,2.4764479670281236,0.5
"(11372, 11381)",[[-1.]],-15.483883136847894,1.4141029859070962,0.5
"(11373, 11382)",[[-1.]],-15.313045392888986,1.6934965524219106,0.5
"(11374, 11383)",[[-1.]],-15.864898478699724,0.9024905969122834,0.5
"(11375, 11384)",[[-1.]],-15.482687793098435,1.4920122545478351,0.5
"(11376, 11385)",[[-1.]],-14.934175364790764,0.32331851165823977,0.5
"(11377, 11386)",[[-1.]],-14.783039620866608,0.20023957088139888,0.5
"(11378, 11387)",[[1.]],-14.878984571753499,0.025603766751530088,2.5
"(11379, 11388)",[[1.]],-14.601501641974533,0.24122009052259408,2.5
"(11380, 11389)",[[-1.]],-14.69851284694843,0.09273903593432742,0.5
"(11381, 11390)",[[-1.]],-14.427074848769237,0.33423907284024956,0.5
"(11382, 11391)",[[1.]],-12.912999112399685,1.9610089396497354,2.5
"(11383, 11392)",[[1.]],-14.270772720647662,0.13223944004742805,2.5
"(11384, 11393)",[[-1.]],-13.589327336317202,1.0576296673471894,0.5
"(11385, 11394)",[[-1.]],-13.716619730245434,0.5848195396436608,0.5
"(11386, 11395)",[[-1.]],-12.673157218042181,1.5844901177506685,0.5
"(11387, 11396)",[[-1.]],-13.184783309989127,1.1001356783891953,0.5
"(11388, 11397)",[[-1.]],-11.167882699227539,4.058150832644355,0.5
"(11389, 11398)",[[-1.]],-13.065753714615818,1.6921034414241465,0.5
"(11390, 11399)",[[-1.]],-11.688009092342561,3.286242912552442,0.5
"(11391, 11400)",[[-1.]],-12.891900925766539,1.7256863926353603,0.5
"(11392, 11401)",[[-1.]],-12.205368933215647,2.1014996856816435,0.5
"(11393, 11402)",[[-1.]],-12.157069177311795,2.178122468311761,0.5
"(11394, 11403)",[[-1.]],-11.606442557511407,2.5372545311887116,0.5
"(11395, 11404)",[[-1.]],-11.046739533930186,3.3019247983202646,0.5
"(11396, 11405)",[[-1.]],-11.797506747595639,2.5621042613227516,0.5
"(11397, 11406)",[[-1.]],-13.335545706280431,0.8156323088920345,0.5
"(11398, 11407)",[[-1.]],-13.354850450135345,0.46304490240646246,0.5
"(11399, 11408)",[[-1.]],-13.133981051201795,0.7673487390350928,0.5
"(11400, 11409)",[[-1.]],-13.73326833461091,0.7161100229516961,0.5
"(11401, 11410)",[[-1.]],-14.486181454481034,0.09219207726421885,0.5
"(11402, 11411)",[[-1.]],-14.281979166871933,0.43170959629384953,0.5
"(11403, 11412)",[[-1.]],-14.209846895513078,0.4214745510380169,0.5
"(11404, 11413)",[[-1.]],-14.354654575654077,0.23983130373167683,0.5
"(11405, 11414)",[[-0.99999946]],-15.334171640722479,0.31349813402804827,0.500000536441803
"(11406, 11415)",[[-1.]],-14.736869846631958,1.0650472090271972,0.5
"(11407, 11416)",[[-1.]],-14.980480157636421,0.7582446055940899,0.5
"(11408, 11417)",[[1.]],-14.387800100272123,2.8862871136560457,2.5
"(11409, 11418)",[[-1.]],-15.3374039948663,1.6463814013417721,0.5
"(11410, 11419)",[[-1.]],-14.924806344708951,2.1456010248128763,0.5
"(11411, 11420)",[[-1.]],-14.776162033725845,2.3188201033909284,0.5
"(11412, 11421)",[[1.]],-13.99325713536003,3.2764466265074894,2.5
"(11413, 11422)",[[-1.]],-14.73567145538845,2.3231479181690435,0.5
"(11414, 11423)",[[-1.]],-14.006498589576381,3.5238371417627974,0.5
"(11415, 11424)",[[-1.]],-15.509568922835319,1.334548682016596,0.5
"(11416, 11425)",[[1.]],-14.911391075894292,2.1487725876483346,2.5
"(11417, 11426)",[[1.]],-15.371739242299242,1.3892328582788291,2.5
"(11418, 11427)",[[-1.]],-12.67038523710383,3.078193199262037,0.5
"(11419, 11428)",[[-1.]],-15.018608475241795,0.1531014342495567,0.5
"(11420, 11429)",[[1.]],-12.206915842985218,3.5061186527373707,2.5
"(11421, 11430)",[[1.]],-15.061441501262326,-0.08272340849363502,2.5
"(11422, 11431)",[[-1.]],-12.77446676561695,2.6874311149375636,0.5
"(11423, 11432)",[[1.]],-14.915927966145567,0.14239436370051273,2.5
"(11424, 11433)",[[1.]],-12.854745753310853,2.1907752303578896,2.5
"(11425, 11434)",[[-1.]],-14.057629136739894,-0.014268877664850521,0.5
"(11426, 11435)",[[-1.]],-13.24159036290594,0.5265916019006625,0.5
"(11427, 11436)",[[-1.]],-12.746485597925036,0.8838121990099452,0.5
"(11428, 11437)",[[-1.]],-12.719793762587617,0.8403630827363564,0.5
"(11429, 11438)",[[1.]],-12.487230616252635,1.388727773634372,2.5
"(11430, 11439)",[[-1.]],-12.521911548317243,1.5959618518598884,0.5
"(11431, 11440)",[[-1.]],-11.282780194977807,3.164427143794132,0.5
"(11432, 11441)",[[1.]],-11.569274319909495,3.837143388238726,2.5
"(11433, 11442)",[[-1.]],-12.557688731539221,2.4830273882071108,0.5
"(11434, 11443)",[[-1.]],-11.917141850545391,3.3671892730751587,0.5
"(11435, 11444)",[[-1.]],-12.655070337118932,2.454757162263274,0.5
"(11436, 11445)",[[-1.]],-14.017262930363314,0.7093540723409077,0.5
"(11437, 11446)",[[-1.]],-12.227631325499718,2.9387369769698193,0.5
"(11438, 11447)",[[-1.]],-13.689071266070306,1.0844053051853386,0.5
"(11439, 11448)",[[-1.]],-12.199075377305052,3.316439911899659,0.5
"(11440, 11449)",[[-1.]],-13.873365677177691,1.2213474576734882,0.5
"(11441, 11450)",[[-1.]],-12.522940120393685,3.1636846888129906,0.5
"(11442, 11451)",[[-1.]],-13.660700596884304,0.9953961846262,0.5
"(11443, 11452)",[[-1.]],-13.116956317221804,1.8357355973830458,0.5
"(11444, 11453)",[[-1.]],-12.40942281814554,2.7114154299961264,0.5
"(11445, 11454)",[[-1.]],-12.438908643635989,3.0828710964272563,0.5
"(11446, 11455)",[[-1.]],-12.372719238077577,3.2109482297020264,0.5
"(11447, 11456)",[[-1.]],-12.437936810771355,2.909955743894999,0.5
"(11448, 11457)",[[-1.]],-11.79264032499703,3.721212937145733,0.5
"(11449, 11458)",[[-1.]],-13.379137230726956,1.4549605796100984,0.5
"(11450, 11459)",[[-1.]],-10.570595236144777,4.853435614300224,0.5
"(11451, 11460)",[[-1.]],-10.506995491142584,4.414236739242412,0.5
"(11452, 11461)",[[-1.]],-7.58301941619826,8.733135867687484,0.5
"(11453, 11462)",[[-1.]],-12.731862201452051,2.1134982014134422,0.5
"(11454, 11463)",[[-1.]],-9.279467951521756,6.6223966421718,0.5
"(11455, 11464)",[[-1.]],-13.773922584809558,1.1502889246201526,0.5
"(11456, 11465)",[[-1.]],-12.48833471956787,2.92443201794428,0.5
"(11457, 11466)",[[-1.]],-14.511180301787075,0.438844808181873,0.5
"(11458, 11467)",[[-1.]],-13.018363380477618,2.6820561442860296,0.5
"(11459, 11468)",[[-1.]],-14.42111048388486,0.7303080308423269,0.5
"(11460, 11469)",[[-1.]],-13.385841912099412,2.111668985735797,0.5
"(11461, 11470)",[[-1.]],-14.468176508646,0.7782656050821934,0.5
"(11462, 11471)",[[-1.]],-13.65397485865388,1.242317425361815,0.5
"(11463, 11472)",[[-1.]],-13.81788773028504,2.1091511272993024,0.5
"(11464, 11473)",[[-1.]],-14.154794988226186,1.4978757773369562,0.5
"(11465, 11474)",[[-1.]],-14.07721430418292,1.0721843786333451,0.5
"(11466, 11475)",[[-1.]],-14.531413093585797,2.507469076250766,0.5
"(11467, 11476)",[[-1.]],-14.705404055446982,2.2289003105930707,0.5
"(11468, 11477)",[[1.]],-13.408674968585292,3.6459572301512875,2.5
"(11469, 11478)",[[1.]],-14.502670593179793,2.2190707489738077,2.5
"(11470, 11479)",[[-1.]],-14.048522540022274,2.7434109502405146,0.5
"(11471, 11480)",[[-1.]],-14.68622024970856,1.9219661095830425,0.5
"(11472, 11481)",[[0.9999831]],-13.618075337412614,3.2835443305075565,2.499983072280884
"(11473, 11482)",[[1.]],-14.199382718816132,2.269953623234608,2.5
"(11474, 11483)",[[1.]],-14.068765722072381,2.4413849989043346,2.5
"(11475, 11484)",[[1.]],-14.758485573165867,1.7772458820336166,2.5
"(11476, 11485)",[[1.]],-10.095451863981745,5.401449425691629,2.5
"(11477, 11486)",[[-1.]],-11.301859391025632,3.9911446196514913,0.5
"(11478, 11487)",[[-1.]],-13.405251408410134,1.3986759516595093,0.5
"(11479, 11488)",[[-1.]],-11.076720213936543,4.176986793259511,0.5
"(11480, 11489)",[[1.]],-8.628989759962279,7.203966736043773,2.5
"(11481, 11490)",[[1.]],-11.522200915269293,3.796091809911056,2.5
"(11482, 11491)",[[-1.]],-11.701057402901847,3.645151198001443,0.5
"(11483, 11492)",[[-1.]],-12.478341805405918,2.5743157817241613,0.5
"(11484, 11493)",[[1.]],-4.3004646870449905,13.113462826915896,2.5
"(11485, 11494)",[[1.]],-13.571894135118471,1.4238515551546556,2.5
"(11486, 11495)",[[1.]],-14.291165899213258,1.6739461272098257,2.5
"(11487, 11496)",[[-1.]],-13.742716911596228,2.241837162512395,0.5
"(11488, 11497)",[[-1.]],-13.468602115517808,2.516746269279574,0.5
"(11489, 11498)",[[-1.]],-13.787065853686661,2.0634916579652476,0.5
"(11490, 11499)",[[-1.]],-13.259598843267497,2.744304364541179,0.5
"(11491, 11500)",[[-1.]],-13.458541129969582,2.6631927996921387,0.5
"(11492, 11501)",[[-1.]],-13.021418527877723,3.1773536984599815,0.5
"(11493, 11502)",[[-1.]],-12.735618361297744,3.4689626639458133,0.5
"(11494, 11503)",[[-1.]],-12.995280749817587,3.1546949530394794,0.5
"(11495, 11504)",[[-1.]],-8.502546991725973,8.873116070263066,0.5
"(11496, 11505)",[[-1.]],-7.480298330261894,9.099679952435752,0.5
"(11497, 11506)",[[-1.]],-9.57422325919243,6.323399968240244,0.5
"(11498, 11507)",[[-1.]],-7.522294232268891,8.845087854178475,0.5
"(11499, 11508)",[[-1.]],-13.314385537584744,1.8309953857699277,0.5
"(11500, 11509)",[[-1.]],-11.594915921339382,4.026270042685169,0.5
"(11501, 11510)",[[-1.]],-13.567798775042915,1.0917677379532336,0.5
"(11502, 11511)",[[-1.]],-11.718068944830172,3.219193800258868,0.5
"(11503, 11512)",[[-1.]],-10.97229869942075,4.4303263608622245,0.5
"(11504, 11513)",[[-1.]],-12.366579303367677,2.409239320100305,0.5
"(11505, 11514)",[[-1.]],-13.490550073321895,2.2624322741283027,0.5
"(11506, 11515)",[[-1.]],-13.37447241137821,2.3749629630120808,0.5
"(11507, 11516)",[[-1.]],-13.586207385855175,2.0839933971069264,0.5
"(11508, 11517)",[[-1.]],-12.262863364833937,3.8283959408229506,0.5
"(11509, 11518)",[[-1.]],-12.4298711172947,3.6323941268928017,0.5
"(11510, 11519)",[[-1.]],-11.70892375141033,4.708517508254607,0.5
"(11511, 11520)",[[-1.]],-12.139384459875151,4.176261909748346,0.5
"(11512, 11521)",[[1.]],-11.861871169862514,4.420776650261837,2.5
"(11513, 11522)",[[-1.]],-12.124743895027938,3.9923159428029855,0.5
"(11514, 11523)",[[-1.]],-13.060448901410727,3.04708825657449,0.5
"(11515, 11524)",[[-1.]],-14.032774136149618,1.6469903004322362,0.5
"(11516, 11525)",[[1.]],-10.096078722990658,7.2665236286786445,2.5
"(11517, 11526)",[[1.]],-13.226170830380948,3.219682618141766,2.5
"(11518, 11527)",[[-1.]],-12.592607187246934,3.987179333381084,0.5
"(11519, 11528)",[[-1.]],-13.878434090367916,2.2718384080604324,0.5
"(11520, 11529)",[[1.]],-10.468967315225058,6.440929414800745,2.5
"(11521, 11530)",[[-1.]],-14.218765489985474,2.395487619305099,0.5
"(11522, 11531)",[[-1.]],-13.5736685600317,3.24321632451335,0.5
"(11523, 11532)",[[1.]],-14.258373260397748,2.3344862734287926,2.5
"(11524, 11533)",[[1.]],-12.214372213558226,4.894541947628097,2.5
"(11525, 11534)",[[-1.]],-13.83323401520922,2.446743644965638,0.5
"(11526, 11535)",[[-1.]],-14.439617993405031,0.5771041805050405,0.5
"(11527, 11536)",[[1.]],-13.350845409487077,1.9236647086544796,2.5
"(11528, 11537)",[[-1.]],-14.085554208730404,1.278816598091197,0.5
"(11529, 11538)",[[-1.]],-13.305278732267436,2.217598528768237,0.5
"(11530, 11539)",[[1.]],-14.07680261107865,1.3053607470212487,2.5
"(11531, 11540)",[[-1.]],-12.980456140182131,1.8879529783229927,0.5
"(11532, 11541)",[[-1.]],-12.870883967387398,2.1957546217151,0.5
"(11533, 11542)",[[1.]],-12.99208820276226,2.217137153414427,2.5
"(11534, 11543)",[[-1.]],-12.407328388561902,2.944283879299581,0.5
"(11535, 11544)",[[-1.]],-12.911150057702418,2.1772521658408923,0.5
"(11536, 11545)",[[-1.]],-12.0416656670393,3.1436798516409397,0.5
"(11537, 11546)",[[1.]],-12.559494328170631,3.077761346009563,2.5
"(11538, 11547)",[[-1.]],-11.457045257060253,3.9859319371842474,0.5
"(11539, 11548)",[[-1.]],-13.180512793850507,1.8088095078966298,0.5
"(11540, 11549)",[[-1.]],-12.285815688006299,2.854645638743449,0.5
"(11541, 11550)",[[1.]],-12.051770053744693,3.3596335674480606,2.5
"(11542, 11551)",[[-1.]],-12.031745496182028,3.5002734242251208,0.5
"(11543, 11552)",[[-1.]],-13.712011310256512,1.2841804748640175,0.5
"(11544, 11553)",[[-1.]],-11.564978661855651,3.9899720996590116,0.5
"(11545, 11554)",[[-1.]],-13.108706680365522,2.3585432138524425,0.5
"(11546, 11555)",[[-1.]],-12.731210338103173,2.9353412955251788,0.5
"(11547, 11556)",[[-1.]],-13.39250969330242,1.7642391169210754,0.5
"(11548, 11557)",[[-1.]],-14.039090074196707,0.9012620752603571,0.5
"(11549, 11558)",[[-1.]],-11.973409149448598,3.4544067690993074,0.5
"(11550, 11559)",[[-1.]],-13.96213219066161,1.0694160047818517,0.5
"(11551, 11560)",[[-1.]],-12.872410844842014,1.7380171879847666,0.5
"(11552, 11561)",[[-1.]],-13.997422035754267,1.4891135469054078,0.5
"(11553, 11562)",[[-1.]],-12.677498374719315,3.1879896365085116,0.5
"(11554, 11563)",[[-1.]],-13.196134589044581,2.562656688729591,0.5
"(11555, 11564)",[[-1.]],-11.767106274532383,4.299444920147931,0.5
"(11556, 11565)",[[-1.]],-13.088171537758942,2.7332665830330747,0.5
"(11557, 11566)",[[-1.]],-12.260212926398598,3.881730909075131,0.5
"(11558, 11567)",[[-1.]],-13.586499534608421,2.238643614878601,0.5
"(11559, 11568)",[[-1.]],-14.38293697845412,1.1982420698964695,0.5
"(11560, 11569)",[[-1.]],-13.898341715485934,1.7524390523135374,0.5
"(11561, 11570)",[[-1.]],-14.702037803001815,0.806362963456472,0.5
"(11562, 11571)",[[-1.]],-13.943666717599902,0.6208686564549879,0.5
"(11563, 11572)",[[-1.]],-13.522199139232832,0.8909622102607884,0.5
"(11564, 11573)",[[-1.]],-14.86028092454594,0.8310866325732338,0.5
"(11565, 11574)",[[-1.]],-14.238232795879407,1.4103965260938978,0.5
"(11566, 11575)",[[1.]],-12.76612779604939,3.107639478401561,2.5
"(11567, 11576)",[[-1.]],-12.236100875700286,3.6083465565067563,0.5
"(11568, 11577)",[[1.]],-13.220292933923497,3.9989562323001877,2.5
"(11569, 11578)",[[1.]],-14.49572351215148,2.373473751612636,2.5
"(11570, 11579)",[[-1.]],-14.9459124059797,1.8399758474500185,0.5
"(11571, 11580)",[[1.]],-14.466427166420978,2.49019194969868,2.5
"(11572, 11581)",[[1.]],-13.032057708017405,4.237652020113291,2.5
"(11573, 11582)",[[1.]],-14.573294253245495,2.3453972679429373,2.5
"(11574, 11583)",[[1.]],-12.873525029126498,4.125173275721259,2.5
"(11575, 11584)",[[-1.]],-15.050616822188747,1.727022621384858,0.5
"(11576, 11585)",[[1.]],-13.815847298322561,3.5486337060232103,2.5
"(11577, 11586)",[[-1.]],-15.117304024755489,1.7092407077535192,0.5
"(11578, 11587)",[[-1.]],-10.908615736392795,4.605828045926705,0.5
"(11579, 11588)",[[-1.]],-13.243303243155818,1.485591652848779,0.5
"(11580, 11589)",[[1.]],-7.904801363356687,8.18629670505924,2.5
"(11581, 11590)",[[-1.]],-11.963886415413326,3.249346725173993,0.5
"(11582, 11591)",[[1.]],-7.431787218976683,8.985907352634195,2.5
"(11583, 11592)",[[-1.]],-11.931290552830703,3.1732945658956773,0.5
"(11584, 11593)",[[-1.]],-9.623801698762357,6.235005173816672,0.5
"(11585, 11594)",[[-1.]],-8.818158793029012,6.800997080665772,0.5
"(11586, 11595)",[[-1.]],-11.180223514674724,3.9564771986754668,0.5
"(11587, 11596)",[[-1.]],-4.142979121776327,13.112006238840085,0.5
"(11588, 11597)",[[-1.]],-11.826832413533744,3.3797030807786896,0.5
"(11589, 11598)",[[-1.]],-8.641098970576225,7.638066423801712,0.5
"(11590, 11599)",[[-1.]],-12.58192146850408,2.618655954944618,0.5
"(11591, 11600)",[[-1.]],-11.45315127573548,4.356479850109526,0.5
"(11592, 11601)",[[-1.]],-13.133494139788553,2.168351648264002,0.5
"(11593, 11602)",[[-1.]],-12.02547216287503,3.560203542020231,0.5
"(11594, 11603)",[[-1.]],-13.040152804534078,2.5714395619481625,0.5
"(11595, 11604)",[[-1.]],-13.6473490126973,1.6264289352508516,0.5
"(11596, 11605)",[[-1.]],-12.994216688242503,2.2892375032010595,0.5
"(11597, 11606)",[[1.]],-14.583352006015536,1.6028740759484137,2.5
"(11598, 11607)",[[-1.]],-12.9249027705989,3.8787665492713437,0.5
"(11599, 11608)",[[-1.]],-13.59898420519971,2.980215394647736,0.5
"(11600, 11609)",[[-1.]],-13.795343731368494,2.7117225476084474,0.5
"(11601, 11610)",[[-1.]],-13.44291171834683,2.9370313009209355,0.5
"(11602, 11611)",[[-1.]],-14.215091782815728,2.042135139988451,0.5
"(11603, 11612)",[[-1.]],-13.688677360100586,2.679156577759695,0.5
"(11604, 11613)",[[-1.]],-13.491383812806788,2.5902645200106846,0.5
"(11605, 11614)",[[-1.]],-12.998854210813667,3.174412288885536,0.5
"(11606, 11615)",[[-1.]],-15.328336184528174,0.596695713213915,0.5
"(11607, 11616)",[[-1.]],-14.009734263635773,1.334333956091129,0.5
"(11608, 11617)",[[-1.]],-12.990793504707637,2.1166455618788014,0.5
"(11609, 11618)",[[-1.]],-14.084582310332447,0.7178613208000257,0.5
"(11610, 11619)",[[-1.]],-13.939002285665765,1.0711799549713383,0.5
"(11611, 11620)",[[1.]],-13.612450946427488,1.7930260398219602,2.5
"(11612, 11621)",[[-1.]],-13.353817375713641,2.1249085851071534,0.5
"(11613, 11622)",[[-1.]],-14.291986862896966,1.3148729194155901,0.5
"(11614, 11623)",[[-1.]],-13.159396096946683,2.8003209079773566,0.5
"(11615, 11624)",[[1.]],-13.43755566862056,2.302537196833196,2.5
"(11616, 11625)",[[1.]],-12.366110899974858,3.524381332410318,2.5
"(11617, 11626)",[[1.]],-13.466658767401393,2.164317714532036,2.5
"(11618, 11627)",[[-1.]],-13.934766731965908,1.560903131081675,0.5
"(11619, 11628)",[[1.]],-13.18258240250983,2.8753892469673783,2.5
"(11620, 11629)",[[1.]],-13.518616877792486,2.376320930158448,2.5
"(11621, 11630)",[[-1.]],-14.55821403978029,0.7930330491668975,0.5
"(11622, 11631)",[[1.]],-12.778326965307231,4.162296663214079,2.5
"(11623, 11632)",[[-1.]],-13.377667757429673,3.4962888200040023,0.5
"(11624, 11633)",[[-1.]],-14.479058085169918,2.216640274557184,0.5
"(11625, 11634)",[[-1.]],-14.591130053712185,2.47423762170655,0.5
"(11626, 11635)",[[-1.]],-15.018061804488319,1.8071804364031685,0.5
"(11627, 11636)",[[1.]],-14.171840926522545,2.8688062327160413,2.5
"(11628, 11637)",[[-1.]],-15.255461175967875,1.4400340117787485,0.5
"(11629, 11638)",[[-1.]],-14.242498523195394,2.454999626719803,0.5
"(11630, 11639)",[[1.]],-13.871019203876365,3.0604234354745614,2.5
"(11631, 11640)",[[-1.]],-13.992490293307801,3.1735932669401876,0.5
"(11632, 11641)",[[-1.]],-14.992890237841006,0.9051416645583092,0.5
"(11633, 11642)",[[-1.]],-12.914273495256841,3.2680118210057154,0.5
"(11634, 11643)",[[1.]],-14.774897150523953,1.049702219431535,2.5
"(11635, 11644)",[[-1.]],-11.071170418525101,5.307385372164271,0.5
"(11636, 11645)",[[-1.]],-14.464501842762909,0.9257708316745266,0.5
"(11637, 11646)",[[-1.]],-10.804042360921821,5.529060272038089,0.5
"(11638, 11647)",[[-1.]],-15.480349024752192,1.3696102629022082,0.5
"(11639, 11648)",[[-1.]],-14.127991644387965,3.056441968054103,0.5
"(11640, 11649)",[[-1.]],-16.164148246649848,0.567640434757668,0.5
"(11641, 11650)",[[-1.]],-15.76668504834801,0.9166391328142502,0.5
"(11642, 11651)",[[-1.]],-16.076120522670028,1.4751249460034455,0.5
"(11643, 11652)",[[-1.]],-16.479607350300576,1.1448797982642045,0.5
"(11644, 11653)",[[-1.]],-16.213322292561354,1.4398946190574637,0.5
"(11645, 11654)",[[-1.]],-16.43053227811765,1.1008640675158583,0.5
"(11646, 11655)",[[-1.]],-16.56757894333026,0.9678241243201793,0.5
"(11647, 11656)",[[1.]],-16.28926210576818,1.1974262555095692,2.5
"(11648, 11657)",[[-1.]],-15.868157534900654,0.680456347086217,0.5
"(11649, 11658)",[[-1.]],-15.893788776584387,0.7252606516374254,0.5
"(11650, 11659)",[[-1.]],-15.747861106138995,1.0752792935790776,0.5
"(11651, 11660)",[[-1.]],-15.795010863333035,1.0752412504866946,0.5
"(11652, 11661)",[[-1.]],-12.639217191733596,3.715060031954911,0.5
"(11653, 11662)",[[-1.]],-15.029781933204141,0.5857465644373487,0.5
"(11654, 11663)",[[-1.]],-11.65320463687624,5.040150922325106,0.5
"(11655, 11664)",[[-1.]],-14.88767410563897,1.0893959215302917,0.5
"(11656, 11665)",[[-1.]],-10.028110192358582,7.001665802665709,0.5
"(11657, 11666)",[[-1.]],-14.396659558324375,1.4098203987049605,0.5
"(11658, 11667)",[[-1.]],-4.715544966801485,13.281579468787545,0.5
"(11659, 11668)",[[-1.]],-13.947152058001464,1.4280983098067672,0.5
"(11660, 11669)",[[-1.]],-11.840028537210435,3.6846214898256875,0.5
"(11661, 11670)",[[-1.]],-11.486881117672047,3.8390151035196283,0.5
"(11662, 11671)",[[1.]],-11.466243604288543,3.545860702039654,2.5
"(11663, 11672)",[[-1.]],-9.963496711335267,5.0386713869807025,0.5
"(11664, 11673)",[[-1.]],-13.6166114393019,0.36331089346670353,0.5
"(11665, 11674)",[[1.]],-13.588627915018646,3.2949953902945115,2.5
"(11666, 11675)",[[1.]],-14.678106912894421,1.9228498709078892,2.5
"(11667, 11676)",[[-1.]],-15.669353753472302,0.7181494147238325,0.5
"(11668, 11677)",[[1.]],-14.700666770694664,1.9613431451065058,2.5
"(11669, 11678)",[[1.]],-13.15711247376188,3.8981342723326637,2.5
"(11670, 11679)",[[-1.]],-15.412963440566791,1.0785304473268127,0.5
"(11671, 11680)",[[1.]],-13.45656414529269,3.5354609458957693,2.5
"(11672, 11681)",[[1.]],-14.706995170172346,2.014495171516856,2.5
"(11673, 11682)",[[1.]],-13.941056090775408,3.359592452413594,2.5
"(11674, 11683)",[[-1.]],-15.580628014687289,1.0749558756603985,0.5
"(11675, 11684)",[[1.]],-13.050399775748948,1.385776877135477,2.5
"(11676, 11685)",[[1.]],-14.185434566779685,0.23823546354192082,2.5
"(11677, 11686)",[[-1.]],-12.231189411761605,4.1354051296958705,0.5
"(11678, 11687)",[[-1.]],-13.854254723498851,2.2382456327227835,0.5
"(11679, 11688)",[[1.]],-11.98348245482369,4.849683883928775,2.5
"(11680, 11689)",[[1.]],-15.259903752095893,1.2785037988754766,2.5
"(11681, 11690)",[[-1.]],-13.772230869816388,3.1995118588975195,0.5
"(11682, 11691)",[[-1.]],-15.84856111731103,0.699721258669384,0.5
"(11683, 11692)",[[1.]],-12.57191216947401,5.130562399142948,2.5
"(11684, 11693)",[[1.]],-15.050607705682468,2.0085681919380534,2.5
"(11685, 11694)",[[-1.]],-11.821809199388571,5.979965241902997,0.5
"(11686, 11695)",[[1.]],-14.96842654628095,2.0068140883835293,2.5
"(11687, 11696)",[[-1.]],-14.011332881852772,2.677298288020352,0.5
"(11688, 11697)",[[-1.]],-14.915809117818066,1.4142823339948007,0.5
"(11689, 11698)",[[-1.]],-12.582482773257565,4.07051755351289,0.5
"(11690, 11699)",[[-1.]],-13.797104726614348,2.2594352752390154,0.5
"(11691, 11700)",[[-1.]],-12.361941891266053,3.8141548072894533,0.5
"(11692, 11701)",[[-1.]],-13.050858341498204,3.025886144232093,0.5
"(11693, 11702)",[[-1.]],-13.640418539357915,1.7329224539240506,0.5
"(11694, 11703)",[[1.]],-14.897948507714274,2.1761351288603548,2.5
"(11695, 11704)",[[-1.]],-15.68739833932968,1.1695877038254245,0.5
"(11696, 11705)",[[-1.]],-15.005363294536746,1.9832138273471749,0.5
"(11697, 11706)",[[-1.]],-15.625113607128812,1.17597977361749,0.5
"(11698, 11707)",[[-1.]],-15.019658210732876,1.9335181253080105,0.5
"(11699, 11708)",[[-1.]],-14.454977244245226,2.653178512877483,0.5
"(11700, 11709)",[[-1.]],-14.876343690784308,2.0452045694279377,0.5
"(11701, 11710)",[[-1.]],-15.289373724297066,1.6001158883349635,0.5
"(11702, 11711)",[[-1.]],-14.46518517664909,2.563752585557852,0.5
"(11703, 11712)",[[-1.]],-15.171035887121471,1.6642723222255835,0.5
"(11704, 11713)",[[-1.]],-11.76462829470858,3.920750438906733,0.5
"(11705, 11714)",[[-1.]],-12.39137371170856,2.8137417299341685,0.5
"(11706, 11715)",[[-1.]],-12.532762322930619,3.5501638403924254,0.5
"(11707, 11716)",[[-1.]],-14.280425664946705,1.5702188327559288,0.5
"(11708, 11717)",[[-1.]],-14.270828851152578,1.6008533340567208,0.5
"(11709, 11718)",[[-1.]],-13.894378975569799,2.2321700368385837,0.5
"(11710, 11719)",[[-1.]],-12.789413439577569,3.777522546120487,0.5
"(11711, 11720)",[[-1.]],-13.876680951916496,2.2755534187572692,0.5
"(11712, 11721)",[[-1.]],-13.148096839667012,3.1269611961104022,0.5
"(11713, 11722)",[[-1.]],-14.25500515282727,1.7612578064093078,0.5
"(11714, 11723)",[[-1.]],-13.55204497539093,2.757623391695555,0.5
"(11715, 11724)",[[-1.]],-14.148771800465498,1.9792884957112271,0.5
"(11716, 11725)",[[-1.]],-13.58278618408965,1.9257191167446948,0.5
"(11717, 11726)",[[-1.]],-12.34075597428526,3.0477052921561665,0.5
"(11718, 11727)",[[-1.]],-12.463849998739148,2.743376276567009,0.5
"(11719, 11728)",[[1.]],-12.278490299856497,2.986558486444439,2.5
"(11720, 11729)",[[-1.]],-12.626225487658767,1.8674820485463393,0.5
"(11721, 11730)",[[-1.]],-12.233820199869388,2.684889482324582,0.5
"(11722, 11731)",[[1.]],-10.167954154984619,6.999831241044809,2.5
"(11723, 11732)",[[1.]],-13.787792026805196,2.425243583172989,2.5
"(11724, 11733)",[[-1.]],-12.68880510747066,3.839595610759556,0.5
"(11725, 11734)",[[-1.]],-13.264219845385743,3.1085409562640365,0.5
"(11726, 11735)",[[1.]],-10.264141840138453,6.8902077633565195,2.5
"(11727, 11736)",[[1.]],-13.6556034380339,2.777186394431478,2.5
"(11728, 11737)",[[-1.]],-13.223659475410752,3.2409855950630746,0.5
"(11729, 11738)",[[1.]],-14.132612983123865,2.1511951251566472,2.5
"(11730, 11739)",[[1.]],-12.538666956560238,4.499885324774511,2.5
"(11731, 11740)",[[-1.]],-14.935956331916973,1.48492780795259,0.5
"(11732, 11741)",[[-1.]],-13.617083685118793,1.5163767208783145,0.5
"(11733, 11742)",[[-1.]],-14.365291245264306,0.6698066467962978,0.5
"(11734, 11743)",[[-1.]],-13.745729630702046,1.4482112478365075,0.5
"(11735, 11744)",[[-1.]],-13.899497811973047,1.303312034776411,0.5
"(11736, 11745)",[[-1.]],-13.379451524931941,1.84054949186595,0.5
"(11737, 11746)",[[-1.]],-13.784571985225481,1.6230333790109164,0.5
"(11738, 11747)",[[-1.]],-13.23614147576153,2.2962984460633393,0.5
"(11739, 11748)",[[-1.]],-13.190104616504982,2.0525056926770606,0.5
"(11740, 11749)",[[-1.]],-9.525326528493897,5.881440802067729,0.5
"(11741, 11750)",[[-1.]],-11.406068693681291,4.043124132172375,0.5
"(11742, 11751)",[[-1.]],-8.52037435041851,7.694016733018675,0.5
"(11743, 11752)",[[-1.]],-10.93638070324908,4.601028738348111,0.5
"(11744, 11753)",[[-1.]],-8.722883528698707,7.5903960751714195,0.5
"(11745, 11754)",[[-1.]],-13.590408422387958,1.4668254410355779,0.5
"(11746, 11755)",[[-1.]],-9.255067384272712,6.935267708865895,0.5
"(11747, 11756)",[[-1.]],-12.399098240511236,2.630394873978503,0.5
"(11748, 11757)",[[-1.]],-12.304697751190728,3.2924006558475263,0.5
"(11749, 11758)",[[-1.]],-13.873524061652045,1.3905636710023277,0.5
"(11750, 11759)",[[-1.]],-12.495882681810334,3.0595213113982656,0.5
"(11751, 11760)",[[-1.]],-13.814290169087943,1.291970531902141,0.5
"(11752, 11761)",[[-1.]],-13.429068158664528,1.8150894457943547,0.5
"(11753, 11762)",[[-1.]],-14.588324251895258,0.7423636249338745,0.5
"(11754, 11763)",[[-1.]],-14.351935514648442,0.8778091719857262,0.5
"(11755, 11764)",[[-1.]],-14.301020103212746,0.9389730938132281,0.5
"(11756, 11765)",[[-1.]],-14.614642665409757,0.7398709223282687,0.5
"(11757, 11766)",[[-1.]],-14.166177707294775,1.3721706962097393,0.5
"(11758, 11767)",[[-1.]],-12.496219615446483,2.9634234022166623,0.5
"(11759, 11768)",[[-1.]],-14.432659037348857,1.9346025753353366,0.5
"(11760, 11769)",[[-1.]],-14.728334736124882,1.5744474954428966,0.5
"(11761, 11770)",[[-1.]],-14.718496583177002,1.3587441748940208,0.5
"(11762, 11771)",[[-1.]],-14.36482867921326,2.0175235943702745,0.5
"(11763, 11772)",[[-1.]],-13.392435510506434,3.0553824807753447,0.5
"(11764, 11773)",[[-1.]],-14.100698792228972,2.043157217069224,0.5
"(11765, 11774)",[[-1.]],-13.29350493090887,3.0395853208310672,0.5
"(11766, 11775)",[[-1.]],-13.978701058187601,2.139445867830796,0.5
"(11767, 11776)",[[1.]],-13.718961953172073,2.346559883969677,2.5
"(11768, 11777)",[[1.]],-13.391988981165099,2.737769081823373,2.5
"(11769, 11778)",[[-1.]],-12.192704631413356,2.773934844685918,0.5
"(11770, 11779)",[[-1.]],-13.253563481976444,1.429372418430063,0.5
"(11771, 11780)",[[1.]],-9.32259273379584,6.2839991150436525,2.5
"(11772, 11781)",[[-1.]],-12.845679084391879,0.7816602243884105,0.5
"(11773, 11782)",[[-1.]],-12.389074865836106,0.34710631977572604,0.5
"(11774, 11783)",[[1.]],-12.077242121119216,1.006363849164977,2.5
"(11775, 11784)",[[1.]],-12.58761379377136,0.5840280881392275,2.5
"(11776, 11785)",[[1.]],-12.988150156991429,0.4111599825721264,2.5
"(11777, 11786)",[[1.]],-13.983697028943572,1.3186412821653395,2.5
"(11778, 11787)",[[-1.]],-13.029581173559981,2.569309803166391,0.5
"(11779, 11788)",[[1.]],-13.125596809467751,2.6901640750522606,2.5
"(11780, 11789)",[[1.]],-12.134487670190856,3.9159247847181504,2.5
"(11781, 11790)",[[-1.]],-13.02988223359168,3.1628632012789986,0.5
"(11782, 11791)",[[1.]],-11.462732378570642,5.373594374628829,2.5
"(11783, 11792)",[[-1.]],-13.514031749399159,2.9769124185900218,0.5
"(11784, 11793)",[[-1.]],-11.060209665749346,6.089459504682485,0.5
"(11785, 11794)",[[-1.]],-13.533202580207607,2.877104312925833,0.5
"(11786, 11795)",[[-1.]],-10.44727501838396,6.701729086773923,0.5
"(11787, 11796)",[[-1.]],-10.643664024116417,5.580374922437516,0.5
"(11788, 11797)",[[-1.]],-11.70273445354898,4.130571603114257,0.5
"(11789, 11798)",[[-1.]],-12.105411324443317,3.733756239567832,0.5
"(11790, 11799)",[[-1.]],-12.5550653080487,3.4915037855808837,0.5
"(11791, 11800)",[[-1.]],-14.526968757580692,1.0565672909018389,0.5
"(11792, 11801)",[[-1.]],-13.921414208590345,1.6358013233474527,0.5
"(11793, 11802)",[[-1.]],-14.254408059794244,0.9438318345364838,0.5
"(11794, 11803)",[[-1.]],-14.184680071218418,0.8957191632046388,0.5
"(11795, 11804)",[[-1.]],-14.046922003782148,1.104983419327212,0.5
"(11796, 11805)",[[-1.]],-14.264785826126557,0.8427536912818923,0.5
"(11797, 11806)",[[-1.]],-14.324916885965077,0.3985418012976183,0.5
"(11798, 11807)",[[-1.]],-12.867212889822722,2.627902910643151,0.5
"(11799, 11808)",[[-1.]],-14.441509357037477,0.5108642200713742,0.5
"(11800, 11809)",[[-1.]],-12.66116691861857,2.7551539977044754,0.5
"(11801, 11810)",[[-1.]],-13.713579104804733,1.0655364159081948,0.5
"(11802, 11811)",[[-1.]],-14.391916258703814,0.3877529337516563,0.5
"(11803, 11812)",[[1.]],-14.914615647408839,1.1333315071451224,2.5
"(11804, 11813)",[[-1.]],-15.245854051043649,0.8262238906916579,0.5
"(11805, 11814)",[[-1.]],-14.924574641971548,1.2952205534724186,0.5
"(11806, 11815)",[[-1.]],-14.710128135626283,1.569561872341902,0.5
"(11807, 11816)",[[-1.]],-15.211868814974638,1.0016381631185567,0.5
"(11808, 11817)",[[1.]],-14.877508981755113,1.2924132714452874,2.5
"(11809, 11818)",[[-1.]],-15.135830178537372,1.738503512236278,0.5
"(11810, 11819)",[[-1.]],-14.888584515387857,1.9049003567170963,0.5
"(11811, 11820)",[[1.]],-13.681201625113998,3.4019200641167444,2.5
"(11812, 11821)",[[-1.]],-14.693010318094169,1.9762877305672522,0.5
"(11813, 11822)",[[-1.]],-12.557414326443906,3.872446908763626,0.5
"(11814, 11823)",[[-1.]],-13.743491977715985,2.424469375238882,0.5
"(11815, 11824)",[[-1.]],-12.834998687442472,3.5047779064599442,0.5
"(11816, 11825)",[[1.]],-13.438127450318662,2.802262502013523,2.5
"(11817, 11826)",[[-1.]],-11.663256435461546,4.9746929610393416,0.5
"(11818, 11827)",[[1.]],-13.34901026827908,3.1333634340066894,2.5
"(11819, 11828)",[[1.]],-12.403992403604976,3.284430530524512,2.5
"(11820, 11829)",[[-1.]],-13.65449013710369,3.181443001736085,0.5
"(11821, 11830)",[[-1.]],-13.66031295815516,2.9823595458676326,0.5
"(11822, 11831)",[[1.]],-12.148115343553007,4.861374167436637,2.5
"(11823, 11832)",[[1.]],-12.731697025590252,4.144411306326409,2.5
"(11824, 11833)",[[-1.]],-13.36377383792673,3.318183880016548,0.5
"(11825, 11834)",[[-1.]],-14.93420612399962,1.3282569652411471,0.5
"(11826, 11835)",[[-1.]],-14.854062425458212,1.4315473658707347,0.5
"(11827, 11836)",[[1.]],-13.28274440854815,3.428709912718162,2.5
"(11828, 11837)",[[-1.]],-14.688857598775838,1.2143352005066106,0.5
"(11829, 11838)",[[1.]],-12.197660914288699,4.320475187400694,2.5
"(11830, 11839)",[[-1.]],-13.062381499264871,1.0067376870542013,0.5
"(11831, 11840)",[[-1.]],-11.874418730893783,1.268855657148837,0.5
"(11832, 11841)",[[1.]],-13.010041159215875,1.6354695103481625,2.5
"(11833, 11842)",[[-1.]],-11.13644946984452,4.090431638644658,0.5
"(11834, 11843)",[[-1.]],-13.180532935410541,1.8789253947840017,0.5
"(11835, 11844)",[[-1.]],-11.786563374431456,3.6022058462266617,0.5
"(11836, 11845)",[[1.]],-13.245428209693904,1.9586714837897201,2.5
"(11837, 11846)",[[-1.]],-10.52065283664379,5.414434726514102,0.5
"(11838, 11847)",[[-1.]],-14.754408659674946,1.2123743370772022,0.5
"(11839, 11848)",[[-1.]],-11.663026152839326,5.16913688595802,0.5
"(11840, 11849)",[[-1.]],-14.061102973216116,2.226550641341735,0.5
"(11841, 11850)",[[-1.]],-11.788512946846469,5.124351380714973,0.5
"(11842, 11851)",[[-1.]],-14.4505913266898,1.8681078433170981,0.5
"(11843, 11852)",[[-1.]],-13.944981003468785,2.5809157018631392,0.5
"(11844, 11853)",[[-1.]],-13.527857132937386,2.8335475066107243,0.5
"(11845, 11854)",[[-1.]],-14.21524278704844,2.0557641730362555,0.5
"(11846, 11855)",[[-1.]],-13.134971061380744,3.411303736698132,0.5
"(11847, 11856)",[[-1.]],-14.48559202924986,1.6943661037870665,0.5
"(11848, 11857)",[[-1.]],-11.848398030405441,3.737637700449465,0.5
"(11849, 11858)",[[-1.]],-14.365456014959525,0.4982660268239041,0.5
"(11850, 11859)",[[-1.]],-11.178853648997986,4.539733411306067,0.5
"(11851, 11860)",[[-1.]],-14.425434179950495,0.9734909625949069,0.5
"(11852, 11861)",[[-1.]],-12.658553530878521,2.7510013401267237,0.5
"(11853, 11862)",[[-1.]],-13.45201641240331,1.5249374156230502,0.5
"(11854, 11863)",[[-1.]],-12.678554778058096,2.5399535852982353,0.5
"(11855, 11864)",[[-1.]],-14.322843142691042,0.9796375291586976,0.5
"(11856, 11865)",[[-1.]],-13.490278954942363,2.071389266954995,0.5
"(11857, 11866)",[[-1.]],-14.628072527309987,0.5112695704222752,0.5
"(11858, 11867)",[[-1.]],-13.928489396997568,1.4517464872389247,0.5
"(11859, 11868)",[[1.]],-14.219897376954217,2.0007588772370255,2.5
"(11860, 11869)",[[-1.]],-14.59220696353619,1.3955338369860755,0.5
"(11861, 11870)",[[-1.]],-14.661675561272496,0.978828287922644,0.5
"(11862, 11871)",[[-1.]],-14.138059700228425,1.971240821301592,0.5
"(11863, 11872)",[[-1.]],-13.116752338300515,3.526074348118563,0.5
"(11864, 11873)",[[-1.]],-13.905566380028421,2.5866907292671097,0.5
"(11865, 11874)",[[-1.]],-14.19453235008394,1.7963593679393597,0.5
"(11866, 11875)",[[-1.]],-13.315315686002979,2.9009678832637764,0.5
"(11867, 11876)",[[-1.]],-14.485838472094962,1.5456397748326136,0.5
"(11868, 11877)",[[-1.]],-13.570030146236999,3.0718913254951996,0.5
"(11869, 11878)",[[-1.]],-13.957805685301578,1.6314279929038822,0.5
"(11870, 11879)",[[1.]],-13.812112768671001,1.851848381336623,2.5
"(11871, 11880)",[[-1.]],-12.701083132981118,3.467314744533052,0.5
"(11872, 11881)",[[-1.]],-12.661448212483924,2.8443590262368286,0.5
"(11873, 11882)",[[-1.]],-13.54331540410147,1.4644956777719056,0.5
"(11874, 11883)",[[1.]],-12.685874712389502,2.5749854259003193,2.5
"(11875, 11884)",[[-1.]],-12.824817453715209,2.3595368597560107,0.5
"(11876, 11885)",[[1.]],-12.341441107638317,2.8864637462175615,2.5
"(11877, 11886)",[[1.]],-10.611476386651349,5.187769363380667,2.5
"(11878, 11887)",[[1.]],-10.252505516121621,5.081813764484892,2.5
"(11879, 11888)",[[1.]],-12.946821789502566,3.041275369905124,2.5
"(11880, 11889)",[[1.]],-12.501563332917074,3.511434509248936,2.5
"(11881, 11890)",[[1.]],-12.520885399541157,3.519164782211675,2.5
"(11882, 11891)",[[1.]],-12.595137975918895,3.5991063670176775,2.5
"(11883, 11892)",[[1.]],-13.668118835935855,2.304946583320829,2.5
"(11884, 11893)",[[-1.]],-14.45430595136696,1.4282999422913694,0.5
"(11885, 11894)",[[-1.]],-13.606195585213165,2.4619185664185403,0.5
"(11886, 11895)",[[-1.]],-14.09505064279813,1.8463064883991134,0.5
"(11887, 11896)",[[-1.]],-14.007718609460898,1.8655123855957996,0.5
"(11888, 11897)",[[-1.]],-14.808860208306509,0.9457883107769174,0.5
"(11889, 11898)",[[-1.]],-13.053812409378592,1.9994035492182487,0.5
"(11890, 11899)",[[-1.]],-14.334911533894974,0.49418152354931344,0.5
"(11891, 11900)",[[-1.]],-13.481702930833027,1.0370208392531453,0.5
"(11892, 11901)",[[-1.]],-13.461597567310717,0.6502637122350556,0.5
"(11893, 11902)",[[-1.]],-13.64772402555752,0.7100296868708327,0.5
"(11894, 11903)",[[-1.]],-13.670232866770606,0.3796722544453175,0.5
"(11895, 11904)",[[-1.]],-13.551147486220422,0.3375236144375222,0.5
"(11896, 11905)",[[-1.]],-13.032651057957878,1.0123775802787733,0.5
"(11897, 11906)",[[-1.]],-13.421770791828488,0.4767916989647958,0.5
"(11898, 11907)",[[-1.]],-13.19824428614789,1.243038838333696,0.5
"(11899, 11908)",[[-1.]],-14.366276392589498,0.12841833395508928,0.5
"(11900, 11909)",[[-1.]],-14.828531370283068,0.5784227559652795,0.5
"(11901, 11910)",[[-1.]],-15.330898560444302,0.30925195725879284,0.5
"(11902, 11911)",[[-1.]],-14.642102556545773,1.1418641641910998,0.5
"(11903, 11912)",[[-1.]],-15.385423669365451,0.08509468799885234,0.5
"(11904, 11913)",[[-1.]],-14.236921874657543,1.5674784667094084,0.5
"(11905, 11914)",[[-1.]],-15.246592380931995,0.29333548103277707,0.5
"(11906, 11915)",[[-1.]],-14.47500549777539,1.9015153707929393,0.5
"(11907, 11916)",[[-1.]],-15.505121272805596,0.5280769250445694,0.5
"(11908, 11917)",[[-1.]],-14.268077485376125,1.9215938549565088,0.5
"(11909, 11918)",[[-1.]],-15.166303989340006,0.7325443100576372,0.5
"(11910, 11919)",[[-1.]],-11.894543901540711,4.649806103354937,0.5
"(11911, 11920)",[[-1.]],-14.153214461918498,1.4797968404879818,0.5
"(11912, 11921)",[[-1.]],-13.015339804541771,2.818268316180667,0.5
"(11913, 11922)",[[-1.]],-13.3592227380492,2.3709019433734753,0.5
"(11914, 11923)",[[1.]],-12.432576167916308,3.9327620427641783,2.5
"(11915, 11924)",[[1.]],-13.93936051955358,2.194914541956255,2.5
"(11916, 11925)",[[1.]],-13.987234828596122,1.66874398515988,2.5
"(11917, 11926)",[[-1.]],-14.014328649143856,1.6444275766431051,0.5
"(11918, 11927)",[[-1.]],-14.641585483863535,1.0907244110104806,0.5
"(11919, 11928)",[[1.]],-13.582146417842761,2.5060668527619807,2.5
"(11920, 11929)",[[1.]],-14.25546232475536,1.5368633440362895,2.5
"(11921, 11930)",[[-1.]],-14.037305045092843,1.9766665458767818,0.5
"(11922, 11931)",[[1.]],-13.843308273788978,3.2119893105288924,2.5
"(11923, 11932)",[[-1.]],-14.301630018390265,2.563841023776215,0.5
"(11924, 11933)",[[-1.]],-13.924809768763721,2.794925842369306,0.5
"(11925, 11934)",[[1.]],-13.255026126178121,3.5721759379807825,2.5
"(11926, 11935)",[[1.]],-12.689597674655902,4.1209818237443585,2.5
"(11927, 11936)",[[-1.]],-12.562155470473996,4.3967828055432525,0.5
"(11928, 11937)",[[-1.]],-13.665261074501785,2.977125620490348,0.5
"(11929, 11938)",[[1.]],-12.696795351329827,4.192800176302263,2.5
"(11930, 11939)",[[1.]],-13.006573458837925,3.9555228978270627,2.5
"(11931, 11940)",[[-1.]],-13.021163668930873,3.9942324446782127,0.5
"(11932, 11941)",[[-1.]],-13.89244307239706,0.9310457349775003,0.5
"(11933, 11942)",[[-1.]],-9.670281925964849,6.345510369305902,0.5
"(11934, 11943)",[[1.]],-14.378410660600323,0.5367512976039954,2.5
"(11935, 11944)",[[-1.]],-8.91047072562796,7.510802976017953,0.5
"(11936, 11945)",[[-1.]],-13.021611155248715,1.702698355102731,0.5
"(11937, 11946)",[[-1.]],-12.692286300617065,2.6776524045012504,0.5
"(11938, 11947)",[[-1.]],-11.42692024888692,4.374683188612972,0.5
"(11939, 11948)",[[-1.]],-11.671822225594996,3.967174049209115,0.5
"(11940, 11949)",[[-1.]],-10.988289494562569,4.795709239305399,0.5
"(11941, 11950)",[[1.]],-13.038093484757628,3.1710623892191325,2.5
"(11942, 11951)",[[-1.]],-12.943694745675414,3.4397208558869323,0.5
"(11943, 11952)",[[1.]],-14.954698674426632,2.0338116033917757,2.5
"(11944, 11953)",[[-1.]],-14.976406196700164,2.060769570168185,0.5
"(11945, 11954)",[[-1.]],-14.8417342188572,1.729700630719158,0.5
"(11946, 11955)",[[-1.]],-14.82288515270109,1.7130993857510521,0.5
"(11947, 11956)",[[-1.]],-14.954523512317742,1.375455024190158,0.5
"(11948, 11957)",[[-1.]],-15.088788894909623,1.082160861837334,0.5
"(11949, 11958)",[[-1.]],-14.736246379932775,1.5513506266442807,0.5
"(11950, 11959)",[[-1.]],-15.107015436040871,1.1743447586348204,0.5
"(11951, 11960)",[[-1.]],-13.874166945972501,2.3275012119643375,0.5
"(11952, 11961)",[[-1.]],-13.944850785587393,2.217837324126542,0.5
"(11953, 11962)",[[-1.]],-11.3092957809049,3.6903175366497756,0.5
"(11954, 11963)",[[-1.]],-11.019389691051902,3.8469663644928502,0.5
"(11955, 11964)",[[-1.]],-12.041790563741786,2.4941877866397313,0.5
"(11956, 11965)",[[-1.]],-9.388919105488842,5.704853531091974,0.5
"(11957, 11966)",[[-1.]],-12.687816638414837,1.7086039400543456,0.5
"(11958, 11967)",[[-1.]],-11.323206497907504,3.872530436856348,0.5
"(11959, 11968)",[[-1.]],-13.160760131988468,1.1552855953423915,0.5
"(11960, 11969)",[[-1.]],-13.397017640243646,0.6442693557526695,0.5
"(11961, 11970)",[[-1.]],-13.853261089971193,0.6619392909835149,0.5
"(11962, 11971)",[[1.]],-12.456161831758639,2.4078468055415136,2.5
"(11963, 11972)",[[-1.]],-13.226923766570028,1.2148238429795093,0.5
"(11964, 11973)",[[-1.]],-13.57331713479309,0.8736769426508495,0.5
"(11965, 11974)",[[-1.]],-12.527150654835049,2.3394165750931712,0.5
"(11966, 11975)",[[-1.]],-10.76807650778273,5.468546100809755,0.5
"(11967, 11976)",[[1.]],-11.711520709573293,4.320919477961784,2.5
"(11968, 11977)",[[1.]],-10.184445914207496,5.8879332818875465,2.5
"(11969, 11978)",[[-1.]],-11.674658114808764,3.9951370264256134,0.5
"(11970, 11979)",[[-1.]],-12.014678098524836,3.534882989459792,0.5
"(11971, 11980)",[[-1.]],-9.451355376403775,6.4937996674178,0.5
"(11972, 11981)",[[-1.]],-16.447171497361506,0.6405468868855815,0.5
"(11973, 11982)",[[-1.]],-15.293719568537888,2.2198664001727817,0.5
"(11974, 11983)",[[-1.]],-15.746924453505324,1.545962354910631,0.5
"(11975, 11984)",[[1.]],-15.143780111607612,2.2251265532708793,2.5
"(11976, 11985)",[[-1.]],-16.246153246089584,0.7240404765967376,0.5
"(11977, 11986)",[[-1.]],-15.563864632702957,1.4920549310779165,0.5
"(11978, 11987)",[[-1.]],-16.134887574871453,0.7182150151672486,0.5
"(11979, 11988)",[[1.]],-15.224353923795327,1.8382019152781828,2.5
"(11980, 11989)",[[1.]],-13.98595857990279,3.313019328226339,2.5
"(11981, 11990)",[[1.]],-15.172847808725393,1.860922933045324,2.5
"(11982, 11991)",[[-1.]],-11.930294918730764,2.6568819391507645,0.5
"(11983, 11992)",[[-1.]],-11.900156139807924,2.4945620424179484,0.5
"(11984, 11993)",[[-1.]],-12.352654543800222,2.0976582706714524,0.5
"(11985, 11994)",[[-1.]],-12.327974616393686,2.0695747609684254,0.5
"(11986, 11995)",[[-1.]],-12.798264744704227,1.2242455376477217,0.5
"(11987, 11996)",[[-1.]],-14.959852606171555,1.3593798971653284,0.5
"(11988, 11997)",[[-1.]],-16.948437571617717,0.09777490916743803,0.5
"(11989, 11998)",[[1.]],-14.79439946570959,2.8762366018145653,2.5
"(11990, 11999)",[[-1.]],-16.747199252136816,0.522729854394226,0.5
"(11991, 12000)",[[-1.]],-14.523638968788678,3.353502509520997,0.5
"(11992, 12001)",[[-1.]],-16.8775553057524,0.41684693204448653,0.5
"(11993, 12002)",[[1.]],-14.482194803658567,3.4647189928727222,2.5
"(11994, 12003)",[[-1.]],-16.851855029794656,0.5344415874449977,0.5
"(11995, 12004)",[[-1.]],-15.017215315726872,2.957568674481726,0.5
